APPLICATION_NUMBER,APPLICATION_DATE,CUSTOMER_TYPE,CALCULATION_TYPE,CUSTOMER_DOB,CUSTOMER_AGE,CO_APPLICANT_DOB,CO_APPLICANT_AGE,FINANCE_AMOUNT,TENURE_IN_MONTH,TENURE_IN_YEAR,PARTIAL_FINANCE_AMOUNT,PARTIAL_TENURE,PREMIUM,CREATED_ON
25158751160,2025-07-05,CUSTOMER,FULL,2001-05-27,24,1976-06-22,49,328000,48,4,0,0,3093,"2025-07-07 11:11:39"
25158757896,2025-07-07,CUSTOMER,FULL,1990-01-01,35,NULL,0,480000,60,5,0,0,7698,"2025-07-07 11:10:54"
25157813779,2025-06-29,CUSTOMER,FULL,1986-01-01,39,NULL,-1,840000,48,4,0,0,15146,"2025-07-07 11:10:49"
25158739299,2025-07-04,CUSTOMER,FULL,1992-11-29,32,1963-06-01,62,740000,72,6,0,0,12496,"2025-07-07 11:10:40"
8800272639,2025-06-27,CUSTOMER,FULL,1985-01-01,40,NULL,-1,660000,48,4,0,0,12781,"2025-07-07 11:10:36"
25157699613,2025-07-03,CUSTOMER,FULL,1998-06-14,27,NULL,-1,300000,36,3,0,0,2652,"2025-07-07 11:10:26"
8800380859,2025-07-07,CUSTOMER,FULL,1981-05-19,44,1975-05-22,50,1044000,60,5,0,0,29493,"2025-07-07 11:10:10"
8800395368,2025-07-06,CUSTOMER,FULL,1997-02-02,28,1970-01-01,55,781709,60,5,0,0,10046,"2025-07-07 11:10:04"
8800119623,2025-07-06,CUSTOMER,FULL,1995-08-17,29,NULL,-1,318000,33,3,0,0,2894,"2025-07-07 11:09:50"
8800402777,2025-07-05,CUSTOMER,FULL,2004-05-19,21,NULL,-1,150000,24,2,0,0,890,"2025-07-07 11:09:39"
8800138245,2025-07-07,CUSTOMER,FULL,2000-04-19,25,NULL,0,270000,30,3,0,0,2384,"2025-07-07 11:09:32"
25158757486,2025-07-07,CUSTOMER,FULL,1983-09-08,41,NULL,0,150000,24,2,0,0,1777,"2025-07-07 11:09:25"
8800361674,2025-07-07,CUSTOMER,FULL,1990-01-01,35,NULL,0,325000,36,3,0,0,3329,"2025-07-07 11:09:20"
25158756291,2025-07-07,CUSTOMER,FULL,1983-03-07,42,NULL,0,450000,48,4,0,0,9978,"2025-07-07 11:09:13"
25157435703,2025-06-10,CUSTOMER,"PARTIAL TENURE",1974-11-30,50,1965-12-26,59,275000,36,3,0,2,8444,"2025-07-07 11:09:09"
25158753118,2025-07-06,CUSTOMER,FULL,1984-07-10,40,NULL,-1,531000,60,5,0,0,12388,"2025-07-07 11:09:00"
25157931585,2025-07-02,CUSTOMER,FULL,1996-02-01,29,NULL,-1,500000,72,6,0,0,7606,"2025-07-07 11:08:58"
25158740409,2025-07-04,CUSTOMER,FULL,1989-01-01,36,NULL,-1,700000,59,5,0,0,12457,"2025-07-07 11:08:51"
25157962850,2025-07-01,CUSTOMER,"PARTIAL TENURE",1973-01-01,52,NULL,-1,300000,36,3,0,2,11375,"2025-07-07 11:08:27"
25157567854,2025-06-18,CUSTOMER,FULL,2000-05-07,25,1980-01-01,45,1300000,60,5,0,0,14083,"2025-07-07 11:08:01"
25158333035,2025-07-03,CUSTOMER,FULL,1989-08-27,35,NULL,-1,516000,72,6,0,0,10144,"2025-07-07 11:07:54"
25158757557,2025-07-07,CUSTOMER,FULL,1995-01-01,30,1982-01-01,43,900000,60,5,0,0,10801,"2025-07-07 11:07:53"
8800293368,2025-07-07,CUSTOMER,"PARTIAL FINANCE AMOUNT",1979-01-01,46,NULL,0,70000,12,1,52500,0,871,"2025-07-07 11:07:46"
25158752385,2025-07-05,CUSTOMER,FULL,1982-08-10,42,NULL,-1,1800000,60,5,0,0,43096,"2025-07-07 11:07:37"
8800359780,2025-07-04,CUSTOMER,FULL,2001-05-15,24,1980-10-30,44,1150000,60,5,0,0,12376,"2025-07-07 11:07:32"
8800278416,2025-07-02,CUSTOMER,FULL,1998-11-04,26,1997-08-25,27,585000,60,5,0,0,7338,"2025-07-07 11:07:29"
25158758040,2025-07-07,CUSTOMER,FULL,1991-01-12,34,NULL,0,1055000,60,5,0,0,14242,"2025-07-07 11:07:27"
25158691680,2025-07-04,CUSTOMER,FULL,1980-01-01,45,1995-05-01,30,1000000,60,5,0,0,35979,"2025-07-07 11:07:19"
25158748894,2025-07-05,CUSTOMER,FULL,1982-01-12,43,NULL,-1,550000,36,3,0,0,10871,"2025-07-07 11:07:12"
25157637425,2025-06-23,CUSTOMER,FULL,1998-03-03,27,NULL,-1,570000,48,4,0,0,6121,"2025-07-07 11:06:55"
8800052334,2025-06-28,CUSTOMER,FULL,1992-09-12,32,NULL,-1,600000,72,6,0,0,10132,"2025-07-07 11:06:52"
25158755004,2025-07-06,CUSTOMER,FULL,1985-01-01,40,1951-01-01,74,260000,42,4,0,0,4566,"2025-07-07 11:06:50"
25158757853,2025-07-07,CUSTOMER,FULL,1989-01-01,36,NULL,0,100000,23,2,0,0,935,"2025-07-07 11:06:49"
25158757488,2025-07-07,CUSTOMER,FULL,1998-06-01,27,NULL,0,650000,59,5,0,0,7456,"2025-07-07 11:06:39"
25158756532,2025-07-07,CUSTOMER,FULL,1990-07-01,35,NULL,0,430000,36,3,0,0,4897,"2025-07-07 11:06:27"
25158744074,2025-07-05,CUSTOMER,FULL,1997-05-18,28,1966-08-01,58,426350,60,5,0,0,5343,"2025-07-07 11:06:07"
8800201842,2025-07-06,CUSTOMER,FULL,1978-08-14,46,NULL,-1,160000,24,2,0,0,2653,"2025-07-07 11:06:05"
25158346616,2025-07-03,CUSTOMER,FULL,2005-03-10,20,2002-10-26,22,230000,24,2,0,0,1490,"2025-07-07 11:05:45"
8800153019,2025-07-07,CUSTOMER,FULL,1977-01-01,48,NULL,0,125000,24,2,0,0,2469,"2025-07-07 11:05:21"
25158316978,2025-07-03,CUSTOMER,FULL,1997-10-01,27,1972-03-19,53,991600,72,6,0,0,14357,"2025-07-07 11:05:18"
25157639168,2025-06-23,CUSTOMER,FULL,1999-02-05,26,1989-01-01,36,300000,28,3,0,0,2578,"2025-07-07 11:05:05"
25158756546,2025-07-07,CUSTOMER,FULL,1998-04-26,27,1978-02-12,47,80000,36,3,0,0,708,"2025-07-07 11:05:03"
8800301019,2025-07-04,CUSTOMER,FULL,1980-06-03,45,NULL,-1,350000,36,3,0,0,8389,"2025-07-07 11:05:02"
8800329389,2025-07-02,CUSTOMER,FULL,1983-07-06,41,NULL,-1,370000,24,2,0,0,4807,"2025-07-07 11:04:44"
8800313028,2025-07-03,CUSTOMER,FULL,1991-12-18,33,NULL,-1,1500000,84,7,0,0,27984,"2025-07-07 11:04:05"
8800365761,2025-07-07,CUSTOMER,FULL,1981-06-11,44,NULL,0,200000,30,3,0,0,4355,"2025-07-07 11:03:55"
8800375706,2025-07-03,CUSTOMER,FULL,1989-06-01,36,1968-06-01,57,1110000,60,5,0,0,18194,"2025-07-07 11:03:42"
25158754230,2025-07-06,CUSTOMER,FULL,1998-06-10,27,NULL,-1,625000,36,3,0,0,5524,"2025-07-07 11:03:41"
8800190293,2025-06-25,CUSTOMER,FULL,1991-10-10,33,NULL,-1,324000,60,5,0,0,4221,"2025-07-07 11:03:35"
25157928339,2025-06-30,CUSTOMER,FULL,1990-01-01,35,1991-01-02,34,960000,72,6,0,0,17287,"2025-07-07 11:03:22"
8800254884,2025-07-07,CUSTOMER,FULL,1984-03-03,41,NULL,0,240000,24,2,0,0,2842,"2025-07-07 11:03:19"
8800329813,2025-07-05,CUSTOMER,FULL,1989-08-10,35,NULL,-1,810000,72,6,0,0,15924,"2025-07-07 11:03:02"
25158747869,2025-07-05,CUSTOMER,FULL,1989-04-15,36,NULL,-1,300000,24,2,0,0,2804,"2025-07-07 11:03:00"
25158741854,2025-07-04,CUSTOMER,FULL,1997-01-01,28,NULL,-1,280000,42,4,0,0,2839,"2025-07-07 11:02:54"
25157546538,2025-06-16,CUSTOMER,FULL,1994-01-01,31,NULL,-1,320000,36,3,0,0,2923,"2025-07-07 11:02:47"
25158756989,2025-07-07,CUSTOMER,FULL,1982-01-01,43,NULL,0,1670000,84,7,0,0,63887,"2025-07-07 11:02:47"
25157825151,2025-06-29,CUSTOMER,FULL,1997-01-01,28,1972-01-01,53,350000,48,4,0,0,3808,"2025-07-07 11:02:05"
25158757395,2025-07-07,CUSTOMER,FULL,2005-01-01,20,1973-01-01,52,920000,60,5,0,0,9467,"2025-07-07 11:02:02"
25158757351,2025-07-07,CUSTOMER,FULL,1996-01-01,29,NULL,0,328000,36,3,0,0,2899,"2025-07-07 11:01:46"
25158757208,2025-07-07,CUSTOMER,FULL,1996-04-15,29,1964-01-01,61,740000,59,5,0,0,9710,"2025-07-07 11:01:26"
8800042607,2025-07-07,CUSTOMER,FULL,1984-03-24,41,1991-06-15,34,700000,60,5,0,0,16991,"2025-07-07 11:01:20"
25158744281,2025-07-05,CUSTOMER,FULL,2002-01-01,23,1965-01-01,60,480000,48,4,0,0,4911,"2025-07-07 11:01:16"
8800130934,2025-07-07,CUSTOMER,FULL,1995-06-10,30,1977-01-01,48,350000,36,3,0,0,3313,"2025-07-07 11:01:08"
25158419050,2025-07-03,CUSTOMER,FULL,1972-09-21,52,NULL,-1,315000,24,2,0,0,11943,"2025-07-07 11:01:02"
25158750237,2025-07-05,CUSTOMER,FULL,1990-12-27,34,NULL,-1,410000,48,4,0,0,5458,"2025-07-07 11:00:58"
25158757441,2025-07-07,CUSTOMER,FULL,1989-03-09,36,1994-02-05,31,1100000,60,5,0,0,18030,"2025-07-07 11:00:43"
25158060955,2025-07-02,CUSTOMER,FULL,1996-02-10,29,NULL,-1,380000,48,4,0,0,4211,"2025-07-07 11:00:26"
8800338473,2025-07-07,CUSTOMER,FULL,1980-06-12,45,NULL,0,250000,36,3,0,0,5992,"2025-07-07 11:00:25"
25158757601,2025-07-07,CUSTOMER,FULL,2001-04-03,24,1969-01-01,56,800000,60,5,0,0,8610,"2025-07-07 11:00:12"
25158755531,2025-07-06,CUSTOMER,FULL,1993-01-01,32,1958-01-01,67,800000,58,5,0,0,10082,"2025-07-07 11:00:07"
25158658455,2025-07-04,CUSTOMER,FULL,1996-10-31,28,1965-08-08,59,1180000,72,6,0,0,17308,"2025-07-07 10:59:56"
25158741221,2025-07-07,CUSTOMER,FULL,1988-12-06,36,NULL,0,460000,60,5,0,0,8186,"2025-07-07 10:59:52"
25157964237,2025-07-01,CUSTOMER,FULL,1982-01-01,43,NULL,-1,275000,30,3,0,0,4956,"2025-07-07 10:59:36"
8800164603,2025-06-23,CUSTOMER,FULL,1991-04-05,34,NULL,-1,300000,24,2,0,0,2528,"2025-07-07 10:59:33"
25157966306,2025-07-01,CUSTOMER,FULL,1982-08-03,42,2006-06-18,19,880000,60,5,0,0,21070,"2025-07-07 10:59:17"
8800155580,2025-06-25,CUSTOMER,FULL,1988-01-01,37,NULL,-1,250000,29,3,0,0,3195,"2025-07-07 10:58:34"
25158757283,2025-07-07,CUSTOMER,FULL,1995-01-01,30,NULL,0,278000,36,3,0,0,2494,"2025-07-07 10:58:31"
25158745993,2025-07-05,CUSTOMER,FULL,2002-06-17,23,1981-11-10,43,550000,48,4,0,0,5854,"2025-07-07 10:58:26"
25157607688,2025-06-20,CUSTOMER,FULL,2000-02-06,25,NULL,-1,283000,36,3,0,0,2321,"2025-07-07 10:58:03"
8800226659,2025-07-07,CUSTOMER,FULL,1998-07-01,27,1996-01-01,29,420000,35,3,0,0,3713,"2025-07-07 10:57:58"
25157544672,2025-06-16,CUSTOMER,FULL,1996-08-12,28,1975-06-01,50,600000,60,5,0,0,7711,"2025-07-07 10:57:55"
25158757017,2025-07-07,CUSTOMER,FULL,1993-01-01,32,NULL,0,440000,45,4,0,0,5353,"2025-07-07 10:57:28"
25158755279,2025-07-06,CUSTOMER,FULL,2001-07-05,24,1966-01-01,59,600000,60,5,0,0,7491,"2025-07-07 10:57:24"
25158757063,2025-07-07,CO-APPLICANT,FULL,2000-01-01,25,1974-02-23,51,700000,24,2,0,0,23756,"2025-07-07 10:57:06"
25158756477,2025-07-07,CUSTOMER,FULL,1987-11-10,37,1986-05-14,39,105500,36,3,0,0,1335,"2025-07-07 10:56:51"
25158658367,2025-07-04,CUSTOMER,FULL,2000-01-13,25,NULL,-1,1075600,60,5,0,0,11652,"2025-07-07 10:56:50"
25158746209,2025-07-05,CUSTOMER,FULL,1992-01-15,33,NULL,-1,957100,60,5,0,0,14490,"2025-07-07 10:56:15"
25158278244,2025-07-03,CUSTOMER,FULL,1997-05-04,28,NULL,-1,270000,36,3,0,0,2355,"2025-07-07 10:56:10"
8800281157,2025-06-28,CO-APPLICANT,FULL,1971-07-01,53,1999-08-31,25,470000,36,3,0,0,4138,"2025-07-07 10:55:54"
8800296582,2025-06-29,CUSTOMER,FULL,1979-06-20,46,NULL,-1,310000,48,4,0,0,10056,"2025-07-07 10:55:52"
8800304503,2025-07-07,CUSTOMER,FULL,2001-01-15,24,NULL,0,450000,36,3,0,0,3946,"2025-07-07 10:55:32"
8800126025,2025-07-07,CUSTOMER,FULL,1978-09-01,46,NULL,0,600000,60,5,0,0,23662,"2025-07-07 10:55:22"
8800363217,2025-07-07,CUSTOMER,FULL,1991-04-29,34,NULL,0,343000,48,4,0,0,3991,"2025-07-07 10:55:20"
25157932958,2025-06-30,CUSTOMER,FULL,1999-01-01,26,NULL,-1,430000,48,4,0,0,4582,"2025-07-07 10:55:17"
25158757776,2025-07-07,CUSTOMER,FULL,1985-02-02,40,NULL,0,405000,36,3,0,0,6328,"2025-07-07 10:55:11"
25158740197,2025-07-04,CUSTOMER,FULL,1979-10-21,45,NULL,-1,460000,36,3,0,0,10900,"2025-07-07 10:55:06"
25158757084,2025-07-07,CUSTOMER,FULL,1985-02-01,40,2003-09-15,21,567000,48,4,0,0,10980,"2025-07-07 10:55:03"
25158438759,2025-07-05,CUSTOMER,FULL,1988-02-06,37,NULL,-1,510000,48,4,0,0,8053,"2025-07-07 10:54:30"
25158743287,2025-07-04,CUSTOMER,FULL,1995-05-21,30,1966-08-05,58,950000,60,5,0,0,12814,"2025-07-07 10:54:13"
25158750999,2025-07-05,CUSTOMER,FULL,1990-01-01,35,1989-01-01,36,345000,36,3,0,0,3534,"2025-07-07 10:54:13"
8800255894,2025-07-07,CUSTOMER,FULL,1989-06-07,36,NULL,0,290000,48,4,0,0,4172,"2025-07-07 10:53:56"
8800380910,2025-07-07,CUSTOMER,FULL,1986-07-31,38,1998-10-07,26,410000,60,5,0,0,7915,"2025-07-07 10:53:44"
25158757493,2025-07-07,CUSTOMER,FULL,1977-09-03,47,NULL,0,785000,60,5,0,0,32856,"2025-07-07 10:53:42"
8800332741,2025-07-07,CUSTOMER,"PARTIAL TENURE",1980-01-01,45,NULL,0,500000,36,3,0,2,9092,"2025-07-07 10:53:10"
25157683825,2025-06-27,CUSTOMER,FULL,1992-03-15,33,NULL,-1,600000,60,5,0,0,9084,"2025-07-07 10:53:03"
8800205466,2025-07-02,CUSTOMER,FULL,1989-08-08,35,NULL,-1,400000,47,4,0,0,5613,"2025-07-07 10:52:59"
25158757207,2025-07-07,CUSTOMER,FULL,2000-01-01,25,1997-10-23,27,2280000,60,5,0,0,27523,"2025-07-07 10:52:43"
25158749603,2025-07-05,CUSTOMER,FULL,1990-12-10,34,NULL,-1,250000,18,2,0,0,2048,"2025-07-07 10:52:32"
25157687048,2025-07-03,CUSTOMER,FULL,2003-07-14,21,1982-05-23,43,970000,36,3,0,0,8539,"2025-07-07 10:52:27"
25158039304,2025-07-02,CUSTOMER,FULL,1989-03-03,36,NULL,-1,450000,33,3,0,0,5417,"2025-07-07 10:52:15"
25158756824,2025-07-07,CUSTOMER,FULL,2000-12-20,24,NULL,0,105000,12,1,0,0,731,"2025-07-07 10:52:03"
25158662675,2025-07-04,CUSTOMER,FULL,1978-03-09,47,NULL,-1,500000,48,4,0,0,18172,"2025-07-07 10:51:36"
8800151900,2025-06-19,CUSTOMER,FULL,1984-06-25,40,NULL,-1,1800000,60,5,0,0,37192,"2025-07-07 10:51:25"
25158745536,2025-07-05,CUSTOMER,FULL,1996-04-20,29,1963-01-01,62,1000000,60,5,0,0,13122,"2025-07-07 10:51:09"
25158743576,2025-07-04,CUSTOMER,FULL,2002-07-25,22,1978-06-20,47,1000000,36,3,0,0,8001,"2025-07-07 10:50:52"
8800337454,2025-07-06,CUSTOMER,FULL,1990-01-01,35,NULL,-1,300000,36,3,0,0,3073,"2025-07-07 10:50:04"
25158753815,2025-07-06,CUSTOMER,FULL,1987-01-01,38,NULL,-1,720000,60,5,0,0,13144,"2025-07-07 10:49:38"
25158037689,2025-07-02,CUSTOMER,FULL,1988-01-01,37,1982-07-04,42,405000,36,3,0,0,5176,"2025-07-07 10:49:12"
8800435202,2025-07-05,CUSTOMER,FULL,1986-06-01,39,1993-07-03,32,150000,18,2,0,0,1597,"2025-07-07 10:49:09"
25158750116,2025-07-07,CUSTOMER,FULL,1979-10-01,45,NULL,0,85000,24,2,0,0,1546,"2025-07-07 10:48:39"
25158742954,2025-07-04,CUSTOMER,FULL,1995-01-01,30,NULL,-1,400000,36,3,0,0,3725,"2025-07-07 10:48:17"
8800350137,2025-07-07,CUSTOMER,FULL,1980-05-10,45,NULL,0,600000,84,7,0,0,28936,"2025-07-07 10:47:27"
25158757547,2025-07-07,CUSTOMER,FULL,1988-01-01,37,NULL,0,617000,42,4,0,0,9742,"2025-07-07 10:47:01"
8800224609,2025-07-03,CUSTOMER,FULL,1989-05-10,36,NULL,-1,500000,84,7,0,0,12048,"2025-07-07 10:46:55"
8800385706,2025-07-04,CUSTOMER,FULL,1991-05-20,34,NULL,-1,800000,60,5,0,0,12726,"2025-07-07 10:46:45"
25157677830,2025-06-26,CUSTOMER,FULL,1987-09-02,37,1983-01-05,42,560000,72,6,0,0,12457,"2025-07-07 10:46:42"
25158757163,2025-07-07,CUSTOMER,FULL,2004-07-04,21,NULL,0,480000,60,5,0,0,5993,"2025-07-07 10:46:12"
25157433869,2025-06-10,CUSTOMER,FULL,1981-02-25,44,1984-11-28,40,250000,35,3,0,0,5396,"2025-07-07 10:45:55"
25158142016,2025-07-02,CUSTOMER,FULL,1999-11-09,25,1965-02-02,60,899000,60,5,0,0,9739,"2025-07-07 10:45:42"
25158751877,2025-07-06,CUSTOMER,FULL,1979-03-05,46,NULL,-1,650000,60,5,0,0,25634,"2025-07-07 10:45:30"
25157931859,2025-06-30,CUSTOMER,FULL,2002-07-15,22,1963-08-15,61,600000,48,4,0,0,6387,"2025-07-07 10:45:17"
25158707499,2025-07-04,CUSTOMER,FULL,1990-01-01,35,1997-01-01,28,305000,36,3,0,0,3124,"2025-07-07 10:45:08"
25158756556,2025-07-07,CUSTOMER,FULL,1993-05-05,32,NULL,0,507000,48,4,0,0,5540,"2025-07-07 10:45:08"
8800389205,2025-07-07,CUSTOMER,FULL,1990-11-15,34,NULL,0,310000,37,4,0,0,4028,"2025-07-07 10:45:07"
8800168211,2025-06-26,CUSTOMER,FULL,1996-07-30,28,1966-03-12,59,370000,36,3,0,0,3310,"2025-07-07 10:44:41"
25158756417,2025-07-07,CUSTOMER,FULL,1984-11-19,40,NULL,0,320000,36,3,0,0,4690,"2025-07-07 10:44:38"
25158745062,2025-07-05,CUSTOMER,FULL,1986-06-02,39,1993-02-01,32,600000,47,4,0,0,10486,"2025-07-07 10:43:37"
25158357281,2025-07-06,CUSTOMER,FULL,1979-01-01,46,NULL,-1,300000,36,3,0,0,7849,"2025-07-07 10:43:26"
25158047383,2025-07-02,CUSTOMER,FULL,2000-02-10,25,NULL,-1,190000,36,3,0,0,1559,"2025-07-07 10:43:20"
25158740138,2025-07-04,CUSTOMER,FULL,1971-05-01,54,NULL,-1,200000,36,3,0,0,10986,"2025-07-07 10:43:00"
8800295615,2025-07-07,CUSTOMER,FULL,1981-12-30,43,NULL,0,235000,26,3,0,0,4645,"2025-07-07 10:42:59"
8800133305,2025-07-03,CUSTOMER,FULL,1999-09-16,25,NULL,-1,600000,60,5,0,0,7491,"2025-07-07 10:42:42"
8800208830,2025-07-01,CUSTOMER,FULL,1988-07-01,37,1991-07-16,33,590000,60,5,0,0,10659,"2025-07-07 10:42:20"
8800328135,2025-06-18,CUSTOMER,FULL,1986-08-15,38,NULL,-1,345000,48,4,0,0,5378,"2025-07-07 10:42:04"
25157570196,2025-06-18,CUSTOMER,FULL,2000-08-25,24,1965-01-01,60,610000,60,5,0,0,7616,"2025-07-07 10:42:00"
25158756645,2025-07-07,CUSTOMER,FULL,1995-01-01,30,1968-01-01,57,440000,36,3,0,0,4097,"2025-07-07 10:41:50"
25158067265,2025-07-02,CUSTOMER,FULL,2000-12-31,24,1978-07-06,46,914000,48,4,0,0,8618,"2025-07-07 10:41:31"
25157685207,2025-07-04,CUSTOMER,FULL,1998-04-15,27,NULL,-1,630000,36,3,0,0,5569,"2025-07-07 10:41:16"
25157433447,2025-06-10,CUSTOMER,FULL,1990-02-08,35,NULL,-1,620000,48,4,0,0,8699,"2025-07-07 10:41:14"
25157598293,2025-06-20,CO-APPLICANT,FULL,1978-01-01,47,2004-03-06,21,430000,36,3,0,0,3786,"2025-07-07 10:41:14"
8800228933,2025-07-02,CUSTOMER,FULL,1981-01-01,44,NULL,-1,930000,48,4,0,0,22080,"2025-07-07 10:41:12"
8800160210,2025-07-07,CUSTOMER,FULL,1991-01-01,34,1965-01-01,60,1400000,36,3,0,0,15166,"2025-07-07 10:41:03"
25158756380,2025-07-07,CUSTOMER,FULL,1976-01-01,49,NULL,0,600000,60,5,0,0,31344,"2025-07-07 10:40:30"
25158561576,2025-07-03,CUSTOMER,FULL,1974-07-06,50,NULL,-1,885000,48,4,0,0,42765,"2025-07-07 10:40:17"
25158749697,2025-07-05,CUSTOMER,FULL,1977-01-01,48,NULL,-1,710000,44,4,0,0,28117,"2025-07-07 10:40:13"
8800336287,2025-07-07,CUSTOMER,FULL,1991-07-02,34,NULL,0,212000,24,2,0,0,1737,"2025-07-07 10:40:13"
8800126970,2025-07-07,CUSTOMER,FULL,1987-10-22,37,NULL,0,160000,16,2,0,0,1511,"2025-07-07 10:39:59"
8800199488,2025-07-07,CUSTOMER,FULL,1977-03-10,48,NULL,0,450000,36,3,0,0,14545,"2025-07-07 10:39:50"
25158677169,2025-07-04,CUSTOMER,FULL,1996-08-10,28,NULL,-1,425000,48,4,0,0,4589,"2025-07-07 10:38:23"
25158662902,2025-07-04,CUSTOMER,FULL,1990-12-07,34,NULL,-1,297000,48,4,0,0,3456,"2025-07-07 10:37:56"
25158038848,2025-07-02,CUSTOMER,FULL,2003-06-28,22,1959-02-02,66,600000,45,4,0,0,6387,"2025-07-07 10:37:46"
25158757012,2025-07-07,CUSTOMER,FULL,2004-06-25,21,1972-01-01,53,75000,24,2,0,0,522,"2025-07-07 10:37:16"
25158281998,2025-07-03,CUSTOMER,FULL,2004-06-12,21,1969-01-01,56,730000,60,5,0,0,7633,"2025-07-07 10:37:03"
25158746424,2025-07-05,CUSTOMER,FULL,1991-01-01,34,NULL,-1,203200,24,2,0,0,1713,"2025-07-07 10:36:44"
8800371013,2025-07-05,CUSTOMER,FULL,1997-01-25,28,NULL,-1,800000,71,6,0,0,11895,"2025-07-07 10:36:31"
25157815728,2025-06-29,CUSTOMER,FULL,1995-10-17,29,NULL,-1,750000,60,5,0,0,8842,"2025-07-07 10:36:24"
25158145965,2025-07-03,CUSTOMER,FULL,1976-01-01,49,1999-05-01,26,750000,48,4,0,0,32949,"2025-07-07 10:35:58"
25158749865,2025-07-05,CUSTOMER,FULL,1993-07-01,32,NULL,-1,1180000,84,7,0,0,21235,"2025-07-07 10:35:52"
25158755352,2025-07-06,CUSTOMER,FULL,1999-01-01,26,1978-04-16,47,815000,42,4,0,0,8136,"2025-07-07 10:35:43"
25158757066,2025-07-07,CUSTOMER,FULL,1988-01-01,37,1953-01-01,72,583000,60,5,0,0,11042,"2025-07-07 10:35:43"
8800369613,2025-06-30,CUSTOMER,FULL,1984-06-01,41,NULL,-1,350000,48,4,0,0,7129,"2025-07-07 10:35:43"
8800257747,2025-07-07,CUSTOMER,FULL,1993-06-05,32,NULL,0,220000,24,2,0,0,1687,"2025-07-07 10:35:34"
25157931088,2025-06-30,CO-APPLICANT,FULL,1972-01-01,53,2004-01-01,21,317000,36,3,0,0,2791,"2025-07-07 10:35:30"
25158756930,2025-07-07,CUSTOMER,FULL,1980-01-01,45,NULL,0,280000,36,3,0,0,6635,"2025-07-07 10:35:15"
25158734311,2025-07-04,CUSTOMER,FULL,1998-11-01,26,1965-04-02,60,505000,54,5,0,0,6335,"2025-07-07 10:35:12"
25158757146,2025-07-07,CUSTOMER,FULL,1970-06-01,55,NULL,0,150000,361,0,0,0,0,"2025-07-07 10:35:09"
8800379541,2025-07-05,CUSTOMER,FULL,1991-01-01,34,NULL,-1,300000,24,2,0,0,2458,"2025-07-07 10:35:01"
25157702715,2025-06-28,CUSTOMER,FULL,1981-07-04,43,NULL,-1,100000,18,2,0,0,1322,"2025-07-07 10:35:01"
25158662858,2025-07-04,CUSTOMER,FULL,1963-04-18,62,NULL,-1,330000,31,3,0,0,32570,"2025-07-07 10:34:38"
8800142697,2025-06-26,CUSTOMER,FULL,1996-01-01,29,NULL,-1,328000,36,3,0,0,2899,"2025-07-07 10:34:20"
25158332865,2025-07-03,CUSTOMER,FULL,1998-01-01,27,NULL,-1,270000,18,2,0,0,1880,"2025-07-07 10:34:15"
25158705975,2025-07-04,CUSTOMER,FULL,1995-04-20,30,1999-01-01,26,1083000,72,6,0,0,16460,"2025-07-07 10:34:09"
25158743470,2025-07-04,CUSTOMER,FULL,1992-09-12,32,1994-08-08,30,1700000,84,7,0,0,30592,"2025-07-07 10:33:14"
8800427677,2025-07-07,CUSTOMER,FULL,1974-03-03,51,NULL,0,300000,24,2,0,0,7823,"2025-07-07 10:32:54"
25157971807,2025-07-01,CUSTOMER,FULL,1982-01-01,43,NULL,-1,270000,36,3,0,0,5359,"2025-07-07 10:32:15"
25158281878,2025-07-03,CUSTOMER,FULL,1994-11-29,30,NULL,-1,600000,48,4,0,0,6755,"2025-07-07 10:32:08"
25158756284,2025-07-07,CUSTOMER,FULL,1982-05-05,43,NULL,0,331000,60,5,0,0,8593,"2025-07-07 10:30:53"
8800140171,2025-07-07,CUSTOMER,FULL,1996-11-25,28,NULL,0,470000,36,3,0,0,4271,"2025-07-07 10:30:43"
8800224241,2025-07-07,CUSTOMER,FULL,1982-06-02,43,NULL,0,165000,30,3,0,0,3275,"2025-07-07 10:30:42"
25157694886,2025-06-28,CUSTOMER,FULL,1994-04-22,31,1963-07-18,61,1700000,60,5,0,0,20823,"2025-07-07 10:30:31"
25158755528,2025-07-06,CUSTOMER,FULL,1988-05-02,37,1994-01-01,31,621000,72,6,0,0,13813,"2025-07-07 10:30:24"
25157455732,2025-06-11,CUSTOMER,FULL,1997-03-14,28,NULL,-1,940000,60,5,0,0,10915,"2025-07-07 10:30:21"
25158756513,2025-07-07,CUSTOMER,FULL,1989-08-15,35,NULL,0,445500,60,5,0,0,7476,"2025-07-07 10:30:11"
8800003819,2025-07-07,CUSTOMER,FULL,1979-04-10,46,1988-01-10,37,200000,24,2,0,0,4008,"2025-07-07 10:29:32"
25158505020,2025-07-04,CUSTOMER,FULL,1998-10-01,26,NULL,-1,700000,72,6,0,0,10119,"2025-07-07 10:29:17"
25158745143,2025-07-05,CUSTOMER,FULL,1995-02-28,30,1964-07-15,60,273000,48,4,0,0,2848,"2025-07-07 10:29:08"
8800121835,2025-07-05,CUSTOMER,FULL,1987-01-01,38,NULL,-1,340000,60,5,0,0,6564,"2025-07-07 10:29:05"
25158742536,2025-07-04,CUSTOMER,FULL,1985-02-20,40,1951-06-12,74,530000,48,4,0,0,9976,"2025-07-07 10:28:56"
25157969997,2025-07-01,CUSTOMER,FULL,1997-07-30,27,NULL,-1,670000,60,5,0,0,8484,"2025-07-07 10:28:44"
25158750604,2025-07-05,CUSTOMER,FULL,1987-02-08,38,NULL,-1,338000,18,2,0,0,3566,"2025-07-07 10:28:42"
25157607707,2025-06-20,CUSTOMER,"PARTIAL TENURE",1978-05-28,47,1969-05-16,56,600000,36,3,0,2,10843,"2025-07-07 10:27:40"
25158739133,2025-07-04,CUSTOMER,FULL,2002-04-29,23,1972-11-12,52,390000,48,4,0,0,4152,"2025-07-07 10:27:21"
25158698805,2025-07-04,CUSTOMER,FULL,1985-03-06,40,1988-11-15,36,520000,84,7,0,0,15623,"2025-07-07 10:27:04"
25158750316,2025-07-05,CUSTOMER,FULL,1990-08-09,34,NULL,-1,140000,15,2,0,0,1147,"2025-07-07 10:27:04"
25157937667,2025-07-01,CUSTOMER,FULL,2003-12-19,21,1981-01-01,44,856000,72,6,0,0,11142,"2025-07-07 10:26:57"
25158669922,2025-07-04,CUSTOMER,FULL,2000-02-15,25,1990-02-26,35,650000,60,5,0,0,7042,"2025-07-07 10:26:56"
8800297185,2025-07-03,CUSTOMER,FULL,1980-10-22,44,1982-12-25,42,500000,48,4,0,0,11871,"2025-07-07 10:26:51"
8800373960,2025-07-07,CUSTOMER,FULL,1999-02-09,26,1980-06-13,45,660000,60,5,0,0,8279,"2025-07-07 10:26:49"
8800372405,2025-07-03,CUSTOMER,FULL,1998-11-30,26,1973-01-01,52,250000,30,3,0,0,2228,"2025-07-07 10:26:34"
25158662169,2025-07-04,CUSTOMER,FULL,1991-06-22,34,1977-08-15,47,300000,36,3,0,0,2974,"2025-07-07 10:26:19"
25158501551,2025-07-03,CUSTOMER,FULL,2004-07-10,20,1976-01-01,49,90000,24,2,0,0,622,"2025-07-07 10:25:59"
25158678685,2025-07-04,CUSTOMER,FULL,2005-03-08,20,1973-01-01,52,630000,48,4,0,0,6676,"2025-07-07 10:25:58"
25158756744,2025-07-07,CUSTOMER,FULL,1982-01-01,43,NULL,0,205000,24,2,0,0,3119,"2025-07-07 10:25:52"
25157658566,2025-06-25,CUSTOMER,FULL,2001-07-21,23,1981-01-01,44,535000,48,4,0,0,5695,"2025-07-07 10:25:29"
25158126262,2025-07-02,CUSTOMER,FULL,1990-05-04,35,1997-05-13,28,750000,60,5,0,0,10550,"2025-07-07 10:24:17"
25157565823,2025-06-18,CUSTOMER,FULL,2006-07-05,18,1964-01-01,61,500000,36,3,0,0,4231,"2025-07-07 10:23:53"
8800328958,2025-07-02,CUSTOMER,FULL,1975-02-01,50,1977-01-01,48,1600000,48,4,0,0,74086,"2025-07-07 10:23:27"
25157648730,2025-06-24,CUSTOMER,FULL,1993-03-05,32,1972-01-01,53,800000,60,5,0,0,11593,"2025-07-07 10:23:26"
25157692171,2025-06-27,CUSTOMER,FULL,1976-07-11,48,NULL,-1,65000,12,1,0,0,880,"2025-07-07 10:23:25"
25158754395,2025-07-06,CUSTOMER,FULL,1990-06-10,35,NULL,-1,481000,60,5,0,0,8071,"2025-07-07 10:22:43"
25158088379,2025-07-02,CUSTOMER,FULL,1995-11-07,29,NULL,-1,470000,48,4,0,0,5208,"2025-07-07 10:22:16"
25158752902,2025-07-06,CUSTOMER,FULL,1992-01-01,33,NULL,-1,700000,36,3,0,0,7278,"2025-07-07 10:21:57"
25158756934,2025-07-07,CUSTOMER,FULL,1995-01-01,30,NULL,0,910000,60,5,0,0,10921,"2025-07-07 10:21:45"
25158756362,2025-07-07,CUSTOMER,FULL,1984-09-04,40,NULL,0,720000,60,5,0,0,16109,"2025-07-07 10:20:53"
25158756808,2025-07-07,CUSTOMER,FULL,2001-02-10,24,NULL,0,480000,48,4,0,0,5109,"2025-07-07 10:20:12"
8800117267,2025-06-24,CUSTOMER,FULL,2000-09-01,24,1976-05-02,49,680000,60,5,0,0,8490,"2025-07-07 10:19:52"
8800156055,2025-07-07,CUSTOMER,FULL,1977-01-01,48,1975-06-01,50,110000,12,1,0,0,1489,"2025-07-07 10:19:45"
25158747581,2025-07-05,CUSTOMER,FULL,1975-03-01,50,NULL,-1,230000,36,3,0,0,9133,"2025-07-07 10:19:26"
25158746778,2025-07-05,CUSTOMER,FULL,1986-05-07,39,NULL,-1,1200000,84,7,0,0,33602,"2025-07-07 10:18:49"
8800185388,2025-07-07,CUSTOMER,FULL,1995-11-11,29,1994-10-20,30,2000000,47,4,0,0,22019,"2025-07-07 10:18:34"
8800223685,2025-06-25,CUSTOMER,FULL,2001-12-18,23,NULL,-1,280000,45,4,0,0,2981,"2025-07-07 10:18:32"
25158754783,2025-07-06,CUSTOMER,FULL,1998-06-05,27,NULL,-1,850000,71,6,0,0,12307,"2025-07-07 10:17:31"
8800363077,2025-06-27,CUSTOMER,FULL,1974-02-05,51,NULL,-1,150000,23,2,0,0,3912,"2025-07-07 10:17:31"
25158741754,2025-07-04,CUSTOMER,FULL,1998-08-03,26,NULL,-1,1010000,72,6,0,0,14469,"2025-07-07 10:17:22"
25158756319,2025-07-07,CUSTOMER,FULL,1988-01-01,37,1995-01-01,30,600000,60,5,0,0,11364,"2025-07-07 10:17:06"
25158745792,2025-07-05,CUSTOMER,FULL,1992-01-01,33,NULL,-1,845000,71,6,0,0,14030,"2025-07-07 10:16:31"
25157687341,2025-06-27,CUSTOMER,FULL,1985-09-15,39,NULL,-1,1050000,54,5,0,0,20370,"2025-07-07 10:15:23"
25158748797,2025-07-05,CUSTOMER,FULL,1991-01-01,34,1993-07-20,31,400000,48,4,0,0,5325,"2025-07-07 10:14:52"
8800406227,2025-07-07,CUSTOMER,FULL,1988-02-05,37,2001-08-08,23,300000,36,3,0,0,3834,"2025-07-07 10:14:42"
8800222916,2025-07-07,CUSTOMER,FULL,1991-03-28,34,NULL,0,750000,60,5,0,0,11435,"2025-07-07 10:14:38"
8800189355,2025-07-07,CUSTOMER,FULL,1985-01-01,40,NULL,0,450000,30,3,0,0,6978,"2025-07-07 10:14:09"
25158756425,2025-07-07,CUSTOMER,FULL,1990-05-12,35,NULL,0,135000,24,2,0,0,1195,"2025-07-07 10:14:03"
25158756843,2025-07-07,CUSTOMER,FULL,1999-03-10,26,1975-07-10,49,610000,60,5,0,0,6932,"2025-07-07 10:12:19"
25158756835,2025-07-07,CUSTOMER,FULL,1996-10-12,28,NULL,0,380000,36,3,0,0,3453,"2025-07-07 10:12:04"
8800279802,2025-07-07,CUSTOMER,FULL,1972-04-03,53,NULL,0,369000,30,3,0,0,19246,"2025-07-07 10:11:59"
8800260669,2025-07-04,CUSTOMER,FULL,1987-09-04,37,NULL,-1,85000,18,2,0,0,803,"2025-07-07 10:11:38"
25158744860,2025-07-05,CUSTOMER,FULL,1990-01-01,35,NULL,-1,725000,60,5,0,0,10198,"2025-07-07 10:11:36"
25158744915,2025-07-05,CUSTOMER,FULL,1993-10-15,31,NULL,-1,700000,48,4,0,0,8211,"2025-07-07 10:11:17"
8800358024,2025-07-07,CUSTOMER,"PARTIAL FINANCE AMOUNT",1980-01-01,45,NULL,0,190000,24,2,95000,0,1728,"2025-07-07 10:10:52"
25158755933,2025-07-06,CUSTOMER,FULL,2003-02-16,22,1980-01-01,45,220000,47,4,0,0,2230,"2025-07-07 10:10:46"
25158756895,2025-07-07,CUSTOMER,FULL,1988-04-18,37,NULL,0,200000,24,2,0,0,1983,"2025-07-07 10:10:26"
25158751224,2025-07-05,CUSTOMER,FULL,1988-12-01,36,NULL,-1,335000,36,3,0,0,3985,"2025-07-07 10:10:09"
8800107184,2025-07-07,CUSTOMER,FULL,1986-05-08,39,1990-02-15,35,530000,24,2,0,0,5642,"2025-07-07 10:07:29"
8800194547,2025-07-04,CUSTOMER,FULL,2000-08-01,24,1974-01-01,51,260000,48,4,0,0,2688,"2025-07-07 10:06:43"
25158755065,2025-07-06,CUSTOMER,FULL,1991-06-03,34,NULL,-1,950000,60,5,0,0,15112,"2025-07-07 10:06:24"
25157591324,2025-06-19,CUSTOMER,FULL,2005-02-07,20,1968-02-12,57,899000,60,5,0,0,9251,"2025-07-07 10:06:16"
25158756527,2025-07-07,CUSTOMER,FULL,1987-02-20,38,NULL,0,350000,42,4,0,0,5894,"2025-07-07 10:05:49"
25158745483,2025-07-05,CUSTOMER,FULL,2003-01-01,22,NULL,-1,95000,24,2,0,0,662,"2025-07-07 10:05:21"
25157520447,2025-06-14,CUSTOMER,FULL,1995-01-01,30,1962-01-01,63,120000,24,2,0,0,876,"2025-07-07 10:04:59"
8800009320,2025-07-07,CUSTOMER,FULL,1978-03-16,47,1982-02-05,43,350000,36,3,0,0,10152,"2025-07-07 10:04:42"
8800247781,2025-07-04,CUSTOMER,FULL,2004-01-01,21,NULL,-1,320000,24,2,0,0,1898,"2025-07-07 10:02:57"
25158744653,2025-07-05,CUSTOMER,FULL,1992-12-17,32,NULL,-1,600000,60,5,0,0,8695,"2025-07-07 10:02:37"
25158311176,2025-07-03,CUSTOMER,FULL,2002-02-03,23,NULL,-1,530000,48,4,0,0,5642,"2025-07-07 10:00:32"
8800137267,2025-07-07,CUSTOMER,"PARTIAL FINANCE AMOUNT",1969-01-01,56,1994-01-01,31,250000,24,2,187500,0,9839,"2025-07-07 09:59:36"
25158744711,2025-07-05,CUSTOMER,FULL,1999-07-10,25,NULL,-1,330000,24,2,0,0,2298,"2025-07-07 09:57:56"
8800367981,2025-07-07,CUSTOMER,FULL,1989-04-01,36,1996-11-15,28,290000,48,4,0,0,4309,"2025-07-07 09:57:47"
25158443717,2025-07-03,CUSTOMER,FULL,1999-08-15,25,NULL,-1,153000,23,2,0,0,1048,"2025-07-07 09:57:45"
8800230413,2025-07-07,CO-APPLICANT,FULL,1972-12-29,52,2003-09-13,21,490000,36,3,0,0,4314,"2025-07-07 09:57:15"
8800396984,2025-07-07,CUSTOMER,FULL,1994-07-02,31,NULL,0,800000,47,4,0,0,9261,"2025-07-07 09:55:19"
25158748757,2025-07-05,CUSTOMER,FULL,2004-07-02,21,NULL,-1,150000,30,3,0,0,1188,"2025-07-07 09:55:10"
25158136510,2025-07-02,CUSTOMER,FULL,1992-11-12,32,1982-12-09,42,360000,60,5,0,0,5039,"2025-07-07 09:53:03"
25158414066,2025-07-03,CUSTOMER,"PARTIAL FINANCE AMOUNT",1968-01-01,57,NULL,-1,1200000,23,2,600000,0,25973,"2025-07-07 09:52:25"
25158351654,2025-07-03,CUSTOMER,FULL,1985-06-17,40,NULL,-1,1350000,60,5,0,0,31494,"2025-07-07 09:51:42"
8800196566,2025-07-05,CUSTOMER,FULL,1991-01-01,34,1977-01-01,48,710500,60,5,0,0,11302,"2025-07-07 09:49:25"
8800287168,2025-06-30,CUSTOMER,FULL,1993-10-11,31,NULL,-1,800000,60,5,0,0,9799,"2025-07-07 09:49:23"
8800202635,2025-06-30,CUSTOMER,FULL,1984-05-16,41,NULL,-1,830000,84,7,0,0,28746,"2025-07-07 09:48:52"
25157637353,2025-06-24,CUSTOMER,FULL,1990-05-23,35,NULL,-1,744500,60,5,0,0,12493,"2025-07-07 09:48:23"
25158753186,2025-07-06,CUSTOMER,FULL,1988-06-23,37,NULL,-1,670000,60,5,0,0,12690,"2025-07-07 09:47:29"
25158753529,2025-07-06,CUSTOMER,FULL,1997-10-15,27,NULL,-1,261000,42,4,0,0,2624,"2025-07-07 09:43:33"
25158537507,2025-07-03,CUSTOMER,FULL,1994-01-01,31,NULL,-1,500000,60,5,0,0,6968,"2025-07-07 09:42:32"
25157664862,2025-06-25,CUSTOMER,FULL,1998-07-15,26,NULL,-1,980000,60,5,0,0,11137,"2025-07-07 09:41:00"
25158740449,2025-07-04,CUSTOMER,FULL,1981-01-01,44,1985-01-01,40,550000,59,5,0,0,17965,"2025-07-07 09:38:51"
8800170634,2025-07-03,CUSTOMER,FULL,1982-05-19,43,1994-06-27,31,250000,36,3,0,0,4962,"2025-07-07 09:37:37"
25158740196,2025-07-04,CUSTOMER,FULL,1992-01-01,33,NULL,-1,721000,60,5,0,0,10916,"2025-07-07 09:31:19"
8800035582,2025-07-07,CUSTOMER,FULL,1983-01-01,42,NULL,0,400000,48,4,0,0,8086,"2025-07-07 09:29:37"
25157921161,2025-06-30,CUSTOMER,FULL,1987-01-01,38,NULL,-1,500000,48,4,0,0,8420,"2025-07-07 09:27:41"
25157925386,2025-06-30,CUSTOMER,FULL,1985-01-01,40,NULL,-1,310000,36,3,0,0,4544,"2025-07-07 09:25:12"
25157646714,2025-06-24,CUSTOMER,FULL,1986-05-18,39,1995-10-05,29,400000,48,4,0,0,6604,"2025-07-07 09:23:41"
25158756590,2025-07-07,CUSTOMER,FULL,1993-03-12,32,1997-12-18,27,570000,48,4,0,0,6935,"2025-07-07 09:22:28"
8800283919,2025-07-04,CUSTOMER,FULL,1998-09-15,26,NULL,-1,300000,36,3,0,0,2673,"2025-07-07 09:18:09"
25155081273,2025-07-05,CUSTOMER,FULL,2000-04-05,25,NULL,-1,540000,48,4,0,0,5640,"2025-07-07 09:17:47"
8800202359,2025-07-05,CUSTOMER,FULL,1977-01-01,48,NULL,-1,100000,24,2,0,0,2568,"2025-07-07 09:14:20"
8800255536,2025-06-20,CUSTOMER,FULL,2001-11-14,23,2001-12-10,23,1475000,60,5,0,0,15735,"2025-07-07 09:13:28"
25158280000,2025-07-03,CUSTOMER,FULL,1998-02-06,27,NULL,-1,325000,48,4,0,0,3268,"2025-07-07 09:11:07"
25158756577,2025-07-07,CUSTOMER,FULL,1990-03-21,35,NULL,0,400000,35,3,0,0,4555,"2025-07-07 09:10:30"
25157932569,2025-06-30,CUSTOMER,FULL,1986-01-01,39,NULL,-1,669000,48,4,0,0,12063,"2025-07-07 09:09:40"
25158752061,2025-07-05,CUSTOMER,FULL,2000-06-11,25,1977-07-21,47,880000,60,5,0,0,10987,"2025-07-07 09:09:09"
25158756597,2025-07-07,CUSTOMER,FULL,1994-01-01,31,NULL,0,336500,36,3,0,0,3074,"2025-07-07 09:07:47"
8800355086,2025-07-04,CUSTOMER,FULL,1983-01-01,42,1989-01-01,36,258000,42,4,0,0,5216,"2025-07-07 09:06:52"
25158663948,2025-07-04,CUSTOMER,FULL,1994-06-04,31,1990-01-01,35,420000,42,4,0,0,4927,"2025-07-07 09:06:20"
25158753285,2025-07-06,CUSTOMER,FULL,1993-10-01,31,NULL,-1,200000,24,2,0,0,1499,"2025-07-07 09:06:02"
25158746412,2025-07-05,CUSTOMER,FULL,1980-01-01,45,1971-04-15,54,490000,48,4,0,0,14513,"2025-07-07 09:04:52"
8800190041,2025-07-07,CUSTOMER,FULL,1984-06-12,41,NULL,0,400000,48,4,0,0,7529,"2025-07-07 09:03:43"
25155148340,2025-07-02,CUSTOMER,FULL,1991-03-01,34,1995-05-17,30,360000,48,4,0,0,4678,"2025-07-07 09:01:49"
25158756505,2025-07-07,CUSTOMER,"PARTIAL FINANCE AMOUNT",1975-10-02,49,NULL,0,70000,24,2,52500,0,1445,"2025-07-07 08:59:14"
25158756496,2025-07-07,CUSTOMER,FULL,1979-03-10,46,NULL,0,800000,36,3,0,0,20929,"2025-07-07 08:56:12"
8800011601,2025-06-17,CUSTOMER,FULL,1983-01-01,42,1990-01-30,35,680000,48,4,0,0,15383,"2025-07-07 08:55:32"
8800220470,2025-07-03,CUSTOMER,FULL,1985-07-05,39,NULL,-1,300000,24,2,0,0,3194,"2025-07-07 08:55:10"
25158756394,2025-07-07,CUSTOMER,FULL,1996-07-01,29,NULL,0,400000,48,4,0,0,4433,"2025-07-07 08:53:09"
25158748607,2025-07-05,CUSTOMER,FULL,2002-04-12,23,1969-01-01,56,75000,18,2,0,0,523,"2025-07-07 08:51:08"
25157691842,2025-06-27,CUSTOMER,FULL,1986-04-14,39,NULL,-1,485000,36,3,0,0,7063,"2025-07-07 08:51:03"
8800383322,2025-07-06,CUSTOMER,FULL,1994-01-10,31,2000-08-31,24,810000,60,5,0,0,11288,"2025-07-07 08:50:04"
25157965488,2025-07-01,CUSTOMER,FULL,2003-01-22,22,1980-04-26,45,450000,48,4,0,0,4790,"2025-07-07 08:48:21"
25158740322,2025-07-04,CUSTOMER,FULL,2001-01-01,24,NULL,-1,265000,36,3,0,0,2164,"2025-07-07 08:48:09"
8800370979,2025-07-05,CUSTOMER,FULL,2004-05-06,21,1982-07-30,42,960000,48,4,0,0,10218,"2025-07-07 08:47:59"
8800219834,2025-07-03,CUSTOMER,FULL,1992-04-16,33,NULL,-1,650000,48,4,0,0,8085,"2025-07-07 08:46:28"
25158755909,2025-07-06,CUSTOMER,FULL,1987-01-01,38,NULL,-1,560000,48,4,0,0,9430,"2025-07-07 08:42:38"
25157624402,2025-06-22,CUSTOMER,FULL,1973-01-04,52,1990-01-01,35,400000,36,3,0,0,19098,"2025-07-07 08:41:33"
25158756404,2025-07-07,CUSTOMER,FULL,1987-07-15,37,NULL,0,336500,42,4,0,0,4976,"2025-07-07 08:36:08"
8800250332,2025-07-01,CUSTOMER,FULL,2000-06-02,25,NULL,-1,500000,54,5,0,0,5417,"2025-07-07 08:35:29"
25157906038,2025-06-30,CUSTOMER,FULL,1989-07-10,35,1958-10-10,66,400000,45,4,0,0,5613,"2025-07-07 08:34:45"
8800349671,2025-06-30,CUSTOMER,FULL,1985-01-01,40,NULL,-1,320000,36,3,0,0,4690,"2025-07-07 08:34:20"
25158739129,2025-07-04,CUSTOMER,FULL,1970-03-16,55,1968-11-05,56,250000,36,3,0,0,14809,"2025-07-07 08:31:11"
8800280671,2025-07-07,CUSTOMER,FULL,1984-07-11,40,NULL,0,258000,36,3,0,0,4031,"2025-07-07 08:30:31"
8800216468,2025-07-01,CO-APPLICANT,FULL,2000-01-01,25,2004-06-28,21,620000,60,5,0,0,7741,"2025-07-07 08:28:37"
25158756300,2025-07-07,CUSTOMER,FULL,1997-04-05,28,NULL,0,250000,24,2,0,0,1841,"2025-07-07 08:28:28"
25158740330,2025-07-04,CO-APPLICANT,FULL,1960-06-01,65,1982-09-10,42,150000,24,2,0,0,2105,"2025-07-07 08:27:25"
8800172249,2025-07-06,CUSTOMER,FULL,1990-04-12,35,NULL,-1,210000,24,2,0,0,1795,"2025-07-07 08:25:08"
8800225327,2025-07-07,CUSTOMER,FULL,1964-05-01,61,NULL,0,300000,36,3,0,0,27715,"2025-07-07 08:22:19"
8800255640,2025-07-07,CUSTOMER,FULL,1997-12-15,27,NULL,0,430000,24,2,0,0,3161,"2025-07-07 08:21:53"
8800343051,2025-06-18,CUSTOMER,FULL,1983-07-10,41,NULL,-1,2400000,48,4,0,0,48881,"2025-07-07 08:20:57"
25158756377,2025-07-07,CUSTOMER,FULL,1996-04-05,29,NULL,0,355000,42,4,0,0,3909,"2025-07-07 08:18:32"
8800385102,2025-07-07,CUSTOMER,FULL,1999-03-01,26,2001-10-12,23,550000,60,5,0,0,6899,"2025-07-07 08:17:14"
8800136341,2025-07-07,CUSTOMER,FULL,1976-10-15,48,NULL,0,450000,48,4,0,0,17991,"2025-07-07 08:14:58"
25158755499,2025-07-07,CUSTOMER,FULL,1997-01-01,28,1970-01-01,55,580000,60,5,0,0,7454,"2025-07-07 08:13:15"
25157955291,2025-07-01,CUSTOMER,FULL,1991-09-07,33,NULL,-1,720000,60,5,0,0,10901,"2025-07-07 08:12:56"
8800116571,2025-07-03,CUSTOMER,FULL,1988-11-05,36,NULL,-1,600000,60,5,0,0,10677,"2025-07-07 08:09:18"
25157682348,2025-06-27,CUSTOMER,"PARTIAL TENURE",1977-07-16,47,2004-06-03,21,790000,59,5,0,2,17535,"2025-07-07 08:07:13"
25158756360,2025-07-07,CUSTOMER,FULL,1983-08-18,41,1982-09-15,42,210000,48,4,0,0,4278,"2025-07-07 08:07:02"
25158677167,2025-07-04,CUSTOMER,FULL,1978-01-01,47,NULL,-1,940000,60,5,0,0,40409,"2025-07-07 08:07:01"
8800118738,2025-07-04,CUSTOMER,FULL,1996-12-28,28,NULL,-1,576000,48,4,0,0,6267,"2025-07-07 08:05:47"
8800380759,2025-07-03,CUSTOMER,FULL,1991-05-05,34,1971-01-02,54,600000,60,5,0,0,9544,"2025-07-07 08:05:14"
25157917518,2025-06-30,CUSTOMER,FULL,1993-06-02,32,1997-03-28,28,700000,60,5,0,0,8822,"2025-07-07 08:03:16"
25157928587,2025-06-30,CUSTOMER,FULL,1984-05-20,41,1990-06-01,35,2700000,58,5,0,0,65537,"2025-07-07 08:02:18"
8800370626,2025-07-02,CUSTOMER,FULL,1986-02-01,39,1982-01-01,43,315000,48,4,0,0,5201,"2025-07-07 08:00:41"
25158332800,2025-07-03,CUSTOMER,FULL,1985-01-01,40,NULL,-1,150000,35,3,0,0,2326,"2025-07-07 08:00:16"
8800250386,2025-07-07,CUSTOMER,"PARTIAL FINANCE AMOUNT",1977-08-17,47,NULL,0,150000,36,3,112500,0,3263,"2025-07-07 07:59:31"
25157547800,2025-06-16,CUSTOMER,FULL,1974-05-02,51,1989-02-10,36,570000,60,5,0,0,36018,"2025-07-07 07:58:09"
25157682069,2025-06-27,CUSTOMER,FULL,1990-01-01,35,NULL,-1,264000,36,3,0,0,2704,"2025-07-07 07:57:19"
8800398032,2025-07-07,CUSTOMER,FULL,1995-01-01,30,1976-01-01,49,350000,60,5,0,0,4721,"2025-07-07 07:56:41"
25157374477,2025-06-09,CUSTOMER,FULL,1991-06-28,33,1989-05-26,36,1600000,84,7,0,0,29850,"2025-07-07 07:56:14"
8800028365,2025-06-26,CUSTOMER,FULL,1986-06-12,39,NULL,-1,600000,60,5,0,0,13006,"2025-07-07 07:55:30"
25158749248,2025-07-05,CUSTOMER,FULL,1983-01-01,42,NULL,-1,100000,23,2,0,0,1404,"2025-07-07 07:55:28"
25158561574,2025-07-03,CUSTOMER,FULL,2002-02-13,23,1970-01-10,55,535000,59,5,0,0,6680,"2025-07-07 07:55:10"
8800316212,2025-07-07,CUSTOMER,FULL,1998-06-07,27,1970-09-25,54,820000,84,7,0,0,13615,"2025-07-07 07:53:50"
25158042710,2025-07-02,CUSTOMER,FULL,2001-01-09,24,1970-01-01,55,760000,60,5,0,0,9489,"2025-07-07 07:48:41"
8800402433,2025-07-07,CUSTOMER,FULL,1993-06-01,32,1976-01-01,49,820000,72,6,0,0,13847,"2025-07-07 07:47:15"
25158657589,2025-07-04,CUSTOMER,FULL,1980-05-15,45,1989-07-01,36,770000,84,7,0,0,37135,"2025-07-07 07:46:46"
8800023746,2025-07-07,CUSTOMER,FULL,1987-05-15,38,1967-06-01,58,230000,36,3,0,0,3105,"2025-07-07 07:46:03"
25158749295,2025-07-05,CUSTOMER,FULL,1981-07-12,43,NULL,-1,346000,36,3,0,0,6839,"2025-07-07 07:42:15"
25157617620,2025-06-21,CUSTOMER,FULL,1983-01-01,42,2005-01-01,20,441500,48,4,0,0,9987,"2025-07-07 07:39:22"
8800133211,2025-07-07,CUSTOMER,FULL,1975-02-01,50,NULL,0,340000,36,3,0,0,13320,"2025-07-07 07:39:09"
8800204003,2025-07-05,CUSTOMER,FULL,1994-04-19,31,NULL,-1,130000,18,2,0,0,975,"2025-07-07 07:37:56"
8800358898,2025-07-04,CUSTOMER,FULL,1994-05-31,31,NULL,-1,820000,60,5,0,0,10044,"2025-07-07 07:35:18"
25158739308,2025-07-04,CUSTOMER,FULL,1989-01-01,36,NULL,-1,230000,48,4,0,0,3417,"2025-07-07 07:33:23"
25158755956,2025-07-06,CUSTOMER,FULL,1985-03-12,40,NULL,-1,350000,36,3,0,0,5469,"2025-07-07 07:32:05"
25158272094,2025-07-03,CUSTOMER,FULL,1997-01-01,28,NULL,-1,320000,48,4,0,0,3244,"2025-07-07 07:28:39"
25158756261,2025-07-07,CUSTOMER,FULL,1983-08-28,41,NULL,0,330000,36,3,0,0,5553,"2025-07-07 07:21:38"
8800199618,2025-07-07,CUSTOMER,FULL,1998-02-10,27,NULL,0,525000,36,3,0,0,4641,"2025-07-07 07:19:11"
25158756236,2025-07-07,CUSTOMER,FULL,1968-03-12,57,NULL,0,300000,24,2,0,0,16900,"2025-07-07 07:17:27"
8800409581,2025-07-05,CUSTOMER,FULL,1989-07-05,36,NULL,-1,350000,36,3,0,0,4213,"2025-07-07 07:16:32"
8800222518,2025-07-06,CUSTOMER,FULL,1984-01-01,41,1980-01-01,45,543698,60,5,0,0,13698,"2025-07-07 07:15:46"
8800162142,2025-07-07,CUSTOMER,"PARTIAL FINANCE AMOUNT",1970-09-26,54,2001-04-25,24,320000,36,3,160000,0,9078,"2025-07-07 07:15:40"
25158739001,2025-07-04,CUSTOMER,FULL,1989-06-19,36,1992-07-06,32,90000,20,2,0,0,842,"2025-07-07 07:10:07"
25158039706,2025-07-02,CUSTOMER,FULL,2004-06-25,21,1972-01-01,53,850000,60,5,0,0,10612,"2025-07-07 07:08:02"
25158042637,2025-07-02,CUSTOMER,FULL,1985-05-09,40,NULL,-1,500000,36,3,0,0,7328,"2025-07-07 07:07:14"
25158753134,2025-07-06,CUSTOMER,FULL,1978-01-01,47,2005-01-01,20,417600,30,3,0,0,12113,"2025-07-07 07:00:25"
8800267573,2025-06-29,CUSTOMER,FULL,1987-01-01,38,1986-01-01,39,258000,36,3,0,0,3377,"2025-07-07 06:59:56"
25158756187,2025-07-07,CUSTOMER,FULL,1992-01-01,33,1999-01-01,26,400000,36,3,0,0,4159,"2025-07-07 06:47:22"
8800415305,2025-07-03,CUSTOMER,FULL,1985-01-20,40,NULL,-1,860000,36,3,0,0,12604,"2025-07-07 06:44:06"
25158749491,2025-07-05,CUSTOMER,FULL,1996-01-01,29,NULL,-1,335000,36,3,0,0,2961,"2025-07-07 06:43:46"
25157920630,2025-06-30,CUSTOMER,FULL,2000-01-20,25,NULL,-1,320000,36,3,0,0,2625,"2025-07-07 06:41:51"
25158230321,2025-07-02,CUSTOMER,FULL,1987-06-02,38,NULL,-1,400000,48,4,0,0,6736,"2025-07-07 06:40:45"
25158052958,2025-07-02,CUSTOMER,FULL,1989-01-01,36,2000-09-15,24,1055000,60,5,0,0,17292,"2025-07-07 06:37:59"
25157571041,2025-06-18,CUSTOMER,FULL,1989-01-01,36,1993-01-01,32,425000,48,4,0,0,6314,"2025-07-07 06:29:55"
25158740813,2025-07-04,CUSTOMER,FULL,2002-08-06,22,1976-01-05,49,1000000,60,5,0,0,10597,"2025-07-07 05:58:22"
25158742550,2025-07-04,CUSTOMER,FULL,1965-01-01,60,1989-01-07,36,675000,48,4,0,0,71192,"2025-07-07 05:13:13"
25158036795,2025-07-06,CUSTOMER,FULL,1990-10-04,34,1993-04-28,32,480000,57,5,0,0,7636,"2025-07-07 02:16:24"
25158102810,2025-07-02,CUSTOMER,FULL,1989-01-01,36,NULL,-1,300000,36,3,0,0,3611,"2025-07-07 02:09:11"
25158732277,2025-07-04,CUSTOMER,FULL,1985-12-07,39,NULL,-1,380000,60,5,0,0,8238,"2025-07-07 02:00:20"
25158756117,2025-07-06,CUSTOMER,FULL,1998-04-08,27,NULL,-1,909000,72,6,0,0,13162,"2025-07-07 01:13:58"
25158738872,2025-07-04,CUSTOMER,FULL,1990-05-17,35,1982-05-28,43,350000,36,3,0,0,3974,"2025-07-07 01:13:19"
8800291039,2025-06-25,CUSTOMER,FULL,1995-05-15,30,1998-11-25,26,1506000,84,7,0,0,25608,"2025-07-07 00:54:44"
8800366330,2025-06-27,CUSTOMER,FULL,1995-01-01,30,NULL,-1,291000,36,3,0,0,2610,"2025-07-07 00:29:20"
25158739154,2025-07-04,CUSTOMER,FULL,1992-08-18,32,1974-02-01,51,1500000,60,5,0,0,18904,"2025-07-07 00:23:13"
8800162391,2025-07-06,CUSTOMER,FULL,1989-01-01,36,NULL,-1,270000,30,3,0,0,3228,"2025-07-07 00:10:45"
25157655000,2025-06-24,CUSTOMER,FULL,1990-01-01,35,NULL,-1,815000,60,5,0,0,11464,"2025-07-07 00:02:16"
8800348221,2025-07-05,CUSTOMER,FULL,1986-03-01,39,NULL,-1,106000,36,3,0,0,1530,"2025-07-07 00:01:18"
25158632323,2025-07-03,CUSTOMER,FULL,1996-11-21,28,NULL,-1,669000,60,5,0,0,8597,"2025-07-06 23:53:11"
8800340379,2025-07-06,CUSTOMER,FULL,1998-06-06,27,NULL,0,450000,48,4,0,0,4833,"2025-07-06 23:51:55"
8800289857,2025-07-03,CUSTOMER,FULL,1993-11-10,31,NULL,-1,300000,48,4,0,0,3473,"2025-07-06 23:51:47"
8800295023,2025-07-05,CUSTOMER,FULL,1979-05-11,46,NULL,-1,500000,60,5,0,0,19063,"2025-07-06 23:38:49"
25158751993,2025-07-05,CUSTOMER,FULL,1995-12-16,29,NULL,-1,650000,59,5,0,0,8530,"2025-07-06 23:26:16"
25158756034,2025-07-06,CUSTOMER,FULL,1974-01-01,51,NULL,0,269000,36,3,0,0,11088,"2025-07-06 23:17:13"
25158756035,2025-07-06,CUSTOMER,FULL,1981-07-12,43,NULL,0,270000,36,3,0,0,4866,"2025-07-06 23:15:50"
8800368634,2025-07-06,CUSTOMER,FULL,1980-02-16,45,NULL,0,300000,36,3,0,0,6376,"2025-07-06 23:15:41"
25157988248,2025-07-01,CUSTOMER,FULL,1998-05-16,27,1992-01-19,33,300000,42,4,0,0,3222,"2025-07-06 23:13:01"
8800294623,2025-07-04,CUSTOMER,FULL,1992-01-04,33,1990-01-24,35,650000,84,7,0,0,13208,"2025-07-06 23:06:37"
25158755921,2025-07-06,CUSTOMER,FULL,1989-02-07,36,1992-05-10,33,500000,24,2,0,0,4915,"2025-07-06 23:04:37"
25158755989,2025-07-06,CUSTOMER,FULL,2000-01-01,25,1992-01-01,33,400000,48,4,0,0,4258,"2025-07-06 23:02:31"
8800385933,2025-07-06,CUSTOMER,FULL,1975-03-15,50,NULL,0,608000,48,4,0,0,29129,"2025-07-06 22:51:51"
25157683486,2025-06-27,CUSTOMER,FULL,1987-08-15,37,NULL,-1,960000,72,6,0,0,20923,"2025-07-06 22:49:42"
25158748253,2025-07-05,CUSTOMER,FULL,1979-06-01,46,NULL,-1,200000,24,2,0,0,4008,"2025-07-06 22:46:27"
25158751469,2025-07-05,CUSTOMER,FULL,1997-01-17,28,1962-01-01,63,568000,60,5,0,0,7299,"2025-07-06 22:45:36"
25158667772,2025-07-04,CUSTOMER,FULL,1978-01-01,47,NULL,-1,250000,48,4,0,0,8966,"2025-07-06 22:44:10"
25158755976,2025-07-06,CUSTOMER,FULL,1978-10-05,46,NULL,0,400000,42,4,0,0,13098,"2025-07-06 22:41:25"
8800145734,2025-07-06,CUSTOMER,FULL,1996-05-04,29,NULL,0,510000,84,7,0,0,8853,"2025-07-06 22:40:12"
25158752555,2025-07-05,CUSTOMER,FULL,1982-02-18,43,NULL,-1,310000,36,3,0,0,6153,"2025-07-06 22:37:07"
8800101817,2025-07-06,CUSTOMER,FULL,1992-01-01,33,NULL,0,725000,48,4,0,0,8162,"2025-07-06 22:35:55"
25158755978,2025-07-06,CUSTOMER,FULL,1980-07-01,45,1981-07-06,44,400000,48,4,0,0,11848,"2025-07-06 22:30:39"
8800313538,2025-07-06,CUSTOMER,FULL,1995-01-01,30,NULL,0,370000,36,3,0,0,3502,"2025-07-06 22:30:26"
8800394801,2025-06-30,CUSTOMER,FULL,1998-03-06,27,NULL,-1,600000,60,5,0,0,7597,"2025-07-06 22:29:26"
8800165168,2025-06-27,CUSTOMER,FULL,1976-06-22,49,NULL,-1,100000,24,2,0,0,2163,"2025-07-06 22:28:44"
25157930991,2025-06-30,CUSTOMER,FULL,1992-07-28,32,NULL,-1,725000,60,5,0,0,9137,"2025-07-06 22:24:47"
8800373454,2025-07-04,CUSTOMER,FULL,1995-10-06,29,1972-01-01,53,300000,24,2,0,0,2211,"2025-07-06 22:19:43"
8800258961,2025-07-05,CUSTOMER,FULL,1970-04-10,55,NULL,-1,350000,20,2,0,0,13024,"2025-07-06 22:17:17"
25158755874,2025-07-06,CUSTOMER,FULL,1987-07-20,37,NULL,0,800000,60,5,0,0,15152,"2025-07-06 22:17:00"
25158695244,2025-07-05,CUSTOMER,FULL,2002-09-22,22,1987-02-15,38,655000,60,5,0,0,8178,"2025-07-06 22:13:57"
25157679123,2025-06-27,CUSTOMER,FULL,1987-01-01,38,1964-01-01,61,520000,24,2,0,0,5486,"2025-07-06 22:13:44"
25158743131,2025-07-04,CUSTOMER,FULL,1998-01-01,27,1978-03-17,47,331000,48,4,0,0,3328,"2025-07-06 22:13:11"
25158755887,2025-07-06,CUSTOMER,FULL,1995-01-01,30,1998-09-13,26,496000,36,3,0,0,4618,"2025-07-06 22:06:43"
8800385011,2025-07-03,CUSTOMER,FULL,2000-01-25,25,NULL,-1,310000,36,3,0,0,2737,"2025-07-06 22:05:02"
25157593227,2025-06-20,CUSTOMER,FULL,1987-01-01,38,NULL,-1,330000,54,5,0,0,6025,"2025-07-06 22:00:29"
25158673621,2025-07-04,CUSTOMER,FULL,1997-07-11,27,1962-01-01,63,320000,36,3,0,0,2776,"2025-07-06 21:58:21"
25158755854,2025-07-06,CUSTOMER,FULL,1999-01-01,26,NULL,0,350000,48,4,0,0,3494,"2025-07-06 21:55:14"
8800327453,2025-06-16,CUSTOMER,FULL,2001-01-01,24,1977-01-01,48,188000,36,3,0,0,1536,"2025-07-06 21:54:50"
8800353461,2025-06-26,CUSTOMER,FULL,2001-08-18,23,NULL,-1,324000,60,5,0,0,3457,"2025-07-06 21:54:33"
25158755859,2025-07-06,CUSTOMER,FULL,1997-01-01,28,NULL,0,460000,40,4,0,0,5005,"2025-07-06 21:51:54"
25157644261,2025-06-24,CUSTOMER,FULL,2001-02-03,24,1993-03-02,32,640000,60,5,0,0,7991,"2025-07-06 21:50:27"
8800327099,2025-07-05,CUSTOMER,FULL,1990-12-07,34,NULL,-1,1100000,60,5,0,0,14850,"2025-07-06 21:48:44"
25158740242,2025-07-04,CUSTOMER,FULL,2001-01-14,24,1978-01-01,47,105000,24,2,0,0,713,"2025-07-06 21:48:33"
25158751643,2025-07-05,CUSTOMER,FULL,1993-06-05,32,NULL,-1,655500,60,5,0,0,9499,"2025-07-06 21:47:14"
25157959130,2025-07-01,CUSTOMER,FULL,1992-01-01,33,NULL,-1,275000,36,3,0,0,2635,"2025-07-06 21:44:16"
8800384806,2025-07-05,CUSTOMER,FULL,2002-07-19,22,1970-01-01,55,530000,36,3,0,0,4666,"2025-07-06 21:43:03"
25158752592,2025-07-05,CUSTOMER,FULL,2000-04-18,25,NULL,-1,720000,60,5,0,0,8989,"2025-07-06 21:39:19"
25158663498,2025-07-04,CUSTOMER,FULL,1992-04-02,33,NULL,-1,510000,60,5,0,0,7722,"2025-07-06 21:36:14"
8800337224,2025-07-03,CUSTOMER,FULL,1991-03-02,34,NULL,-1,200000,30,3,0,0,2167,"2025-07-06 21:35:23"
25158743712,2025-07-04,CUSTOMER,FULL,1989-01-01,36,NULL,-1,350000,42,4,0,0,4928,"2025-07-06 21:33:29"
8800367788,2025-07-03,CUSTOMER,FULL,2000-04-06,25,1975-01-01,50,450000,60,5,0,0,5433,"2025-07-06 21:31:27"
25158745886,2025-07-05,CUSTOMER,FULL,1973-07-03,52,NULL,-1,600000,48,4,0,0,34912,"2025-07-06 21:29:45"
8800377266,2025-07-05,CUSTOMER,FULL,1997-01-20,28,NULL,-1,211000,24,2,0,0,1524,"2025-07-06 21:26:41"
25158755298,2025-07-06,CUSTOMER,FULL,1984-06-15,41,NULL,0,640000,60,5,0,0,16124,"2025-07-06 21:25:25"
25158755503,2025-07-06,CUSTOMER,FULL,1981-06-01,44,NULL,0,700000,60,5,0,0,22864,"2025-07-06 21:25:18"
25158755687,2025-07-06,CO-APPLICANT,FULL,1979-01-01,46,1999-07-07,25,350000,24,2,0,0,2437,"2025-07-06 21:23:56"
25158755774,2025-07-06,CUSTOMER,FULL,1977-01-01,48,NULL,0,700000,48,4,0,0,27721,"2025-07-06 21:18:37"
25158754200,2025-07-06,CUSTOMER,FULL,1987-01-01,38,1997-01-01,28,300000,36,3,0,0,4086,"2025-07-06 21:12:44"
25158051382,2025-07-02,CUSTOMER,FULL,1990-01-01,35,NULL,-1,265000,24,2,0,0,2346,"2025-07-06 21:12:30"
25158280015,2025-07-03,CUSTOMER,FULL,2000-02-04,25,1980-01-01,45,900000,72,6,0,0,12139,"2025-07-06 21:11:29"
8800385310,2025-07-05,CUSTOMER,FULL,2002-02-13,23,1997-05-19,28,379000,60,5,0,0,4732,"2025-07-06 21:09:58"
8800390069,2025-07-05,CUSTOMER,FULL,1990-05-25,35,NULL,-1,350000,36,3,0,0,3974,"2025-07-06 21:04:22"
8800322691,2025-07-04,CUSTOMER,FULL,2000-01-07,25,1972-11-26,52,607000,72,6,0,0,8710,"2025-07-06 21:03:17"
25157967768,2025-07-01,CUSTOMER,FULL,1994-08-13,30,1963-01-01,62,620000,60,5,0,0,8363,"2025-07-06 21:01:29"
25158063379,2025-07-02,CUSTOMER,FULL,1984-09-20,40,NULL,-1,410000,36,3,0,0,6406,"2025-07-06 20:59:38"
25157821309,2025-06-29,CUSTOMER,FULL,2003-01-01,22,1978-01-01,47,450000,60,5,0,0,5618,"2025-07-06 20:56:04"
8800126283,2025-07-06,CUSTOMER,FULL,1977-05-01,48,NULL,0,280000,24,2,0,0,5529,"2025-07-06 20:53:49"
8800362426,2025-07-06,CUSTOMER,FULL,1987-01-01,38,NULL,0,260000,30,3,0,0,3541,"2025-07-06 20:53:11"
25158745270,2025-07-05,CUSTOMER,FULL,1995-02-23,30,NULL,-1,328000,48,4,0,0,3422,"2025-07-06 20:53:11"
25158755608,2025-07-06,CUSTOMER,FULL,1997-04-18,28,1963-04-04,62,312000,24,2,0,0,2195,"2025-07-06 20:51:20"
25158741055,2025-07-04,CUSTOMER,FULL,1983-01-01,42,NULL,-1,425000,36,3,0,0,7112,"2025-07-06 20:50:18"
8800278216,2025-06-30,CUSTOMER,FULL,2004-10-26,20,1991-03-01,34,200000,30,3,0,0,1560,"2025-07-06 20:47:16"
25158750352,2025-07-05,CUSTOMER,FULL,2000-01-01,25,NULL,-1,75000,24,2,0,0,546,"2025-07-06 20:44:52"
8800358900,2025-07-05,CUSTOMER,FULL,1995-06-21,30,NULL,-1,1280000,84,7,0,0,21765,"2025-07-06 20:44:39"
25158126270,2025-07-02,CUSTOMER,FULL,1974-01-22,51,NULL,-1,177999,24,2,0,0,6041,"2025-07-06 20:43:14"
8800394306,2025-07-04,CUSTOMER,FULL,1993-07-26,31,1966-01-01,59,520000,59,5,0,0,7026,"2025-07-06 20:40:32"
25158661357,2025-07-04,CUSTOMER,FULL,2001-06-05,24,1970-08-01,54,170000,25,3,0,0,1491,"2025-07-06 20:40:24"
8800130003,2025-06-26,CUSTOMER,FULL,1999-05-06,26,1989-03-03,36,280000,48,4,0,0,2954,"2025-07-06 20:40:20"
25158741100,2025-07-04,CUSTOMER,FULL,2001-06-08,24,NULL,-1,747044,48,4,0,0,7044,"2025-07-06 20:39:00"
25157695526,2025-06-28,CUSTOMER,FULL,2000-04-12,25,1977-01-01,48,561000,48,4,0,0,5972,"2025-07-06 20:38:45"
8800315242,2025-06-30,CUSTOMER,FULL,2001-11-11,23,1966-07-01,58,600000,48,4,0,0,6387,"2025-07-06 20:38:33"
25157680516,2025-06-27,CUSTOMER,FULL,1999-01-01,26,NULL,-1,900000,59,5,0,0,11290,"2025-07-06 20:37:26"
8800361326,2025-06-28,CUSTOMER,"PARTIAL FINANCE AMOUNT",1978-09-10,46,NULL,-1,160000,24,2,120000,0,2405,"2025-07-06 20:32:56"
25158755472,2025-07-06,CUSTOMER,FULL,2002-03-06,23,1972-11-10,52,1225000,84,7,0,0,18011,"2025-07-06 20:32:36"
25158755573,2025-07-06,CO-APPLICANT,FULL,1975-01-01,50,1995-04-03,30,600000,48,4,0,0,6819,"2025-07-06 20:28:39"
25158755122,2025-07-06,CUSTOMER,FULL,1990-01-01,35,NULL,0,80000,24,2,0,0,708,"2025-07-06 20:27:47"
8800395230,2025-07-04,CUSTOMER,FULL,1994-01-01,31,1973-01-01,52,450000,48,4,0,0,5210,"2025-07-06 20:27:16"
25158742609,2025-07-04,CUSTOMER,FULL,1990-07-01,35,1991-01-05,34,620000,60,5,0,0,10404,"2025-07-06 20:25:37"
25158749171,2025-07-05,CUSTOMER,FULL,1970-03-10,55,NULL,-1,550000,84,7,0,0,65063,"2025-07-06 20:23:57"
25157624675,2025-06-22,CUSTOMER,FULL,1987-03-25,38,NULL,-1,500000,36,3,0,0,6809,"2025-07-06 20:21:32"
25157969748,2025-07-01,CUSTOMER,FULL,1995-04-16,30,1987-11-09,37,566000,47,4,0,0,6432,"2025-07-06 20:19:24"
25158755636,2025-07-06,CUSTOMER,FULL,2001-10-29,23,NULL,0,660000,59,5,0,0,8240,"2025-07-06 20:14:17"
25157972339,2025-07-01,CUSTOMER,FULL,1999-09-29,25,NULL,-1,450000,36,3,0,0,3962,"2025-07-06 20:12:12"
25158399853,2025-07-04,CUSTOMER,FULL,1994-02-05,31,NULL,-1,425000,48,4,0,0,4985,"2025-07-06 20:01:58"
8800390109,2025-07-06,CUSTOMER,FULL,1990-01-01,35,NULL,0,300000,24,2,0,0,2564,"2025-07-06 20:01:18"
8800309006,2025-07-05,CUSTOMER,FULL,1998-06-18,27,NULL,-1,700000,60,5,0,0,8863,"2025-07-06 19:53:57"
8800091601,2025-07-03,CUSTOMER,FULL,1987-06-05,38,NULL,-1,250000,36,3,0,0,3375,"2025-07-06 19:52:20"
25158755618,2025-07-06,CUSTOMER,FULL,1995-07-15,29,NULL,0,520000,60,5,0,0,6824,"2025-07-06 19:50:53"
25157374464,2025-06-09,CUSTOMER,FULL,1988-03-06,37,1969-01-02,56,900000,72,6,0,0,19616,"2025-07-06 19:50:53"
25158755514,2025-07-06,CUSTOMER,"PARTIAL FINANCE AMOUNT",1974-07-20,50,NULL,0,1700000,48,4,1275000,0,59037,"2025-07-06 19:50:44"
25158755466,2025-07-06,CUSTOMER,FULL,2003-01-01,22,1972-01-01,53,200000,36,3,0,0,1721,"2025-07-06 19:46:20"
8800235952,2025-07-06,CUSTOMER,FULL,1991-07-24,33,NULL,0,578000,60,5,0,0,8751,"2025-07-06 19:46:00"
25158749864,2025-07-06,CUSTOMER,FULL,1994-03-12,31,1976-02-01,49,421000,60,5,0,0,5867,"2025-07-06 19:44:07"
25158749891,2025-07-05,CUSTOMER,FULL,1985-01-11,40,1987-01-01,38,950000,48,4,0,0,18396,"2025-07-06 19:42:41"
25158084160,2025-07-02,CUSTOMER,FULL,1994-09-17,30,NULL,-1,600000,48,4,0,0,6819,"2025-07-06 19:42:20"
25158751587,2025-07-05,CUSTOMER,FULL,2001-04-07,24,1976-07-01,49,750000,60,5,0,0,8072,"2025-07-06 19:41:35"
8800195672,2025-07-06,CUSTOMER,FULL,1996-01-27,29,NULL,0,490000,60,5,0,0,6268,"2025-07-06 19:41:03"
25158744941,2025-07-05,CUSTOMER,FULL,1986-06-01,39,1989-07-18,35,570000,60,5,0,0,12356,"2025-07-06 19:37:00"
25158132013,2025-07-02,CUSTOMER,FULL,1999-07-06,25,1981-01-01,44,600000,60,5,0,0,7491,"2025-07-06 19:35:43"
25158748818,2025-07-05,CUSTOMER,FULL,1995-01-01,30,NULL,-1,490000,48,4,0,0,5569,"2025-07-06 19:32:52"
25158496092,2025-07-03,CUSTOMER,FULL,1995-08-18,29,NULL,-1,269143,60,5,0,0,3532,"2025-07-06 19:32:25"
8800272854,2025-06-10,CUSTOMER,FULL,1990-10-30,34,NULL,-1,330000,48,4,0,0,3840,"2025-07-06 19:29:34"
25158461255,2025-07-03,CUSTOMER,FULL,1989-04-01,36,NULL,-1,260000,36,3,0,0,3130,"2025-07-06 19:20:05"
8800349675,2025-07-03,CUSTOMER,FULL,1989-04-10,36,1977-04-20,48,320000,36,3,0,0,3807,"2025-07-06 19:19:38"
8800399843,2025-07-04,CUSTOMER,FULL,2002-12-24,22,1983-01-13,42,500000,60,5,0,0,5299,"2025-07-06 19:18:37"
8800326221,2025-07-06,CUSTOMER,FULL,1992-08-03,32,NULL,0,850000,60,5,0,0,10713,"2025-07-06 19:16:33"
8800311767,2025-07-06,CUSTOMER,FULL,1989-04-03,36,NULL,0,450000,60,5,0,0,7631,"2025-07-06 19:16:14"
25158755515,2025-07-06,CUSTOMER,FULL,1987-01-01,38,1991-08-31,33,600000,60,5,0,0,12136,"2025-07-06 19:14:40"
25158741600,2025-07-04,CUSTOMER,FULL,1971-09-12,53,NULL,-1,400000,24,2,0,0,12513,"2025-07-06 19:13:21"
8800178740,2025-07-06,CUSTOMER,FULL,1999-12-12,25,NULL,0,500000,48,4,0,0,5222,"2025-07-06 19:10:02"
25157906926,2025-06-30,CUSTOMER,FULL,1998-05-11,27,NULL,-1,720000,60,5,0,0,9117,"2025-07-06 19:07:22"
25157968955,2025-07-01,CUSTOMER,FULL,1971-01-15,54,1982-05-20,43,545000,54,5,0,0,44747,"2025-07-06 18:59:34"
25158047243,2025-07-02,CUSTOMER,FULL,1980-01-01,45,NULL,-1,500000,24,2,0,0,7636,"2025-07-06 18:57:17"
25158753847,2025-07-06,CUSTOMER,FULL,1995-04-10,30,1977-01-01,48,450000,60,5,0,0,5900,"2025-07-06 18:50:29"
8800205974,2025-07-05,CUSTOMER,FULL,1977-04-02,48,NULL,-1,350000,36,3,0,0,11313,"2025-07-06 18:48:37"
8800382516,2025-07-06,CUSTOMER,FULL,2006-11-14,18,1984-11-17,40,330000,24,2,0,0,2193,"2025-07-06 18:34:03"
25157665070,2025-06-27,CUSTOMER,FULL,1995-08-25,29,NULL,-1,745000,60,5,0,0,9776,"2025-07-06 18:33:38"
25158748967,2025-07-05,CUSTOMER,FULL,1992-07-06,32,NULL,-1,250000,36,3,0,0,2508,"2025-07-06 18:30:04"
25158740823,2025-07-05,CUSTOMER,FULL,2000-06-06,25,1977-01-01,48,820000,48,4,0,0,8728,"2025-07-06 18:29:18"
25157667984,2025-06-25,CUSTOMER,FULL,1981-03-05,44,2004-01-20,21,850000,60,5,0,0,24012,"2025-07-06 18:23:55"
25158755322,2025-07-06,CUSTOMER,FULL,2000-01-01,25,1964-01-01,61,565000,48,4,0,0,6014,"2025-07-06 18:21:28"
25158754955,2025-07-06,CUSTOMER,FULL,1983-01-01,42,2001-04-18,24,335000,36,3,0,0,5606,"2025-07-06 18:19:39"
25157694879,2025-06-28,CUSTOMER,FULL,1990-11-11,34,1984-03-22,41,996000,60,5,0,0,13446,"2025-07-06 18:14:50"
25158753354,2025-07-06,CUSTOMER,FULL,1993-08-24,31,1973-08-23,51,888000,84,7,0,0,15488,"2025-07-06 18:14:10"
8800186363,2025-07-04,CUSTOMER,FULL,1975-05-15,50,NULL,-1,451000,24,2,0,0,13848,"2025-07-06 18:09:19"
8800364958,2025-07-03,CUSTOMER,FULL,1991-07-21,33,NULL,-1,1612000,36,3,0,0,15446,"2025-07-06 18:08:58"
25158748370,2025-07-05,CUSTOMER,FULL,2003-03-24,22,1985-10-10,39,1050000,59,5,0,0,11127,"2025-07-06 18:06:52"
25158659993,2025-07-04,CUSTOMER,FULL,1989-05-01,36,NULL,-1,850000,36,3,0,0,10231,"2025-07-06 17:57:51"
8800348223,2025-07-06,CUSTOMER,FULL,1981-07-15,43,NULL,0,150000,48,4,0,0,3638,"2025-07-06 17:54:40"
25157993543,2025-07-01,CUSTOMER,FULL,1995-12-31,29,NULL,-1,500000,60,5,0,0,6561,"2025-07-06 17:53:22"
25157976051,2025-07-01,CUSTOMER,FULL,1996-11-30,28,1975-01-01,50,860000,60,5,0,0,9986,"2025-07-06 17:50:53"
8800254151,2025-07-04,CUSTOMER,FULL,2007-07-04,18,2006-01-01,19,500000,60,5,0,0,6072,"2025-07-06 17:50:34"
25157930808,2025-06-30,CUSTOMER,FULL,1991-07-01,33,1960-01-01,65,700000,60,5,0,0,9120,"2025-07-06 17:45:44"
25158752522,2025-07-05,CUSTOMER,FULL,1987-09-24,37,NULL,-1,449000,36,3,0,0,5590,"2025-07-06 17:38:58"
25158752913,2025-07-06,CUSTOMER,FULL,2007-03-17,18,1977-05-06,48,965000,48,4,0,0,8290,"2025-07-06 17:30:17"
25158755019,2025-07-06,CUSTOMER,FULL,1998-01-15,27,1978-04-16,47,815000,42,4,0,0,8194,"2025-07-06 17:28:30"
25158739178,2025-07-04,CUSTOMER,FULL,1987-01-01,38,1996-01-01,29,570000,60,5,0,0,11529,"2025-07-06 17:27:29"
8800255893,2025-07-06,CUSTOMER,FULL,1989-06-07,36,NULL,0,290000,48,4,0,0,4172,"2025-07-06 17:22:23"
25158755040,2025-07-06,CUSTOMER,FULL,1992-11-11,32,1972-08-09,52,640000,60,5,0,0,9274,"2025-07-06 17:18:06"
25158754960,2025-07-06,CUSTOMER,FULL,1984-01-01,41,NULL,0,150000,30,3,0,0,2512,"2025-07-06 17:14:36"
25158741231,2025-07-04,CUSTOMER,FULL,1987-10-17,37,NULL,-1,160000,48,4,0,0,2442,"2025-07-06 17:11:49"
25158410506,2025-07-03,CUSTOMER,FULL,1997-06-17,28,1968-01-01,57,900000,60,5,0,0,10451,"2025-07-06 17:11:26"
8800009549,2025-07-06,CUSTOMER,FULL,2004-01-01,21,1964-01-01,61,620000,60,5,0,0,7741,"2025-07-06 17:09:04"
8800216054,2025-06-11,CUSTOMER,FULL,1998-01-06,27,NULL,-1,325000,48,4,0,0,3268,"2025-07-06 17:08:48"
25157832278,2025-07-06,CUSTOMER,FULL,1992-06-20,33,NULL,0,75000,30,3,0,0,780,"2025-07-06 17:07:07"
8800399255,2025-07-06,CUSTOMER,FULL,1991-01-01,34,NULL,0,417000,60,5,0,0,6633,"2025-07-06 17:00:26"
25157811758,2025-06-29,CO-APPLICANT,FULL,1980-01-01,45,1995-02-17,30,800000,48,4,0,0,9091,"2025-07-06 16:57:12"
25158753052,2025-07-06,CUSTOMER,FULL,1994-07-15,30,NULL,0,600000,47,4,0,0,6755,"2025-07-06 16:56:18"
25158741499,2025-07-04,CUSTOMER,FULL,2003-01-03,22,1983-01-01,42,922000,72,6,0,0,12131,"2025-07-06 16:55:10"
8800390105,2025-07-05,CUSTOMER,FULL,1996-04-02,29,1970-01-01,55,330000,48,4,0,0,3634,"2025-07-06 16:54:52"
25158754979,2025-07-06,CUSTOMER,FULL,1984-12-31,40,NULL,0,450000,48,4,0,0,8714,"2025-07-06 16:51:21"
8800143649,2025-07-06,CUSTOMER,FULL,1990-01-01,35,1981-01-01,44,510000,60,5,0,0,8558,"2025-07-06 16:47:55"
25158754987,2025-07-06,CO-APPLICANT,FULL,1964-01-01,61,1993-01-01,32,250000,24,2,0,0,1939,"2025-07-06 16:45:29"
25157696657,2025-06-28,CUSTOMER,"PARTIAL FINANCE AMOUNT",1976-01-01,49,NULL,-1,624000,60,5,312000,0,16299,"2025-07-06 16:44:11"
8800410453,2025-07-05,CUSTOMER,FULL,1999-08-18,25,NULL,-1,260000,36,3,0,0,2295,"2025-07-06 16:42:27"
8800024949,2025-06-26,CUSTOMER,FULL,1984-01-01,41,NULL,-1,150000,30,3,0,0,2512,"2025-07-06 16:41:01"
8800350944,2025-07-06,CUSTOMER,FULL,1997-08-10,27,NULL,0,360000,60,5,0,0,4559,"2025-07-06 16:39:40"
25157617847,2025-06-21,CUSTOMER,FULL,2000-06-17,25,1997-01-01,28,600000,48,4,0,0,6387,"2025-07-06 16:35:13"
8800115380,2025-07-04,CUSTOMER,FULL,1991-08-15,33,NULL,-1,300000,24,2,0,0,2369,"2025-07-06 16:33:11"
25158754092,2025-07-06,CUSTOMER,FULL,1999-03-29,26,1945-01-01,80,700000,48,4,0,0,7385,"2025-07-06 16:26:38"
25158754837,2025-07-06,CUSTOMER,FULL,1997-10-20,27,1964-02-01,61,420000,60,5,0,0,5318,"2025-07-06 16:19:49"
25157700362,2025-06-28,CUSTOMER,FULL,1994-01-01,31,1929-01-01,96,725000,60,5,0,0,10104,"2025-07-06 16:18:17"
8800403904,2025-07-05,CUSTOMER,FULL,1979-07-16,45,1986-01-01,39,600000,48,4,0,0,17771,"2025-07-06 16:17:46"
25158754058,2025-07-06,CUSTOMER,FULL,2000-01-01,25,1969-01-01,56,530000,60,5,0,0,6617,"2025-07-06 16:13:23"
8800210925,2025-07-04,CUSTOMER,FULL,1989-01-01,36,1949-01-01,76,570000,48,4,0,0,8469,"2025-07-06 16:11:48"
25158740505,2025-07-04,CUSTOMER,FULL,1995-08-25,29,1971-03-05,54,400000,24,2,0,0,2948,"2025-07-06 16:11:34"
8800090486,2025-07-02,CUSTOMER,FULL,1988-07-30,36,1979-10-07,45,450000,60,5,0,0,8008,"2025-07-06 16:10:39"
25158487695,2025-07-03,CUSTOMER,FULL,1985-01-01,40,NULL,-1,225000,36,3,0,0,3298,"2025-07-06 16:10:03"
25158732241,2025-07-04,CUSTOMER,FULL,1998-01-15,27,1978-04-16,47,815000,42,4,0,0,8194,"2025-07-06 16:09:39"
25157674948,2025-06-26,CUSTOMER,FULL,1993-01-01,32,1949-09-01,75,260000,36,3,0,0,2581,"2025-07-06 16:09:34"
25158044031,2025-07-05,CUSTOMER,FULL,1997-01-08,28,1968-01-01,57,574000,60,5,0,0,7377,"2025-07-06 16:06:58"
25157685402,2025-06-27,CUSTOMER,FULL,1990-04-03,35,NULL,-1,860000,60,5,0,0,14431,"2025-07-06 16:05:43"
8800202896,2025-07-06,CUSTOMER,FULL,1994-07-25,30,1998-01-01,27,1150000,60,5,0,0,15077,"2025-07-06 16:03:41"
25158754811,2025-07-06,CUSTOMER,FULL,1987-01-14,38,NULL,0,600000,60,5,0,0,12136,"2025-07-06 16:02:45"
8800178739,2025-07-05,CUSTOMER,FULL,1993-04-10,32,NULL,-1,450000,36,3,0,0,4514,"2025-07-06 15:56:35"
25158753268,2025-07-06,CUSTOMER,FULL,2000-03-21,25,NULL,0,1100000,60,5,0,0,11916,"2025-07-06 15:56:30"
25157844571,2025-07-01,CUSTOMER,FULL,1997-10-18,27,1967-05-15,58,1150000,72,6,0,0,16814,"2025-07-06 15:55:44"
25158741498,2025-07-04,CUSTOMER,FULL,2002-04-15,23,1976-01-01,49,425000,60,5,0,0,5306,"2025-07-06 15:55:05"
25158691727,2025-07-04,CUSTOMER,FULL,2001-07-07,23,1973-05-16,52,740000,72,6,0,0,9815,"2025-07-06 15:54:54"
25158754715,2025-07-06,CUSTOMER,FULL,1998-10-08,26,NULL,0,400000,47,4,0,0,4263,"2025-07-06 15:53:52"
8800295683,2025-07-06,CUSTOMER,FULL,1993-04-19,32,NULL,0,950000,60,5,0,0,13766,"2025-07-06 15:48:52"
8800374281,2025-07-06,CUSTOMER,FULL,1986-03-04,39,NULL,0,450000,36,3,0,0,6553,"2025-07-06 15:44:54"
25158754551,2025-07-06,CUSTOMER,FULL,1984-08-15,40,2003-09-15,21,1469000,72,6,0,0,38586,"2025-07-06 15:43:31"
25158754570,2025-07-06,CUSTOMER,FULL,1999-01-01,26,1967-01-01,58,700000,60,5,0,0,7955,"2025-07-06 15:41:09"
25158339543,2025-07-03,CUSTOMER,FULL,1988-01-01,37,1980-05-15,45,650000,60,5,0,0,12311,"2025-07-06 15:34:59"
25158747370,2025-07-05,CUSTOMER,FULL,1993-07-01,32,1996-01-01,29,430000,54,5,0,0,5420,"2025-07-06 15:23:38"
8800034986,2025-07-05,CUSTOMER,FULL,1993-01-01,32,NULL,-1,540000,60,5,0,0,7825,"2025-07-06 15:16:38"
8800370354,2025-07-06,CUSTOMER,FULL,1990-04-25,35,NULL,0,768000,48,4,0,0,10477,"2025-07-06 15:15:49"
25158754454,2025-07-06,CUSTOMER,FULL,1988-04-23,37,1957-07-04,68,920000,60,5,0,0,17424,"2025-07-06 15:15:27"
25158754305,2025-07-06,CUSTOMER,FULL,1994-01-01,31,1992-01-01,33,597000,59,5,0,0,8320,"2025-07-06 15:15:18"
8800230050,2025-06-30,CUSTOMER,FULL,1998-01-01,27,1961-06-01,64,350000,48,4,0,0,3730,"2025-07-06 15:13:38"
25158754504,2025-07-06,CUSTOMER,FULL,1999-05-21,26,NULL,0,75000,24,2,0,0,523,"2025-07-06 15:12:15"
8800340007,2025-07-06,CUSTOMER,FULL,1993-01-01,32,NULL,0,420000,36,3,0,0,4168,"2025-07-06 15:07:03"
8800290452,2025-06-13,CUSTOMER,FULL,1997-05-03,28,NULL,-1,565000,60,5,0,0,7261,"2025-07-06 15:05:30"
25158754534,2025-07-06,CUSTOMER,FULL,2001-06-05,24,NULL,0,100000,12,1,0,0,696,"2025-07-06 15:04:47"
25158752258,2025-07-05,CUSTOMER,FULL,2003-06-10,22,1980-01-01,45,650000,60,5,0,0,6888,"2025-07-06 15:04:11"
8800272856,2025-06-10,CUSTOMER,FULL,2000-05-05,25,NULL,-1,280000,36,3,0,0,2297,"2025-07-06 15:00:02"
25158754466,2025-07-06,CUSTOMER,FULL,1995-01-01,30,NULL,0,625000,54,5,0,0,8430,"2025-07-06 14:57:20"
25158754407,2025-07-06,CUSTOMER,"PARTIAL FINANCE AMOUNT",1968-01-15,57,NULL,0,5100000,46,4,2550000,0,212406,"2025-07-06 14:52:42"
25158754465,2025-07-06,CUSTOMER,FULL,1987-02-24,38,NULL,0,830000,60,5,0,0,16787,"2025-07-06 14:51:24"
25158754355,2025-07-06,CUSTOMER,FULL,1984-07-08,40,NULL,0,790000,60,5,0,0,18430,"2025-07-06 14:50:53"
25158752108,2025-07-05,CUSTOMER,FULL,1997-12-05,27,NULL,-1,920000,60,5,0,0,10553,"2025-07-06 14:49:13"
25158748697,2025-07-05,CUSTOMER,FULL,2000-09-24,24,1970-01-01,55,500000,48,4,0,0,5169,"2025-07-06 14:45:40"
25158754457,2025-07-06,CUSTOMER,FULL,1994-01-01,31,NULL,0,450000,35,3,0,0,4110,"2025-07-06 14:44:05"
25158754373,2025-07-06,CUSTOMER,FULL,2002-04-02,23,NULL,0,900000,60,5,0,0,9601,"2025-07-06 14:41:24"
25158749194,2025-07-05,CUSTOMER,FULL,2002-07-27,22,1975-05-04,50,420000,24,2,0,0,2534,"2025-07-06 14:41:12"
25157373575,2025-06-09,CUSTOMER,FULL,1999-03-03,26,1956-01-01,69,550000,48,4,0,0,5861,"2025-07-06 14:37:29"
25158753319,2025-07-06,CUSTOMER,FULL,1994-06-12,31,NULL,0,370000,36,3,0,0,3598,"2025-07-06 14:35:09"
25158753889,2025-07-06,CUSTOMER,FULL,1987-07-05,38,1984-07-20,40,1024000,60,5,0,0,18693,"2025-07-06 14:31:04"
25158739261,2025-07-04,CUSTOMER,FULL,2005-04-10,20,1970-01-01,55,550000,48,4,0,0,5829,"2025-07-06 14:26:33"
25158753912,2025-07-06,CUSTOMER,FULL,1982-04-02,43,NULL,0,720000,48,4,0,0,17732,"2025-07-06 14:25:45"
25158344557,2025-07-03,CUSTOMER,FULL,2000-08-08,24,1977-10-03,47,850000,60,5,0,0,10612,"2025-07-06 14:23:31"
8800159483,2025-07-06,CUSTOMER,FULL,1991-07-15,33,1993-09-09,31,1650000,42,4,0,0,20522,"2025-07-06 14:18:04"
25158556721,2025-07-03,CUSTOMER,FULL,1988-05-10,37,NULL,-1,250000,23,2,0,0,2360,"2025-07-06 14:17:59"
25158754366,2025-07-06,CUSTOMER,FULL,1980-08-08,44,NULL,0,320000,36,3,0,0,6907,"2025-07-06 14:16:58"
25158752977,2025-07-06,CUSTOMER,FULL,1995-01-01,30,1963-01-01,62,575000,60,5,0,0,7756,"2025-07-06 14:10:47"
25158754329,2025-07-06,CUSTOMER,FULL,1982-06-01,43,NULL,0,700000,60,5,0,0,20865,"2025-07-06 14:09:40"
25158753883,2025-07-06,CUSTOMER,FULL,1999-12-20,25,NULL,0,500000,60,5,0,0,6243,"2025-07-06 14:07:16"
25158749765,2025-07-05,CUSTOMER,FULL,1995-10-05,29,NULL,-1,294000,36,3,0,0,2599,"2025-07-06 14:03:24"
25158041978,2025-07-02,CUSTOMER,FULL,1993-02-02,32,NULL,-1,70000,23,2,0,0,543,"2025-07-06 14:02:53"
25157670491,2025-06-26,CUSTOMER,FULL,1985-01-01,40,1966-01-01,59,610000,60,5,0,0,14231,"2025-07-06 14:00:38"
8800360589,2025-07-06,CUSTOMER,FULL,1981-01-01,44,1985-01-01,40,800000,60,5,0,0,26130,"2025-07-06 14:00:17"
8800150533,2025-07-05,CUSTOMER,FULL,1969-12-15,55,1981-01-01,44,520000,36,3,0,0,30803,"2025-07-06 13:58:39"
25158747930,2025-07-05,CUSTOMER,"PARTIAL FINANCE AMOUNT",1967-01-01,58,NULL,-1,160000,16,2,120000,0,7233,"2025-07-06 13:57:05"
25158754157,2025-07-06,CUSTOMER,FULL,1999-05-21,26,NULL,0,700000,60,5,0,0,8781,"2025-07-06 13:56:49"
25158753341,2025-07-06,CUSTOMER,FULL,1980-08-08,44,NULL,0,300000,36,3,0,0,6475,"2025-07-06 13:52:28"
8800117846,2025-07-05,CUSTOMER,FULL,1983-07-01,42,NULL,-1,900000,24,2,0,0,11210,"2025-07-06 13:48:57"
25158753996,2025-07-06,CUSTOMER,FULL,2001-07-05,24,NULL,0,330000,36,3,0,0,2894,"2025-07-06 13:48:54"
25158661376,2025-07-04,CUSTOMER,FULL,1980-06-01,45,NULL,-1,561000,60,5,0,0,20184,"2025-07-06 13:48:46"
25158754011,2025-07-06,CUSTOMER,FULL,1985-01-01,40,1987-01-01,38,510000,48,4,0,0,9876,"2025-07-06 13:46:36"
25158754035,2025-07-06,CUSTOMER,FULL,1991-06-01,34,NULL,0,615000,56,5,0,0,9783,"2025-07-06 13:43:54"
25158743150,2025-07-05,CUSTOMER,FULL,2001-01-01,24,1979-01-01,46,750000,60,5,0,0,9364,"2025-07-06 13:43:33"
25158744692,2025-07-05,CUSTOMER,FULL,1994-01-01,31,NULL,-1,750000,36,3,0,0,6850,"2025-07-06 13:41:35"
25158754147,2025-07-06,CO-APPLICANT,FULL,1976-06-01,49,1983-06-01,42,700000,60,5,0,0,19139,"2025-07-06 13:39:52"
25158669933,2025-07-04,CO-APPLICANT,FULL,1969-01-01,56,1990-01-01,35,300000,30,3,0,0,3417,"2025-07-06 13:39:48"
25158038354,2025-07-02,CUSTOMER,FULL,1995-01-01,30,NULL,-1,495000,59,5,0,0,6677,"2025-07-06 13:38:28"
25158753640,2025-07-06,CUSTOMER,FULL,1995-01-01,30,NULL,0,309000,36,3,0,0,2877,"2025-07-06 13:33:21"
25158753853,2025-07-06,CUSTOMER,FULL,1987-05-25,38,NULL,0,200000,11,1,0,0,1190,"2025-07-06 13:32:50"
8800268903,2025-07-06,CUSTOMER,FULL,1987-11-17,37,NULL,0,585000,24,2,0,0,5799,"2025-07-06 13:31:08"
25158663692,2025-07-04,CUSTOMER,FULL,1994-02-14,31,NULL,-1,1350000,84,7,0,0,23545,"2025-07-06 13:22:01"
8800378152,2025-06-27,CUSTOMER,FULL,1999-03-13,26,1982-01-05,43,310000,48,4,0,0,3095,"2025-07-06 13:18:55"
25157473288,2025-06-12,CUSTOMER,FULL,1987-03-10,38,NULL,-1,850000,60,5,0,0,17192,"2025-07-06 13:16:36"
25158753814,2025-07-06,CUSTOMER,FULL,2000-10-02,24,1972-06-10,53,1100000,72,6,0,0,14707,"2025-07-06 13:15:13"
25158746003,2025-07-05,CUSTOMER,FULL,1994-11-17,30,NULL,-1,646010,84,7,0,0,11564,"2025-07-06 13:14:42"
25157690592,2025-06-27,CUSTOMER,FULL,1986-09-10,38,1987-01-01,38,300000,30,3,0,0,3926,"2025-07-06 13:13:11"
25158041765,2025-07-02,CUSTOMER,FULL,1994-04-03,31,1994-05-27,31,585000,60,5,0,0,7166,"2025-07-06 13:12:59"
25158746834,2025-07-05,CUSTOMER,FULL,1992-02-05,33,1997-05-15,28,573000,84,7,0,0,11644,"2025-07-06 13:11:58"
25157683288,2025-06-27,CUSTOMER,FULL,1984-01-01,41,NULL,-1,280000,36,3,0,0,4375,"2025-07-06 13:11:41"
25158753939,2025-07-06,CUSTOMER,FULL,1987-09-14,37,1980-01-01,45,663000,60,5,0,0,12557,"2025-07-06 13:11:11"
25158751658,2025-07-05,CO-APPLICANT,FULL,2000-01-01,25,1982-07-10,42,660000,48,4,0,0,14930,"2025-07-06 13:08:11"
25158753624,2025-07-06,CUSTOMER,FULL,1999-11-06,25,1965-02-01,60,270000,36,3,0,0,2384,"2025-07-06 13:04:19"
25158751771,2025-07-06,CUSTOMER,FULL,1993-01-26,32,1995-01-01,30,450000,48,4,0,0,5475,"2025-07-06 13:03:51"
25158663405,2025-07-04,CUSTOMER,FULL,1986-01-01,39,1988-08-05,36,540000,36,3,0,0,7864,"2025-07-06 13:03:40"
8800308851,2025-07-06,CUSTOMER,FULL,1989-04-21,36,NULL,0,300000,24,2,0,0,2949,"2025-07-06 13:01:45"
8800145843,2025-07-02,CUSTOMER,FULL,1999-09-10,25,2001-06-10,24,490000,47,4,0,0,5216,"2025-07-06 13:00:08"
25158753827,2025-07-06,CUSTOMER,FULL,2003-04-10,22,1998-01-01,27,820000,36,3,0,0,6561,"2025-07-06 12:59:37"
25158749341,2025-07-05,CUSTOMER,FULL,1990-07-12,34,1996-07-01,29,555000,48,4,0,0,7388,"2025-07-06 12:57:59"
25158751058,2025-07-05,CUSTOMER,FULL,1991-01-01,34,1996-01-01,29,232000,36,3,0,0,2300,"2025-07-06 12:52:54"
25158748203,2025-07-05,CUSTOMER,FULL,1975-01-01,50,NULL,-1,170000,24,2,0,0,5270,"2025-07-06 12:52:34"
25157945639,2025-07-01,CUSTOMER,FULL,1990-01-28,35,1988-01-01,37,500000,36,3,0,0,5122,"2025-07-06 12:49:26"
8800390605,2025-07-02,CUSTOMER,FULL,2000-01-01,25,NULL,-1,570000,60,5,0,0,7117,"2025-07-06 12:48:27"
25157679234,2025-06-26,CUSTOMER,FULL,1979-01-01,46,NULL,-1,337500,36,3,0,0,8806,"2025-07-06 12:48:20"
8800356356,2025-06-24,CUSTOMER,FULL,1990-11-15,34,1966-08-25,58,580000,71,6,0,0,10793,"2025-07-06 12:45:56"
25158753211,2025-07-06,CUSTOMER,FULL,1990-01-01,35,NULL,0,650000,58,5,0,0,10424,"2025-07-06 12:45:36"
25157618885,2025-06-21,CUSTOMER,FULL,2003-01-01,22,2003-02-07,22,215000,36,3,0,0,1721,"2025-07-06 12:44:52"
25157695756,2025-06-28,CUSTOMER,FULL,1993-08-08,31,1991-11-22,33,250000,48,4,0,0,2894,"2025-07-06 12:39:31"
8800186366,2025-07-06,CUSTOMER,FULL,1986-07-01,39,1981-06-12,44,540000,36,3,0,0,7864,"2025-07-06 12:38:20"
25158753764,2025-07-06,CUSTOMER,FULL,1991-06-06,34,NULL,0,253000,36,3,0,0,2508,"2025-07-06 12:38:09"
25158745207,2025-07-05,CUSTOMER,FULL,1995-09-24,29,1952-02-15,73,450000,60,5,0,0,5905,"2025-07-06 12:36:58"
8800092839,2025-07-06,CUSTOMER,FULL,1985-07-02,40,NULL,0,450000,42,4,0,0,8714,"2025-07-06 12:36:51"
8800250408,2025-07-05,CUSTOMER,FULL,1997-12-30,27,1970-05-03,55,575000,60,5,0,0,7281,"2025-07-06 12:36:05"
8800210155,2025-07-06,CUSTOMER,FULL,1985-06-08,40,NULL,0,940000,60,5,0,0,19423,"2025-07-06 12:35:13"
8800200569,2025-07-06,CUSTOMER,FULL,1998-02-09,27,1966-03-30,59,1950000,72,6,0,0,28234,"2025-07-06 12:34:36"
8800281725,2025-06-21,CUSTOMER,FULL,2003-09-06,21,1999-01-27,26,890000,48,4,0,0,8161,"2025-07-06 12:33:04"
25157776303,2025-06-29,CUSTOMER,FULL,1995-07-01,29,NULL,-1,630000,59,5,0,0,7427,"2025-07-06 12:32:58"
25157492943,2025-06-12,CUSTOMER,FULL,1992-05-20,33,NULL,-1,319000,54,5,0,0,4156,"2025-07-06 12:32:03"
8800284996,2025-07-06,CUSTOMER,FULL,2002-01-01,23,NULL,0,292000,36,3,0,0,2361,"2025-07-06 12:26:28"
25158751135,2025-07-06,CUSTOMER,FULL,1993-11-13,31,NULL,0,550000,36,3,0,0,5270,"2025-07-06 12:25:54"
25157643359,2025-06-23,CUSTOMER,FULL,1972-01-15,53,2002-08-22,22,200000,36,3,0,0,10432,"2025-07-06 12:23:10"
8800375434,2025-07-05,CUSTOMER,FULL,2003-03-07,22,1999-12-25,25,795441,60,5,0,0,9931,"2025-07-06 12:22:30"
25158449303,2025-07-04,CUSTOMER,FULL,1988-03-22,37,NULL,-1,550000,84,7,0,0,14142,"2025-07-06 12:21:28"
25158748294,2025-07-05,CUSTOMER,FULL,1981-01-01,44,NULL,-1,308000,24,2,0,0,5107,"2025-07-06 12:21:16"
25158740202,2025-07-04,CUSTOMER,FULL,1988-01-01,37,2000-05-02,25,270000,36,3,0,0,3416,"2025-07-06 12:17:51"
25158281435,2025-07-03,CUSTOMER,FULL,1983-12-04,41,NULL,-1,940823,60,5,0,0,20894,"2025-07-06 12:15:57"
25158753375,2025-07-06,CUSTOMER,FULL,1990-01-01,35,1961-01-01,64,310000,42,4,0,0,3750,"2025-07-06 12:12:48"
25158753391,2025-07-06,CUSTOMER,FULL,1983-01-01,42,NULL,0,433800,35,3,0,0,7894,"2025-07-06 12:12:29"
25158753172,2025-07-06,CUSTOMER,FULL,1991-06-30,34,NULL,0,300000,48,4,0,0,3898,"2025-07-06 12:09:50"
25157327649,2025-06-05,CUSTOMER,FULL,1998-07-03,26,1995-01-01,30,500000,60,5,0,0,6272,"2025-07-06 12:09:26"
8800307847,2025-07-05,CUSTOMER,FULL,1984-10-08,40,NULL,-1,330000,42,4,0,0,6391,"2025-07-06 12:07:25"
8800329309,2025-07-02,CUSTOMER,FULL,1991-01-01,34,1967-01-01,58,550000,60,5,0,0,8749,"2025-07-06 12:05:33"
25157662229,2025-06-25,CUSTOMER,FULL,2003-03-13,22,NULL,-1,319000,60,5,0,0,3381,"2025-07-06 12:05:24"
25157681461,2025-06-27,CUSTOMER,FULL,1999-02-01,26,1959-01-01,66,1000000,60,5,0,0,11364,"2025-07-06 12:04:25"
8800410454,2025-07-06,CUSTOMER,FULL,1990-02-10,35,NULL,0,280000,36,3,0,0,3179,"2025-07-06 12:03:28"
25158753187,2025-07-06,CUSTOMER,FULL,1984-09-24,40,NULL,0,650000,56,5,0,0,14543,"2025-07-06 12:03:25"
8800284075,2025-07-05,CUSTOMER,FULL,1994-11-08,30,NULL,-1,700000,36,3,0,0,6278,"2025-07-06 12:03:18"
25158753321,2025-07-06,CUSTOMER,FULL,1994-01-01,31,NULL,0,525000,60,5,0,0,6431,"2025-07-06 12:02:42"
25158751909,2025-07-05,CUSTOMER,FULL,1993-05-05,32,NULL,-1,325000,36,3,0,0,3260,"2025-07-06 12:02:05"
25158662762,2025-07-04,CUSTOMER,FULL,1998-01-06,27,NULL,-1,1200000,60,5,0,0,13764,"2025-07-06 12:01:40"
8800203785,2025-06-29,CUSTOMER,FULL,1983-01-08,42,NULL,-1,620000,60,5,0,0,16952,"2025-07-06 11:52:25"
25156779316,2025-06-02,CUSTOMER,FULL,1994-01-01,31,1996-01-01,29,550000,60,5,0,0,7665,"2025-07-06 11:46:50"
25157658832,2025-06-25,CUSTOMER,FULL,2000-12-16,24,NULL,-1,629100,60,5,0,0,7854,"2025-07-06 11:42:32"
25158662690,2025-07-04,CUSTOMER,FULL,2003-01-01,22,1982-01-01,43,650000,48,4,0,0,6919,"2025-07-06 11:40:29"
25158750461,2025-07-06,CUSTOMER,FULL,1974-01-01,51,NULL,0,700000,48,4,0,0,37162,"2025-07-06 11:39:46"
25157676152,2025-06-26,CUSTOMER,FULL,1999-04-01,26,NULL,-1,320000,36,3,0,0,2817,"2025-07-06 11:38:03"
25158753194,2025-07-06,CUSTOMER,FULL,1987-02-17,38,1967-01-01,58,930000,60,5,0,0,16977,"2025-07-06 11:36:16"
25158680772,2025-07-04,CUSTOMER,FULL,1990-01-01,35,1975-01-01,50,425000,48,4,0,0,5963,"2025-07-06 11:32:04"
8800178738,2025-07-05,CUSTOMER,FULL,2000-01-01,25,NULL,-1,250000,24,2,0,0,1820,"2025-07-06 11:27:59"
25157844411,2025-06-29,CUSTOMER,FULL,1993-10-10,31,NULL,-1,700000,23,2,0,0,5246,"2025-07-06 11:27:21"
25158752773,2025-07-06,CUSTOMER,FULL,1981-01-01,44,NULL,0,805000,60,5,0,0,26294,"2025-07-06 11:27:20"
25158747840,2025-07-05,CUSTOMER,FULL,1992-08-03,32,NULL,-1,850000,60,5,0,0,10713,"2025-07-06 11:26:36"
25158063202,2025-07-02,CUSTOMER,FULL,1989-03-04,36,NULL,-1,208000,35,3,0,0,2504,"2025-07-06 11:21:33"
25158693220,2025-07-04,CUSTOMER,FULL,1994-01-01,31,1999-04-03,26,640000,35,3,0,0,6133,"2025-07-06 11:18:25"
25157544284,2025-06-16,CUSTOMER,FULL,1988-07-14,36,NULL,-1,225000,30,3,0,0,2690,"2025-07-06 11:16:29"
25158753151,2025-07-06,CUSTOMER,FULL,1992-07-18,32,1998-08-16,26,900000,60,5,0,0,11343,"2025-07-06 11:14:26"
25158753175,2025-07-06,CUSTOMER,FULL,1995-01-01,30,NULL,0,720000,60,5,0,0,8641,"2025-07-06 11:14:18"
25158659729,2025-07-04,CUSTOMER,FULL,1996-01-01,29,NULL,-1,320000,42,4,0,0,3289,"2025-07-06 11:10:10"
25157918869,2025-06-30,CUSTOMER,FULL,1994-06-08,31,1996-05-18,29,959000,72,6,0,0,14938,"2025-07-06 11:08:22"
25158748228,2025-07-05,CUSTOMER,FULL,1989-04-19,36,1991-03-13,34,978000,60,5,0,0,16030,"2025-07-06 11:07:35"
25158745052,2025-07-05,CUSTOMER,FULL,1997-12-04,27,NULL,-1,490000,36,3,0,0,4331,"2025-07-06 11:06:09"
25158748821,2025-07-05,CUSTOMER,FULL,2002-08-24,22,1974-01-01,51,479000,48,4,0,0,4856,"2025-07-06 11:00:05"
25158753153,2025-07-06,CUSTOMER,FULL,1986-07-01,39,NULL,0,970000,84,7,0,0,28719,"2025-07-06 10:57:36"
25158753068,2025-07-06,CUSTOMER,FULL,2000-04-24,25,1966-01-01,59,425000,36,3,0,0,3742,"2025-07-06 10:54:44"
8800337916,2025-07-02,CUSTOMER,FULL,1996-10-27,28,1987-02-01,38,560000,60,5,0,0,7197,"2025-07-06 10:51:28"
25158753103,2025-07-06,CUSTOMER,FULL,1994-01-30,31,NULL,0,520000,36,3,0,0,4983,"2025-07-06 10:51:01"
25158753060,2025-07-06,CUSTOMER,FULL,1997-03-11,28,1984-04-08,41,800000,60,5,0,0,9289,"2025-07-06 10:41:54"
25157616175,2025-06-21,CUSTOMER,FULL,1992-05-04,33,NULL,-1,300000,60,5,0,0,4542,"2025-07-06 10:41:35"
8800302500,2025-07-04,CUSTOMER,FULL,1995-01-01,30,NULL,-1,770000,48,4,0,0,8750,"2025-07-06 10:40:57"
8800173603,2025-07-06,CUSTOMER,FULL,1980-06-01,45,NULL,0,282500,48,4,0,0,8368,"2025-07-06 10:39:42"
8800172237,2025-06-24,CUSTOMER,FULL,1990-04-17,35,NULL,-1,210000,24,2,0,0,1795,"2025-07-06 10:36:46"
8800397055,2025-07-03,CUSTOMER,FULL,1993-05-23,32,NULL,-1,426000,36,3,0,0,4228,"2025-07-06 10:35:30"
25157613797,2025-06-20,CUSTOMER,FULL,1977-01-01,48,NULL,-1,300000,36,3,0,0,9686,"2025-07-06 10:35:17"
25158285727,2025-07-03,CUSTOMER,FULL,1997-09-20,27,1997-10-31,27,580000,60,5,0,0,7344,"2025-07-06 10:32:09"
8800272525,2025-07-05,CUSTOMER,FULL,2000-06-10,25,1975-01-01,50,1000000,60,5,0,0,10833,"2025-07-06 10:28:41"
25157515504,2025-06-13,CUSTOMER,FULL,1991-09-04,33,NULL,-1,328000,60,5,0,0,4966,"2025-07-06 10:26:37"
25158752989,2025-07-06,CUSTOMER,FULL,1998-08-07,26,NULL,0,500000,36,3,0,0,4402,"2025-07-06 10:23:22"
8800398031,2025-07-05,CUSTOMER,FULL,1994-06-16,31,1997-11-17,27,300000,36,3,0,0,2875,"2025-07-06 10:21:37"
25158748257,2025-07-05,CUSTOMER,FULL,1969-08-15,55,2000-09-17,24,650000,60,5,0,0,57717,"2025-07-06 10:16:32"
25158750522,2025-07-05,CUSTOMER,FULL,1990-02-18,35,1994-12-20,30,631000,60,5,0,0,10588,"2025-07-06 10:11:31"
25158287938,2025-07-03,CUSTOMER,FULL,2000-11-12,24,1977-01-01,48,312000,42,4,0,0,2942,"2025-07-06 10:02:15"
25158281109,2025-07-03,CUSTOMER,FULL,1994-01-01,31,1974-01-01,51,660000,54,5,0,0,9198,"2025-07-06 09:54:48"
25158360785,2025-07-03,CO-APPLICANT,FULL,1973-01-01,52,2001-06-15,24,460000,24,2,0,0,3203,"2025-07-06 09:53:05"
25158752787,2025-07-06,CUSTOMER,FULL,1995-05-30,30,1973-11-01,51,925000,60,5,0,0,11101,"2025-07-06 09:48:56"
25157934219,2025-07-01,CUSTOMER,FULL,1970-01-01,55,NULL,-1,331000,42,4,0,0,22982,"2025-07-06 09:48:20"
25158061036,2025-07-03,CUSTOMER,FULL,1991-01-01,34,1966-01-01,59,1000000,60,5,0,0,15907,"2025-07-06 09:46:49"
25157543604,2025-06-16,CUSTOMER,FULL,1992-05-18,33,NULL,-1,220000,24,2,0,0,1745,"2025-07-06 09:45:59"
8800278351,2025-07-06,CUSTOMER,FULL,2003-04-15,22,1974-01-01,51,933000,71,6,0,0,12276,"2025-07-06 09:44:33"
25157569512,2025-06-18,CO-APPLICANT,FULL,1970-03-15,55,2004-10-04,20,225000,21,2,0,0,1554,"2025-07-06 09:43:32"
25158740111,2025-07-04,CUSTOMER,FULL,1987-08-08,37,NULL,-1,260000,48,4,0,0,4105,"2025-07-06 09:40:38"
25158030305,2025-07-02,CUSTOMER,FULL,1996-01-12,29,NULL,-1,100000,24,2,0,0,737,"2025-07-06 09:38:26"
25158745420,2025-07-05,CUSTOMER,FULL,1998-10-25,26,1968-07-01,57,460000,60,5,0,0,5770,"2025-07-06 09:38:02"
25157944861,2025-07-01,CUSTOMER,FULL,1999-06-10,26,1975-01-01,50,525000,60,5,0,0,6586,"2025-07-06 09:33:55"
25158122579,2025-07-02,CUSTOMER,FULL,1995-05-17,30,NULL,-1,590000,60,5,0,0,7958,"2025-07-06 09:33:09"
25157334004,2025-06-10,CUSTOMER,FULL,2003-05-22,22,NULL,-1,370000,30,3,0,0,2961,"2025-07-06 09:32:00"
25158752267,2025-07-05,CUSTOMER,FULL,1982-09-15,42,NULL,-1,400000,24,2,0,0,5613,"2025-07-06 09:30:56"
8800217914,2025-07-06,CUSTOMER,FULL,1985-12-05,39,NULL,0,315000,36,3,0,0,4357,"2025-07-06 09:27:05"
8800250243,2025-07-06,CUSTOMER,FULL,1993-04-15,32,NULL,0,420000,36,3,0,0,4213,"2025-07-06 09:22:25"
25158751637,2025-07-05,CUSTOMER,FULL,1999-08-10,25,1968-06-15,57,700000,60,5,0,0,8740,"2025-07-06 09:21:54"
25158745406,2025-07-05,CUSTOMER,FULL,1999-08-13,25,1999-04-12,26,795000,60,5,0,0,9926,"2025-07-06 09:21:24"
8800159250,2025-06-23,CUSTOMER,FULL,1993-04-16,32,NULL,-1,850000,59,5,0,0,12317,"2025-07-06 09:21:18"
25158661512,2025-07-04,CUSTOMER,FULL,1992-04-15,33,NULL,-1,780000,60,5,0,0,11809,"2025-07-06 09:13:59"
25158752801,2025-07-06,CUSTOMER,FULL,1987-07-13,37,NULL,0,300000,36,3,0,0,3834,"2025-07-06 09:12:59"
25158752864,2025-07-06,CUSTOMER,FULL,1988-01-01,37,NULL,0,1085000,71,6,0,0,23648,"2025-07-06 09:10:56"
25158496082,2025-07-03,CUSTOMER,FULL,2000-09-09,24,1975-08-13,49,580000,57,5,0,0,7241,"2025-07-06 09:08:53"
25158747190,2025-07-05,CUSTOMER,FULL,2002-08-26,22,1981-01-01,44,518000,48,4,0,0,5514,"2025-07-06 09:02:05"
25158750035,2025-07-05,CUSTOMER,FULL,1978-05-06,47,1975-12-24,49,1900000,84,7,0,0,108670,"2025-07-06 08:58:22"
25157448206,2025-06-23,CUSTOMER,FULL,1984-05-28,41,NULL,-1,320000,24,2,0,0,4158,"2025-07-06 08:49:44"
8800379081,2025-07-05,CUSTOMER,FULL,1981-01-01,44,NULL,-1,725000,48,4,0,0,19309,"2025-07-06 08:45:13"
25158695250,2025-07-04,CUSTOMER,FULL,1992-06-10,33,1970-07-05,54,640000,60,5,0,0,9690,"2025-07-06 08:40:28"
25157806048,2025-06-29,CUSTOMER,FULL,1988-01-01,37,NULL,-1,450000,36,3,0,0,5751,"2025-07-06 08:40:09"
25158752795,2025-07-06,CUSTOMER,FULL,1999-01-01,26,NULL,0,500000,48,4,0,0,4992,"2025-07-06 08:36:54"
8800343399,2025-07-06,CUSTOMER,FULL,1999-11-11,25,1968-07-01,57,800000,48,4,0,0,8355,"2025-07-06 08:34:23"
25158744958,2025-07-05,CUSTOMER,FULL,1974-01-01,51,NULL,-1,550000,48,4,0,0,28823,"2025-07-06 08:25:02"
25158751310,2025-07-05,CUSTOMER,FULL,1985-07-13,39,NULL,-1,341000,36,3,0,0,4716,"2025-07-06 08:22:54"
8800345519,2025-07-06,CUSTOMER,FULL,2002-06-16,23,1966-01-01,59,627000,60,5,0,0,7828,"2025-07-06 08:22:45"
25156164565,2025-07-03,CUSTOMER,FULL,1988-01-26,37,NULL,-1,468000,36,3,0,0,5981,"2025-07-06 08:17:46"
8800321690,2025-06-20,CUSTOMER,FULL,1998-01-01,27,2000-01-01,25,290000,36,3,0,0,2516,"2025-07-06 08:08:40"
8800359056,2025-07-04,CUSTOMER,FULL,1998-03-10,27,1970-01-01,55,600000,72,6,0,0,8773,"2025-07-06 07:56:12"
25158743982,2025-07-05,CUSTOMER,FULL,1982-08-10,42,NULL,-1,800000,60,5,0,0,21873,"2025-07-06 07:51:49"
25157912602,2025-06-30,CUSTOMER,FULL,1971-01-01,54,1966-01-01,59,585000,48,4,0,0,40438,"2025-07-06 07:44:12"
25158752710,2025-07-06,CUSTOMER,FULL,1990-10-05,34,NULL,0,75000,12,1,0,0,347,"2025-07-06 07:40:28"
8800346037,2025-07-05,CUSTOMER,FULL,1999-02-03,26,NULL,-1,620000,60,5,0,0,7777,"2025-07-06 06:52:41"
25158749594,2025-07-05,CUSTOMER,FULL,2003-01-25,22,1974-05-19,51,650000,36,3,0,0,5722,"2025-07-06 06:49:50"
8800105735,2025-07-05,CUSTOMER,FULL,1994-07-22,30,1956-01-01,69,590000,48,4,0,0,6705,"2025-07-06 06:40:53"
8800182003,2025-06-17,CUSTOMER,FULL,1983-04-01,42,1975-07-08,49,550000,36,3,0,0,10002,"2025-07-06 06:37:40"
25158740469,2025-07-04,CUSTOMER,FULL,1979-08-20,45,1982-01-01,43,550000,60,5,0,0,19789,"2025-07-06 06:23:37"
25158742650,2025-07-04,CUSTOMER,FULL,1989-07-07,35,1985-01-31,40,1145000,84,7,0,0,23293,"2025-07-06 06:13:30"
25158747229,2025-07-05,CUSTOMER,FULL,1997-06-15,28,NULL,-1,470000,48,4,0,0,5114,"2025-07-06 06:12:16"
25158129330,2025-07-02,CO-APPLICANT,FULL,1963-01-01,62,2005-02-01,20,350000,24,2,0,0,2417,"2025-07-06 05:56:06"
25158752655,2025-07-05,CUSTOMER,FULL,2005-02-01,20,NULL,-1,325000,36,3,0,0,2535,"2025-07-06 05:31:09"
25157910143,2025-06-30,CUSTOMER,FULL,1982-04-06,43,1988-01-01,37,809000,48,4,0,0,17671,"2025-07-06 05:09:34"
25158751076,2025-07-05,CUSTOMER,FULL,2004-03-02,21,1976-10-23,48,980000,84,7,0,0,14143,"2025-07-06 04:51:59"
8800220635,2025-07-04,CUSTOMER,FULL,1995-05-19,30,NULL,-1,535800,48,4,0,0,6089,"2025-07-06 03:26:52"
25158741198,2025-07-04,CUSTOMER,FULL,1980-08-01,44,NULL,-1,2239000,84,7,0,0,93713,"2025-07-06 01:13:08"
25158752536,2025-07-05,CUSTOMER,FULL,1973-01-01,52,1968-01-01,57,765000,60,5,0,0,52962,"2025-07-06 00:05:54"
25158746838,2025-07-05,CUSTOMER,FULL,1994-07-30,30,NULL,-1,400000,36,3,0,0,3725,"2025-07-06 00:03:51"
8800277862,2025-07-01,CUSTOMER,FULL,1999-04-17,26,1961-11-23,63,750000,60,5,0,0,9408,"2025-07-06 00:01:16"
8800377253,2025-06-29,CUSTOMER,FULL,1995-01-01,30,NULL,-1,326500,36,3,0,0,2929,"2025-07-05 23:47:26"
8800311743,2025-07-04,CUSTOMER,FULL,1989-02-03,36,NULL,-1,400000,36,3,0,0,4782,"2025-07-05 23:31:34"
25158750048,2025-07-05,CUSTOMER,FULL,1991-02-09,34,1971-01-02,54,730000,60,5,0,0,11612,"2025-07-05 23:29:07"
8800173087,2025-07-05,CUSTOMER,FULL,2001-11-06,23,1969-01-01,56,585000,60,5,0,0,7304,"2025-07-05 23:11:28"
25158741666,2025-07-04,CUSTOMER,FULL,1986-12-16,38,NULL,-1,1280000,84,7,0,0,33637,"2025-07-05 22:58:35"
25158752486,2025-07-05,CUSTOMER,FULL,1996-07-01,29,NULL,0,350000,36,3,0,0,3185,"2025-07-05 22:56:07"
25157954860,2025-07-01,CUSTOMER,FULL,1972-10-28,52,NULL,-1,143000,24,2,0,0,5287,"2025-07-05 22:37:54"
8800371136,2025-07-05,CUSTOMER,FULL,2000-01-01,25,1980-01-01,45,1040000,60,5,0,0,11266,"2025-07-05 22:35:53"
25158743852,2025-07-05,CUSTOMER,FULL,1981-02-16,44,NULL,0,510000,60,5,0,0,16658,"2025-07-05 22:27:16"
25158752364,2025-07-05,CUSTOMER,FULL,1976-06-17,49,1976-08-09,48,650000,36,3,0,0,23164,"2025-07-05 22:26:13"
25158663742,2025-07-04,CUSTOMER,FULL,1988-01-01,37,1982-06-15,43,310000,36,3,0,0,3860,"2025-07-05 22:16:35"
25158740494,2025-07-04,CUSTOMER,FULL,1998-01-01,27,1978-01-01,47,450000,36,3,0,0,3978,"2025-07-05 22:11:56"
25157811111,2025-06-29,CUSTOMER,FULL,1998-05-15,27,1965-01-01,60,760000,60,5,0,0,8717,"2025-07-05 21:59:31"
25157621882,2025-06-21,CUSTOMER,FULL,1997-05-25,28,NULL,-1,420000,60,5,0,0,5398,"2025-07-05 21:57:07"
8800281579,2025-07-02,CUSTOMER,FULL,1990-01-01,35,NULL,-1,340000,36,3,0,0,3483,"2025-07-05 21:43:04"
8800216110,2025-07-05,CUSTOMER,FULL,1975-01-01,50,NULL,0,180000,24,2,0,0,4275,"2025-07-05 21:40:21"
8800273621,2025-07-01,CUSTOMER,FULL,1990-05-13,35,1985-04-17,40,600000,60,5,0,0,9622,"2025-07-05 21:37:20"
25158752345,2025-07-05,CUSTOMER,FULL,1990-05-20,35,NULL,0,500000,48,4,0,0,7016,"2025-07-05 21:35:34"
25158295348,2025-07-03,CUSTOMER,FULL,1996-05-01,29,1976-01-01,49,735000,72,6,0,0,11180,"2025-07-05 21:31:39"
25158309733,2025-07-03,CUSTOMER,FULL,2002-02-11,23,1975-07-01,50,542000,60,5,0,0,6767,"2025-07-05 21:31:05"
25158751558,2025-07-05,CUSTOMER,FULL,1980-03-29,45,NULL,0,180000,30,3,0,0,4265,"2025-07-05 21:27:38"
25158747497,2025-07-05,CUSTOMER,FULL,1992-01-01,33,1966-01-01,59,614000,36,3,0,0,6347,"2025-07-05 21:24:25"
8800318563,2025-06-22,CUSTOMER,FULL,2003-11-23,21,1969-01-01,56,280000,36,3,0,0,2376,"2025-07-05 21:22:37"
25158748014,2025-07-05,CUSTOMER,FULL,1985-04-01,40,1958-01-04,67,670000,72,6,0,0,18437,"2025-07-05 21:18:47"
25158752264,2025-07-05,CUSTOMER,FULL,1996-03-18,29,1969-06-20,56,250000,36,3,0,0,2319,"2025-07-05 21:15:33"
25158741467,2025-07-04,CUSTOMER,FULL,1992-08-25,32,NULL,-1,610000,60,5,0,0,8840,"2025-07-05 21:15:00"
8800369003,2025-07-02,CUSTOMER,FULL,1999-01-01,26,2000-02-29,25,465000,42,4,0,0,4906,"2025-07-05 21:11:35"
25158752274,2025-07-05,CUSTOMER,FULL,2001-07-22,23,NULL,0,959000,60,5,0,0,10230,"2025-07-05 21:04:59"
25158752094,2025-07-05,CUSTOMER,FULL,1994-08-25,30,1965-02-03,60,570000,60,5,0,0,7688,"2025-07-05 20:55:31"
8800168097,2025-06-25,CUSTOMER,FULL,1984-12-17,40,NULL,-1,210000,36,3,0,0,3257,"2025-07-05 20:54:34"
25157925933,2025-06-30,CUSTOMER,FULL,1996-09-08,28,NULL,-1,70000,24,2,0,0,493,"2025-07-05 20:51:08"
8800130328,2025-07-05,CUSTOMER,FULL,1994-08-20,30,1989-08-22,35,634000,60,5,0,0,8552,"2025-07-05 20:48:33"
25157569467,2025-06-18,CUSTOMER,FULL,2002-05-05,23,1975-01-01,50,1180000,60,5,0,0,12588,"2025-07-05 20:48:25"
8800311434,2025-07-04,CUSTOMER,FULL,1990-01-01,35,2000-09-13,24,1060000,72,6,0,0,19088,"2025-07-05 20:48:10"
25157672010,2025-06-26,CUSTOMER,FULL,1995-01-01,30,NULL,-1,960000,72,6,0,0,14591,"2025-07-05 20:44:21"
25158752138,2025-07-05,CUSTOMER,FULL,1992-07-20,32,NULL,0,485000,60,5,0,0,7028,"2025-07-05 20:39:59"
8800202086,2025-07-05,CUSTOMER,FULL,2003-10-25,21,1983-01-01,42,990000,60,5,0,0,10351,"2025-07-05 20:39:59"
25158739599,2025-07-04,CUSTOMER,FULL,1994-03-11,31,1995-01-01,30,304500,30,3,0,0,2782,"2025-07-05 20:31:45"
25158713096,2025-07-04,CUSTOMER,FULL,1997-04-28,28,1964-01-01,61,530000,59,5,0,0,6811,"2025-07-05 20:30:23"
25158747647,2025-07-05,CUSTOMER,FULL,1988-03-23,37,NULL,0,1500000,84,7,0,0,37064,"2025-07-05 20:29:40"
25158749344,2025-07-05,CUSTOMER,FULL,1981-05-26,44,1989-03-01,36,500000,48,4,0,0,13317,"2025-07-05 20:28:35"
25158752050,2025-07-05,CUSTOMER,FULL,1997-03-05,28,NULL,0,482000,48,4,0,0,5244,"2025-07-05 20:26:59"
8800367329,2025-06-30,CUSTOMER,FULL,1983-02-10,42,1985-08-10,39,275000,48,4,0,0,6098,"2025-07-05 20:22:21"
25158746585,2025-07-05,CUSTOMER,FULL,2003-07-02,22,1977-01-25,48,690000,60,5,0,0,8615,"2025-07-05 20:19:43"
8800179342,2025-07-05,CUSTOMER,FULL,1999-01-01,26,NULL,0,450000,48,4,0,0,4748,"2025-07-05 20:19:24"
25158661983,2025-07-04,CUSTOMER,FULL,1990-03-02,35,NULL,-1,560000,36,3,0,0,6377,"2025-07-05 20:14:27"
8800128990,2025-07-03,CUSTOMER,FULL,1981-01-01,44,NULL,-1,615000,55,5,0,0,20088,"2025-07-05 20:10:16"
8800105074,2025-05-28,CUSTOMER,FULL,1997-01-01,28,NULL,-1,730000,60,5,0,0,9381,"2025-07-05 20:07:12"
8800192430,2025-06-23,CUSTOMER,FULL,1995-06-10,30,NULL,-1,400000,54,5,0,0,5244,"2025-07-05 20:06:47"
25158747751,2025-07-05,CUSTOMER,FULL,1999-06-01,26,1991-07-01,34,330000,36,3,0,0,2940,"2025-07-05 20:01:03"
8800392306,2025-07-02,CUSTOMER,FULL,1996-03-28,29,1968-07-10,56,298000,42,4,0,0,3063,"2025-07-05 19:58:25"
25158752033,2025-07-05,CUSTOMER,FULL,1987-07-15,37,NULL,0,650000,60,5,0,0,12311,"2025-07-05 19:55:49"
25158744524,2025-07-05,CUSTOMER,FULL,1996-03-05,29,NULL,0,1390000,72,6,0,0,20700,"2025-07-05 19:55:10"
8800249054,2025-07-04,CUSTOMER,FULL,1998-04-10,27,NULL,-1,655000,60,5,0,0,8294,"2025-07-05 19:55:01"
25158751925,2025-07-05,CUSTOMER,FULL,1990-06-06,35,NULL,0,250000,24,2,0,0,2137,"2025-07-05 19:54:01"
25158203319,2025-07-02,CUSTOMER,FULL,2000-04-04,25,NULL,-1,330000,48,4,0,0,3447,"2025-07-05 19:51:22"
25158748561,2025-07-05,CUSTOMER,FULL,2000-01-02,25,NULL,0,140000,24,2,0,0,1019,"2025-07-05 19:50:49"
25158751931,2025-07-05,CUSTOMER,FULL,1999-05-21,26,NULL,0,300000,36,3,0,0,2641,"2025-07-05 19:49:40"
25158747487,2025-07-05,CUSTOMER,FULL,1998-07-06,26,1977-01-01,48,300000,36,3,0,0,2673,"2025-07-05 19:48:16"
8800164484,2025-07-05,CUSTOMER,FULL,1987-03-08,38,NULL,0,392848,33,3,0,0,5350,"2025-07-05 19:40:42"
25158747430,2025-07-05,CUSTOMER,FULL,1997-07-05,28,NULL,0,660000,48,4,0,0,7181,"2025-07-05 19:40:27"
8800380764,2025-07-05,CUSTOMER,FULL,1996-02-01,29,1997-03-03,28,1100000,60,5,0,0,14434,"2025-07-05 19:39:15"
8800194835,2025-07-02,CUSTOMER,FULL,1991-05-05,34,NULL,-1,468000,36,3,0,0,5070,"2025-07-05 19:38:01"
25158746995,2025-07-05,CUSTOMER,FULL,1987-10-02,37,1957-06-01,68,800000,60,5,0,0,13811,"2025-07-05 19:37:17"
25158743654,2025-07-04,CUSTOMER,FULL,1990-08-02,34,1992-06-15,33,321000,42,4,0,0,3735,"2025-07-05 19:36:37"
8800240174,2025-07-02,CUSTOMER,FULL,1994-12-18,30,1992-12-14,32,480000,48,4,0,0,5404,"2025-07-05 19:35:19"
25157932673,2025-06-30,CUSTOMER,FULL,1995-09-12,29,1990-02-05,35,945000,72,6,0,0,14073,"2025-07-05 19:34:57"
25157617902,2025-06-21,CO-APPLICANT,FULL,1984-01-01,41,1986-12-31,38,750000,60,5,0,0,15169,"2025-07-05 19:33:27"
8800276968,2025-07-05,CUSTOMER,FULL,1995-08-07,29,1995-01-05,30,718000,60,5,0,0,9422,"2025-07-05 19:29:36"
25158332677,2025-07-03,CUSTOMER,FULL,1995-06-01,30,NULL,-1,350000,36,3,0,0,3259,"2025-07-05 19:28:35"
8800385712,2025-07-05,CUSTOMER,FULL,1982-11-04,42,NULL,0,650000,48,4,0,0,14704,"2025-07-05 19:28:03"
25157973624,2025-07-02,CUSTOMER,FULL,1981-01-01,44,NULL,-1,575000,46,4,0,0,15491,"2025-07-05 19:26:48"
25158746083,2025-07-05,CUSTOMER,FULL,1971-01-01,54,1988-05-25,37,700000,72,6,0,0,66940,"2025-07-05 19:26:26"
25158723702,2025-07-04,CO-APPLICANT,FULL,1976-01-01,49,1986-01-01,39,295000,36,3,0,0,4080,"2025-07-05 19:19:34"
25158751756,2025-07-05,CUSTOMER,FULL,1993-01-01,32,1963-01-01,62,850000,60,5,0,0,10713,"2025-07-05 19:14:09"
25158751842,2025-07-05,CUSTOMER,FULL,2001-04-21,24,1982-08-11,42,1000000,60,5,0,0,10762,"2025-07-05 19:12:19"
25158741140,2025-07-04,CUSTOMER,FULL,1996-04-05,29,NULL,-1,705000,48,4,0,0,7812,"2025-07-05 19:12:19"
25157918305,2025-06-30,CUSTOMER,FULL,1996-09-08,28,NULL,-1,830000,60,5,0,0,10666,"2025-07-05 19:08:33"
25158142003,2025-07-03,CUSTOMER,FULL,1991-09-15,33,1997-04-08,28,515000,48,4,0,0,6539,"2025-07-05 19:07:41"
25158751157,2025-07-05,CUSTOMER,FULL,2001-03-02,24,1972-07-10,52,600000,60,5,0,0,7173,"2025-07-05 19:05:36"
25158744294,2025-07-05,CUSTOMER,FULL,1994-05-20,31,NULL,0,975000,60,5,0,0,11943,"2025-07-05 19:04:17"
8800373455,2025-07-05,CUSTOMER,FULL,2002-06-27,23,NULL,0,250000,36,3,0,0,2172,"2025-07-05 19:00:59"
25158660670,2025-07-04,CUSTOMER,FULL,1997-12-14,27,1973-01-01,52,590000,48,4,0,0,6336,"2025-07-05 18:57:47"
25158744863,2025-07-05,CUSTOMER,FULL,1985-08-02,39,NULL,0,521000,47,4,0,0,9394,"2025-07-05 18:56:11"
25158069352,2025-07-02,CUSTOMER,FULL,1996-01-01,29,1970-01-01,55,863000,72,6,0,0,12852,"2025-07-05 18:51:04"
8800391480,2025-07-02,CUSTOMER,FULL,1988-07-01,37,1977-01-01,48,640000,60,5,0,0,12121,"2025-07-05 18:50:36"
25157966567,2025-07-01,CUSTOMER,FULL,1983-01-01,42,NULL,-1,450000,44,4,0,0,9978,"2025-07-05 18:48:20"
8800329306,2025-06-30,CUSTOMER,FULL,1974-12-23,50,NULL,-1,660000,60,5,0,0,37951,"2025-07-05 18:47:23"
8800309007,2025-07-05,CUSTOMER,FULL,1998-08-18,26,NULL,0,620000,60,5,0,0,7777,"2025-07-05 18:45:58"
25158751557,2025-07-05,CUSTOMER,FULL,1991-09-10,33,NULL,0,275000,36,3,0,0,2635,"2025-07-05 18:45:57"
25158751434,2025-07-05,CUSTOMER,FULL,1982-04-02,43,NULL,0,374000,36,3,0,0,7393,"2025-07-05 18:45:45"
25158741477,2025-07-04,CUSTOMER,FULL,1997-12-04,27,NULL,-1,330000,42,4,0,0,3318,"2025-07-05 18:45:31"
25158751101,2025-07-05,CO-APPLICANT,FULL,1960-01-01,65,1990-07-05,35,350000,24,2,0,0,3098,"2025-07-05 18:43:57"
25158332966,2025-07-03,CUSTOMER,FULL,1982-01-01,43,1988-01-01,37,420000,48,4,0,0,10185,"2025-07-05 18:42:57"
8800395361,2025-07-03,CUSTOMER,FULL,2001-01-01,24,1983-01-01,42,1025000,84,7,0,0,16583,"2025-07-05 18:42:04"
25158482207,2025-07-03,CUSTOMER,FULL,1989-10-24,35,NULL,-1,910000,36,3,0,0,9321,"2025-07-05 18:41:54"
25158072465,2025-07-02,CUSTOMER,FULL,1973-01-01,52,NULL,-1,300000,36,3,0,0,14033,"2025-07-05 18:41:44"
25157565729,2025-06-18,CUSTOMER,FULL,2003-06-05,22,1977-01-01,48,800000,60,5,0,0,8478,"2025-07-05 18:41:12"
25158748870,2025-07-05,CUSTOMER,FULL,1996-01-01,29,NULL,0,450000,21,2,0,0,3316,"2025-07-05 18:39:38"
25158662852,2025-07-04,CUSTOMER,"PARTIAL FINANCE AMOUNT",1975-01-01,50,1971-04-13,54,510000,36,3,255000,0,10126,"2025-07-05 18:38:28"
25158660691,2025-07-04,CUSTOMER,FULL,1998-08-22,26,NULL,-1,1000000,60,5,0,0,11364,"2025-07-05 18:37:12"
25158307618,2025-07-03,CUSTOMER,FULL,1990-01-01,35,NULL,-1,343000,48,4,0,0,4149,"2025-07-05 18:34:56"
25158750824,2025-07-05,CUSTOMER,FULL,1989-01-05,36,1992-08-20,32,670000,60,5,0,0,10982,"2025-07-05 18:34:56"
25157691397,2025-06-27,CUSTOMER,"PARTIAL FINANCE AMOUNT",1968-06-20,57,1980-10-11,44,400000,36,3,200000,0,13698,"2025-07-05 18:34:47"
8800047987,2025-06-26,CUSTOMER,FULL,1968-07-24,56,1993-06-25,32,120000,36,3,0,0,7951,"2025-07-05 18:34:23"
25158646011,2025-07-03,CUSTOMER,FULL,1998-01-05,27,NULL,-1,960000,60,5,0,0,11011,"2025-07-05 18:34:01"
25158751182,2025-07-05,CUSTOMER,FULL,2003-03-27,22,1982-04-08,43,1063000,60,5,0,0,11264,"2025-07-05 18:33:41"
25158217055,2025-07-02,CUSTOMER,FULL,1993-01-01,32,1965-01-01,60,600000,60,5,0,0,8695,"2025-07-05 18:33:33"
25157688468,2025-06-27,CUSTOMER,FULL,1986-03-11,39,NULL,-1,627000,60,5,0,0,13592,"2025-07-05 18:33:14"
8800250858,2025-07-05,CUSTOMER,FULL,1985-07-05,40,1991-06-10,34,362000,36,3,0,0,5613,"2025-07-05 18:32:35"
25157956644,2025-07-01,CUSTOMER,FULL,1996-06-16,29,NULL,-1,295000,36,3,0,0,2608,"2025-07-05 18:29:13"
8800378801,2025-06-30,CUSTOMER,FULL,1997-04-02,28,NULL,-1,590000,60,5,0,0,6851,"2025-07-05 18:28:51"
25157531311,2025-06-15,CUSTOMER,FULL,1983-01-01,42,1985-01-01,40,546200,42,4,0,0,12356,"2025-07-05 18:28:13"
8800400227,2025-07-02,CUSTOMER,FULL,1999-10-15,25,NULL,-1,160000,24,2,0,0,1096,"2025-07-05 18:28:06"
25158038825,2025-07-02,CUSTOMER,FULL,1991-10-04,33,NULL,-1,1500000,48,4,0,0,16886,"2025-07-05 18:27:50"
25158746518,2025-07-05,CUSTOMER,FULL,1999-01-01,26,1976-01-01,49,400000,36,3,0,0,3564,"2025-07-05 18:27:14"
25158070815,2025-07-02,CUSTOMER,FULL,1996-01-01,29,NULL,-1,620000,60,5,0,0,8136,"2025-07-05 18:26:43"
25158735779,2025-07-05,CUSTOMER,FULL,1978-06-07,47,1999-07-06,25,880000,48,4,0,0,31983,"2025-07-05 18:26:42"
8800412877,2025-07-02,CUSTOMER,FULL,1984-01-01,41,NULL,-1,832000,60,5,0,0,18477,"2025-07-05 18:26:33"
8800155184,2025-07-05,CUSTOMER,FULL,1992-06-01,33,NULL,0,850000,59,5,0,0,11074,"2025-07-05 18:24:40"
8800138244,2025-07-05,CUSTOMER,FULL,1990-02-04,35,NULL,0,130000,30,3,0,0,1476,"2025-07-05 18:23:25"
8800169736,2025-07-04,CUSTOMER,FULL,1995-10-08,29,1955-01-01,70,250000,48,4,0,0,2753,"2025-07-05 18:22:56"
8800319437,2025-06-27,CUSTOMER,FULL,1990-07-07,34,NULL,-1,707600,72,6,0,0,13168,"2025-07-05 18:22:55"
25157928888,2025-06-30,CUSTOMER,FULL,1995-12-31,29,1970-01-01,55,290000,36,3,0,0,2564,"2025-07-05 18:22:14"
8800013690,2025-06-29,CUSTOMER,FULL,1988-10-31,36,NULL,-1,200000,23,2,0,0,1793,"2025-07-05 18:19:45"
8800019795,2025-07-04,CUSTOMER,FULL,1987-12-11,37,1987-09-20,37,450000,48,4,0,0,6866,"2025-07-05 18:19:24"
8800311741,2025-07-04,CUSTOMER,FULL,1994-04-07,31,NULL,-1,650000,50,5,0,0,8783,"2025-07-05 18:18:56"
8800365082,2025-07-05,CUSTOMER,FULL,1975-01-01,50,NULL,0,278424,54,5,0,0,15409,"2025-07-05 18:18:44"
25158741595,2025-07-04,CUSTOMER,FULL,1988-01-01,37,1953-01-01,72,583000,60,5,0,0,11042,"2025-07-05 18:17:43"
25157798872,2025-06-29,CUSTOMER,FULL,1990-01-01,35,NULL,-1,925000,60,5,0,0,14834,"2025-07-05 18:17:36"
25158742717,2025-07-04,CUSTOMER,FULL,1987-12-12,37,NULL,-1,540000,60,5,0,0,10228,"2025-07-05 18:16:56"
25158742512,2025-07-04,CUSTOMER,FULL,1992-01-01,33,1997-01-01,28,400000,36,3,0,0,4135,"2025-07-05 18:16:44"
8800320662,2025-06-30,CUSTOMER,FULL,2003-09-06,21,1976-12-11,48,710000,84,7,0,0,11470,"2025-07-05 18:15:40"
8800368760,2025-07-01,CUSTOMER,FULL,1993-03-03,32,1966-06-01,59,627000,60,5,0,0,9086,"2025-07-05 18:14:06"
25158747933,2025-07-05,CUSTOMER,FULL,1994-08-23,30,1994-08-23,30,621000,48,4,0,0,7057,"2025-07-05 18:13:17"
8800190053,2025-07-05,CUSTOMER,FULL,1982-01-05,43,NULL,0,375000,47,4,0,0,9094,"2025-07-05 18:13:16"
25158746524,2025-07-05,CUSTOMER,FULL,1984-04-02,41,NULL,0,600000,60,5,0,0,15116,"2025-07-05 18:12:28"
8800259931,2025-07-04,CUSTOMER,FULL,2000-02-15,25,1996-09-13,28,699000,48,4,0,0,7440,"2025-07-05 18:12:06"
25158421117,2025-07-03,CUSTOMER,FULL,1996-05-09,29,NULL,-1,800000,60,5,0,0,9431,"2025-07-05 18:11:23"
8800233509,2025-07-05,CUSTOMER,FULL,1989-01-01,36,NULL,0,250000,24,2,0,0,2241,"2025-07-05 18:11:19"
8800332072,2025-07-04,CUSTOMER,FULL,1999-06-04,26,1971-01-01,54,515000,60,5,0,0,6460,"2025-07-05 18:10:08"
25158751178,2025-07-05,CUSTOMER,FULL,1990-06-03,35,NULL,0,550000,60,5,0,0,9229,"2025-07-05 18:09:56"
8800229721,2025-06-10,CUSTOMER,FULL,1990-01-01,35,NULL,-1,500000,60,5,0,0,8390,"2025-07-05 18:09:51"
25158751041,2025-07-05,CUSTOMER,FULL,1988-08-07,36,NULL,0,250000,36,3,0,0,3009,"2025-07-05 18:09:06"
25158751359,2025-07-05,CUSTOMER,FULL,1989-07-25,35,NULL,0,100000,36,3,0,0,1136,"2025-07-05 18:08:24"
8800237287,2025-07-03,CUSTOMER,FULL,1978-07-25,46,NULL,-1,730000,48,4,0,0,23293,"2025-07-05 18:06:07"
25157934179,2025-07-01,CUSTOMER,FULL,1985-01-01,40,1980-01-01,45,600000,60,5,0,0,13998,"2025-07-05 18:05:52"
8800388678,2025-07-03,CUSTOMER,FULL,1990-10-24,34,NULL,-1,330000,32,3,0,0,3575,"2025-07-05 18:05:31"
8800153979,2025-06-17,CUSTOMER,FULL,1994-12-27,30,1991-11-30,33,3400000,59,5,0,0,44574,"2025-07-05 18:05:23"
25158750384,2025-07-05,CUSTOMER,FULL,1993-01-01,32,1994-01-01,31,950000,60,5,0,0,11973,"2025-07-05 18:05:09"
25158746174,2025-07-05,CUSTOMER,FULL,2000-02-11,25,NULL,0,624000,60,5,0,0,7791,"2025-07-05 18:04:47"
25158746718,2025-07-05,CUSTOMER,FULL,1990-03-15,35,1991-01-01,34,518500,48,4,0,0,7275,"2025-07-05 18:03:44"
8800402731,2025-07-03,CUSTOMER,FULL,1987-01-01,38,NULL,-1,290000,24,2,0,0,3145,"2025-07-05 18:03:08"
25158747940,2025-07-05,CUSTOMER,FULL,1981-05-20,44,NULL,0,900000,60,5,0,0,29397,"2025-07-05 18:02:21"
25158745718,2025-07-05,CUSTOMER,FULL,1999-01-01,26,1997-03-03,28,522500,84,7,0,0,8558,"2025-07-05 18:01:59"
25158751176,2025-07-05,CUSTOMER,FULL,1995-05-06,30,1977-03-04,48,145000,24,2,0,0,1078,"2025-07-05 18:01:55"
25158664157,2025-07-04,CUSTOMER,FULL,1994-01-01,31,NULL,-1,350000,48,4,0,0,4106,"2025-07-05 18:00:41"
8800364402,2025-07-05,CUSTOMER,FULL,1973-03-01,52,NULL,0,620000,60,5,0,0,42923,"2025-07-05 18:00:39"
25158750438,2025-07-05,CUSTOMER,FULL,1996-01-01,29,1996-12-01,28,790000,60,5,0,0,10106,"2025-07-05 18:00:14"
25158751043,2025-07-05,CUSTOMER,FULL,2000-02-02,25,1960-01-01,65,500000,60,5,0,0,6243,"2025-07-05 17:59:43"
25158746266,2025-07-05,CUSTOMER,FULL,1995-08-14,29,1970-01-01,55,400000,30,3,0,0,3640,"2025-07-05 17:59:03"
25158389235,2025-07-03,CUSTOMER,FULL,1998-02-03,27,2004-01-01,21,400000,48,4,0,0,4296,"2025-07-05 17:58:18"
8800302499,2025-07-04,CUSTOMER,FULL,1984-01-01,41,1985-07-11,39,520000,60,5,0,0,13101,"2025-07-05 17:58:00"
25158667843,2025-07-04,CUSTOMER,FULL,1990-01-01,35,1989-01-01,36,450000,48,4,0,0,6314,"2025-07-05 17:56:44"
8800356414,2025-06-29,CUSTOMER,FULL,1999-07-18,25,NULL,-1,504310,84,7,0,0,8195,"2025-07-05 17:56:15"
25158276546,2025-07-03,CUSTOMER,FULL,1996-01-01,29,NULL,-1,266000,36,3,0,0,2351,"2025-07-05 17:55:05"
25157598336,2025-06-20,CO-APPLICANT,FULL,1977-01-01,48,2001-04-01,24,640000,60,5,0,0,7991,"2025-07-05 17:51:37"
25158333279,2025-07-03,CUSTOMER,FULL,1981-11-01,43,1978-04-11,47,75000,23,2,0,0,991,"2025-07-05 17:50:09"
8800379502,2025-06-26,CUSTOMER,FULL,1978-01-15,47,1976-09-08,48,336500,36,3,0,0,9618,"2025-07-05 17:50:08"
8800177497,2025-07-05,CUSTOMER,FULL,2000-04-13,25,NULL,0,324500,36,3,0,0,2662,"2025-07-05 17:49:42"
25157812225,2025-06-29,CUSTOMER,FULL,1985-03-01,40,1987-08-05,37,1300000,60,5,0,0,26861,"2025-07-05 17:48:33"
25158750969,2025-07-05,CUSTOMER,FULL,1990-01-01,35,NULL,0,800000,48,4,0,0,11225,"2025-07-05 17:48:02"
25158456292,2025-07-03,CUSTOMER,FULL,1996-04-11,29,1963-05-07,62,610000,24,2,0,0,4495,"2025-07-05 17:47:44"
25158747196,2025-07-05,CUSTOMER,FULL,2000-09-10,24,NULL,0,500764,36,3,0,0,4090,"2025-07-05 17:47:40"
8800091602,2025-07-04,CUSTOMER,FULL,1994-06-01,31,1975-06-01,50,500000,48,4,0,0,5788,"2025-07-05 17:47:22"
25157826003,2025-06-29,CUSTOMER,FULL,1984-01-01,41,1984-01-01,41,506300,60,5,0,0,12756,"2025-07-05 17:47:10"
25157933323,2025-07-01,CUSTOMER,FULL,1989-03-06,36,1968-01-01,57,422000,72,6,0,0,8809,"2025-07-05 17:46:33"
25158298918,2025-07-04,CUSTOMER,FULL,1986-03-08,39,1978-01-01,47,650000,60,5,0,0,14090,"2025-07-05 17:46:00"
25158623457,2025-07-03,CUSTOMER,FULL,1984-01-01,41,NULL,-1,772000,60,5,0,0,19449,"2025-07-05 17:45:46"
25158745559,2025-07-05,CUSTOMER,FULL,1979-02-10,46,NULL,0,1900000,72,6,0,0,85690,"2025-07-05 17:45:21"
8800217998,2025-07-05,CUSTOMER,FULL,1998-08-28,26,1991-02-09,34,450000,48,4,0,0,4795,"2025-07-05 17:43:53"
25157927966,2025-06-30,CUSTOMER,FULL,1998-07-05,26,1963-01-01,62,624500,60,5,0,0,7834,"2025-07-05 17:42:37"
8800286264,2025-07-05,CUSTOMER,FULL,1993-05-10,32,NULL,0,380000,48,4,0,0,4624,"2025-07-05 17:42:10"
8800019452,2025-07-03,CUSTOMER,FULL,1994-07-06,30,NULL,-1,542000,60,5,0,0,7311,"2025-07-05 17:42:03"
25157933185,2025-06-30,CUSTOMER,FULL,2000-03-24,25,NULL,-1,700000,60,5,0,0,8740,"2025-07-05 17:41:10"
8800160008,2025-07-05,CUSTOMER,FULL,1987-02-15,38,NULL,0,430000,48,4,0,0,7013,"2025-07-05 17:40:52"
8800317626,2025-07-05,CUSTOMER,FULL,1986-08-09,38,NULL,0,1000000,60,5,0,0,20226,"2025-07-05 17:40:40"
8800387025,2025-07-05,CUSTOMER,FULL,1980-01-01,45,NULL,0,700000,59,5,0,0,25185,"2025-07-05 17:40:30"
8800367155,2025-07-05,CUSTOMER,FULL,1988-10-23,36,1984-09-26,40,700000,60,5,0,0,12457,"2025-07-05 17:39:45"
8800297186,2025-07-03,CUSTOMER,"PARTIAL FINANCE AMOUNT",1979-01-01,46,1976-01-01,49,90000,18,2,45000,0,902,"2025-07-05 17:39:17"
25156623470,2025-06-17,CUSTOMER,FULL,1988-12-11,36,NULL,-1,617000,36,3,0,0,7376,"2025-07-05 17:38:54"
25158751034,2025-07-05,CUSTOMER,FULL,1990-07-11,34,NULL,0,900000,60,5,0,0,12150,"2025-07-05 17:38:53"
25158750796,2025-07-05,CUSTOMER,FULL,1995-08-15,29,1999-10-30,25,690000,60,5,0,0,8134,"2025-07-05 17:37:44"
25158748735,2025-07-05,CUSTOMER,FULL,2003-01-01,22,NULL,0,550000,60,5,0,0,6867,"2025-07-05 17:37:43"
8800350941,2025-07-05,CUSTOMER,FULL,2000-02-12,25,NULL,0,475000,60,5,0,0,5931,"2025-07-05 17:37:39"
25158720182,2025-07-05,CUSTOMER,FULL,2001-06-24,24,NULL,0,200000,23,2,0,0,1393,"2025-07-05 17:36:33"
25158041240,2025-07-03,CUSTOMER,FULL,1997-06-19,28,NULL,-1,477000,48,4,0,0,5190,"2025-07-05 17:36:25"
25158748790,2025-07-05,CUSTOMER,FULL,1980-01-01,45,NULL,0,960000,36,3,0,0,20402,"2025-07-05 17:35:56"
25158750705,2025-07-05,CUSTOMER,FULL,1997-06-07,28,NULL,0,1000000,72,6,0,0,14868,"2025-07-05 17:35:53"
25157453556,2025-06-11,CUSTOMER,FULL,1996-05-18,29,2003-01-01,22,350000,36,3,0,0,3185,"2025-07-05 17:35:07"
25158131854,2025-07-02,CUSTOMER,FULL,1992-01-01,33,NULL,-1,300000,24,2,0,0,2418,"2025-07-05 17:34:44"
8800085044,2025-07-05,CUSTOMER,FULL,1993-07-22,31,NULL,0,1200000,60,5,0,0,16723,"2025-07-05 17:34:43"
25157525522,2025-06-14,CO-APPLICANT,FULL,1972-10-01,52,2004-10-01,20,537000,54,5,0,0,6686,"2025-07-05 17:34:39"
25158750973,2025-07-05,CUSTOMER,FULL,2001-10-30,23,1977-02-12,48,258000,36,3,0,0,2086,"2025-07-05 17:34:02"
25158720176,2025-07-04,CUSTOMER,FULL,1989-07-17,35,1992-09-30,32,620000,60,5,0,0,10404,"2025-07-05 17:33:47"
25158730749,2025-07-04,CUSTOMER,FULL,2000-07-15,24,NULL,-1,450000,45,4,0,0,4790,"2025-07-05 17:33:37"
8800234613,2025-07-03,CUSTOMER,FULL,1981-02-26,44,NULL,-1,200000,24,2,0,0,2830,"2025-07-05 17:33:14"
25158410504,2025-07-03,CUSTOMER,FULL,1989-11-13,35,NULL,-1,1450000,60,5,0,0,20396,"2025-07-05 17:33:10"
25158751069,2025-07-05,CUSTOMER,FULL,1987-06-17,38,NULL,0,480000,48,4,0,0,8083,"2025-07-05 17:33:04"
25158709545,2025-07-04,CUSTOMER,FULL,1976-12-10,48,NULL,-1,190000,36,3,0,0,5953,"2025-07-05 17:32:39"
25158657006,2025-07-04,CUSTOMER,FULL,1986-01-01,39,NULL,-1,400000,36,3,0,0,5773,"2025-07-05 17:32:32"
25158747998,2025-07-05,CUSTOMER,FULL,1988-05-16,37,NULL,0,1060000,71,6,0,0,23103,"2025-07-05 17:32:27"
8800007740,2025-07-04,CUSTOMER,FULL,1990-05-02,35,NULL,-1,75000,23,2,0,0,664,"2025-07-05 17:31:23"
8800098899,2025-07-02,CUSTOMER,FULL,2000-07-05,24,1980-01-01,45,665000,48,4,0,0,7078,"2025-07-05 17:30:38"
25158662605,2025-07-04,CUSTOMER,FULL,1976-12-08,48,2002-11-08,22,750000,60,5,0,0,35595,"2025-07-05 17:30:27"
25158745413,2025-07-05,CUSTOMER,FULL,2001-02-10,24,NULL,0,330000,42,4,0,0,3112,"2025-07-05 17:29:11"
25157696638,2025-06-28,CUSTOMER,FULL,1983-06-10,42,NULL,-1,277000,36,3,0,0,4635,"2025-07-05 17:29:06"
25158750534,2025-07-05,CUSTOMER,FULL,1994-01-01,31,NULL,0,144000,24,2,0,0,1088,"2025-07-05 17:28:04"
25157607589,2025-06-24,CUSTOMER,FULL,1986-01-01,39,NULL,-1,625000,60,5,0,0,13548,"2025-07-05 17:27:08"
25158750441,2025-07-05,CUSTOMER,FULL,1997-07-05,28,NULL,0,360000,36,3,0,0,3140,"2025-07-05 17:26:25"
8800357516,2025-07-04,CUSTOMER,FULL,1987-02-05,38,1985-12-20,39,250000,36,3,0,0,3375,"2025-07-05 17:25:23"
25158748080,2025-07-05,CUSTOMER,FULL,1999-08-01,25,1990-01-01,35,500000,48,4,0,0,5222,"2025-07-05 17:25:00"
25158750911,2025-07-05,CUSTOMER,FULL,1996-06-18,29,NULL,0,755000,60,5,0,0,9907,"2025-07-05 17:24:29"
25158745222,2025-07-05,CUSTOMER,FULL,1998-06-24,27,1995-05-05,30,260000,48,4,0,0,2771,"2025-07-05 17:23:22"
25158110524,2025-07-02,CUSTOMER,FULL,2005-07-18,19,1981-03-17,44,1400000,84,7,0,0,19610,"2025-07-05 17:22:05"
25157927694,2025-06-30,CUSTOMER,FULL,1983-01-01,42,NULL,-1,1030000,71,6,0,0,31492,"2025-07-05 17:22:04"
25158421163,2025-07-05,CUSTOMER,FULL,1994-01-01,31,1968-01-01,57,550000,60,5,0,0,7665,"2025-07-05 17:20:04"
8800007739,2025-07-04,CUSTOMER,FULL,1990-05-02,35,NULL,-1,620000,60,5,0,0,10404,"2025-07-05 17:19:52"
8800113486,2025-07-05,CUSTOMER,FULL,1981-01-01,44,1981-08-07,43,160000,48,4,0,0,4262,"2025-07-05 17:19:49"
8800308888,2025-07-04,CUSTOMER,FULL,1998-07-07,26,2003-01-27,22,2700000,84,7,0,0,44222,"2025-07-05 17:19:47"
25158750193,2025-07-05,CUSTOMER,FULL,1996-08-21,28,1968-03-17,57,280000,30,3,0,0,2545,"2025-07-05 17:19:27"
25158122565,2025-07-02,CUSTOMER,FULL,1996-01-01,29,NULL,-1,353922,48,4,0,0,3922,"2025-07-05 17:18:55"
25158750773,2025-07-05,CUSTOMER,FULL,1989-05-25,36,NULL,0,400000,36,3,0,0,4815,"2025-07-05 17:18:48"
25158738925,2025-07-04,CUSTOMER,"PARTIAL FINANCE AMOUNT",1974-02-02,51,NULL,-1,240000,23,2,180000,0,6109,"2025-07-05 17:18:46"
25157669184,2025-06-25,CO-APPLICANT,FULL,1963-01-01,62,2001-01-01,24,500000,60,5,0,0,6243,"2025-07-05 17:18:27"
25157933547,2025-06-30,CUSTOMER,FULL,1996-10-13,28,NULL,-1,315000,36,3,0,0,2747,"2025-07-05 17:17:27"
8800366321,2025-07-03,CUSTOMER,FULL,1977-07-01,48,NULL,-1,400000,24,2,0,0,7898,"2025-07-05 17:17:15"
25157972504,2025-07-01,CUSTOMER,FULL,1990-01-12,35,NULL,-1,400000,24,2,0,0,3540,"2025-07-05 17:16:41"
25158750209,2025-07-05,CUSTOMER,FULL,1986-02-02,39,1983-05-17,42,2200000,36,3,0,0,30426,"2025-07-05 17:16:19"
25157589187,2025-06-19,CUSTOMER,FULL,1989-01-01,36,1991-03-23,34,1388858,59,5,0,0,23551,"2025-07-05 17:16:09"
25157685753,2025-06-27,CUSTOMER,FULL,1998-06-30,26,2002-07-01,22,285001,42,4,0,0,2846,"2025-07-05 17:15:36"
8800352464,2025-07-05,CUSTOMER,FULL,1992-01-01,33,NULL,0,950000,60,5,0,0,12376,"2025-07-05 17:15:22"
25158739034,2025-07-04,CUSTOMER,FULL,1999-07-04,26,1973-01-01,52,950000,48,4,0,0,9484,"2025-07-05 17:14:30"
25158750606,2025-07-05,CUSTOMER,FULL,1999-12-20,25,NULL,0,1550000,60,5,0,0,16791,"2025-07-05 17:14:26"
25158714565,2025-07-04,CUSTOMER,FULL,2001-12-03,23,1976-10-10,48,700000,36,3,0,0,6162,"2025-07-05 17:14:22"
8800245115,2025-07-05,CUSTOMER,FULL,1981-05-18,44,2002-06-30,23,300000,36,3,0,0,6532,"2025-07-05 17:13:45"
8800158848,2025-07-05,CUSTOMER,FULL,1981-01-05,44,NULL,0,900000,36,3,0,0,19594,"2025-07-05 17:13:16"
8800379651,2025-07-01,CUSTOMER,FULL,1986-03-03,39,NULL,-1,532000,84,7,0,0,15751,"2025-07-05 17:12:50"
25156749109,2025-07-05,CUSTOMER,FULL,1995-07-15,29,NULL,0,130000,24,2,0,0,958,"2025-07-05 17:12:27"
25158748825,2025-07-05,CUSTOMER,FULL,1991-01-01,34,1991-01-01,34,612000,60,5,0,0,8262,"2025-07-05 17:12:12"
25158348149,2025-07-03,CUSTOMER,FULL,1993-01-01,32,NULL,-1,250000,24,2,0,0,1939,"2025-07-05 17:11:08"
25158750469,2025-07-05,CUSTOMER,FULL,1993-01-01,32,NULL,0,331000,42,4,0,0,3617,"2025-07-05 17:10:48"
8800398931,2025-07-05,CUSTOMER,FULL,1998-05-05,27,NULL,0,330000,12,1,0,0,1344,"2025-07-05 17:10:37"
8800414177,2025-07-03,CUSTOMER,FULL,1996-05-07,29,1966-01-01,59,300000,48,4,0,0,3084,"2025-07-05 17:10:35"
25158750940,2025-07-05,CUSTOMER,FULL,1974-05-02,51,NULL,0,650000,60,5,0,0,41073,"2025-07-05 17:10:20"
25158199295,2025-07-02,CUSTOMER,FULL,1992-01-01,33,1994-01-01,31,470000,60,5,0,0,7116,"2025-07-05 17:09:26"
25158071768,2025-07-02,CUSTOMER,FULL,1993-01-01,32,1996-01-01,29,250000,18,2,0,0,1917,"2025-07-05 17:09:19"
25158749701,2025-07-05,CUSTOMER,FULL,1990-12-12,34,1995-01-12,30,540000,45,4,0,0,7016,"2025-07-05 17:09:12"
8800105818,2025-07-04,CO-APPLICANT,FULL,1984-04-01,41,1987-05-05,38,1800000,84,7,0,0,47302,"2025-07-05 17:08:21"
25158750802,2025-07-05,CUSTOMER,FULL,1989-01-01,36,NULL,0,320000,36,3,0,0,3807,"2025-07-05 17:07:37"
25158750697,2025-07-05,CUSTOMER,FULL,1993-01-10,32,NULL,0,700000,48,4,0,0,8517,"2025-07-05 17:07:08"
25158134268,2025-07-02,CUSTOMER,FULL,1995-10-21,29,1998-04-03,27,305000,36,3,0,0,2696,"2025-07-05 17:06:47"
25157432327,2025-06-10,CUSTOMER,FULL,1997-10-07,27,1981-03-07,44,790000,60,5,0,0,10003,"2025-07-05 17:05:56"
25158663785,2025-07-04,CUSTOMER,FULL,1990-08-25,34,1954-01-05,71,1050000,60,5,0,0,16702,"2025-07-05 17:04:26"
8800236123,2025-07-05,CUSTOMER,FULL,1991-07-10,33,NULL,0,1122000,72,6,0,0,18629,"2025-07-05 17:04:07"
25158038655,2025-07-03,CUSTOMER,FULL,1989-06-01,36,NULL,-1,300000,60,5,0,0,5339,"2025-07-05 17:02:29"
8800165655,2025-07-05,CUSTOMER,FULL,1986-04-03,39,NULL,0,200000,36,3,0,0,2887,"2025-07-05 17:01:55"
8800358604,2025-06-30,CUSTOMER,FULL,1984-03-05,41,NULL,-1,200000,24,2,0,0,2599,"2025-07-05 17:01:50"
25158703913,2025-07-04,CUSTOMER,FULL,1998-01-01,27,1996-01-01,29,509000,48,4,0,0,5118,"2025-07-05 17:01:25"
25158750696,2025-07-05,CUSTOMER,FULL,1981-10-10,43,1992-07-05,33,210000,24,2,0,0,2775,"2025-07-05 17:00:58"
8800121836,2025-07-05,CUSTOMER,FULL,1989-01-01,36,NULL,0,300000,48,4,0,0,4316,"2025-07-05 17:00:57"
25158282043,2025-07-03,CUSTOMER,FULL,2003-01-01,22,1974-01-01,51,107000,24,2,0,0,745,"2025-07-05 17:00:54"
8800140955,2025-07-05,CUSTOMER,FULL,1988-11-14,36,NULL,0,300000,24,2,0,0,2689,"2025-07-05 17:00:00"
25158750486,2025-07-05,CUSTOMER,FULL,1989-01-01,36,NULL,0,280000,36,3,0,0,3331,"2025-07-05 16:59:54"
25158140365,2025-07-02,CUSTOMER,FULL,1995-02-08,30,NULL,-1,586000,48,4,0,0,6659,"2025-07-05 16:59:28"
8800185361,2025-07-02,CUSTOMER,FULL,2001-11-02,23,1997-01-01,28,350000,42,4,0,0,3581,"2025-07-05 16:59:08"
25158041602,2025-07-02,CUSTOMER,FULL,1996-05-11,29,NULL,-1,220000,36,3,0,0,2041,"2025-07-05 16:58:34"
25158747579,2025-07-05,CUSTOMER,FULL,1999-01-01,26,NULL,0,1010200,60,5,0,0,11480,"2025-07-05 16:58:20"
25157820124,2025-06-29,CUSTOMER,FULL,2003-06-25,22,NULL,-1,660000,48,4,0,0,7025,"2025-07-05 16:57:47"
8800395356,2025-07-01,CUSTOMER,FULL,1991-10-11,33,1969-06-15,56,620000,60,5,0,0,9387,"2025-07-05 16:57:14"
8800196567,2025-07-05,CUSTOMER,FULL,1995-12-01,29,1957-01-01,68,1042185,72,6,0,0,15852,"2025-07-05 16:55:41"
8800347485,2025-07-04,CUSTOMER,FULL,2004-01-08,21,1964-01-01,61,331000,54,5,0,0,3461,"2025-07-05 16:55:41"
25158742971,2025-07-04,CUSTOMER,FULL,2001-12-10,23,NULL,-1,120000,24,2,0,0,836,"2025-07-05 16:55:35"
8800410852,2025-07-05,CUSTOMER,FULL,1978-01-01,47,NULL,0,240000,30,3,0,0,7021,"2025-07-05 16:55:31"
25158663238,2025-07-04,CUSTOMER,FULL,1990-01-01,35,NULL,-1,234000,18,2,0,0,2071,"2025-07-05 16:53:53"
25158702277,2025-07-04,CUSTOMER,FULL,1986-01-15,39,1967-01-01,58,288000,48,4,0,0,4755,"2025-07-05 16:53:17"
8800008593,2025-07-04,CUSTOMER,FULL,1974-01-01,51,1969-02-02,56,100000,18,2,0,0,3422,"2025-07-05 16:53:06"
25157539365,2025-06-16,CUSTOMER,FULL,1982-10-12,42,2001-07-13,23,250000,48,4,0,0,5544,"2025-07-05 16:52:24"
25158332571,2025-07-03,CUSTOMER,FULL,1999-11-10,25,NULL,-1,910000,60,5,0,0,11361,"2025-07-05 16:52:07"
25158741805,2025-07-04,CUSTOMER,FULL,1999-06-23,26,NULL,-1,500000,60,5,0,0,5682,"2025-07-05 16:51:58"
25158129203,2025-07-02,CUSTOMER,FULL,1983-01-01,42,1981-01-01,44,295000,36,3,0,0,4937,"2025-07-05 16:50:55"
8800271379,2025-06-12,CUSTOMER,FULL,1982-01-01,43,1973-03-02,52,350000,24,2,0,0,5324,"2025-07-05 16:49:14"
25158324173,2025-07-03,CUSTOMER,FULL,1979-11-28,45,NULL,-1,300000,35,3,0,0,7109,"2025-07-05 16:48:56"
25158750535,2025-07-05,CUSTOMER,FULL,1997-02-15,28,1959-12-17,65,500000,24,2,0,0,3517,"2025-07-05 16:48:00"
25158750422,2025-07-05,CUSTOMER,FULL,1988-01-01,37,NULL,0,995000,60,5,0,0,17178,"2025-07-05 16:46:51"
8800216064,2025-07-05,CUSTOMER,FULL,1998-08-20,26,NULL,0,325000,48,4,0,0,3245,"2025-07-05 16:46:50"
8800350085,2025-07-05,CUSTOMER,FULL,1992-09-06,32,1995-10-17,29,705000,84,7,0,0,13660,"2025-07-05 16:46:40"
8800187727,2025-07-03,CUSTOMER,FULL,1996-07-08,28,NULL,-1,450000,40,4,0,0,4859,"2025-07-05 16:45:33"
25158740571,2025-07-04,CUSTOMER,FULL,1989-01-01,36,NULL,-1,1090000,60,5,0,0,17866,"2025-07-05 16:44:44"
8800387427,2025-07-05,CUSTOMER,FULL,1990-01-04,35,NULL,0,345000,36,3,0,0,3929,"2025-07-05 16:43:59"
25158741680,2025-07-04,CUSTOMER,FULL,1993-02-04,32,1953-01-01,72,700000,60,5,0,0,10144,"2025-07-05 16:43:56"
8800272420,2025-07-02,CUSTOMER,FULL,1992-07-15,32,1958-01-02,67,620000,60,5,0,0,8985,"2025-07-05 16:43:52"
25157656574,2025-06-24,CUSTOMER,FULL,1985-01-01,40,NULL,-1,400000,47,4,0,0,7746,"2025-07-05 16:43:44"
8800023972,2025-07-05,CUSTOMER,FULL,1995-08-23,29,1976-03-06,49,560000,30,3,0,0,5095,"2025-07-05 16:43:38"
25158750021,2025-07-05,CUSTOMER,FULL,1979-09-28,45,1984-12-08,40,625000,60,5,0,0,22487,"2025-07-05 16:42:45"
25157667603,2025-06-25,CUSTOMER,FULL,1994-02-20,31,1993-11-14,31,605000,36,3,0,0,5797,"2025-07-05 16:42:23"
25158749879,2025-07-05,CUSTOMER,FULL,1999-06-06,26,NULL,0,2200000,57,5,0,0,27596,"2025-07-05 16:42:21"
25158750452,2025-07-05,CUSTOMER,FULL,1998-03-05,27,NULL,0,900000,60,5,0,0,11396,"2025-07-05 16:41:46"
25158750423,2025-07-05,CUSTOMER,FULL,1992-08-07,32,NULL,0,675000,42,4,0,0,8212,"2025-07-05 16:41:43"
25158749728,2025-07-05,CUSTOMER,FULL,1979-07-12,45,NULL,0,740000,60,5,0,0,26624,"2025-07-05 16:41:16"
25158750224,2025-07-05,CUSTOMER,FULL,1991-01-28,34,NULL,0,150000,17,2,0,0,1229,"2025-07-05 16:41:06"
25158667777,2025-07-04,CUSTOMER,FULL,1982-11-11,42,NULL,-1,59000,18,2,0,0,828,"2025-07-05 16:40:57"
25158311228,2025-07-03,CUSTOMER,FULL,2000-10-09,24,2005-06-01,20,510000,60,5,0,0,6368,"2025-07-05 16:40:46"
25158750471,2025-07-05,CUSTOMER,FULL,1983-07-15,41,NULL,0,250000,36,3,0,0,4207,"2025-07-05 16:40:39"
8800383387,2025-07-02,CUSTOMER,FULL,1993-03-03,32,NULL,-1,480000,48,4,0,0,5245,"2025-07-05 16:40:37"
25158749505,2025-07-05,CUSTOMER,FULL,2000-01-01,25,NULL,0,570000,60,5,0,0,7117,"2025-07-05 16:40:33"
8800335411,2025-07-01,CUSTOMER,FULL,1987-12-25,37,NULL,-1,900000,84,7,0,0,22239,"2025-07-05 16:40:18"
25157593924,2025-06-20,CUSTOMER,FULL,1985-03-22,40,NULL,-1,460000,48,4,0,0,8908,"2025-07-05 16:40:10"
25158742004,2025-07-04,CUSTOMER,FULL,1987-03-16,38,NULL,-1,513000,48,4,0,0,7997,"2025-07-05 16:39:36"
8800229998,2025-07-05,CUSTOMER,FULL,1981-01-01,44,NULL,0,820000,60,5,0,0,26784,"2025-07-05 16:39:32"
8800341360,2025-07-02,CUSTOMER,FULL,1999-06-17,26,NULL,-1,650000,36,3,0,0,5791,"2025-07-05 16:39:23"
8800281557,2025-06-13,CO-APPLICANT,FULL,2000-01-01,25,1989-04-01,36,670000,40,4,0,0,9954,"2025-07-05 16:39:19"
25158749992,2025-07-05,CUSTOMER,FULL,1998-12-12,26,1973-07-15,51,566000,60,5,0,0,7100,"2025-07-05 16:39:02"
8800392308,2025-07-05,CUSTOMER,FULL,1993-01-31,32,NULL,0,305000,42,4,0,0,3333,"2025-07-05 16:38:53"
25158746051,2025-07-05,CUSTOMER,FULL,1995-01-01,30,NULL,0,530000,60,5,0,0,7149,"2025-07-05 16:38:31"
8800367333,2025-07-05,CUSTOMER,FULL,1969-06-01,56,1999-02-25,26,850000,48,4,0,0,65898,"2025-07-05 16:37:11"
25158746521,2025-07-05,CUSTOMER,FULL,1978-01-01,47,1993-06-29,32,330000,36,3,0,0,9432,"2025-07-05 16:37:10"
25157626572,2025-06-22,CUSTOMER,FULL,1984-01-01,41,NULL,-1,1050000,60,5,0,0,23318,"2025-07-05 16:37:06"
25158749650,2025-07-05,CUSTOMER,FULL,1994-05-21,31,NULL,0,550000,48,4,0,0,6452,"2025-07-05 16:37:04"
8800272839,2025-07-05,CUSTOMER,FULL,1987-05-01,38,1990-01-01,35,250000,20,2,0,0,2501,"2025-07-05 16:36:51"
25158745944,2025-07-05,CUSTOMER,FULL,1970-07-02,55,2000-08-14,24,800000,36,3,0,0,45397,"2025-07-05 16:36:16"
25157689719,2025-06-27,CUSTOMER,FULL,1996-01-01,29,2002-02-06,23,700000,20,2,0,0,4998,"2025-07-05 16:34:45"
25158742997,2025-07-04,CUSTOMER,FULL,1990-07-16,34,NULL,-1,500000,48,4,0,0,6656,"2025-07-05 16:33:51"
25157655334,2025-07-01,CUSTOMER,FULL,1978-01-01,47,NULL,-1,472000,36,3,0,0,13691,"2025-07-05 16:33:35"
8800290761,2025-06-21,CUSTOMER,FULL,1974-01-01,51,NULL,-1,77000,24,2,0,0,2635,"2025-07-05 16:32:39"
25158739005,2025-07-05,CUSTOMER,FULL,1999-06-11,26,1973-01-01,52,800000,60,5,0,0,10035,"2025-07-05 16:32:04"
25158747584,2025-07-05,CUSTOMER,FULL,1984-01-01,41,NULL,0,557000,48,4,0,0,11634,"2025-07-05 16:32:03"
25157648935,2025-06-24,CUSTOMER,FULL,1995-08-03,29,NULL,-1,670000,60,5,0,0,8792,"2025-07-05 16:31:58"
25158750001,2025-07-05,CUSTOMER,FULL,1986-03-08,39,NULL,0,385000,36,3,0,0,5325,"2025-07-05 16:31:38"
8800340578,2025-07-05,CUSTOMER,FULL,1998-08-11,26,1971-01-01,54,1550000,60,5,0,0,17614,"2025-07-05 16:31:31"
25158750470,2025-07-05,CUSTOMER,FULL,1993-01-01,32,NULL,0,505000,48,4,0,0,6144,"2025-07-05 16:31:13"
25158745894,2025-07-05,CUSTOMER,FULL,1990-01-01,35,1964-02-01,61,750000,36,3,0,0,8514,"2025-07-05 16:31:06"
25157996660,2025-07-01,CUSTOMER,FULL,1991-04-18,34,1994-09-12,30,630000,42,4,0,0,8386,"2025-07-05 16:30:40"
25158750127,2025-07-05,CUSTOMER,FULL,1968-01-01,57,NULL,0,535000,59,5,0,0,54873,"2025-07-05 16:30:15"
25158678646,2025-07-04,CUSTOMER,"PARTIAL FINANCE AMOUNT",1978-04-29,47,NULL,-1,300000,24,2,150000,0,3330,"2025-07-05 16:30:07"
25157935344,2025-07-01,CUSTOMER,FULL,1981-09-12,43,NULL,-1,600000,60,5,0,0,17885,"2025-07-05 16:29:47"
8800302506,2025-07-05,CUSTOMER,FULL,1995-08-08,29,NULL,0,48001,24,2,0,0,352,"2025-07-05 16:29:41"
8800069479,2025-06-09,CUSTOMER,FULL,1986-04-05,39,NULL,-1,400000,30,3,0,0,5773,"2025-07-05 16:29:24"
8800286369,2025-06-29,CUSTOMER,FULL,1991-06-08,34,NULL,-1,990000,48,4,0,0,13178,"2025-07-05 16:29:06"
25158034790,2025-07-02,CUSTOMER,FULL,2002-01-16,23,1998-02-15,27,1230000,84,7,0,0,18085,"2025-07-05 16:29:04"
25158663470,2025-07-04,CUSTOMER,FULL,1976-12-30,48,1982-07-17,42,950000,48,4,0,0,37980,"2025-07-05 16:28:52"
25158749228,2025-07-05,CUSTOMER,FULL,1994-01-01,31,1984-01-10,41,630000,48,4,0,0,7390,"2025-07-05 16:28:50"
25158070924,2025-07-02,CUSTOMER,FULL,2001-03-08,24,1960-10-20,64,808000,60,5,0,0,8696,"2025-07-05 16:27:36"
25158739061,2025-07-04,CO-APPLICANT,FULL,1973-01-01,52,1988-01-01,37,614000,60,5,0,0,11629,"2025-07-05 16:27:36"
25157932090,2025-06-30,CUSTOMER,FULL,1990-01-01,35,1949-01-01,76,720000,60,5,0,0,12082,"2025-07-05 16:27:32"
8800091583,2025-07-05,CUSTOMER,FULL,1998-02-10,27,1969-01-01,56,370000,36,3,0,0,3332,"2025-07-05 16:26:30"
25158656872,2025-07-04,CUSTOMER,FULL,1990-03-03,35,1960-03-25,65,450000,35,3,0,0,5109,"2025-07-05 16:26:08"
25157653481,2025-06-24,CUSTOMER,FULL,1987-01-01,38,NULL,-1,99500,24,2,0,0,1050,"2025-07-05 16:24:51"
25158750350,2025-07-05,CUSTOMER,FULL,1997-01-01,28,1968-06-01,57,650000,60,5,0,0,8353,"2025-07-05 16:24:37"
8800362005,2025-06-25,CUSTOMER,FULL,1994-01-01,31,1996-01-01,29,950000,60,5,0,0,11636,"2025-07-05 16:24:33"
25158295307,2025-07-03,CUSTOMER,FULL,1989-01-01,36,NULL,-1,1025000,60,5,0,0,16800,"2025-07-05 16:24:06"
8800359304,2025-07-05,CUSTOMER,FULL,1968-01-01,57,NULL,0,330000,48,4,0,0,27488,"2025-07-05 16:23:47"
25158700363,2025-07-04,CUSTOMER,FULL,1993-08-14,31,1977-01-01,48,1000000,60,5,0,0,12249,"2025-07-05 16:23:29"
25158748459,2025-07-05,CUSTOMER,FULL,1979-10-05,45,NULL,0,500000,48,4,0,0,14680,"2025-07-05 16:23:20"
25158750380,2025-07-05,CUSTOMER,FULL,1970-06-16,55,NULL,0,530000,36,3,0,0,32571,"2025-07-05 16:23:09"
8800310586,2025-07-05,CUSTOMER,FULL,1988-04-05,37,NULL,0,600000,60,5,0,0,11364,"2025-07-05 16:22:26"
25157689803,2025-06-27,CO-APPLICANT,FULL,1966-01-01,59,1992-01-01,33,696000,60,5,0,0,10538,"2025-07-05 16:21:51"
25158744924,2025-07-05,CUSTOMER,FULL,2001-06-02,24,1966-01-01,59,520000,60,5,0,0,6492,"2025-07-05 16:21:01"
25158749471,2025-07-05,CUSTOMER,FULL,1988-06-17,37,NULL,0,280000,48,4,0,0,4140,"2025-07-05 16:20:43"
25158749904,2025-07-05,CUSTOMER,FULL,1995-02-14,30,1965-01-01,60,400000,36,3,0,0,3725,"2025-07-05 16:20:41"
8800371001,2025-06-30,CUSTOMER,FULL,1985-02-03,40,NULL,-1,550000,47,4,0,0,10651,"2025-07-05 16:19:50"
25158749796,2025-07-05,CUSTOMER,FULL,1990-11-02,34,1966-01-01,59,500000,48,4,0,0,6656,"2025-07-05 16:19:12"
25158749828,2025-07-05,CUSTOMER,FULL,1992-07-20,32,NULL,0,600000,60,5,0,0,8695,"2025-07-05 16:18:40"
25158746940,2025-07-05,CUSTOMER,FULL,1997-07-07,27,NULL,0,160000,24,2,0,0,1176,"2025-07-05 16:18:25"
25157926524,2025-06-30,CUSTOMER,FULL,1984-01-01,41,NULL,-1,345000,60,5,0,0,7662,"2025-07-05 16:18:14"
25158749458,2025-07-05,CUSTOMER,FULL,1988-05-02,37,NULL,0,410000,36,3,0,0,5240,"2025-07-05 16:18:06"
8800364890,2025-07-05,CUSTOMER,FULL,2000-11-08,24,NULL,0,740000,60,5,0,0,9239,"2025-07-05 16:18:06"
25158039725,2025-07-02,CUSTOMER,FULL,2005-01-01,20,NULL,-1,520000,48,4,0,0,5511,"2025-07-05 16:17:20"
25157633846,2025-06-23,CUSTOMER,FULL,1992-06-23,33,1986-05-07,39,980000,48,4,0,0,11033,"2025-07-05 16:16:36"
8800348217,2025-06-30,CUSTOMER,FULL,1999-01-01,26,NULL,-1,210000,48,4,0,0,2216,"2025-07-05 16:16:07"
25157795784,2025-06-29,CUSTOMER,FULL,1996-01-01,29,1991-01-01,34,520000,48,4,0,0,5762,"2025-07-05 16:16:05"
25158747394,2025-07-05,CUSTOMER,FULL,1999-12-05,25,NULL,0,500000,48,4,0,0,5322,"2025-07-05 16:15:05"
25158749869,2025-07-05,CUSTOMER,FULL,1993-03-03,32,1966-01-01,59,388000,18,2,0,0,3009,"2025-07-05 16:14:43"
8800372768,2025-07-05,CUSTOMER,FULL,1987-08-10,37,NULL,0,883000,36,3,0,0,10993,"2025-07-05 16:14:22"
25157807976,2025-06-29,CUSTOMER,FULL,1999-05-15,26,1964-01-01,61,400000,48,4,0,0,4220,"2025-07-05 16:13:57"
25158749982,2025-07-05,CUSTOMER,FULL,1985-11-01,39,NULL,0,80000,24,2,0,0,902,"2025-07-05 16:13:21"
25158496078,2025-07-04,CUSTOMER,FULL,1990-09-11,34,NULL,-1,1125000,60,5,0,0,17895,"2025-07-05 16:13:14"
25158743827,2025-07-05,CUSTOMER,FULL,2000-01-01,25,NULL,0,330000,36,3,0,0,2707,"2025-07-05 16:11:29"
8800387023,2025-07-04,CUSTOMER,FULL,1984-01-01,41,NULL,-1,600000,59,5,0,0,15116,"2025-07-05 16:11:24"
25158663130,2025-07-04,CUSTOMER,FULL,2001-11-06,23,1969-01-01,56,585000,60,5,0,0,7304,"2025-07-05 16:11:06"
25157943284,2025-07-01,CUSTOMER,FULL,1987-01-01,38,NULL,-1,590000,35,3,0,0,8035,"2025-07-05 16:10:52"
8800239612,2025-07-05,CUSTOMER,FULL,1994-03-21,31,1973-01-01,52,815000,72,6,0,0,13214,"2025-07-05 16:10:29"
25158511926,2025-07-03,CUSTOMER,FULL,1991-06-20,34,1994-01-16,31,750000,60,5,0,0,11930,"2025-07-05 16:10:00"
25158748481,2025-07-05,CUSTOMER,FULL,1996-01-01,29,NULL,0,310000,42,4,0,0,3187,"2025-07-05 16:09:58"
25158740114,2025-07-04,CUSTOMER,FULL,1996-11-19,28,NULL,-1,534542,84,7,0,0,9046,"2025-07-05 16:09:07"
25158378599,2025-07-03,CUSTOMER,FULL,1978-01-01,47,1999-06-01,26,350000,48,4,0,0,12552,"2025-07-05 16:08:33"
25158746090,2025-07-05,CUSTOMER,FULL,1989-11-08,35,1955-04-01,70,800000,36,3,0,0,9110,"2025-07-05 16:07:34"
8800258282,2025-07-05,CUSTOMER,FULL,1996-01-01,29,1954-01-01,71,400000,36,3,0,0,3710,"2025-07-05 16:06:51"
25157615118,2025-06-20,CUSTOMER,FULL,2005-01-01,20,NULL,-1,70000,18,2,0,0,484,"2025-07-05 16:06:39"
8800257376,2025-07-03,CUSTOMER,FULL,1980-07-16,44,1986-01-01,39,860000,60,5,0,0,28090,"2025-07-05 16:06:38"
25158746232,2025-07-05,CUSTOMER,FULL,1982-10-22,42,1980-12-25,44,610000,72,6,0,0,19737,"2025-07-05 16:06:33"
25158693233,2025-07-04,CUSTOMER,FULL,1999-03-25,26,1969-01-17,56,900000,60,5,0,0,10228,"2025-07-05 16:06:29"
8800427203,2025-07-05,CUSTOMER,FULL,1992-10-02,32,NULL,0,300000,36,3,0,0,3009,"2025-07-05 16:06:28"
25158749456,2025-07-05,CO-APPLICANT,FULL,1982-01-01,43,2000-01-01,25,520000,60,5,0,0,6492,"2025-07-05 16:04:59"
25158307644,2025-07-03,CUSTOMER,FULL,1991-01-01,34,NULL,-1,660000,60,5,0,0,8910,"2025-07-05 16:04:38"
25158041192,2025-07-02,CUSTOMER,FULL,1984-01-01,41,NULL,-1,850000,60,5,0,0,18877,"2025-07-05 16:04:32"
8800219239,2025-07-05,CUSTOMER,FULL,1992-01-01,33,1988-11-04,36,625000,84,7,0,0,12700,"2025-07-05 16:04:31"
25158746367,2025-07-05,CUSTOMER,FULL,1984-06-04,41,1954-03-01,71,950000,72,6,0,0,28283,"2025-07-05 16:03:26"
25158748878,2025-07-05,CUSTOMER,"PARTIAL TENURE",1973-01-01,52,NULL,0,690000,55,5,0,2,26161,"2025-07-05 16:03:20"
25158749398,2025-07-05,CUSTOMER,FULL,1988-08-18,36,NULL,0,250000,48,4,0,0,3597,"2025-07-05 16:03:20"
25158749606,2025-07-05,CUSTOMER,FULL,1999-01-01,26,1990-01-01,35,650000,60,5,0,0,8154,"2025-07-05 16:03:11"
25158104430,2025-07-02,CUSTOMER,FULL,1992-01-01,33,1986-09-12,38,350000,24,2,0,0,2821,"2025-07-05 16:02:57"
25158750124,2025-07-05,CUSTOMER,FULL,1987-02-07,38,NULL,0,600000,60,5,0,0,10953,"2025-07-05 16:02:52"
25158747350,2025-07-05,CUSTOMER,FULL,1996-07-10,28,1992-05-11,33,285000,36,3,0,0,2486,"2025-07-05 16:02:45"
25158740251,2025-07-04,CUSTOMER,FULL,1996-07-17,28,1972-01-01,53,400000,36,3,0,0,3578,"2025-07-05 16:01:55"
25158749181,2025-07-05,CUSTOMER,FULL,1984-01-01,41,1983-03-05,42,254000,48,4,0,0,5306,"2025-07-05 16:01:53"
8800303515,2025-06-30,CUSTOMER,FULL,2003-03-31,22,NULL,-1,330000,48,4,0,0,3065,"2025-07-05 16:01:10"
25158346617,2025-07-03,CUSTOMER,FULL,1989-01-01,36,NULL,-1,450000,35,3,0,0,5417,"2025-07-05 16:01:06"
8800373427,2025-07-04,CUSTOMER,FULL,1992-02-22,33,NULL,-1,1460000,48,4,0,0,16436,"2025-07-05 16:00:52"
25157592058,2025-06-19,CUSTOMER,FULL,1981-02-13,44,NULL,-1,600000,36,3,0,0,12950,"2025-07-05 16:00:34"
25158749618,2025-07-05,CUSTOMER,FULL,1996-06-24,29,NULL,0,350000,36,3,0,0,3185,"2025-07-05 16:00:33"
25157688310,2025-06-27,CUSTOMER,FULL,1991-01-01,34,NULL,-1,250000,30,3,0,0,2478,"2025-07-05 16:00:22"
25158749832,2025-07-05,CUSTOMER,FULL,1980-02-25,45,NULL,0,1000000,60,5,0,0,35979,"2025-07-05 15:59:52"
8800167894,2025-07-04,CUSTOMER,FULL,1998-04-20,27,NULL,-1,170000,48,4,0,0,1826,"2025-07-05 15:59:39"
25158279460,2025-07-03,CUSTOMER,FULL,1989-01-01,36,NULL,-1,400000,48,4,0,0,5754,"2025-07-05 15:59:38"
25158747343,2025-07-05,CUSTOMER,FULL,1996-01-01,29,1975-01-01,50,950000,60,5,0,0,12466,"2025-07-05 15:58:52"
25157693938,2025-06-28,CUSTOMER,FULL,1995-02-22,30,NULL,-1,400000,24,2,0,0,2917,"2025-07-05 15:58:38"
25158746017,2025-07-05,CUSTOMER,FULL,1989-01-01,36,NULL,0,650000,60,5,0,0,11567,"2025-07-05 15:58:30"
25158332171,2025-07-03,CUSTOMER,FULL,2005-03-14,20,1984-03-08,41,333000,42,4,0,0,3006,"2025-07-05 15:58:24"
25158746077,2025-07-05,CUSTOMER,FULL,1999-05-04,26,NULL,0,400000,35,3,0,0,3564,"2025-07-05 15:58:22"
25157629628,2025-06-23,CUSTOMER,FULL,1997-03-10,28,1996-01-01,29,320000,36,3,0,0,2791,"2025-07-05 15:58:16"
25157682994,2025-07-05,CUSTOMER,FULL,1987-02-03,38,NULL,0,625000,72,6,0,0,14868,"2025-07-05 15:57:40"
25158749262,2025-07-05,CUSTOMER,FULL,1986-10-03,38,NULL,0,270000,60,5,0,0,4929,"2025-07-05 15:56:39"
25158748205,2025-07-05,CUSTOMER,FULL,1994-12-25,30,NULL,0,900000,84,7,0,0,16111,"2025-07-05 15:56:09"
8800155868,2025-07-05,CUSTOMER,FULL,1993-03-30,32,1972-05-07,53,450000,36,3,0,0,4514,"2025-07-05 15:55:43"
25158740237,2025-07-04,CUSTOMER,FULL,1995-06-01,30,NULL,-1,800000,48,4,0,0,8345,"2025-07-05 15:55:26"
8800193952,2025-06-20,CUSTOMER,FULL,1983-03-10,42,NULL,-1,800000,72,6,0,0,25885,"2025-07-05 15:55:10"
25158749187,2025-07-05,CUSTOMER,FULL,2000-01-01,25,1969-01-01,56,1050000,60,5,0,0,11375,"2025-07-05 15:55:00"
25158041396,2025-07-02,CUSTOMER,FULL,1999-12-25,25,1967-01-01,58,380000,36,3,0,0,3117,"2025-07-05 15:53:45"
25157932152,2025-06-30,CUSTOMER,FULL,1992-05-31,33,NULL,-1,331500,42,4,0,0,3732,"2025-07-05 15:53:32"
8800336037,2025-06-26,CUSTOMER,FULL,1984-06-10,41,NULL,-1,600000,60,5,0,0,15116,"2025-07-05 15:53:29"
25158749306,2025-07-05,CUSTOMER,FULL,1987-01-01,38,NULL,0,300000,24,2,0,0,3165,"2025-07-05 15:53:24"
25158666318,2025-07-04,CUSTOMER,FULL,1997-01-01,28,1977-07-01,48,250000,24,2,0,0,1759,"2025-07-05 15:53:10"
25157697585,2025-06-28,CUSTOMER,"PARTIAL TENURE",1980-01-01,45,1986-01-01,39,740000,59,5,0,2,13457,"2025-07-05 15:53:01"
25158743985,2025-07-05,CUSTOMER,FULL,1994-03-14,31,NULL,0,1030000,36,3,0,0,9408,"2025-07-05 15:52:38"
25158749280,2025-07-05,CUSTOMER,FULL,2004-12-31,20,1979-01-01,46,550000,60,5,0,0,6276,"2025-07-05 15:52:21"
8800127392,2025-07-05,CUSTOMER,FULL,1998-03-12,27,NULL,0,500000,60,5,0,0,6331,"2025-07-05 15:52:11"
25158749329,2025-07-05,CUSTOMER,FULL,1990-07-12,34,1995-01-05,30,600000,60,5,0,0,9544,"2025-07-05 15:51:57"
25158056981,2025-07-02,CUSTOMER,FULL,1983-01-01,42,1983-11-03,41,1160000,71,6,0,0,35466,"2025-07-05 15:51:41"
25158749210,2025-07-05,CUSTOMER,FULL,1988-12-15,36,NULL,0,1030000,48,4,0,0,14500,"2025-07-05 15:50:18"
25158659248,2025-07-04,CUSTOMER,"PARTIAL TENURE",1969-01-01,56,NULL,-1,620000,60,5,0,2,32535,"2025-07-05 15:50:06"
25158749338,2025-07-05,CUSTOMER,FULL,1992-07-10,32,1967-01-02,58,1600000,60,5,0,0,20164,"2025-07-05 15:49:50"
25158669905,2025-07-04,CUSTOMER,FULL,1994-09-23,30,NULL,-1,382000,84,7,0,0,6839,"2025-07-05 15:49:47"
8800324113,2025-06-27,CUSTOMER,FULL,1987-07-30,37,NULL,-1,650000,84,7,0,0,16713,"2025-07-05 15:49:27"
25158747339,2025-07-05,CUSTOMER,"PARTIAL TENURE",1980-04-04,45,NULL,0,700000,48,4,0,2,10691,"2025-07-05 15:49:21"
8800408403,2025-07-04,CUSTOMER,FULL,1979-04-22,46,1974-10-25,50,700000,60,5,0,0,27605,"2025-07-05 15:49:13"
25158741414,2025-07-04,CUSTOMER,FULL,1999-10-21,25,NULL,-1,520000,60,5,0,0,5633,"2025-07-05 15:49:01"
25157685721,2025-06-27,CUSTOMER,FULL,1997-01-01,28,1976-01-01,49,314000,36,3,0,0,2739,"2025-07-05 15:48:57"
25158749098,2025-07-05,CUSTOMER,FULL,1994-01-01,31,NULL,0,1000000,60,5,0,0,12249,"2025-07-05 15:48:34"
25158137051,2025-07-05,CUSTOMER,FULL,1968-04-12,57,2001-01-03,24,660000,36,3,0,0,46962,"2025-07-05 15:48:32"
8800353032,2025-07-01,CUSTOMER,FULL,1986-08-05,38,NULL,-1,400000,48,4,0,0,6524,"2025-07-05 15:48:00"
25158738983,2025-07-04,CUSTOMER,FULL,1998-07-06,26,NULL,-1,980000,72,6,0,0,14039,"2025-07-05 15:47:38"
25158700353,2025-07-04,CUSTOMER,FULL,2005-01-14,20,NULL,-1,310000,48,4,0,0,2799,"2025-07-05 15:46:58"
8800204136,2025-06-26,CUSTOMER,FULL,2001-03-16,24,2003-11-20,21,295000,48,4,0,0,3050,"2025-07-05 15:46:36"
25158065084,2025-07-02,CUSTOMER,FULL,1988-09-28,36,NULL,-1,400000,60,5,0,0,6783,"2025-07-05 15:45:59"
8800117332,2025-06-30,CUSTOMER,FULL,1986-03-19,39,NULL,-1,300000,30,3,0,0,4330,"2025-07-05 15:45:31"
25158325686,2025-07-03,CUSTOMER,FULL,1997-03-17,28,1967-05-12,58,340000,36,3,0,0,3090,"2025-07-05 15:45:27"
25158675117,2025-07-04,CUSTOMER,FULL,1989-03-28,36,1973-12-10,51,288000,36,3,0,0,3426,"2025-07-05 15:44:53"
25158749647,2025-07-05,CUSTOMER,FULL,1993-01-01,32,NULL,0,400000,48,4,0,0,4787,"2025-07-05 15:44:11"
25158748292,2025-07-05,CUSTOMER,FULL,1989-07-01,36,NULL,0,500000,36,3,0,0,5977,"2025-07-05 15:43:46"
25158135807,2025-07-02,CUSTOMER,FULL,1974-09-20,50,1984-06-11,41,1207000,60,5,0,0,66798,"2025-07-05 15:43:27"
8800263342,2025-07-05,CUSTOMER,FULL,1974-12-11,50,NULL,0,400000,36,3,0,0,15883,"2025-07-05 15:42:48"
25158744763,2025-07-05,CUSTOMER,FULL,1988-01-01,37,NULL,0,100000,18,2,0,0,992,"2025-07-05 15:41:48"
25158747712,2025-07-05,CUSTOMER,FULL,1988-01-01,37,NULL,0,340000,36,3,0,0,4345,"2025-07-05 15:41:18"
8800082873,2025-07-05,CUSTOMER,FULL,1990-01-01,35,1989-01-01,36,200000,60,5,0,0,3208,"2025-07-05 15:40:57"
8800317051,2025-07-02,CUSTOMER,FULL,1995-05-28,30,1971-05-21,54,130000,36,3,0,0,1231,"2025-07-05 15:40:48"
25158747729,2025-07-05,CUSTOMER,FULL,1987-10-18,37,NULL,0,350000,24,2,0,0,3470,"2025-07-05 15:40:10"
8800402732,2025-07-03,CUSTOMER,FULL,1993-01-01,32,NULL,-1,295000,36,3,0,0,2754,"2025-07-05 15:40:01"
25158743182,2025-07-04,CUSTOMER,FULL,1985-02-03,40,NULL,-1,185150,60,5,0,0,3826,"2025-07-05 15:38:54"
25158320582,2025-07-03,CUSTOMER,FULL,1995-08-15,29,NULL,-1,910000,60,5,0,0,10728,"2025-07-05 15:38:51"
25157677618,2025-06-26,CUSTOMER,FULL,2001-12-25,23,1973-08-05,51,795000,60,5,0,0,9926,"2025-07-05 15:38:41"
25157677430,2025-06-26,CUSTOMER,FULL,1990-07-10,34,1966-01-01,59,700000,45,4,0,0,9318,"2025-07-05 15:38:23"
25158713104,2025-07-04,CUSTOMER,FULL,1992-08-06,32,1963-05-13,62,1600000,84,7,0,0,28792,"2025-07-05 15:38:04"
25158747349,2025-07-05,CUSTOMER,FULL,1988-04-05,37,1951-01-01,74,550000,48,4,0,0,8684,"2025-07-05 15:37:51"
25158747365,2025-07-05,CUSTOMER,FULL,1996-08-15,28,1969-02-04,56,700000,36,3,0,0,6262,"2025-07-05 15:37:41"
8800406251,2025-07-02,CUSTOMER,FULL,1981-07-07,43,2001-01-16,24,782000,32,3,0,0,15521,"2025-07-05 15:37:28"
25157835066,2025-06-29,CUSTOMER,FULL,1996-07-07,28,1968-01-01,57,230000,24,2,0,0,1694,"2025-07-05 15:36:54"
25157659387,2025-06-25,CUSTOMER,FULL,1997-01-01,28,NULL,-1,810000,60,5,0,0,9406,"2025-07-05 15:36:51"
25158741763,2025-07-05,CUSTOMER,FULL,1981-12-19,43,1985-07-21,39,604000,60,5,0,0,18004,"2025-07-05 15:36:23"
25158344565,2025-07-03,CUSTOMER,FULL,1993-01-17,32,1996-02-18,29,250000,24,2,0,0,1917,"2025-07-05 15:36:19"
25158675095,2025-07-04,CUSTOMER,FULL,2002-08-21,22,1976-01-01,49,795000,72,6,0,0,10460,"2025-07-05 15:35:35"
25158491171,2025-07-03,CUSTOMER,FULL,1985-02-03,40,NULL,-1,540000,60,5,0,0,12598,"2025-07-05 15:35:13"
8800373958,2025-07-04,CUSTOMER,FULL,1991-08-11,33,1992-01-05,33,640000,60,5,0,0,9690,"2025-07-05 15:35:08"
8800292239,2025-07-05,CUSTOMER,FULL,1971-03-15,54,NULL,0,790000,60,5,0,0,64863,"2025-07-05 15:34:43"
8800263987,2025-07-03,CUSTOMER,FULL,2002-05-10,23,1976-01-01,49,250000,36,3,0,0,2172,"2025-07-05 15:34:36"
25158414061,2025-07-03,CUSTOMER,FULL,1989-02-25,36,NULL,-1,70000,24,2,0,0,655,"2025-07-05 15:34:12"
25158749339,2025-07-05,CUSTOMER,FULL,1991-01-01,34,NULL,0,500000,48,4,0,0,6656,"2025-07-05 15:33:42"
25158060924,2025-07-02,CUSTOMER,FULL,1985-04-13,40,NULL,-1,345000,12,1,0,0,2337,"2025-07-05 15:33:05"
25157932001,2025-06-30,CUSTOMER,FULL,1993-03-18,32,NULL,-1,300000,48,4,0,0,3650,"2025-07-05 15:33:03"
8800315927,2025-06-28,CUSTOMER,FULL,1998-11-30,26,1992-08-01,32,360000,48,4,0,0,3594,"2025-07-05 15:32:45"
25158662407,2025-07-04,CUSTOMER,FULL,1987-01-01,38,NULL,-1,187000,24,2,0,0,1973,"2025-07-05 15:32:39"
25158741833,2025-07-04,CUSTOMER,FULL,2001-09-05,23,1975-06-01,50,735000,60,5,0,0,9177,"2025-07-05 15:32:30"
25158746150,2025-07-05,CUSTOMER,FULL,1981-07-08,43,NULL,0,350000,30,3,0,0,6918,"2025-07-05 15:31:43"
25158403408,2025-07-03,CUSTOMER,FULL,2003-05-24,22,1980-03-02,45,830000,60,5,0,0,8796,"2025-07-05 15:31:03"
8800281572,2025-06-26,CO-APPLICANT,FULL,2000-01-01,25,1993-07-26,31,660000,48,4,0,0,7742,"2025-07-05 15:30:53"
25157539880,2025-06-16,CUSTOMER,FULL,1984-09-10,40,1986-01-01,39,600000,60,5,0,0,13424,"2025-07-05 15:30:49"
8800363239,2025-07-05,CUSTOMER,FULL,1988-01-01,37,NULL,0,978000,60,5,0,0,16884,"2025-07-05 15:30:09"
25158749476,2025-07-05,CUSTOMER,FULL,1986-01-01,39,1990-12-05,34,1550000,72,6,0,0,38080,"2025-07-05 15:30:08"
8800184909,2025-06-21,CUSTOMER,FULL,2004-01-01,21,1976-01-01,49,620000,42,4,0,0,6600,"2025-07-05 15:30:08"
8800302488,2025-06-25,CUSTOMER,FULL,1995-01-01,30,1995-10-22,29,540000,48,4,0,0,6137,"2025-07-05 15:29:54"
8800303884,2025-07-05,CUSTOMER,FULL,2002-01-01,23,2006-03-02,19,318000,36,3,0,0,2571,"2025-07-05 15:29:42"
8800218373,2025-06-30,CUSTOMER,FULL,2002-01-01,23,1980-01-01,45,990000,60,5,0,0,10561,"2025-07-05 15:29:24"
25158042589,2025-07-02,CUSTOMER,FULL,1996-06-21,29,NULL,-1,940000,60,5,0,0,11081,"2025-07-05 15:29:18"
8800328612,2025-07-05,CUSTOMER,FULL,1982-01-01,43,NULL,0,500000,36,3,0,0,9924,"2025-07-05 15:28:49"
25158740772,2025-07-04,CUSTOMER,FULL,1981-12-05,43,NULL,-1,1030000,72,6,0,0,34226,"2025-07-05 15:28:28"
25157662078,2025-06-25,CUSTOMER,FULL,1987-06-05,38,NULL,-1,277000,36,3,0,0,3625,"2025-07-05 15:28:10"
25158036060,2025-07-02,CUSTOMER,FULL,2001-01-01,24,2000-01-01,25,450000,33,3,0,0,3962,"2025-07-05 15:27:58"
25158136344,2025-07-03,CUSTOMER,FULL,1979-08-16,45,1980-01-01,45,660000,36,3,0,0,15639,"2025-07-05 15:26:40"
25158664021,2025-07-04,CUSTOMER,FULL,1999-10-14,25,1979-01-01,46,504000,48,4,0,0,5365,"2025-07-05 15:26:25"
25157671317,2025-06-26,CUSTOMER,FULL,1985-06-02,40,1971-01-01,54,365000,48,4,0,0,7068,"2025-07-05 15:26:08"
25158739494,2025-07-04,CUSTOMER,FULL,2003-03-01,22,1981-01-01,44,510000,60,5,0,0,6368,"2025-07-05 15:26:07"
8800379886,2025-07-04,CUSTOMER,FULL,1989-07-10,35,NULL,-1,368000,42,4,0,0,5020,"2025-07-05 15:26:07"
25158749519,2025-07-05,CUSTOMER,FULL,2007-01-01,18,1970-01-01,55,550000,48,4,0,0,5660,"2025-07-05 15:25:50"
25158742542,2025-07-04,CUSTOMER,FULL,1994-04-21,31,NULL,-1,750000,48,4,0,0,7992,"2025-07-05 15:25:01"
25157681756,2025-06-27,CUSTOMER,FULL,2000-08-20,24,NULL,-1,150000,24,2,0,0,1044,"2025-07-05 15:24:47"
8800215513,2025-06-24,CUSTOMER,FULL,1987-06-01,38,1989-03-08,36,88850,12,1,0,0,889,"2025-07-05 15:24:04"
8800353834,2025-07-02,CUSTOMER,FULL,1991-04-29,34,NULL,-1,663000,60,5,0,0,10546,"2025-07-05 15:22:40"
8800192099,2025-07-03,CUSTOMER,FULL,1984-01-01,41,1987-09-01,37,516000,48,4,0,0,9712,"2025-07-05 15:22:39"
25157974908,2025-07-01,CUSTOMER,FULL,1963-02-07,62,NULL,-1,550000,48,4,0,0,66023,"2025-07-05 15:21:52"
25157651625,2025-06-24,CUSTOMER,FULL,1988-02-12,37,1981-01-01,44,2000000,48,4,0,0,30515,"2025-07-05 15:21:29"
8800328413,2025-07-05,CUSTOMER,FULL,2001-01-01,24,NULL,0,480000,48,4,0,0,4526,"2025-07-05 15:21:29"
25158747604,2025-07-05,CUSTOMER,FULL,1987-07-14,37,1982-01-31,43,500000,60,5,0,0,8632,"2025-07-05 15:21:02"
25158748595,2025-07-05,CUSTOMER,FULL,1983-08-01,41,2003-06-25,22,200000,36,3,0,0,3349,"2025-07-05 15:19:19"
25158041955,2025-07-04,CUSTOMER,FULL,1994-06-01,31,2002-01-01,23,940000,72,6,0,0,15241,"2025-07-05 15:18:59"
25158739772,2025-07-04,CUSTOMER,FULL,1991-09-15,33,1993-10-01,31,620000,60,5,0,0,9387,"2025-07-05 15:18:27"
25158695241,2025-07-04,CUSTOMER,FULL,1982-06-05,43,2004-07-05,20,600000,60,5,0,0,17885,"2025-07-05 15:17:55"
25158748752,2025-07-05,CUSTOMER,FULL,1983-11-10,41,NULL,0,313000,48,4,0,0,5891,"2025-07-05 15:17:54"
8800359404,2025-07-02,CUSTOMER,FULL,2001-01-12,24,1980-11-05,44,680000,84,7,0,0,11001,"2025-07-05 15:17:53"
25158746288,2025-07-05,CUSTOMER,FULL,1991-07-15,33,NULL,0,700000,36,3,0,0,7236,"2025-07-05 15:17:51"
25158090675,2025-07-02,CO-APPLICANT,FULL,1967-03-22,58,1992-01-10,33,700000,60,5,0,0,10598,"2025-07-05 15:17:41"
25158749154,2025-07-05,CUSTOMER,FULL,1985-01-01,40,NULL,0,445000,48,4,0,0,8617,"2025-07-05 15:17:40"
25157675267,2025-06-26,CUSTOMER,FULL,1993-12-27,31,NULL,-1,1000000,72,6,0,0,15576,"2025-07-05 15:17:15"
25158749223,2025-07-05,CUSTOMER,FULL,2007-03-11,18,1983-01-01,42,95000,24,2,0,0,632,"2025-07-05 15:16:51"
25158748692,2025-07-05,CUSTOMER,FULL,1998-01-01,27,NULL,0,250000,30,3,0,0,2251,"2025-07-05 15:16:49"
25158749363,2025-07-05,CUSTOMER,FULL,2001-02-28,24,NULL,0,500000,36,3,0,0,4083,"2025-07-05 15:16:16"
8800294237,2025-07-04,CUSTOMER,FULL,1982-08-09,42,NULL,-1,833000,60,5,0,0,19944,"2025-07-05 15:16:06"
8800203205,2025-07-05,CUSTOMER,FULL,1995-01-01,30,1998-01-01,27,200000,24,2,0,0,1459,"2025-07-05 15:15:54"
25158745610,2025-07-05,CUSTOMER,FULL,1983-04-10,42,1956-02-15,69,649000,83,7,0,0,24438,"2025-07-05 15:15:48"
25158746423,2025-07-05,CUSTOMER,FULL,1980-07-10,44,1982-08-11,42,800000,48,4,0,0,21552,"2025-07-05 15:15:36"
25158748817,2025-07-05,CUSTOMER,"PARTIAL TENURE",1970-01-01,55,NULL,0,700000,60,5,0,2,34073,"2025-07-05 15:15:20"
25158747427,2025-07-05,CUSTOMER,FULL,1993-01-01,32,NULL,0,365000,36,3,0,0,3661,"2025-07-05 15:15:06"
25158747104,2025-07-05,CUSTOMER,FULL,1977-01-01,48,NULL,0,780000,60,5,0,0,35933,"2025-07-05 15:14:46"
25158748059,2025-07-05,CUSTOMER,FULL,2001-08-16,23,1967-06-14,58,550000,60,5,0,0,6867,"2025-07-05 15:14:35"
25158741742,2025-07-04,CUSTOMER,FULL,1996-01-01,29,NULL,-1,265000,36,3,0,0,2343,"2025-07-05 15:14:22"
25157671831,2025-06-26,CUSTOMER,FULL,1998-04-08,27,NULL,-1,909000,72,6,0,0,13162,"2025-07-05 15:14:17"
25158748497,2025-07-05,CUSTOMER,FULL,1991-01-01,34,1987-04-15,38,798000,60,5,0,0,10773,"2025-07-05 15:14:03"
25158693235,2025-07-04,CUSTOMER,FULL,2001-01-07,24,NULL,-1,428000,60,5,0,0,5344,"2025-07-05 15:13:39"
8800152194,2025-07-02,CUSTOMER,FULL,1983-02-16,42,NULL,-1,456000,36,3,0,0,8292,"2025-07-05 15:13:25"
8800294921,2025-06-23,CUSTOMER,FULL,2001-11-02,23,NULL,-1,176837,36,3,0,0,1430,"2025-07-05 15:12:24"
8800233388,2025-07-05,CUSTOMER,FULL,1986-09-07,38,NULL,0,460000,36,3,0,0,6264,"2025-07-05 15:12:06"
25158748883,2025-07-05,CUSTOMER,FULL,1999-10-04,25,1972-01-01,53,580000,48,4,0,0,6174,"2025-07-05 15:12:04"
25158043107,2025-07-02,CUSTOMER,FULL,2003-05-07,22,1980-01-01,45,400000,48,4,0,0,4258,"2025-07-05 15:11:37"
8800225610,2025-07-05,CUSTOMER,FULL,1986-04-30,39,NULL,0,1350000,60,5,0,0,26189,"2025-07-05 15:11:24"
25158749250,2025-07-05,CUSTOMER,FULL,1992-01-01,33,NULL,0,730000,60,5,0,0,9510,"2025-07-05 15:11:22"
25158749147,2025-07-05,CUSTOMER,"PARTIAL FINANCE AMOUNT",1963-01-01,62,1968-01-01,57,750000,59,5,562500,0,80049,"2025-07-05 15:10:13"
25158098699,2025-07-02,CUSTOMER,FULL,1986-06-18,39,1954-07-01,71,525000,48,4,0,0,9175,"2025-07-05 15:10:12"
25158060944,2025-07-02,CUSTOMER,FULL,1992-06-11,33,1970-06-01,55,959000,60,5,0,0,12494,"2025-07-05 15:10:06"
25158661254,2025-07-04,CUSTOMER,FULL,1996-07-07,28,1963-01-01,62,500000,48,4,0,0,5440,"2025-07-05 15:10:06"
8800394138,2025-07-04,CUSTOMER,FULL,1987-09-16,37,1996-02-10,29,850000,60,5,0,0,14674,"2025-07-05 15:09:49"
25158746855,2025-07-05,CUSTOMER,FULL,1981-10-07,43,2001-03-04,24,932000,48,4,0,0,22952,"2025-07-05 15:09:09"
8800353856,2025-06-30,CUSTOMER,FULL,1996-05-19,29,NULL,-1,720000,48,4,0,0,7978,"2025-07-05 15:08:38"
25158039169,2025-07-02,CO-APPLICANT,FULL,2000-01-01,25,1999-04-09,26,753000,60,5,0,0,9446,"2025-07-05 15:07:54"
8800400727,2025-07-04,CUSTOMER,FULL,1981-01-01,44,1983-01-01,42,400000,48,4,0,0,9497,"2025-07-05 15:07:50"
8800383751,2025-07-03,CUSTOMER,FULL,1980-06-01,45,NULL,-1,400000,48,4,0,0,11744,"2025-07-05 15:07:22"
25158131602,2025-07-02,CO-APPLICANT,FULL,2000-01-01,25,1985-08-02,39,1550000,60,5,0,0,30069,"2025-07-05 15:06:56"
25158313364,2025-07-03,CUSTOMER,FULL,2000-12-01,24,1970-03-05,55,980000,60,5,0,0,10547,"2025-07-05 15:06:38"
8800375940,2025-07-05,CUSTOMER,FULL,1992-02-03,33,NULL,0,226650,60,5,0,0,2953,"2025-07-05 15:05:55"
25158748911,2025-07-05,CUSTOMER,FULL,1986-01-01,39,1977-01-01,48,550000,47,4,0,0,9917,"2025-07-05 15:05:51"
25158055311,2025-07-02,CUSTOMER,FULL,2001-04-07,24,1976-06-01,49,725000,60,5,0,0,7803,"2025-07-05 15:05:39"
8800206191,2025-07-02,CUSTOMER,FULL,1994-06-26,31,NULL,-1,750000,84,7,0,0,13930,"2025-07-05 15:05:36"
25157585836,2025-06-19,CUSTOMER,FULL,1985-08-20,39,NULL,-1,250000,36,3,0,0,3608,"2025-07-05 15:05:16"
25158749055,2025-07-05,CUSTOMER,FULL,1975-01-01,50,NULL,0,80000,24,2,0,0,2457,"2025-07-05 15:05:08"
25157923020,2025-06-30,CUSTOMER,FULL,1987-09-13,37,1995-07-25,29,540000,54,5,0,0,9323,"2025-07-05 15:05:01"
25157930031,2025-06-30,CUSTOMER,FULL,1986-10-01,38,1991-01-11,34,2300000,58,5,0,0,44402,"2025-07-05 15:04:38"
8800146625,2025-06-30,CUSTOMER,FULL,1986-06-25,39,1955-04-13,70,850000,60,5,0,0,18426,"2025-07-05 15:04:13"
25158746999,2025-07-05,CUSTOMER,FULL,1968-08-01,56,1980-01-01,45,305000,48,4,0,0,23664,"2025-07-05 15:04:01"
8800016581,2025-06-16,CUSTOMER,FULL,1998-09-15,26,NULL,-1,900000,72,6,0,0,13010,"2025-07-05 15:03:59"
25158128329,2025-07-02,CUSTOMER,FULL,1993-08-07,31,NULL,-1,340000,36,3,0,0,3258,"2025-07-05 15:03:58"
25158135805,2025-07-02,CUSTOMER,FULL,1995-01-01,30,NULL,-1,330000,48,4,0,0,3443,"2025-07-05 15:03:42"
25157931713,2025-06-30,CUSTOMER,FULL,2002-07-17,22,1983-06-01,42,990000,60,5,0,0,10491,"2025-07-05 15:03:40"
25157927553,2025-06-30,CUSTOMER,FULL,1970-05-12,55,NULL,-1,330000,48,4,0,0,22913,"2025-07-05 15:03:13"
25158311226,2025-07-03,CUSTOMER,FULL,1988-05-20,37,NULL,-1,980000,48,4,0,0,14490,"2025-07-05 15:01:58"
25157953712,2025-07-01,CUSTOMER,FULL,1996-10-08,28,1970-01-01,55,280000,36,3,0,0,2442,"2025-07-05 15:01:51"
25157594297,2025-06-20,CUSTOMER,FULL,1982-01-12,43,NULL,-1,936000,84,7,0,0,35808,"2025-07-05 15:00:52"
25158748655,2025-07-05,CUSTOMER,FULL,1994-05-05,31,NULL,0,710000,60,5,0,0,9895,"2025-07-05 15:00:47"
25158730748,2025-07-04,CUSTOMER,FULL,1981-02-15,44,NULL,-1,397000,60,5,0,0,12967,"2025-07-05 14:59:54"
25158734324,2025-07-04,CUSTOMER,FULL,1994-03-10,31,NULL,-1,355000,48,4,0,0,4164,"2025-07-05 14:59:39"
25158747122,2025-07-05,CUSTOMER,FULL,1999-07-08,25,NULL,0,135000,48,4,0,0,1410,"2025-07-05 14:59:23"
25157659742,2025-06-25,CUSTOMER,FULL,1983-01-01,42,1997-01-01,28,468000,45,4,0,0,10587,"2025-07-05 14:59:17"
25158748858,2025-07-05,CUSTOMER,FULL,1984-02-28,41,NULL,0,250000,30,3,0,0,3906,"2025-07-05 14:58:59"
25157661542,2025-06-25,CUSTOMER,FULL,1992-12-25,32,1983-01-01,42,304000,36,3,0,0,2838,"2025-07-05 14:58:56"
25158713068,2025-07-04,CUSTOMER,FULL,1989-09-10,35,1992-01-20,33,1000000,60,5,0,0,14066,"2025-07-05 14:58:45"
8800333168,2025-07-03,CUSTOMER,FULL,1986-01-01,39,1963-01-01,62,200000,24,2,0,0,2129,"2025-07-05 14:58:06"
8800427276,2025-07-04,CUSTOMER,FULL,1996-11-22,28,NULL,-1,348000,48,4,0,0,3528,"2025-07-05 14:58:02"
8800126281,2025-07-04,CUSTOMER,FULL,1988-05-25,37,NULL,-1,300000,18,2,0,0,2832,"2025-07-05 14:57:50"
25157811249,2025-06-29,CUSTOMER,FULL,1980-01-01,45,NULL,-1,650000,60,5,0,0,23386,"2025-07-05 14:57:38"
25157699182,2025-06-28,CUSTOMER,FULL,1993-08-02,31,NULL,-1,500000,36,3,0,0,4791,"2025-07-05 14:56:26"
8800343398,2025-07-05,CUSTOMER,FULL,1992-07-04,33,NULL,0,250000,30,3,0,0,2599,"2025-07-05 14:56:25"
25158748720,2025-07-05,CUSTOMER,FULL,1979-01-01,46,1972-05-03,53,935000,72,6,0,0,42169,"2025-07-05 14:55:39"
25158171076,2025-07-02,CUSTOMER,FULL,2001-02-20,24,1970-01-01,55,790000,60,5,0,0,8502,"2025-07-05 14:54:40"
8800361735,2025-07-05,CUSTOMER,FULL,1983-01-19,42,NULL,0,980000,60,5,0,0,26794,"2025-07-05 14:53:15"
25155322131,2025-07-01,CUSTOMER,FULL,1983-01-01,42,NULL,-1,400000,48,4,0,0,9049,"2025-07-05 14:53:07"
25158332944,2025-07-03,CUSTOMER,FULL,1985-01-01,40,2004-01-01,21,800000,60,5,0,0,16530,"2025-07-05 14:53:07"
25158403426,2025-07-03,CUSTOMER,FULL,1994-10-10,30,NULL,-1,404100,36,3,0,0,3763,"2025-07-05 14:52:53"
8800151279,2025-06-10,CUSTOMER,FULL,1994-07-10,30,1984-11-02,40,425000,47,4,0,0,4785,"2025-07-05 14:52:49"
8800240363,2025-07-05,CUSTOMER,FULL,1983-12-05,41,1978-01-01,47,380000,48,4,0,0,7740,"2025-07-05 14:52:25"
25158748885,2025-07-05,CUSTOMER,FULL,1977-01-01,48,NULL,0,580000,48,4,0,0,23188,"2025-07-05 14:52:08"
25158671448,2025-07-04,CUSTOMER,FULL,2005-04-20,20,NULL,-1,100000,22,2,0,0,691,"2025-07-05 14:51:55"
25158748409,2025-07-05,CUSTOMER,FULL,1996-06-28,29,1974-11-07,50,430000,60,5,0,0,5501,"2025-07-05 14:50:33"
25157564914,2025-06-18,CUSTOMER,FULL,1987-07-07,37,NULL,-1,500000,48,4,0,0,7895,"2025-07-05 14:50:20"
8800389577,2025-07-05,CUSTOMER,FULL,1979-07-09,45,1981-06-12,44,939000,60,5,0,0,29042,"2025-07-05 14:50:10"
8800339445,2025-07-04,CUSTOMER,FULL,1987-01-01,38,NULL,-1,579500,60,5,0,0,11721,"2025-07-05 14:50:00"
25158399873,2025-07-05,CUSTOMER,FULL,1992-07-09,32,1963-06-28,62,550000,60,5,0,0,7970,"2025-07-05 14:49:59"
25158747946,2025-07-05,CUSTOMER,FULL,1992-01-01,33,1975-01-01,50,572000,48,4,0,0,7263,"2025-07-05 14:49:27"
8800336050,2025-07-05,CUSTOMER,FULL,1994-02-03,31,1966-03-02,59,407200,24,2,0,0,3052,"2025-07-05 14:48:50"
25157921492,2025-06-30,CUSTOMER,FULL,2006-12-03,18,2004-11-12,20,330000,36,3,0,0,2446,"2025-07-05 14:48:31"
25157607405,2025-06-20,CUSTOMER,FULL,1976-01-03,49,NULL,-1,90000,24,2,0,0,2477,"2025-07-05 14:48:04"
8800310073,2025-07-05,CUSTOMER,FULL,1978-05-02,47,NULL,0,350000,60,5,0,0,15046,"2025-07-05 14:47:42"
25158747534,2025-07-05,CUSTOMER,FULL,2000-06-14,25,NULL,0,530000,48,4,0,0,5642,"2025-07-05 14:47:40"
8800279140,2025-07-04,CUSTOMER,FULL,1975-01-01,50,NULL,-1,600000,60,5,0,0,34501,"2025-07-05 14:47:16"
25158744689,2025-07-05,CUSTOMER,FULL,2002-08-02,22,NULL,0,550000,48,4,0,0,5854,"2025-07-05 14:47:08"
25158747005,2025-07-05,CO-APPLICANT,FULL,1968-01-01,57,1985-08-15,39,390000,36,3,0,0,5679,"2025-07-05 14:47:00"
25158592465,2025-07-03,CUSTOMER,FULL,1997-11-09,27,NULL,-1,265000,36,3,0,0,2386,"2025-07-05 14:46:56"
25158748954,2025-07-05,CUSTOMER,FULL,1996-07-03,29,NULL,0,900000,36,3,0,0,7955,"2025-07-05 14:45:07"
8800382585,2025-07-05,CUSTOMER,FULL,1995-01-01,30,NULL,0,316000,36,3,0,0,2834,"2025-07-05 14:45:00"
25158748847,2025-07-05,CUSTOMER,FULL,1995-01-01,30,1949-01-01,76,600000,60,5,0,0,8093,"2025-07-05 14:44:49"
25157591023,2025-06-19,CUSTOMER,FULL,1993-02-12,32,1999-01-01,26,490000,47,4,0,0,5962,"2025-07-05 14:44:08"
8800261061,2025-07-04,CUSTOMER,FULL,1997-08-15,27,1973-05-18,52,820000,60,5,0,0,10093,"2025-07-05 14:43:52"
25158399867,2025-07-03,CUSTOMER,FULL,2002-06-04,23,NULL,-1,959600,72,6,0,0,12728,"2025-07-05 14:43:31"
8800377904,2025-07-05,CUSTOMER,FULL,1991-04-03,34,NULL,0,900000,84,7,0,0,17513,"2025-07-05 14:42:46"
25157923380,2025-06-30,CUSTOMER,FULL,1993-08-09,31,1967-01-01,58,790000,48,4,0,0,8418,"2025-07-05 14:42:27"
8800173661,2025-07-05,CUSTOMER,FULL,1976-06-01,49,NULL,0,320000,36,3,0,0,11517,"2025-07-05 14:42:09"
25158666329,2025-07-04,CUSTOMER,FULL,1992-01-01,33,NULL,-1,500000,54,5,0,0,7287,"2025-07-05 14:41:20"
25157927543,2025-06-30,CUSTOMER,FULL,1991-03-06,34,NULL,-1,500000,48,4,0,0,5818,"2025-07-05 14:41:18"
25158745794,2025-07-05,CUSTOMER,FULL,1995-02-21,30,1974-01-15,51,1670000,84,7,0,0,28397,"2025-07-05 14:41:01"
25158466798,2025-07-03,CUSTOMER,FULL,1991-01-16,34,NULL,-1,930000,60,5,0,0,12555,"2025-07-05 14:40:48"
25157574871,2025-06-18,CUSTOMER,FULL,1989-03-01,36,1984-03-01,41,296000,41,4,0,0,4167,"2025-07-05 14:40:39"
25158748146,2025-07-05,CUSTOMER,FULL,1995-07-02,30,NULL,0,830000,60,5,0,0,11195,"2025-07-05 14:40:35"
8800127875,2025-07-03,CUSTOMER,FULL,1996-10-04,28,1970-04-25,55,391000,60,5,0,0,4900,"2025-07-05 14:40:34"
25157686083,2025-06-27,CO-APPLICANT,FULL,1974-12-02,50,1993-10-30,31,2000000,60,5,0,0,24497,"2025-07-05 14:40:28"
25158746433,2025-07-05,CUSTOMER,FULL,1991-01-01,34,1984-12-27,40,550000,48,4,0,0,6400,"2025-07-05 14:40:28"
25158725171,2025-07-04,CUSTOMER,FULL,1988-08-10,36,1953-01-01,72,800000,59,5,0,0,13566,"2025-07-05 14:39:47"
25157973213,2025-07-01,CUSTOMER,FULL,1988-07-05,36,1989-07-04,35,100000,18,2,0,0,897,"2025-07-05 14:38:42"
25158748768,2025-07-05,CUSTOMER,FULL,1990-02-13,35,1990-01-01,35,480000,48,4,0,0,6735,"2025-07-05 14:38:38"
25157667144,2025-06-25,CUSTOMER,FULL,1996-09-15,28,1998-05-24,27,1500000,48,4,0,0,16196,"2025-07-05 14:38:26"
8800272774,2025-06-25,CUSTOMER,FULL,1993-01-01,32,NULL,-1,850000,60,5,0,0,11896,"2025-07-05 14:38:25"
25158748025,2025-07-05,CUSTOMER,FULL,1982-07-24,42,NULL,0,200000,36,3,0,0,3637,"2025-07-05 14:38:17"
25158746071,2025-07-05,CUSTOMER,FULL,1985-03-05,40,NULL,0,662700,60,5,0,0,15460,"2025-07-05 14:37:47"
25158746249,2025-07-05,CUSTOMER,FULL,1992-01-01,33,NULL,0,100000,23,2,0,0,790,"2025-07-05 14:37:06"
25158748487,2025-07-05,CUSTOMER,FULL,1991-07-06,33,NULL,0,650000,84,7,0,0,13208,"2025-07-05 14:37:01"
25158748557,2025-07-05,CUSTOMER,FULL,1989-07-13,35,1996-03-26,29,280000,36,3,0,0,3189,"2025-07-05 14:37:00"
8800277454,2025-07-05,CUSTOMER,FULL,1987-05-16,38,NULL,0,600000,60,5,0,0,12136,"2025-07-05 14:36:31"
8800112214,2025-07-05,CUSTOMER,FULL,1989-01-03,36,NULL,0,450000,36,3,0,0,5353,"2025-07-05 14:35:56"
25157337482,2025-06-06,CUSTOMER,FULL,1988-01-01,37,NULL,-1,317000,42,4,0,0,4687,"2025-07-05 14:35:52"
25157441402,2025-06-10,CUSTOMER,FULL,1992-04-12,33,1994-01-01,31,784000,60,5,0,0,10214,"2025-07-05 14:35:26"
25157592458,2025-06-19,CUSTOMER,FULL,1988-11-03,36,1961-04-26,64,1250000,60,5,0,0,22243,"2025-07-05 14:35:14"
8800092785,2025-07-04,CUSTOMER,FULL,1992-05-21,33,1980-01-01,45,456500,54,5,0,0,5947,"2025-07-05 14:35:10"
25158748572,2025-07-05,CUSTOMER,FULL,1994-11-27,30,1970-08-07,54,506500,60,5,0,0,6832,"2025-07-05 14:34:57"
25158748548,2025-07-05,CUSTOMER,FULL,1990-06-18,35,NULL,0,200000,23,2,0,0,1704,"2025-07-05 14:34:55"
25158094717,2025-07-02,CUSTOMER,FULL,2004-02-28,21,1978-01-01,47,310000,36,3,0,0,2455,"2025-07-05 14:34:50"
25158748043,2025-07-05,CUSTOMER,FULL,1990-01-01,35,1962-01-01,63,398500,36,3,0,0,4538,"2025-07-05 14:34:45"
25157683874,2025-06-27,CUSTOMER,FULL,1989-06-28,35,NULL,-1,950000,84,7,0,0,21535,"2025-07-05 14:34:25"
8800155268,2025-06-30,CUSTOMER,FULL,2003-08-01,21,1967-06-05,58,300000,24,2,0,0,1780,"2025-07-05 14:33:42"
25157620480,2025-06-21,CUSTOMER,FULL,1991-05-03,34,NULL,-1,700000,60,5,0,0,11135,"2025-07-05 14:33:34"
25158746797,2025-07-05,CUSTOMER,FULL,1973-01-01,52,NULL,0,450000,60,5,0,0,31154,"2025-07-05 14:31:50"
25158039098,2025-07-02,CUSTOMER,FULL,1997-05-03,28,1965-01-01,60,450000,60,5,0,0,5783,"2025-07-05 14:31:40"
8800386825,2025-07-05,CUSTOMER,FULL,1992-05-10,33,NULL,0,590000,60,5,0,0,8933,"2025-07-05 14:31:34"
25158746062,2025-07-05,CUSTOMER,FULL,2000-06-10,25,NULL,0,300000,24,2,0,0,2089,"2025-07-05 14:31:20"
8800251599,2025-06-27,CUSTOMER,FULL,1988-07-01,36,1988-02-16,37,660000,60,5,0,0,11745,"2025-07-05 14:31:12"
8800200568,2025-07-05,CUSTOMER,FULL,1991-01-01,34,1983-01-01,42,342000,36,3,0,0,3701,"2025-07-05 14:30:07"
25157569348,2025-06-18,CUSTOMER,FULL,1967-01-22,58,NULL,-1,450000,35,3,0,0,34266,"2025-07-05 14:29:58"
25158140512,2025-07-02,CUSTOMER,FULL,2001-10-10,23,1980-07-07,44,2000000,60,5,0,0,21335,"2025-07-05 14:29:43"
8800245042,2025-06-30,CUSTOMER,FULL,1984-08-02,40,NULL,-1,500000,60,5,0,0,10331,"2025-07-05 14:29:31"
8800396726,2025-07-04,CUSTOMER,FULL,1986-02-20,39,NULL,-1,1000000,36,3,0,0,13830,"2025-07-05 14:29:11"
25158748798,2025-07-05,CUSTOMER,FULL,1993-06-06,32,NULL,0,750000,60,5,0,0,9452,"2025-07-05 14:28:58"
8800136340,2025-07-05,CUSTOMER,FULL,1986-07-15,38,NULL,0,200000,24,2,0,0,2110,"2025-07-05 14:28:16"
8800225762,2025-07-05,CUSTOMER,FULL,1993-11-20,31,NULL,0,568000,60,5,0,0,7916,"2025-07-05 14:27:38"
25158748562,2025-07-05,CUSTOMER,FULL,1994-01-02,31,1987-09-28,37,700000,72,6,0,0,11350,"2025-07-05 14:27:33"
8800303646,2025-07-04,CUSTOMER,FULL,2004-02-20,21,1982-01-01,43,970000,60,5,0,0,10142,"2025-07-05 14:27:14"
8800233115,2025-07-03,CUSTOMER,FULL,1992-09-14,32,NULL,-1,1469000,36,3,0,0,13712,"2025-07-05 14:27:07"
25158714534,2025-07-04,CUSTOMER,FULL,1999-12-03,25,NULL,-1,283000,48,4,0,0,2689,"2025-07-05 14:26:54"
8800042296,2025-06-13,CUSTOMER,FULL,1994-02-05,31,NULL,-1,900000,48,4,0,0,10557,"2025-07-05 14:26:49"
25157828686,2025-06-29,CUSTOMER,FULL,1990-01-01,35,1963-01-01,62,1150000,48,4,0,0,13910,"2025-07-05 14:26:47"
25157928289,2025-06-30,CUSTOMER,FULL,1992-03-09,33,NULL,-1,455500,48,4,0,0,5784,"2025-07-05 14:26:22"
25158293201,2025-07-03,CUSTOMER,FULL,2001-12-15,23,NULL,-1,995000,60,5,0,0,10614,"2025-07-05 14:26:14"
25157679025,2025-06-26,CUSTOMER,FULL,1981-01-01,44,NULL,-1,570000,48,4,0,0,15356,"2025-07-05 14:26:06"
8800184018,2025-07-05,CUSTOMER,FULL,1998-01-01,27,1975-01-01,50,280000,30,3,0,0,2521,"2025-07-05 14:25:58"
25158718122,2025-07-04,CUSTOMER,FULL,1993-06-12,32,NULL,-1,500000,48,4,0,0,6083,"2025-07-05 14:25:22"
25158748442,2025-07-05,CUSTOMER,FULL,2000-05-21,25,NULL,0,150000,24,2,0,0,1092,"2025-07-05 14:25:17"
8800199615,2025-07-03,CUSTOMER,FULL,1998-02-10,27,NULL,-1,525000,36,3,0,0,4641,"2025-07-05 14:24:48"
25158748356,2025-07-05,CUSTOMER,FULL,1990-01-01,35,NULL,0,450000,36,3,0,0,5125,"2025-07-05 14:24:41"
8800031450,2025-07-04,CUSTOMER,"PARTIAL TENURE",1974-04-10,51,NULL,-1,1740000,35,3,0,2,45372,"2025-07-05 14:24:24"
25157605761,2025-06-20,CUSTOMER,FULL,1990-01-01,35,NULL,-1,675000,60,5,0,0,11327,"2025-07-05 14:24:11"
8800285675,2025-07-05,CUSTOMER,FULL,2000-05-05,25,NULL,0,500000,48,4,0,0,5322,"2025-07-05 14:24:03"
8800012542,2025-07-05,CUSTOMER,FULL,1998-07-11,26,NULL,0,1307200,84,7,0,0,20840,"2025-07-05 14:24:01"
8800385684,2025-07-04,CUSTOMER,FULL,1977-03-03,48,1984-01-01,41,300000,36,3,0,0,9686,"2025-07-05 14:23:44"
25157636973,2025-06-23,CUSTOMER,FULL,1977-04-03,48,NULL,-1,258000,41,4,0,0,9937,"2025-07-05 14:22:51"
25158353708,2025-07-03,CUSTOMER,FULL,1988-05-10,37,1991-02-05,34,200000,48,4,0,0,3052,"2025-07-05 14:22:49"
25158745767,2025-07-05,CUSTOMER,FULL,1982-11-23,42,NULL,0,190000,48,4,0,0,4213,"2025-07-05 14:22:48"
25158747763,2025-07-05,CUSTOMER,FULL,1977-05-21,48,NULL,0,1564800,60,5,0,0,72086,"2025-07-05 14:22:24"
25158686025,2025-07-04,CUSTOMER,FULL,2001-02-14,24,2004-01-01,21,500000,36,3,0,0,4402,"2025-07-05 14:22:13"
25158076265,2025-07-03,CUSTOMER,FULL,1991-01-01,34,NULL,-1,519000,48,4,0,0,6909,"2025-07-05 14:21:32"
25158748376,2025-07-05,CUSTOMER,FULL,1972-06-01,53,1997-06-10,28,300000,24,2,0,0,12408,"2025-07-05 14:21:28"
25158745024,2025-07-05,CUSTOMER,FULL,1999-03-05,26,NULL,0,500000,48,4,0,0,5328,"2025-07-05 14:21:05"
25157445132,2025-06-10,CUSTOMER,FULL,1998-01-01,27,NULL,-1,835000,60,5,0,0,10573,"2025-07-05 14:20:50"
25157685117,2025-06-27,CUSTOMER,FULL,2001-12-20,23,NULL,-1,294000,36,3,0,0,2377,"2025-07-05 14:20:49"
25158748392,2025-07-05,CUSTOMER,FULL,1986-10-10,38,NULL,0,707000,48,4,0,0,11905,"2025-07-05 14:20:48"
8800339444,2025-07-04,CUSTOMER,FULL,2003-01-01,22,1950-01-01,75,610000,60,5,0,0,7616,"2025-07-05 14:20:28"
25158554698,2025-07-03,CUSTOMER,FULL,1995-06-04,30,1984-06-07,41,990000,60,5,0,0,11881,"2025-07-05 14:19:20"
25157531170,2025-06-15,CUSTOMER,FULL,1986-01-01,39,NULL,-1,1016000,36,3,0,0,14051,"2025-07-05 14:19:02"
25158662073,2025-07-04,CUSTOMER,FULL,1975-04-08,50,NULL,-1,410000,60,5,0,0,23576,"2025-07-05 14:18:55"
25157949912,2025-07-01,CUSTOMER,FULL,1982-01-01,43,NULL,-1,695000,72,6,0,0,24571,"2025-07-05 14:18:42"
8800345920,2025-07-05,CUSTOMER,FULL,1998-08-30,26,1965-01-26,60,500000,60,5,0,0,6272,"2025-07-05 14:18:04"
8800395702,2025-07-03,CUSTOMER,FULL,1978-01-01,47,1973-01-01,52,940000,48,4,0,0,32922,"2025-07-05 14:17:05"
25158680826,2025-07-04,CUSTOMER,FULL,1997-05-15,28,1969-10-06,55,650000,60,5,0,0,8353,"2025-07-05 14:17:05"
8800377484,2025-07-05,CUSTOMER,FULL,1993-07-10,31,NULL,0,465000,48,4,0,0,5383,"2025-07-05 14:16:58"
25158314886,2025-07-03,CUSTOMER,FULL,1994-01-01,31,1973-01-01,52,860000,84,7,0,0,14999,"2025-07-05 14:16:53"
8800306387,2025-07-05,CUSTOMER,FULL,1988-01-01,37,NULL,0,360000,48,4,0,0,5493,"2025-07-05 14:16:46"
25158746633,2025-07-05,CUSTOMER,FULL,1993-07-01,32,NULL,0,400000,36,3,0,0,4012,"2025-07-05 14:16:31"
8800283920,2025-07-05,CUSTOMER,FULL,1984-05-06,41,NULL,0,400000,36,3,0,0,6698,"2025-07-05 14:15:50"
8800336412,2025-06-21,CUSTOMER,FULL,1993-01-01,32,2005-01-01,20,650000,60,5,0,0,9419,"2025-07-05 14:15:48"
25158718118,2025-07-05,CUSTOMER,FULL,1977-10-11,47,NULL,0,550000,60,5,0,0,23760,"2025-07-05 14:15:36"
25158746640,2025-07-05,CUSTOMER,FULL,1997-04-13,28,NULL,0,165000,24,2,0,0,1192,"2025-07-05 14:15:36"
25158669983,2025-07-04,CUSTOMER,FULL,1988-01-16,37,NULL,-1,711000,48,4,0,0,11226,"2025-07-05 14:14:54"
25158739900,2025-07-04,CUSTOMER,FULL,2007-03-11,18,1983-01-01,42,250000,36,3,0,0,2116,"2025-07-05 14:14:34"
8800361331,2025-07-05,CUSTOMER,FULL,1988-01-01,37,NULL,0,215000,42,4,0,0,3395,"2025-07-05 14:13:28"
25158747491,2025-07-05,CUSTOMER,FULL,1977-01-01,48,NULL,0,820000,60,5,0,0,38917,"2025-07-05 14:13:04"
25158742307,2025-07-04,CUSTOMER,FULL,1978-09-06,46,NULL,-1,350000,48,4,0,0,11354,"2025-07-05 14:12:57"
25158741301,2025-07-04,CUSTOMER,FULL,1980-07-12,44,NULL,-1,775000,60,5,0,0,21894,"2025-07-05 14:12:44"
8800089474,2025-07-02,CUSTOMER,FULL,1986-01-01,39,NULL,-1,1600000,48,4,0,0,26414,"2025-07-05 14:12:07"
8800229452,2025-07-04,CUSTOMER,FULL,1997-01-01,28,1995-01-01,30,332000,42,4,0,0,3366,"2025-07-05 14:11:49"
8800311232,2025-06-19,CUSTOMER,FULL,1994-11-20,30,2004-04-13,21,800000,48,4,0,0,9091,"2025-07-05 14:11:36"
8800241054,2025-06-16,CUSTOMER,FULL,1980-09-01,44,NULL,-1,250000,60,5,0,0,7977,"2025-07-05 14:11:03"
25158748136,2025-07-05,CUSTOMER,FULL,1983-04-15,42,NULL,0,514500,36,3,0,0,9362,"2025-07-05 14:10:54"
25158743791,2025-07-05,CUSTOMER,FULL,1981-09-17,43,1993-12-18,31,700000,60,5,0,0,20865,"2025-07-05 14:10:45"
8800306874,2025-07-05,CUSTOMER,FULL,1989-09-19,35,NULL,0,656000,72,6,0,0,12897,"2025-07-05 14:10:26"
8800368633,2025-07-05,CUSTOMER,FULL,1986-06-12,39,NULL,0,300000,36,3,0,0,4149,"2025-07-05 14:10:23"
25158745600,2025-07-05,CUSTOMER,FULL,1996-01-29,29,NULL,0,200000,18,2,0,0,1428,"2025-07-05 14:10:03"
25158748212,2025-07-05,CUSTOMER,FULL,1999-09-06,25,NULL,0,542000,47,4,0,0,5769,"2025-07-05 14:09:50"
25158746767,2025-07-05,CUSTOMER,FULL,1967-03-15,58,1968-01-22,57,200000,30,3,0,0,14713,"2025-07-05 14:09:48"
25158746324,2025-07-05,CUSTOMER,FULL,2004-04-07,21,NULL,0,350000,36,3,0,0,3081,"2025-07-05 14:09:44"
25158747775,2025-07-05,CUSTOMER,FULL,1997-06-18,28,NULL,0,600000,60,5,0,0,7711,"2025-07-05 14:09:22"
8800276801,2025-06-24,CUSTOMER,FULL,1995-10-26,29,NULL,-1,800000,60,5,0,0,10498,"2025-07-05 14:09:18"
8800089038,2025-07-05,CUSTOMER,FULL,1983-07-04,42,NULL,0,230000,24,2,0,0,2865,"2025-07-05 14:09:02"
25158748462,2025-07-05,CUSTOMER,FULL,1981-01-01,44,NULL,0,350000,36,3,0,0,7554,"2025-07-05 14:08:56"
25157798412,2025-06-29,CUSTOMER,FULL,1986-01-05,39,NULL,-1,300000,36,3,0,0,4369,"2025-07-05 14:08:53"
25158744627,2025-07-05,CUSTOMER,FULL,1974-01-25,51,NULL,0,280000,24,2,0,0,9582,"2025-07-05 14:08:46"
8800199631,2025-07-01,CUSTOMER,FULL,1996-04-07,29,1973-02-02,52,300000,48,4,0,0,3325,"2025-07-05 14:08:42"
25157678488,2025-06-26,CUSTOMER,FULL,1991-01-01,34,1990-01-01,35,856000,60,5,0,0,11556,"2025-07-05 14:08:40"
25158069377,2025-07-02,CUSTOMER,FULL,1977-02-22,48,NULL,-1,515000,60,5,0,0,24442,"2025-07-05 14:08:13"
25157637226,2025-06-23,CUSTOMER,FULL,1978-01-01,47,NULL,-1,329000,36,3,0,0,9543,"2025-07-05 14:08:07"
25158741856,2025-07-04,CUSTOMER,FULL,1995-06-22,30,1968-10-03,56,312000,48,4,0,0,3255,"2025-07-05 14:07:49"
25158071979,2025-07-02,CUSTOMER,FULL,1991-06-14,34,NULL,-1,600000,84,7,0,0,11675,"2025-07-05 14:07:36"
8800115236,2025-07-05,CUSTOMER,FULL,1998-04-16,27,1966-03-05,59,290000,36,3,0,0,2611,"2025-07-05 14:07:34"
25158740012,2025-07-04,CUSTOMER,FULL,2001-01-15,24,1968-12-28,56,516000,36,3,0,0,4543,"2025-07-05 14:07:15"
8800156711,2025-07-05,CUSTOMER,"PARTIAL FINANCE AMOUNT",1973-01-01,52,NULL,0,400000,24,2,200000,0,7583,"2025-07-05 14:07:13"
25158745009,2025-07-05,CUSTOMER,FULL,1984-01-01,41,NULL,0,149000,24,2,0,0,1933,"2025-07-05 14:07:12"
25158747968,2025-07-05,CO-APPLICANT,FULL,1970-01-01,55,2002-01-01,23,630000,54,5,0,0,7866,"2025-07-05 14:06:37"
25158747986,2025-07-05,CUSTOMER,FULL,1998-08-05,26,NULL,0,1500000,60,5,0,0,17046,"2025-07-05 14:06:09"
8800350751,2025-07-04,CUSTOMER,FULL,1995-05-19,30,1960-02-06,65,146000,42,4,0,0,1644,"2025-07-05 14:05:46"
8800379079,2025-07-04,CUSTOMER,FULL,1995-04-11,30,1993-01-01,32,400000,48,4,0,0,4503,"2025-07-05 14:04:45"
8800268084,2025-07-05,CUSTOMER,FULL,1999-05-15,26,NULL,0,200000,24,2,0,0,1465,"2025-07-05 14:04:28"
25158745478,2025-07-05,CUSTOMER,FULL,1996-01-01,29,2000-01-01,25,1020000,60,5,0,0,12024,"2025-07-05 14:03:35"
25158038722,2025-07-02,CUSTOMER,FULL,1995-03-12,30,1988-11-20,36,300000,36,3,0,0,2794,"2025-07-05 14:03:33"
25158339522,2025-07-03,CUSTOMER,FULL,1973-01-01,52,NULL,-1,430000,60,5,0,0,29770,"2025-07-05 14:03:23"
8800336734,2025-06-27,CUSTOMER,FULL,1985-01-01,40,1987-01-01,38,158800,24,2,0,0,1931,"2025-07-05 14:03:23"
25158739272,2025-07-04,CUSTOMER,FULL,1997-02-01,28,NULL,-1,313000,48,4,0,0,3173,"2025-07-05 14:03:18"
25158748345,2025-07-05,CUSTOMER,FULL,1988-01-01,37,NULL,0,600000,60,5,0,0,11364,"2025-07-05 14:02:53"
8800392488,2025-07-03,CUSTOMER,"PARTIAL TENURE",1973-01-01,52,NULL,-1,350000,42,4,0,2,13270,"2025-07-05 14:02:41"
8800343369,2025-07-05,CUSTOMER,FULL,1976-10-10,48,NULL,0,500000,60,5,0,0,23730,"2025-07-05 14:02:15"
8800136197,2025-07-04,CUSTOMER,FULL,1996-11-29,28,NULL,-1,530000,60,5,0,0,6811,"2025-07-05 14:01:50"
8800202989,2025-07-04,CUSTOMER,FULL,1973-02-13,52,NULL,-1,290000,24,2,0,0,8291,"2025-07-05 14:01:40"
25158657659,2025-07-04,CUSTOMER,FULL,2003-08-09,21,1993-05-17,32,930000,84,7,0,0,15024,"2025-07-05 14:01:37"
25158076394,2025-07-02,CUSTOMER,FULL,1995-01-01,30,NULL,-1,350000,48,4,0,0,3941,"2025-07-05 14:01:36"
25157918855,2025-06-30,CUSTOMER,FULL,1982-10-10,42,1983-05-22,42,930000,60,5,0,0,22267,"2025-07-05 14:01:31"
25158747184,2025-07-05,CUSTOMER,FULL,1991-06-01,34,NULL,0,220000,36,3,0,0,2181,"2025-07-05 14:00:38"
25158748070,2025-07-05,CUSTOMER,FULL,1989-08-10,35,NULL,0,576000,42,4,0,0,8082,"2025-07-05 13:59:54"
8800178587,2025-07-04,CUSTOMER,FULL,1992-01-06,33,NULL,-1,350000,60,5,0,0,5101,"2025-07-05 13:59:41"
25157717525,2025-06-28,CUSTOMER,FULL,1997-06-06,28,NULL,-1,700000,48,4,0,0,7558,"2025-07-05 13:58:59"
25157675010,2025-06-26,CUSTOMER,FULL,1997-08-10,27,2004-01-01,21,760000,60,5,0,0,8717,"2025-07-05 13:58:51"
8800123319,2025-07-05,CUSTOMER,FULL,1990-10-19,34,NULL,0,600000,60,5,0,0,9544,"2025-07-05 13:58:35"
25157694219,2025-06-28,CUSTOMER,FULL,1976-06-04,49,1975-01-01,50,295000,36,3,0,0,10618,"2025-07-05 13:58:30"
8800257074,2025-07-04,CUSTOMER,FULL,1998-04-19,27,NULL,-1,630000,48,4,0,0,6334,"2025-07-05 13:58:27"
8800109037,2025-07-05,CUSTOMER,FULL,1982-05-25,43,NULL,0,208000,36,3,0,0,4129,"2025-07-05 13:58:22"
8800236846,2025-07-05,CUSTOMER,FULL,1994-06-01,31,1948-01-01,77,200000,36,3,0,0,1945,"2025-07-05 13:58:13"
8800220394,2025-07-02,CUSTOMER,FULL,1995-01-12,30,NULL,-1,313000,35,3,0,0,2807,"2025-07-05 13:58:11"
25158740170,2025-07-04,CUSTOMER,FULL,2000-02-05,25,NULL,-1,150000,30,3,0,0,1321,"2025-07-05 13:57:22"
25158355210,2025-07-03,CUSTOMER,FULL,1973-01-01,52,NULL,-1,400000,35,3,0,0,18711,"2025-07-05 13:57:10"
8800271310,2025-07-05,CUSTOMER,FULL,1999-02-20,26,NULL,0,200000,36,3,0,0,1782,"2025-07-05 13:56:56"
25158747677,2025-07-05,CUSTOMER,FULL,1990-07-29,34,NULL,0,745000,60,5,0,0,11851,"2025-07-05 13:56:32"
25158745753,2025-07-05,CUSTOMER,FULL,1992-01-01,33,NULL,0,415000,36,3,0,0,4290,"2025-07-05 13:56:29"
25157834482,2025-06-29,CUSTOMER,FULL,2004-04-17,21,NULL,-1,70000,24,2,0,0,487,"2025-07-05 13:56:19"
8800322745,2025-07-04,CUSTOMER,FULL,2000-05-18,25,NULL,-1,660000,60,5,0,0,8240,"2025-07-05 13:56:02"
25158744328,2025-07-05,CUSTOMER,FULL,1988-01-01,37,NULL,0,150000,36,3,0,0,1917,"2025-07-05 13:55:26"
25157585891,2025-06-19,CUSTOMER,FULL,1995-09-24,29,NULL,-1,800000,47,4,0,0,8865,"2025-07-05 13:55:19"
8800357493,2025-07-02,CUSTOMER,FULL,1990-02-25,35,NULL,-1,710000,84,7,0,0,16095,"2025-07-05 13:55:18"
25157696710,2025-06-28,CUSTOMER,FULL,1996-01-01,29,NULL,-1,295000,36,3,0,0,2608,"2025-07-05 13:55:17"
25158745400,2025-07-05,CUSTOMER,FULL,1992-06-04,33,NULL,0,300000,36,3,0,0,3102,"2025-07-05 13:54:58"
25158747478,2025-07-05,CUSTOMER,"PARTIAL TENURE",1977-06-01,48,NULL,0,400000,36,3,0,2,9875,"2025-07-05 13:54:14"
25158747681,2025-07-05,CUSTOMER,FULL,2001-01-01,24,1977-01-01,48,600000,59,5,0,0,7491,"2025-07-05 13:54:03"
25158658701,2025-07-04,CUSTOMER,FULL,1993-05-15,32,1998-08-03,26,900000,60,5,0,0,11343,"2025-07-05 13:53:44"
8800296070,2025-07-05,CUSTOMER,FULL,1993-07-09,31,NULL,0,850000,60,5,0,0,11846,"2025-07-05 13:53:44"
8800171029,2025-06-20,CUSTOMER,FULL,1977-01-26,48,NULL,-1,520000,36,3,0,0,16789,"2025-07-05 13:53:28"
25158376485,2025-07-03,CUSTOMER,FULL,1986-10-11,38,1984-10-10,40,1000000,60,5,0,0,20226,"2025-07-05 13:53:24"
8800311250,2025-07-05,CUSTOMER,FULL,1986-06-16,39,NULL,0,650000,36,3,0,0,9465,"2025-07-05 13:52:52"
25158720171,2025-07-04,CUSTOMER,FULL,1988-08-30,36,1990-03-02,35,1080000,59,5,0,0,17702,"2025-07-05 13:52:43"
25158745474,2025-07-05,CUSTOMER,FULL,1991-05-03,34,1982-12-11,42,600000,47,4,0,0,7987,"2025-07-05 13:52:37"
8800278917,2025-07-03,CUSTOMER,FULL,2003-01-01,22,1988-01-01,37,675000,48,4,0,0,7185,"2025-07-05 13:52:36"
25158745637,2025-07-05,CUSTOMER,FULL,1999-09-23,25,2002-08-08,22,565000,48,4,0,0,6014,"2025-07-05 13:52:20"
25158435196,2025-07-03,CUSTOMER,FULL,1992-08-07,32,NULL,-1,1300000,60,5,0,0,16384,"2025-07-05 13:51:58"
8800388701,2025-07-04,CUSTOMER,FULL,1988-01-01,37,1983-01-01,42,700000,60,5,0,0,12647,"2025-07-05 13:51:15"
25157629823,2025-06-23,CUSTOMER,FULL,2000-03-01,25,2003-03-01,22,800000,60,5,0,0,9988,"2025-07-05 13:50:39"
25158746438,2025-07-05,CUSTOMER,FULL,1991-01-01,34,1953-01-01,72,620000,60,5,0,0,9862,"2025-07-05 13:50:33"
25158741612,2025-07-04,CO-APPLICANT,FULL,1969-01-01,56,1998-04-28,27,700000,60,5,0,0,8863,"2025-07-05 13:50:02"
25158662447,2025-07-04,CUSTOMER,FULL,1984-08-05,40,NULL,-1,1060000,60,5,0,0,21902,"2025-07-05 13:49:48"
25157629083,2025-06-23,CUSTOMER,FULL,1998-03-13,27,NULL,-1,331000,60,5,0,0,3797,"2025-07-05 13:49:35"
25158747781,2025-07-05,CUSTOMER,FULL,1988-01-01,37,NULL,0,330000,48,4,0,0,4880,"2025-07-05 13:49:33"
25158038982,2025-07-02,CO-APPLICANT,FULL,1975-01-01,50,1994-01-01,31,550000,60,5,0,0,7665,"2025-07-05 13:49:27"
25158707509,2025-07-04,CUSTOMER,FULL,1997-07-15,27,1978-01-01,47,580000,48,4,0,0,6229,"2025-07-05 13:48:36"
25157789032,2025-06-29,CUSTOMER,FULL,2000-12-14,24,1969-12-09,55,300000,42,4,0,0,3102,"2025-07-05 13:48:20"
8800396354,2025-07-02,CUSTOMER,FULL,1981-01-12,44,NULL,-1,168000,24,2,0,0,2738,"2025-07-05 13:48:03"
8800173054,2025-07-03,CUSTOMER,FULL,1994-08-08,30,NULL,-1,405000,24,2,0,0,2954,"2025-07-05 13:48:00"
8800238846,2025-07-03,CUSTOMER,FULL,1998-01-01,27,NULL,-1,1200000,60,5,0,0,13764,"2025-07-05 13:47:26"
8800348870,2025-06-25,CUSTOMER,FULL,2000-02-15,25,NULL,-1,333000,36,3,0,0,2731,"2025-07-05 13:47:05"
25158443709,2025-07-03,CUSTOMER,FULL,1992-01-01,33,1991-01-01,34,380000,36,3,0,0,3951,"2025-07-05 13:46:53"
8800427278,2025-07-04,CUSTOMER,FULL,1989-06-04,36,NULL,-1,349000,48,4,0,0,4914,"2025-07-05 13:46:40"
25158748009,2025-07-05,CUSTOMER,FULL,1998-08-15,26,NULL,0,1325000,36,3,0,0,11383,"2025-07-05 13:46:22"
8800389179,2025-07-04,CUSTOMER,FULL,1988-09-22,36,NULL,-1,1100000,72,6,0,0,22962,"2025-07-05 13:46:03"
8800333254,2025-06-29,CUSTOMER,FULL,1996-07-24,28,1992-05-07,33,860000,48,4,0,0,9357,"2025-07-05 13:46:01"
25157678266,2025-06-26,CUSTOMER,FULL,1998-08-05,26,NULL,-1,560000,36,3,0,0,4930,"2025-07-05 13:46:01"
25157691490,2025-06-27,CUSTOMER,FULL,1998-07-01,26,NULL,-1,295000,36,3,0,0,2535,"2025-07-05 13:45:49"
8800220396,2025-07-03,CUSTOMER,FULL,1996-12-01,28,NULL,-1,302000,35,3,0,0,2634,"2025-07-05 13:45:28"
8800382511,2025-07-05,CUSTOMER,FULL,1994-02-09,31,NULL,0,800000,60,5,0,0,11149,"2025-07-05 13:44:54"
25158746758,2025-07-05,CUSTOMER,FULL,2002-01-07,23,NULL,0,955000,60,5,0,0,10188,"2025-07-05 13:44:42"
25158745907,2025-07-05,CUSTOMER,FULL,1991-01-12,34,NULL,0,790000,72,6,0,0,14701,"2025-07-05 13:43:09"
25158747614,2025-07-05,CUSTOMER,FULL,2003-12-30,21,1971-01-01,54,1066500,60,5,0,0,13315,"2025-07-05 13:42:47"
25158747905,2025-07-05,CUSTOMER,"PARTIAL FINANCE AMOUNT",1977-01-01,48,NULL,0,300000,30,3,225000,0,7265,"2025-07-05 13:42:27"
25157381032,2025-06-09,CUSTOMER,FULL,1994-06-03,31,1965-05-07,60,690000,48,4,0,0,8094,"2025-07-05 13:41:29"
25158747683,2025-07-05,CUSTOMER,FULL,1989-01-01,36,1986-01-01,39,1000000,36,3,0,0,11895,"2025-07-05 13:41:26"
25158744824,2025-07-05,CUSTOMER,FULL,1994-12-21,30,1993-11-12,31,880000,60,5,0,0,10561,"2025-07-05 13:40:48"
25158746913,2025-07-05,CUSTOMER,FULL,1983-01-01,42,1985-01-01,40,250000,36,3,0,0,4184,"2025-07-05 13:40:39"
25158745722,2025-07-05,CUSTOMER,FULL,1983-01-01,42,NULL,0,250000,24,2,0,0,3508,"2025-07-05 13:40:11"
8800372076,2025-06-28,CUSTOMER,FULL,1998-07-15,26,NULL,-1,799000,84,7,0,0,12738,"2025-07-05 13:40:09"
25158747375,2025-07-05,CUSTOMER,FULL,1986-08-07,38,NULL,0,220000,36,3,0,0,2970,"2025-07-05 13:40:03"
25157930909,2025-06-30,CUSTOMER,FULL,1993-05-30,32,NULL,-1,575000,60,5,0,0,8332,"2025-07-05 13:39:55"
25158743967,2025-07-05,CUSTOMER,FULL,1988-09-01,36,NULL,0,650000,84,7,0,0,15663,"2025-07-05 13:38:33"
8800171858,2025-07-05,CUSTOMER,FULL,1970-09-07,54,1997-08-07,27,320000,12,1,0,0,8172,"2025-07-05 13:38:33"
25158747356,2025-07-05,CUSTOMER,FULL,2004-01-12,21,1981-01-01,44,1700000,84,7,0,0,24534,"2025-07-05 13:38:32"
25158742806,2025-07-05,CUSTOMER,FULL,1998-01-05,27,1990-01-03,35,570000,72,6,0,0,8334,"2025-07-05 13:38:28"
25157929298,2025-06-30,CUSTOMER,FULL,2001-01-01,24,1962-01-01,63,990000,59,5,0,0,10654,"2025-07-05 13:38:23"
8800242782,2025-06-19,CUSTOMER,FULL,1986-10-12,38,1980-10-03,44,700000,60,5,0,0,14158,"2025-07-05 13:38:14"
8800205972,2025-07-04,CUSTOMER,FULL,1984-02-14,41,NULL,-1,560000,36,3,0,0,9377,"2025-07-05 13:38:09"
8800369905,2025-07-05,CUSTOMER,FULL,1978-08-05,46,NULL,0,350000,48,4,0,0,11354,"2025-07-05 13:37:52"
25158318510,2025-07-03,CUSTOMER,FULL,1972-09-01,52,NULL,-1,185000,24,2,0,0,6840,"2025-07-05 13:37:52"
25158747498,2025-07-05,CUSTOMER,FULL,1980-05-17,45,NULL,0,250000,28,3,0,0,5992,"2025-07-05 13:37:29"
25158746426,2025-07-05,CUSTOMER,FULL,1997-12-04,27,1967-02-13,58,2400000,60,5,0,0,27528,"2025-07-05 13:37:15"
25158128907,2025-07-02,CUSTOMER,FULL,1998-06-06,27,NULL,-1,460000,60,5,0,0,5825,"2025-07-05 13:36:47"
25158746278,2025-07-05,CUSTOMER,"PARTIAL TENURE",1966-01-01,59,1995-02-15,30,360000,36,3,0,2,23156,"2025-07-05 13:36:35"
25158746686,2025-07-05,CUSTOMER,FULL,1980-06-18,45,1982-01-01,43,160000,30,3,0,0,3401,"2025-07-05 13:36:35"
25158745513,2025-07-05,CUSTOMER,FULL,1993-10-07,31,NULL,0,800000,60,5,0,0,11149,"2025-07-05 13:35:57"
25158747449,2025-07-05,CUSTOMER,FULL,2004-03-14,21,1976-04-15,49,590000,60,5,0,0,7366,"2025-07-05 13:35:55"
25158746629,2025-07-05,CUSTOMER,FULL,1993-11-11,31,1998-11-09,26,1715000,84,7,0,0,29911,"2025-07-05 13:35:32"
8800363064,2025-07-05,CUSTOMER,FULL,1991-05-02,34,NULL,0,150000,24,2,0,0,1264,"2025-07-05 13:35:03"
8800138243,2025-07-05,CUSTOMER,FULL,1984-06-06,41,NULL,0,150000,24,2,0,0,1777,"2025-07-05 13:34:53"
25158657706,2025-07-04,CUSTOMER,FULL,1988-12-13,36,NULL,-1,185000,42,4,0,0,2605,"2025-07-05 13:34:37"
25158747194,2025-07-05,CUSTOMER,FULL,1972-12-27,52,NULL,0,540000,60,5,0,0,37385,"2025-07-05 13:33:53"
8800379544,2025-07-05,CUSTOMER,FULL,1997-06-21,28,NULL,0,250000,24,2,0,0,1841,"2025-07-05 13:32:41"
8800186017,2025-07-05,CUSTOMER,FULL,1999-02-11,26,1983-01-01,42,450000,29,3,0,0,4010,"2025-07-05 13:32:26"
8800373641,2025-07-04,CUSTOMER,FULL,1987-01-15,38,1963-07-05,61,2000000,36,3,0,0,26173,"2025-07-05 13:32:22"
25158037515,2025-07-02,CUSTOMER,FULL,1991-02-02,34,NULL,-1,150000,24,2,0,0,1229,"2025-07-05 13:31:52"
25157708727,2025-06-28,CUSTOMER,FULL,1987-01-01,38,1990-01-01,35,830000,60,5,0,0,16787,"2025-07-05 13:31:19"
8800156651,2025-07-05,CUSTOMER,FULL,1991-05-07,34,NULL,0,400000,36,3,0,0,4329,"2025-07-05 13:30:48"
25158747573,2025-07-05,CUSTOMER,"PARTIAL FINANCE AMOUNT",1975-01-01,50,NULL,0,620000,60,5,465000,0,26739,"2025-07-05 13:30:46"
25158599319,2025-07-03,CUSTOMER,FULL,1992-01-01,33,1984-08-17,40,740000,36,3,0,0,7091,"2025-07-05 13:30:44"
8800292279,2025-07-04,CUSTOMER,FULL,1986-01-01,39,NULL,-1,450000,60,5,0,0,9330,"2025-07-05 13:30:16"
8800023839,2025-07-05,CUSTOMER,FULL,1968-08-28,56,2000-05-10,25,300000,36,3,0,0,19878,"2025-07-05 13:29:07"
8800153383,2025-07-05,CUSTOMER,FULL,1989-05-01,36,1975-02-03,50,500000,36,3,0,0,5977,"2025-07-05 13:29:00"
8800311714,2025-06-30,CUSTOMER,FULL,1989-11-17,35,NULL,-1,100000,24,2,0,0,855,"2025-07-05 13:28:55"
25158747065,2025-07-05,CUSTOMER,FULL,1982-01-01,43,NULL,0,167000,12,1,0,0,1415,"2025-07-05 13:28:26"
8800239739,2025-07-05,CUSTOMER,FULL,1989-01-01,36,NULL,0,303000,36,3,0,0,3605,"2025-07-05 13:27:57"
8800262866,2025-06-24,CUSTOMER,FULL,1978-04-06,47,2000-06-03,25,375000,36,3,0,0,10718,"2025-07-05 13:27:39"
8800095235,2025-07-04,CUSTOMER,FULL,1989-08-18,35,1991-03-28,34,650000,60,5,0,0,10907,"2025-07-05 13:27:20"
8800307366,2025-07-05,CUSTOMER,FULL,1985-02-07,40,NULL,0,300000,48,4,0,0,5268,"2025-07-05 13:27:20"
8800182907,2025-07-05,CUSTOMER,FULL,1983-05-01,42,NULL,0,500000,30,3,0,0,9098,"2025-07-05 13:27:19"
25157966205,2025-07-01,CUSTOMER,FULL,1983-01-01,42,NULL,-1,158000,24,2,0,0,2199,"2025-07-05 13:27:08"
25157928720,2025-06-30,CUSTOMER,FULL,1987-01-01,38,NULL,-1,150000,18,2,0,0,1583,"2025-07-05 13:26:59"
25158320542,2025-07-03,CUSTOMER,FULL,1993-07-15,31,NULL,-1,450000,18,2,0,0,3373,"2025-07-05 13:26:42"
25157931386,2025-06-30,CUSTOMER,FULL,1985-01-01,40,1990-01-01,35,300000,36,3,0,0,4687,"2025-07-05 13:26:32"
25157684315,2025-06-27,CUSTOMER,FULL,1982-01-14,43,NULL,-1,683000,55,5,0,0,19811,"2025-07-05 13:26:16"
8800115353,2025-07-03,CUSTOMER,FULL,1986-12-05,38,NULL,-1,460000,36,3,0,0,6210,"2025-07-05 13:26:13"
25157686491,2025-06-27,CUSTOMER,FULL,1984-11-10,40,NULL,-1,575000,60,5,0,0,13414,"2025-07-05 13:25:24"
25158747111,2025-07-05,CUSTOMER,FULL,1999-06-20,26,1977-09-07,47,585000,60,5,0,0,7338,"2025-07-05 13:25:04"
25158747296,2025-07-05,CUSTOMER,FULL,1992-01-01,33,1998-03-04,27,420000,47,4,0,0,5333,"2025-07-05 13:24:44"
25158747061,2025-07-05,CUSTOMER,FULL,2001-04-20,24,NULL,0,665000,60,5,0,0,7157,"2025-07-05 13:24:09"
25158728706,2025-07-04,CUSTOMER,FULL,1987-07-15,37,1988-11-28,36,999000,84,7,0,0,25687,"2025-07-05 13:24:07"
25158042660,2025-07-02,CUSTOMER,FULL,1985-08-15,39,NULL,-1,320000,48,4,0,0,5283,"2025-07-05 13:23:53"
25157675848,2025-06-26,CUSTOMER,FULL,1999-03-02,26,1968-01-01,57,980000,60,5,0,0,12293,"2025-07-05 13:23:36"
25158063205,2025-07-02,CUSTOMER,FULL,1989-03-23,36,1994-01-01,31,305000,36,3,0,0,3628,"2025-07-05 13:23:26"
8800155959,2025-07-04,CUSTOMER,FULL,1980-01-01,45,1981-01-01,44,450000,48,4,0,0,13329,"2025-07-05 13:22:39"
25158038087,2025-07-02,CUSTOMER,FULL,1983-05-11,42,1994-02-14,31,260000,36,3,0,0,4731,"2025-07-05 13:22:34"
25158747140,2025-07-05,CUSTOMER,FULL,2001-02-01,24,1993-05-17,32,550000,46,4,0,0,5686,"2025-07-05 13:22:29"
8800391474,2025-07-05,CUSTOMER,FULL,1984-12-19,40,NULL,0,1700000,60,5,0,0,39659,"2025-07-05 13:22:24"
25157654704,2025-06-24,CUSTOMER,FULL,1972-08-25,52,NULL,-1,650000,60,5,0,0,45000,"2025-07-05 13:22:04"
25158747172,2025-07-05,CUSTOMER,FULL,2000-01-01,25,NULL,0,328500,42,4,0,0,3121,"2025-07-05 13:21:59"
8800393626,2025-06-29,CUSTOMER,FULL,1999-05-12,26,1968-05-25,57,1000000,36,3,0,0,8591,"2025-07-05 13:21:39"
8800348534,2025-07-03,CUSTOMER,FULL,1984-01-01,41,1995-11-23,29,225000,30,3,0,0,3787,"2025-07-05 13:21:34"
25158746721,2025-07-05,CUSTOMER,FULL,1998-08-13,26,1960-12-15,64,830000,84,7,0,0,13232,"2025-07-05 13:21:19"
25158740163,2025-07-04,CUSTOMER,FULL,1995-11-18,29,NULL,-1,490000,40,4,0,0,5037,"2025-07-05 13:20:33"
25158747115,2025-07-05,CUSTOMER,FULL,1993-12-01,31,NULL,0,250000,35,3,0,0,2431,"2025-07-05 13:20:17"
25158663020,2025-07-04,CUSTOMER,FULL,1991-07-10,33,NULL,-1,350000,42,4,0,0,4444,"2025-07-05 13:19:52"
25158746065,2025-07-05,CUSTOMER,FULL,1981-07-24,43,NULL,0,950000,35,3,0,0,17118,"2025-07-05 13:19:32"
25158739428,2025-07-04,CUSTOMER,FULL,1987-12-08,37,1955-06-01,70,700000,60,5,0,0,13258,"2025-07-05 13:19:30"
25157532777,2025-06-15,CUSTOMER,FULL,1993-01-01,32,NULL,-1,505000,58,5,0,0,7318,"2025-07-05 13:19:12"
25157552528,2025-06-20,CUSTOMER,FULL,2001-08-07,23,NULL,-1,1100000,48,4,0,0,11708,"2025-07-05 13:18:55"
25158059473,2025-07-02,CO-APPLICANT,FULL,1968-08-17,56,1998-07-05,26,510000,30,3,0,0,4490,"2025-07-05 13:18:43"
25157934782,2025-07-01,CUSTOMER,FULL,1990-08-10,34,NULL,-1,380000,60,5,0,0,6045,"2025-07-05 13:18:38"
8800333543,2025-07-05,CUSTOMER,FULL,1982-04-16,43,1960-01-02,65,165000,48,4,0,0,4002,"2025-07-05 13:18:18"
8800159337,2025-07-05,CUSTOMER,FULL,1999-03-01,26,1984-04-10,41,740000,59,5,0,0,9021,"2025-07-05 13:17:57"
25158747018,2025-07-05,CUSTOMER,FULL,1975-01-01,50,NULL,0,156000,24,2,0,0,4836,"2025-07-05 13:17:42"
8800175243,2025-06-28,CUSTOMER,FULL,1991-04-20,34,NULL,-1,260000,36,3,0,0,2817,"2025-07-05 13:17:10"
25158747210,2025-07-05,CUSTOMER,FULL,1988-01-01,37,NULL,0,200000,24,2,0,0,1888,"2025-07-05 13:16:54"
8800383412,2025-07-05,CUSTOMER,FULL,1987-04-15,38,NULL,0,268000,36,3,0,0,3508,"2025-07-05 13:16:49"
25157692271,2025-06-27,CUSTOMER,FULL,1990-01-01,35,NULL,-1,300000,36,3,0,0,3417,"2025-07-05 13:16:26"
8800005181,2025-07-05,CUSTOMER,FULL,2001-05-13,24,NULL,0,120000,18,2,0,0,836,"2025-07-05 13:16:02"
25158747249,2025-07-05,CUSTOMER,FULL,1986-06-01,39,NULL,0,5000000,58,5,0,0,103663,"2025-07-05 13:15:47"
25158037746,2025-07-02,CUSTOMER,FULL,1987-01-01,38,NULL,-1,395000,35,3,0,0,5170,"2025-07-05 13:15:41"
25158747255,2025-07-05,CUSTOMER,FULL,1985-06-08,40,NULL,0,940000,60,5,0,0,19423,"2025-07-05 13:15:34"
25158746959,2025-07-05,CUSTOMER,FULL,1975-01-01,50,NULL,0,600000,60,5,0,0,34501,"2025-07-05 13:15:05"
8800357852,2025-07-04,CO-APPLICANT,FULL,1959-11-15,65,1992-06-05,33,500000,48,4,0,0,6349,"2025-07-05 13:14:41"
25158747144,2025-07-05,CUSTOMER,FULL,2004-04-17,21,1974-01-09,51,880000,60,5,0,0,10987,"2025-07-05 13:14:35"
25158307573,2025-07-03,CUSTOMER,FULL,2000-07-24,24,NULL,-1,310000,36,3,0,0,2729,"2025-07-05 13:14:31"
25158747070,2025-07-05,CUSTOMER,FULL,1984-01-01,41,NULL,0,290000,48,4,0,0,5459,"2025-07-05 13:14:22"
8800311249,2025-07-05,CUSTOMER,FULL,2003-06-22,22,1986-01-01,39,650000,36,3,0,0,5722,"2025-07-05 13:14:14"
8800104573,2025-07-04,CUSTOMER,FULL,1980-01-31,45,NULL,-1,250000,24,2,0,0,4546,"2025-07-05 13:14:05"
8800140189,2025-07-05,CUSTOMER,FULL,1980-05-10,45,NULL,0,380000,48,4,0,0,11157,"2025-07-05 13:13:37"
25158746846,2025-07-05,CUSTOMER,FULL,1984-08-16,40,NULL,0,180000,36,3,0,0,2791,"2025-07-05 13:13:34"
8800029267,2025-07-04,CUSTOMER,FULL,1973-04-07,52,1980-07-01,45,275000,36,3,0,0,13130,"2025-07-05 13:13:28"
8800360762,2025-07-05,CUSTOMER,FULL,1984-12-23,40,NULL,0,305000,36,3,0,0,4470,"2025-07-05 13:13:28"
25158739072,2025-07-04,CUSTOMER,FULL,1996-10-27,28,1980-01-01,45,987000,84,7,0,0,16702,"2025-07-05 13:12:55"
25158746273,2025-07-05,CUSTOMER,FULL,1995-04-09,30,NULL,0,500000,48,4,0,0,5629,"2025-07-05 13:12:42"
8800368185,2025-07-03,CUSTOMER,FULL,1997-01-11,28,NULL,-1,275000,36,3,0,0,2499,"2025-07-05 13:12:32"
8800303255,2025-07-04,CUSTOMER,FULL,1996-03-18,29,NULL,-1,300000,36,3,0,0,2652,"2025-07-05 13:12:28"
8800303511,2025-06-27,CUSTOMER,FULL,1995-02-02,30,NULL,-1,366000,36,3,0,0,3283,"2025-07-05 13:12:17"
8800376282,2025-07-04,CUSTOMER,FULL,2000-01-01,25,1973-01-01,52,750000,60,5,0,0,9364,"2025-07-05 13:12:15"
25158747200,2025-07-05,CUSTOMER,FULL,1983-05-08,42,NULL,0,775000,47,4,0,0,15666,"2025-07-05 13:11:57"
25158746374,2025-07-05,CUSTOMER,FULL,1994-01-01,31,2004-06-10,21,745000,48,4,0,0,8739,"2025-07-05 13:11:55"
25158332591,2025-07-03,CUSTOMER,FULL,1999-06-01,26,NULL,-1,200000,36,3,0,0,1761,"2025-07-05 13:10:53"
8800269187,2025-06-13,CUSTOMER,FULL,2003-01-01,22,1971-01-01,54,590000,60,5,0,0,7366,"2025-07-05 13:10:41"
25158740991,2025-07-04,CUSTOMER,FULL,1988-05-13,37,NULL,-1,1270000,84,7,0,0,31381,"2025-07-05 13:09:59"
25158233953,2025-07-02,CUSTOMER,FULL,1988-01-01,37,1965-01-01,60,940000,60,5,0,0,16228,"2025-07-05 13:09:36"
25157925800,2025-06-30,CUSTOMER,FULL,1988-01-01,37,1989-07-30,35,370000,36,3,0,0,4729,"2025-07-05 13:09:02"
25157697704,2025-06-28,CUSTOMER,FULL,1995-10-28,29,1965-06-01,60,790000,60,5,0,0,10367,"2025-07-05 13:08:44"
25158742445,2025-07-04,CUSTOMER,FULL,1981-06-05,44,NULL,-1,290000,30,3,0,0,6259,"2025-07-05 13:08:14"
25158324145,2025-07-03,CUSTOMER,FULL,1992-01-01,33,1986-01-01,39,400000,48,4,0,0,5079,"2025-07-05 13:07:48"
25158746819,2025-07-05,CUSTOMER,FULL,1988-01-01,37,NULL,0,460000,36,3,0,0,5879,"2025-07-05 13:07:42"
25158747314,2025-07-05,CUSTOMER,FULL,2001-01-24,24,1976-08-20,48,707000,48,4,0,0,7526,"2025-07-05 13:07:25"
8800384307,2025-07-05,CUSTOMER,FULL,1983-10-01,41,NULL,0,530000,48,4,0,0,11070,"2025-07-05 13:07:20"
25158744467,2025-07-05,CUSTOMER,FULL,1994-02-21,31,1970-01-01,55,680000,60,5,0,0,9477,"2025-07-05 13:07:06"
8800340603,2025-07-05,CUSTOMER,FULL,1990-06-05,35,NULL,0,400000,48,4,0,0,5613,"2025-07-05 13:07:00"
25158747248,2025-07-05,CUSTOMER,FULL,1995-12-01,29,NULL,0,400000,36,3,0,0,3640,"2025-07-05 13:06:56"
25158747313,2025-07-05,CUSTOMER,FULL,1983-10-05,41,NULL,0,510000,36,3,0,0,8582,"2025-07-05 13:06:55"
8800363849,2025-06-29,CUSTOMER,FULL,2002-05-13,23,NULL,-1,348000,48,4,0,0,3257,"2025-07-05 13:06:30"
25157951505,2025-07-01,CUSTOMER,FULL,2002-06-12,23,1975-01-01,50,850000,60,5,0,0,9068,"2025-07-05 13:06:22"
25157927507,2025-06-30,CUSTOMER,FULL,1999-01-01,26,NULL,-1,300000,36,3,0,0,2641,"2025-07-05 13:05:37"
25157828494,2025-07-04,CUSTOMER,FULL,1984-05-10,41,NULL,-1,550000,48,4,0,0,11488,"2025-07-05 13:05:34"
8800132562,2025-07-05,CUSTOMER,FULL,1985-01-05,40,NULL,0,230000,36,3,0,0,3567,"2025-07-05 13:05:17"
25158713084,2025-07-04,CUSTOMER,FULL,2003-01-01,22,1974-05-19,51,585000,36,3,0,0,5150,"2025-07-05 13:05:02"
25157686476,2025-06-27,CUSTOMER,FULL,2002-12-21,22,1988-01-01,37,335000,36,3,0,0,2949,"2025-07-05 13:04:41"
25158039687,2025-07-02,CUSTOMER,FULL,1994-07-12,30,1959-01-01,66,764000,48,4,0,0,7970,"2025-07-05 13:04:31"
8800124393,2025-06-26,CUSTOMER,FULL,1999-06-16,26,NULL,-1,301000,48,4,0,0,3005,"2025-07-05 13:03:49"
25158746973,2025-07-05,CUSTOMER,FULL,1972-06-01,53,NULL,0,110000,24,2,0,0,4550,"2025-07-05 13:03:47"
8800328933,2025-07-03,CUSTOMER,FULL,1986-03-31,39,1979-06-01,46,385000,36,3,0,0,5607,"2025-07-05 13:02:50"
8800266318,2025-07-02,CUSTOMER,FULL,1980-01-01,45,2005-08-05,19,160000,24,2,0,0,2838,"2025-07-05 13:02:49"
25158072124,2025-07-02,CUSTOMER,FULL,1999-08-09,25,NULL,-1,1540000,84,7,0,0,23024,"2025-07-05 13:02:28"
25158662817,2025-07-04,CUSTOMER,FULL,1995-03-05,30,1991-02-03,34,310000,36,3,0,0,2781,"2025-07-05 13:02:28"
8800262617,2025-07-05,CUSTOMER,FULL,1995-05-07,30,1997-06-01,28,525000,60,5,0,0,7081,"2025-07-05 13:02:22"
8800105773,2025-07-04,CUSTOMER,FULL,1983-01-02,42,1986-01-01,39,650000,60,5,0,0,17212,"2025-07-05 13:02:13"
25157813945,2025-06-29,CUSTOMER,FULL,2000-04-12,25,1980-06-10,45,195000,12,1,0,0,1420,"2025-07-05 13:02:01"
25158702436,2025-07-04,CUSTOMER,FULL,1985-01-01,40,NULL,-1,160000,12,1,0,0,1056,"2025-07-05 13:01:58"
25158744626,2025-07-05,CUSTOMER,FULL,1988-08-04,36,NULL,0,800000,60,5,0,0,14236,"2025-07-05 13:01:39"
8800353582,2025-06-26,CUSTOMER,FULL,2000-01-01,25,NULL,-1,605000,60,5,0,0,6554,"2025-07-05 13:01:11"
25158747088,2025-07-05,CUSTOMER,FULL,1991-03-23,34,NULL,0,250000,36,3,0,0,2709,"2025-07-05 13:01:09"
25158741149,2025-07-04,CUSTOMER,FULL,1986-01-02,39,1981-09-06,43,330000,48,4,0,0,5448,"2025-07-05 13:01:01"
8800106687,2025-06-27,CUSTOMER,FULL,1998-12-18,26,1977-08-13,47,700000,60,5,0,0,8781,"2025-07-05 13:00:48"
8800191011,2025-06-26,CUSTOMER,FULL,1986-01-01,39,NULL,-1,500000,48,4,0,0,9016,"2025-07-05 13:00:46"
25158039583,2025-07-02,CUSTOMER,FULL,2003-11-21,21,2004-04-22,21,520000,60,5,0,0,6492,"2025-07-05 12:59:58"
25158447267,2025-07-03,CUSTOMER,FULL,2000-05-08,25,1977-10-20,47,240000,30,3,0,0,2119,"2025-07-05 12:59:41"
25158042346,2025-07-05,CUSTOMER,FULL,1986-01-13,39,1989-02-01,36,489000,48,4,0,0,8817,"2025-07-05 12:59:38"
25158663965,2025-07-05,CUSTOMER,FULL,1995-09-12,29,1974-02-07,51,610000,48,4,0,0,6759,"2025-07-05 12:59:37"
25158744807,2025-07-05,CUSTOMER,FULL,1983-01-01,42,NULL,0,300000,36,3,0,0,5459,"2025-07-05 12:58:52"
8800358023,2025-07-04,CUSTOMER,"PARTIAL FINANCE AMOUNT",1980-01-01,45,NULL,-1,190000,24,2,95000,0,1728,"2025-07-05 12:58:42"
25157664629,2025-06-25,CUSTOMER,FULL,1995-09-21,29,NULL,-1,429000,36,3,0,0,3903,"2025-07-05 12:58:23"
25157679840,2025-07-04,CUSTOMER,FULL,1988-04-02,37,1993-08-03,31,565000,48,4,0,0,8921,"2025-07-05 12:57:05"
8800035068,2025-07-05,CUSTOMER,FULL,1986-03-12,39,1984-12-24,40,934000,60,5,0,0,18119,"2025-07-05 12:57:04"
8800117485,2025-06-11,CUSTOMER,FULL,1990-04-02,35,NULL,-1,316000,60,5,0,0,4445,"2025-07-05 12:57:03"
25157367032,2025-06-09,CUSTOMER,FULL,2000-05-07,25,NULL,-1,480000,30,3,0,0,4226,"2025-07-05 12:56:58"
25158693199,2025-07-04,CUSTOMER,FULL,1988-01-01,37,1958-01-01,67,630000,48,4,0,0,9947,"2025-07-05 12:56:55"
25157607598,2025-06-20,CUSTOMER,FULL,2000-01-01,25,1993-06-01,32,580000,48,4,0,0,6174,"2025-07-05 12:56:50"
25158661443,2025-07-04,CUSTOMER,FULL,1981-12-01,43,2004-01-10,21,585000,60,5,0,0,17437,"2025-07-05 12:56:47"
25158746884,2025-07-05,CUSTOMER,FULL,1988-01-12,37,1990-01-01,35,1360000,48,4,0,0,20751,"2025-07-05 12:56:37"
25158741117,2025-07-04,CUSTOMER,FULL,1989-06-02,36,NULL,-1,670000,60,5,0,0,11923,"2025-07-05 12:55:43"
8800352255,2025-07-04,CUSTOMER,FULL,1998-11-14,26,NULL,-1,660000,48,4,0,0,7033,"2025-07-05 12:55:24"
8800391653,2025-07-05,CUSTOMER,FULL,1996-02-25,29,NULL,0,850000,54,5,0,0,10873,"2025-07-05 12:54:14"
25158713067,2025-07-04,CUSTOMER,FULL,2003-01-06,22,1983-01-01,42,587700,55,5,0,0,7338,"2025-07-05 12:53:51"
8800300487,2025-06-26,CUSTOMER,FULL,1989-05-20,36,NULL,-1,318000,48,4,0,0,4575,"2025-07-05 12:53:17"
8800375429,2025-07-02,CUSTOMER,FULL,2002-02-28,23,NULL,-1,750000,72,6,0,0,10744,"2025-07-05 12:53:09"
25158740461,2025-07-04,CUSTOMER,FULL,1990-06-27,35,NULL,-1,941000,48,4,0,0,11382,"2025-07-05 12:52:54"
8800190040,2025-07-05,CUSTOMER,FULL,1979-06-15,46,NULL,0,470000,36,3,0,0,12296,"2025-07-05 12:52:46"
25158746142,2025-07-05,CUSTOMER,FULL,2005-02-10,20,1985-01-01,40,671000,48,4,0,0,7111,"2025-07-05 12:52:02"
25158709525,2025-07-04,CUSTOMER,FULL,2002-07-05,22,1975-01-01,50,510000,54,5,0,0,5405,"2025-07-05 12:51:44"
25158746226,2025-07-05,CUSTOMER,FULL,1985-11-01,39,NULL,0,910000,48,4,0,0,16408,"2025-07-05 12:51:26"
25158530630,2025-07-04,CUSTOMER,FULL,2002-06-06,23,1970-01-01,55,230000,48,4,0,0,2449,"2025-07-05 12:51:09"
25158746120,2025-07-05,CUSTOMER,FULL,1987-03-01,38,1983-03-01,42,518000,60,5,0,0,10477,"2025-07-05 12:51:02"
25158277095,2025-07-03,CUSTOMER,"PARTIAL FINANCE AMOUNT",1978-05-15,47,NULL,-1,400000,48,4,200000,0,7269,"2025-07-05 12:50:45"
8800288426,2025-07-03,CUSTOMER,"PARTIAL FINANCE AMOUNT",1969-01-01,56,NULL,-1,190000,12,1,142500,0,4356,"2025-07-05 12:50:29"
25158663765,2025-07-04,CUSTOMER,FULL,1998-10-11,26,NULL,-1,870000,60,5,0,0,10913,"2025-07-05 12:50:01"
25158088247,2025-07-02,CUSTOMER,FULL,2002-01-01,23,1967-01-01,58,330000,36,3,0,0,2668,"2025-07-05 12:49:40"
25157691514,2025-06-27,CUSTOMER,FULL,1995-04-28,30,NULL,-1,245000,35,3,0,0,2198,"2025-07-05 12:49:34"
25158657752,2025-07-04,CUSTOMER,FULL,1999-12-11,25,NULL,-1,375000,36,3,0,0,3076,"2025-07-05 12:48:51"
25158747035,2025-07-05,CUSTOMER,FULL,1985-04-21,40,NULL,0,480000,48,4,0,0,8429,"2025-07-05 12:48:19"
25158746514,2025-07-05,CUSTOMER,FULL,1983-01-01,42,NULL,0,600000,48,4,0,0,13573,"2025-07-05 12:47:05"
8800030467,2025-06-28,CUSTOMER,FULL,2001-07-11,23,NULL,-1,890000,72,6,0,0,12750,"2025-07-05 12:46:54"
25157923565,2025-06-30,CUSTOMER,FULL,1993-04-20,32,1976-01-01,49,840000,72,6,0,0,13471,"2025-07-05 12:46:53"
8800190052,2025-07-05,CUSTOMER,FULL,1977-01-01,48,NULL,0,750000,59,5,0,0,35578,"2025-07-05 12:46:52"
25158367981,2025-07-03,CUSTOMER,FULL,1993-10-10,31,NULL,-1,2000000,60,5,0,0,24497,"2025-07-05 12:46:50"
8800362208,2025-07-02,CUSTOMER,FULL,1994-03-25,31,NULL,-1,170000,36,3,0,0,1653,"2025-07-05 12:46:49"
25157678871,2025-06-26,CUSTOMER,FULL,1978-01-01,47,NULL,-1,998900,72,6,0,0,49459,"2025-07-05 12:46:40"
25158678642,2025-07-04,CUSTOMER,FULL,1983-05-18,42,1988-05-03,37,600000,72,6,0,0,19414,"2025-07-05 12:46:28"
8800313588,2025-06-23,CUSTOMER,FULL,1988-01-01,37,2004-05-22,21,310000,36,3,0,0,3860,"2025-07-05 12:46:28"
8800019453,2025-07-04,CUSTOMER,FULL,2001-11-15,23,NULL,-1,563000,60,5,0,0,7029,"2025-07-05 12:46:25"
25158309689,2025-07-03,CUSTOMER,FULL,2002-06-08,23,NULL,-1,685000,59,5,0,0,8552,"2025-07-05 12:46:18"
8800335098,2025-07-04,CUSTOMER,FULL,1981-09-11,43,NULL,-1,326000,48,4,0,0,7121,"2025-07-05 12:45:55"
8800389083,2025-07-05,CUSTOMER,FULL,1999-05-11,26,NULL,0,630220,60,5,0,0,7906,"2025-07-05 12:45:41"
25158332899,2025-07-03,CUSTOMER,FULL,1977-01-01,48,1980-07-12,44,380000,35,3,0,0,12269,"2025-07-05 12:45:22"
25158746763,2025-07-05,CUSTOMER,FULL,1986-01-01,39,NULL,0,1550000,84,7,0,0,43403,"2025-07-05 12:45:10"
25158660145,2025-07-04,CUSTOMER,FULL,1992-02-01,33,NULL,-1,1300000,60,5,0,0,16936,"2025-07-05 12:45:06"
8800116172,2025-07-02,CUSTOMER,FULL,1997-04-14,28,NULL,-1,215000,36,3,0,0,1954,"2025-07-05 12:45:05"
25158415490,2025-07-03,CUSTOMER,FULL,1987-01-01,38,NULL,-1,313000,48,4,0,0,4879,"2025-07-05 12:44:46"
25158740721,2025-07-04,CUSTOMER,FULL,2000-02-06,25,NULL,-1,780000,60,5,0,0,8450,"2025-07-05 12:44:41"
8800161326,2025-06-11,CUSTOMER,FULL,1999-08-15,25,1964-08-30,60,2189000,83,7,0,0,32727,"2025-07-05 12:43:47"
25158745340,2025-07-05,CUSTOMER,FULL,2001-07-26,23,1970-04-05,55,400000,48,4,0,0,4093,"2025-07-05 12:43:37"
25157913630,2025-06-30,CUSTOMER,FULL,1995-04-19,30,NULL,-1,841000,72,6,0,0,12782,"2025-07-05 12:42:54"
8800208620,2025-07-05,CUSTOMER,FULL,1997-04-06,28,1974-11-10,50,255000,36,3,0,0,2281,"2025-07-05 12:42:24"
25157704887,2025-06-28,CUSTOMER,"PARTIAL TENURE",1972-01-01,53,1976-01-01,49,500000,35,3,0,2,20680,"2025-07-05 12:42:08"
25158394298,2025-07-03,CUSTOMER,FULL,1998-07-05,26,NULL,-1,1033000,84,7,0,0,16468,"2025-07-05 12:41:58"
25158070445,2025-07-02,CUSTOMER,FULL,2000-10-28,24,NULL,-1,200000,48,4,0,0,2068,"2025-07-05 12:41:19"
25158741401,2025-07-04,CUSTOMER,FULL,1991-01-04,34,1991-01-01,34,450000,48,4,0,0,5990,"2025-07-05 12:41:18"
8800155052,2025-07-05,CUSTOMER,FULL,1966-07-01,59,1999-07-01,26,250000,48,4,0,0,24040,"2025-07-05 12:41:11"
25158470322,2025-07-03,CUSTOMER,FULL,1997-07-04,27,1996-03-05,29,330000,42,4,0,0,3318,"2025-07-05 12:41:05"
25158746648,2025-07-05,CUSTOMER,FULL,1991-06-12,34,1959-05-08,66,435000,48,4,0,0,5652,"2025-07-05 12:40:56"
8800255891,2025-07-03,CUSTOMER,FULL,1989-06-07,36,NULL,-1,290000,48,4,0,0,4172,"2025-07-05 12:40:28"
25158042531,2025-07-02,CO-APPLICANT,FULL,2000-01-01,25,1978-01-01,47,711000,48,4,0,0,25841,"2025-07-05 12:39:43"
25158041949,2025-07-02,CUSTOMER,FULL,2002-08-19,22,NULL,-1,300000,30,3,0,0,2641,"2025-07-05 12:39:38"
25158740294,2025-07-04,CUSTOMER,FULL,1994-01-01,31,NULL,-1,843000,60,5,0,0,10326,"2025-07-05 12:39:32"
8800250666,2025-07-05,CUSTOMER,FULL,1985-11-17,39,NULL,0,200000,24,2,0,0,2129,"2025-07-05 12:39:28"
25157931591,2025-06-30,CUSTOMER,FULL,1996-01-01,29,NULL,-1,600000,59,5,0,0,7873,"2025-07-05 12:39:13"
8800196101,2025-07-05,CUSTOMER,FULL,1984-11-04,40,NULL,0,509874,48,4,0,0,9874,"2025-07-05 12:39:10"
25158730760,2025-07-04,CUSTOMER,FULL,1997-07-13,27,1997-04-17,28,530000,60,5,0,0,6711,"2025-07-05 12:38:57"
25158540948,2025-07-03,CUSTOMER,FULL,2005-01-01,20,1966-01-01,59,536000,60,5,0,0,6673,"2025-07-05 12:38:31"
25158740031,2025-07-05,CUSTOMER,FULL,1978-08-10,46,NULL,0,500000,24,2,0,0,10019,"2025-07-05 12:38:25"
25157631128,2025-06-23,CUSTOMER,FULL,1980-01-01,45,NULL,-1,380000,45,4,0,0,11255,"2025-07-05 12:38:23"
25158746318,2025-07-05,CUSTOMER,FULL,1985-01-01,40,NULL,0,480000,47,4,0,0,9295,"2025-07-05 12:38:21"
8800119233,2025-07-05,CUSTOMER,FULL,1989-10-02,35,1997-05-20,28,579999,480000,0,0,0,0,"2025-07-05 12:38:15"
8800301732,2025-07-05,CUSTOMER,FULL,1982-12-04,42,1960-01-01,65,550000,60,5,0,0,14564,"2025-07-05 12:38:03"
25158133630,2025-07-02,CUSTOMER,FULL,1988-12-31,36,NULL,-1,536000,60,5,0,0,9538,"2025-07-05 12:37:48"
25158746147,2025-07-05,CO-APPLICANT,FULL,2000-01-01,25,1981-01-01,44,250000,24,2,0,0,3538,"2025-07-05 12:37:10"
8800074791,2025-07-05,CUSTOMER,FULL,1980-10-27,44,NULL,0,400000,48,4,0,0,9497,"2025-07-05 12:37:06"
25157665261,2025-06-25,CUSTOMER,"PARTIAL FINANCE AMOUNT",1968-01-01,57,NULL,-1,500000,35,3,250000,0,17789,"2025-07-05 12:37:01"
25158746863,2025-07-05,CUSTOMER,FULL,1988-05-07,37,NULL,0,190000,48,4,0,0,2899,"2025-07-05 12:37:01"
8800227786,2025-06-28,CUSTOMER,FULL,1990-09-03,34,1990-05-04,35,288000,60,5,0,0,4391,"2025-07-05 12:36:49"
25158435223,2025-07-03,CUSTOMER,FULL,1996-01-23,29,1969-03-02,56,1250000,60,5,0,0,16402,"2025-07-05 12:36:41"
8800224925,2025-06-27,CUSTOMER,FULL,1991-09-09,33,NULL,-1,551000,60,5,0,0,8342,"2025-07-05 12:36:28"
8800243017,2025-06-27,CUSTOMER,FULL,1988-01-01,37,1987-01-01,38,412000,48,4,0,0,6505,"2025-07-05 12:36:06"
25158746600,2025-07-05,CUSTOMER,FULL,1985-11-01,39,1955-01-01,70,599000,48,4,0,0,10801,"2025-07-05 12:35:50"
8800389180,2025-07-05,CUSTOMER,FULL,1986-05-11,39,1974-06-20,51,280000,36,3,0,0,4078,"2025-07-05 12:35:06"
8800130933,2025-07-03,CUSTOMER,FULL,1989-01-02,36,NULL,-1,250000,30,3,0,0,2989,"2025-07-05 12:34:21"
25158745572,2025-07-05,CUSTOMER,FULL,2002-03-10,23,1976-01-01,49,500000,60,5,0,0,5918,"2025-07-05 12:34:05"
25158746551,2025-07-05,CUSTOMER,FULL,1975-04-27,50,NULL,0,500000,36,3,0,0,18875,"2025-07-05 12:34:03"
8800129661,2025-07-05,CUSTOMER,FULL,1995-01-01,30,NULL,0,331900,36,3,0,0,2977,"2025-07-05 12:33:53"
25158042880,2025-07-02,CUSTOMER,FULL,1985-01-01,40,1985-01-01,40,450000,36,3,0,0,7031,"2025-07-05 12:33:41"
25157647093,2025-06-24,CUSTOMER,FULL,2001-01-01,24,1984-06-10,41,280000,36,3,0,0,2287,"2025-07-05 12:33:15"
25158746141,2025-07-05,CUSTOMER,FULL,2001-03-28,24,NULL,0,440000,36,3,0,0,3874,"2025-07-05 12:33:06"
25157690284,2025-07-04,CUSTOMER,FULL,1988-04-17,37,1991-01-01,34,699000,48,4,0,0,11037,"2025-07-05 12:33:03"
25158746666,2025-07-05,CUSTOMER,FULL,1974-09-07,50,1978-08-10,46,200000,36,3,0,0,7836,"2025-07-05 12:32:56"
25157977229,2025-07-01,CUSTOMER,FULL,2004-05-15,21,1985-01-01,40,1500000,60,5,0,0,15683,"2025-07-05 12:32:39"
8800104156,2025-07-04,CUSTOMER,FULL,1982-05-25,43,1991-10-08,33,450000,20,2,0,0,6845,"2025-07-05 12:32:22"
8800374452,2025-06-25,CUSTOMER,FULL,1997-06-18,28,NULL,-1,600000,60,5,0,0,7711,"2025-07-05 12:32:11"
8800364127,2025-07-04,CUSTOMER,FULL,2000-08-21,24,1973-10-22,51,963000,60,5,0,0,12023,"2025-07-05 12:32:04"
25157675019,2025-06-26,CUSTOMER,FULL,1973-12-08,51,1980-03-16,45,1692000,23,2,0,0,44120,"2025-07-05 12:31:56"
25157683515,2025-06-28,CUSTOMER,FULL,1982-01-01,43,1987-01-01,38,650000,60,5,0,0,19375,"2025-07-05 12:31:29"
25158744788,2025-07-05,CUSTOMER,FULL,1995-07-24,29,NULL,0,640000,72,6,0,0,9735,"2025-07-05 12:31:28"
8800245730,2025-06-30,CUSTOMER,FULL,1985-01-01,40,NULL,-1,665000,60,5,0,0,15514,"2025-07-05 12:31:12"
25157953395,2025-07-01,CUSTOMER,FULL,1998-06-11,27,NULL,-1,330000,36,3,0,0,2863,"2025-07-05 12:30:51"
25158071861,2025-07-02,CUSTOMER,FULL,2005-03-07,20,1987-04-23,38,1000000,60,5,0,0,12449,"2025-07-05 12:30:51"
25158746659,2025-07-05,CUSTOMER,FULL,1993-01-01,32,NULL,0,500000,60,5,0,0,7246,"2025-07-05 12:30:48"
8800126024,2025-07-03,CUSTOMER,FULL,1991-01-05,34,1998-11-24,26,500000,60,5,0,0,7954,"2025-07-05 12:30:44"
8800368428,2025-06-25,CUSTOMER,FULL,1997-12-03,27,NULL,-1,295000,36,3,0,0,2559,"2025-07-05 12:30:29"
25158746743,2025-07-05,CUSTOMER,FULL,1988-06-10,37,NULL,0,400000,36,3,0,0,5060,"2025-07-05 12:30:26"
25158746825,2025-07-05,CUSTOMER,FULL,1981-03-20,44,NULL,0,500000,60,5,0,0,16332,"2025-07-05 12:30:24"
8800233673,2025-07-04,CUSTOMER,FULL,1988-02-02,37,NULL,-1,431000,60,5,0,0,8163,"2025-07-05 12:29:43"
25158745300,2025-07-05,CUSTOMER,FULL,1980-01-01,45,NULL,0,530000,36,3,0,0,11264,"2025-07-05 12:28:41"
8800230952,2025-07-05,CUSTOMER,FULL,2001-01-01,24,NULL,0,450000,35,3,0,0,3675,"2025-07-05 12:28:35"
25157939444,2025-07-01,CUSTOMER,FULL,1987-01-01,38,NULL,-1,500000,42,4,0,0,7794,"2025-07-05 12:27:34"
8800179994,2025-07-05,CUSTOMER,FULL,1973-05-11,52,NULL,0,300000,48,4,0,0,17120,"2025-07-05 12:27:25"
25158746180,2025-07-05,CUSTOMER,FULL,1983-08-27,41,NULL,0,280000,36,3,0,0,4375,"2025-07-05 12:27:19"
25158746145,2025-07-05,CUSTOMER,FULL,2007-01-02,18,1987-01-01,38,278500,36,3,0,0,2064,"2025-07-05 12:26:13"
25158324213,2025-07-03,CUSTOMER,FULL,1990-04-05,35,1990-06-05,35,180000,24,2,0,0,1539,"2025-07-05 12:25:59"
25157636242,2025-06-24,CUSTOMER,FULL,2002-05-02,23,1980-01-01,45,775000,60,5,0,0,9676,"2025-07-05 12:25:57"
25157536228,2025-06-16,CUSTOMER,FULL,2001-03-05,24,NULL,-1,250000,24,2,0,0,1741,"2025-07-05 12:25:54"
25157544850,2025-06-16,CUSTOMER,FULL,2004-07-14,20,1985-01-01,40,365000,48,4,0,0,3295,"2025-07-05 12:25:40"
8800127378,2025-06-11,CUSTOMER,FULL,1994-02-28,31,1987-11-15,37,670000,48,4,0,0,7756,"2025-07-05 12:25:24"
8800153534,2025-06-27,CUSTOMER,FULL,1978-12-20,46,NULL,-1,980000,60,5,0,0,38647,"2025-07-05 12:25:15"
25158746253,2025-07-05,CUSTOMER,FULL,2004-05-23,21,1984-10-26,40,280000,36,3,0,0,2217,"2025-07-05 12:25:11"
25158746330,2025-07-05,CUSTOMER,FULL,1999-11-15,25,1977-11-06,47,1650000,60,5,0,0,17874,"2025-07-05 12:25:09"
8800378782,2025-07-01,CUSTOMER,FULL,1983-01-01,42,NULL,-1,330000,48,4,0,0,6671,"2025-07-05 12:24:51"
25158745094,2025-07-05,CUSTOMER,FULL,1967-01-12,58,NULL,0,1050000,60,5,0,0,111659,"2025-07-05 12:24:29"
25157682112,2025-06-27,CUSTOMER,FULL,1997-01-01,28,1987-01-01,38,530000,60,5,0,0,6811,"2025-07-05 12:24:28"
25158745701,2025-07-05,CUSTOMER,FULL,1990-07-05,35,NULL,0,300000,36,3,0,0,3417,"2025-07-05 12:24:26"
25158739523,2025-07-04,CUSTOMER,FULL,1984-01-01,41,NULL,-1,285000,36,3,0,0,4453,"2025-07-05 12:24:11"
25158745330,2025-07-05,CO-APPLICANT,FULL,1970-01-01,55,1995-07-12,29,360000,36,3,0,0,3276,"2025-07-05 12:23:17"
8800392903,2025-07-05,CUSTOMER,FULL,1987-01-04,38,NULL,0,480000,30,3,0,0,6480,"2025-07-05 12:22:24"
25158688123,2025-07-04,CUSTOMER,FULL,2003-11-15,21,NULL,-1,510000,60,5,0,0,6368,"2025-07-05 12:22:21"
8800355055,2025-07-03,CUSTOMER,FULL,1993-06-07,32,NULL,-1,725000,60,5,0,0,10506,"2025-07-05 12:22:14"
25158739045,2025-07-04,CUSTOMER,FULL,1988-08-05,36,NULL,-1,620000,48,4,0,0,9211,"2025-07-05 12:21:30"
8800293754,2025-07-05,CUSTOMER,FULL,1992-08-05,32,NULL,0,300000,30,3,0,0,2978,"2025-07-05 12:21:10"
8800327009,2025-06-24,CUSTOMER,FULL,2003-02-01,22,1974-01-01,51,700000,54,5,0,0,8740,"2025-07-05 12:20:00"
8800167371,2025-07-04,CUSTOMER,FULL,1995-11-07,29,NULL,-1,500000,60,5,0,0,6561,"2025-07-05 12:19:54"
25158684547,2025-07-04,CUSTOMER,FULL,1992-01-16,33,NULL,-1,1600000,72,6,0,0,26565,"2025-07-05 12:19:52"
25158745266,2025-07-05,CUSTOMER,FULL,1982-02-26,43,1948-02-07,77,662000,60,5,0,0,19733,"2025-07-05 12:19:49"
25157440279,2025-06-10,CUSTOMER,FULL,1999-01-01,26,NULL,-1,210000,47,4,0,0,2097,"2025-07-05 12:19:44"
8800313534,2025-07-02,CUSTOMER,FULL,1983-07-02,42,NULL,-1,210000,24,2,0,0,2616,"2025-07-05 12:19:39"
8800420476,2025-07-04,CUSTOMER,FULL,1996-12-15,28,1976-01-01,49,548000,84,7,0,0,9273,"2025-07-05 12:19:26"
8800379881,2025-07-03,CUSTOMER,FULL,1998-01-20,27,NULL,-1,400000,36,3,0,0,3602,"2025-07-05 12:18:58"
8800352163,2025-07-01,CUSTOMER,FULL,1972-12-27,52,NULL,-1,540000,60,5,0,0,37385,"2025-07-05 12:18:45"
25158671431,2025-07-05,CUSTOMER,FULL,1999-07-03,26,NULL,0,660000,72,6,0,0,9541,"2025-07-05 12:18:02"
25158745706,2025-07-05,CUSTOMER,FULL,2005-01-01,20,1971-01-01,54,780000,60,5,0,0,8026,"2025-07-05 12:17:57"
8800239868,2025-07-02,CUSTOMER,FULL,1984-09-11,40,1993-01-08,32,760000,36,3,0,0,11139,"2025-07-05 12:17:43"
25157622132,2025-06-21,CUSTOMER,FULL,1999-01-01,26,NULL,-1,800000,60,5,0,0,9091,"2025-07-05 12:16:48"
25158374977,2025-07-03,CUSTOMER,FULL,1989-01-01,36,NULL,-1,645000,48,4,0,0,9080,"2025-07-05 12:16:35"
8800175640,2025-06-20,CUSTOMER,FULL,2003-06-30,21,1977-01-01,48,825000,72,6,0,0,10738,"2025-07-05 12:16:32"
8800206297,2025-07-01,CUSTOMER,FULL,1995-08-19,29,NULL,-1,324000,36,3,0,0,3006,"2025-07-05 12:16:13"
25158702409,2025-07-04,CUSTOMER,FULL,2002-08-12,22,1968-01-01,57,277000,47,4,0,0,2573,"2025-07-05 12:16:09"
25158746437,2025-07-05,CUSTOMER,FULL,1985-01-01,40,NULL,0,450000,48,4,0,0,8714,"2025-07-05 12:16:04"
25158745639,2025-07-05,CUSTOMER,FULL,1998-05-14,27,1967-03-18,58,300000,36,3,0,0,2702,"2025-07-05 12:15:34"
8800131635,2025-07-03,CUSTOMER,FULL,1992-01-27,33,1990-06-22,35,680000,84,7,0,0,13818,"2025-07-05 12:15:12"
8800399678,2025-07-05,CUSTOMER,FULL,1992-04-08,33,NULL,0,625000,36,3,0,0,6498,"2025-07-05 12:14:26"
8800162622,2025-06-29,CUSTOMER,FULL,1986-10-07,38,NULL,-1,900000,48,4,0,0,15155,"2025-07-05 12:14:02"
25157555323,2025-06-17,CUSTOMER,FULL,1974-03-13,51,2005-07-06,19,585000,60,5,0,0,35309,"2025-07-05 12:13:52"
8800216109,2025-07-05,CUSTOMER,FULL,1976-07-02,49,NULL,0,575000,48,4,0,0,25091,"2025-07-05 12:13:51"
8800193334,2025-07-04,CUSTOMER,FULL,1980-06-25,45,NULL,-1,1200000,60,5,0,0,37114,"2025-07-05 12:13:34"
8800199633,2025-07-04,CUSTOMER,FULL,1964-07-05,60,1961-08-04,63,600000,48,4,0,0,61667,"2025-07-05 12:13:10"
25158707488,2025-07-04,CUSTOMER,FULL,1989-07-10,35,1985-01-01,40,550000,60,5,0,0,9229,"2025-07-05 12:13:06"
8800326106,2025-06-23,CUSTOMER,FULL,1983-01-01,42,NULL,-1,500000,48,4,0,0,11311,"2025-07-05 12:13:00"
8800102867,2025-07-05,CUSTOMER,FULL,1998-03-08,27,1999-10-12,25,320000,18,2,0,0,2352,"2025-07-05 12:12:59"
25158740011,2025-07-04,CO-APPLICANT,FULL,1992-03-05,33,1996-04-04,29,599000,42,4,0,0,6638,"2025-07-05 12:12:29"
8800319701,2025-06-18,CUSTOMER,FULL,2003-02-03,22,1998-01-01,27,350000,36,3,0,0,2801,"2025-07-05 12:12:16"
25157666313,2025-06-25,CUSTOMER,FULL,1999-12-31,25,NULL,-1,293000,42,4,0,0,2784,"2025-07-05 12:11:56"
25158746270,2025-07-05,CUSTOMER,FULL,1984-09-16,40,NULL,0,480000,36,3,0,0,7500,"2025-07-05 12:11:56"
25158745848,2025-07-05,CUSTOMER,FULL,1998-08-13,26,NULL,0,500000,35,3,0,0,4296,"2025-07-05 12:11:22"
25157499249,2025-06-12,CUSTOMER,FULL,1984-01-01,41,NULL,-1,310000,24,2,0,0,4021,"2025-07-05 12:11:20"
25158743998,2025-07-05,CUSTOMER,FULL,1993-02-10,32,NULL,0,780000,60,5,0,0,9830,"2025-07-05 12:11:08"
25158339472,2025-07-03,CUSTOMER,FULL,1988-01-01,37,NULL,-1,315000,48,4,0,0,4658,"2025-07-05 12:10:11"
25158473812,2025-07-04,CUSTOMER,FULL,1996-08-24,28,2001-03-05,24,620000,48,4,0,0,6746,"2025-07-05 12:09:20"
25158744383,2025-07-05,CUSTOMER,FULL,1987-03-20,38,NULL,0,310000,24,2,0,0,3101,"2025-07-05 12:09:04"
25158745861,2025-07-05,CUSTOMER,FULL,1990-11-05,34,NULL,0,410000,48,4,0,0,5458,"2025-07-05 12:08:55"
8800299331,2025-06-24,CUSTOMER,FULL,1995-12-10,29,1997-05-12,28,900000,72,6,0,0,13690,"2025-07-05 12:08:46"
25158745184,2025-07-05,CUSTOMER,FULL,1988-07-01,37,1961-01-01,64,1000000,60,5,0,0,17264,"2025-07-05 12:08:16"
25158744680,2025-07-05,CUSTOMER,FULL,1981-01-01,44,1962-01-01,63,990000,60,5,0,0,32336,"2025-07-05 12:08:15"
25157716598,2025-06-28,CUSTOMER,FULL,1996-05-10,29,1979-01-01,46,430000,36,3,0,0,3913,"2025-07-05 12:08:09"
25157809209,2025-06-29,CUSTOMER,FULL,1983-01-01,42,1993-03-15,32,470000,36,3,0,0,8552,"2025-07-05 12:07:39"
8800014857,2025-07-05,CUSTOMER,FULL,1994-03-29,31,NULL,0,200000,18,2,0,0,1499,"2025-07-05 12:07:07"
25158745834,2025-07-05,CUSTOMER,FULL,2001-09-22,23,NULL,0,295000,36,3,0,0,2385,"2025-07-05 12:06:05"
25158745858,2025-07-05,CUSTOMER,FULL,1992-01-01,33,1973-04-01,52,810000,60,5,0,0,10553,"2025-07-05 12:05:09"
25158450747,2025-07-05,CUSTOMER,FULL,1986-08-24,38,NULL,0,400000,36,3,0,0,5447,"2025-07-05 12:05:08"
25158745634,2025-07-05,CUSTOMER,FULL,1984-07-17,40,1989-05-06,36,990000,48,4,0,0,19171,"2025-07-05 12:04:40"
8800372935,2025-07-05,CUSTOMER,FULL,1985-07-18,39,NULL,0,550000,60,5,0,0,11923,"2025-07-05 12:04:38"
25158745879,2025-07-05,CUSTOMER,FULL,2005-02-15,20,1982-05-05,43,750000,48,4,0,0,7948,"2025-07-05 12:04:20"
8800188147,2025-07-04,CUSTOMER,FULL,2001-09-28,23,NULL,-1,950000,48,4,0,0,10112,"2025-07-05 12:04:07"
25157328642,2025-06-05,CUSTOMER,FULL,1990-01-01,35,NULL,-1,900000,48,4,0,0,10886,"2025-07-05 12:04:05"
8800272725,2025-07-01,CUSTOMER,FULL,1972-10-22,52,1975-08-31,49,910000,84,7,0,0,80868,"2025-07-05 12:03:33"
8800368342,2025-07-04,CUSTOMER,FULL,1977-09-20,47,1983-01-23,42,200000,24,2,0,0,3615,"2025-07-05 12:03:14"
25157650188,2025-06-24,CO-APPLICANT,FULL,1991-10-08,33,1991-04-04,34,330000,42,4,0,0,3840,"2025-07-05 12:01:37"
25157802705,2025-06-29,CUSTOMER,FULL,1994-10-14,30,NULL,-1,160000,24,2,0,0,1167,"2025-07-05 12:01:25"
8800281392,2025-07-02,CUSTOMER,FULL,1985-09-14,39,NULL,-1,400000,36,3,0,0,5532,"2025-07-05 12:01:25"
25158745867,2025-07-05,CUSTOMER,FULL,1991-01-01,34,1963-08-19,61,800000,36,3,0,0,8657,"2025-07-05 12:00:00"
25158410541,2025-07-03,CUSTOMER,FULL,1998-05-03,27,NULL,-1,1100000,84,7,0,0,17731,"2025-07-05 11:59:33"
8800346933,2025-07-05,CUSTOMER,FULL,1988-09-28,36,NULL,0,1335000,60,5,0,0,23756,"2025-07-05 11:59:27"
25158068818,2025-07-02,CUSTOMER,FULL,1999-08-17,25,NULL,-1,800000,60,5,0,0,9988,"2025-07-05 11:58:45"
8800342960,2025-07-05,CUSTOMER,FULL,1986-05-09,39,2001-03-26,24,884000,48,4,0,0,14594,"2025-07-05 11:58:13"
25158745574,2025-07-05,CO-APPLICANT,FULL,1969-01-01,56,1994-01-01,31,200000,24,2,0,0,1499,"2025-07-05 11:57:55"
25158088318,2025-07-02,CUSTOMER,"PARTIAL FINANCE AMOUNT",1974-09-03,50,NULL,-1,400000,60,5,300000,0,17251,"2025-07-05 11:57:40"
25157337870,2025-06-06,CUSTOMER,FULL,2005-08-15,19,1967-01-01,58,400000,36,3,0,0,3257,"2025-07-05 11:57:39"
8800173105,2025-07-05,CUSTOMER,FULL,1987-04-25,38,NULL,0,200000,36,3,0,0,2724,"2025-07-05 11:57:39"
25157976542,2025-07-01,CUSTOMER,FULL,1988-06-08,37,1957-01-01,68,986953,60,5,0,0,17039,"2025-07-05 11:57:28"
25158745349,2025-07-05,CUSTOMER,FULL,1995-09-16,29,1962-01-01,63,1036000,60,5,0,0,12213,"2025-07-05 11:56:51"
25158745708,2025-07-05,CUSTOMER,FULL,1991-01-01,34,1991-12-20,33,332000,36,3,0,0,3291,"2025-07-05 11:56:49"
8800341760,2025-06-22,CUSTOMER,FULL,1990-02-25,35,NULL,-1,150000,24,2,0,0,1282,"2025-07-05 11:56:34"
8800157372,2025-07-04,CUSTOMER,FULL,1993-10-13,31,NULL,-1,300000,48,4,0,0,3473,"2025-07-05 11:56:29"
8800233148,2025-06-29,CUSTOMER,FULL,1998-09-12,26,NULL,-1,650000,60,5,0,0,8154,"2025-07-05 11:56:25"
8800353510,2025-06-30,CUSTOMER,FULL,1992-02-28,33,1994-01-01,31,295000,36,3,0,0,2827,"2025-07-05 11:55:49"
25158741868,2025-07-04,CUSTOMER,FULL,1986-01-01,39,NULL,-1,410000,40,4,0,0,7393,"2025-07-05 11:55:36"
25158745948,2025-07-05,CUSTOMER,FULL,1983-01-01,42,NULL,0,405500,48,4,0,0,9173,"2025-07-05 11:55:35"
25158071221,2025-07-02,CUSTOMER,FULL,1985-01-01,40,1983-01-01,42,1020000,60,5,0,0,21076,"2025-07-05 11:55:29"
8800103040,2025-06-19,CUSTOMER,FULL,1976-05-01,49,1999-06-02,26,580000,60,5,0,0,30299,"2025-07-05 11:55:04"
8800214463,2025-07-02,CUSTOMER,FULL,1974-01-01,51,NULL,-1,236000,36,3,0,0,9728,"2025-07-05 11:54:50"
25158734297,2025-07-05,CUSTOMER,FULL,1985-10-10,39,1961-01-01,64,610000,48,4,0,0,10999,"2025-07-05 11:54:44"
8800132788,2025-06-12,CUSTOMER,FULL,1994-02-03,31,1966-03-02,59,407200,24,2,0,0,3052,"2025-07-05 11:54:43"
25158494632,2025-07-03,CUSTOMER,FULL,1997-03-03,28,1961-10-22,63,413000,36,3,0,0,3695,"2025-07-05 11:53:19"
25158745450,2025-07-05,CUSTOMER,FULL,1994-05-10,31,NULL,0,580000,48,4,0,0,6181,"2025-07-05 11:53:05"
25157636619,2025-06-23,CUSTOMER,FULL,1983-01-01,42,NULL,-1,330000,48,4,0,0,6671,"2025-07-05 11:52:35"
25157623968,2025-06-21,CUSTOMER,FULL,1985-01-01,40,1996-07-05,28,160000,36,3,0,0,2481,"2025-07-05 11:52:34"
25158041420,2025-07-05,CUSTOMER,FULL,1993-07-25,31,NULL,0,660000,48,4,0,0,7742,"2025-07-05 11:52:33"
8800380377,2025-07-04,CUSTOMER,FULL,2001-09-29,23,NULL,-1,422000,60,5,0,0,5269,"2025-07-05 11:51:41"
25158744560,2025-07-05,CUSTOMER,FULL,1990-12-22,34,1960-01-01,65,250000,24,2,0,0,2048,"2025-07-05 11:51:32"
25158688122,2025-07-04,CUSTOMER,FULL,1992-10-19,32,NULL,-1,712000,44,4,0,0,7780,"2025-07-05 11:51:30"
25158742328,2025-07-04,CUSTOMER,FULL,1999-07-01,26,1956-07-01,69,920000,36,3,0,0,8099,"2025-07-05 11:51:30"
8800314563,2025-07-02,CUSTOMER,FULL,1985-04-14,40,NULL,-1,650000,36,3,0,0,9527,"2025-07-05 11:50:51"
25158745449,2025-07-05,CUSTOMER,FULL,1986-05-13,39,1994-01-01,31,620000,48,4,0,0,11179,"2025-07-05 11:50:49"
25157929307,2025-06-30,CUSTOMER,FULL,2002-01-01,23,1981-01-01,44,513764,54,5,0,0,5481,"2025-07-05 11:50:36"
25156513744,2025-07-05,CUSTOMER,FULL,1985-01-01,40,NULL,0,680000,48,4,0,0,12799,"2025-07-05 11:50:22"
8800376693,2025-07-04,CUSTOMER,FULL,1991-08-10,33,NULL,-1,828000,60,5,0,0,10787,"2025-07-05 11:50:16"
8800339916,2025-07-05,CUSTOMER,FULL,2002-05-21,23,1975-01-01,50,980000,59,5,0,0,10454,"2025-07-05 11:50:09"
25157865900,2025-06-29,CUSTOMER,FULL,1986-01-01,39,NULL,-1,306000,42,4,0,0,5052,"2025-07-05 11:50:00"
25158410501,2025-07-03,CUSTOMER,FULL,2004-01-01,21,1974-01-01,51,470000,72,6,0,0,6733,"2025-07-05 11:49:59"
25158680748,2025-07-04,CUSTOMER,FULL,1988-01-01,37,1994-01-01,31,408000,36,3,0,0,5214,"2025-07-05 11:49:57"
8800365114,2025-07-05,CUSTOMER,FULL,1980-08-13,44,NULL,0,710000,23,2,0,0,10047,"2025-07-05 11:49:52"
8800118239,2025-07-04,CUSTOMER,FULL,1985-04-02,40,NULL,-1,175000,24,2,0,0,1972,"2025-07-05 11:49:33"
25158742518,2025-07-04,CUSTOMER,FULL,1998-03-21,27,1974-05-01,51,398000,35,3,0,0,3452,"2025-07-05 11:49:13"
25158740340,2025-07-04,CUSTOMER,FULL,1970-01-01,55,1975-02-01,50,150000,48,4,0,0,10813,"2025-07-05 11:48:56"
25158332836,2025-07-03,CUSTOMER,"PARTIAL FINANCE AMOUNT",1972-12-31,52,NULL,-1,60000,24,2,45000,0,1707,"2025-07-05 11:48:38"
25158663431,2025-07-04,CUSTOMER,FULL,1984-01-01,41,2002-01-12,23,80000,36,3,0,0,1347,"2025-07-05 11:48:17"
25158700296,2025-07-04,CUSTOMER,FULL,2001-02-01,24,NULL,-1,230000,36,3,0,0,1879,"2025-07-05 11:48:13"
25157650312,2025-06-24,CO-APPLICANT,FULL,2000-01-01,25,1989-01-01,36,440000,36,3,0,0,5296,"2025-07-05 11:48:01"
8800236842,2025-06-29,CUSTOMER,FULL,1994-06-01,31,1948-01-01,77,200000,36,3,0,0,1945,"2025-07-05 11:47:55"
25158739181,2025-07-04,CUSTOMER,FULL,1996-05-02,29,1998-10-30,26,550000,48,4,0,0,6095,"2025-07-05 11:47:20"
25158126555,2025-07-02,CUSTOMER,FULL,1988-05-16,37,NULL,-1,1060000,71,6,0,0,23103,"2025-07-05 11:47:17"
25157667378,2025-06-25,CUSTOMER,FULL,1983-10-06,41,NULL,-1,600000,42,4,0,0,12532,"2025-07-05 11:46:55"
25157931230,2025-06-30,CUSTOMER,FULL,1981-06-05,44,NULL,-1,130000,48,4,0,0,3463,"2025-07-05 11:46:46"
8800395335,2025-07-05,CUSTOMER,FULL,1998-03-13,27,NULL,0,326000,60,5,0,0,3740,"2025-07-05 11:46:40"
8800200439,2025-07-03,CUSTOMER,FULL,1979-10-10,45,NULL,-1,850000,48,4,0,0,24955,"2025-07-05 11:46:07"
8800363351,2025-07-02,CUSTOMER,FULL,1997-11-08,27,1999-08-16,25,355000,48,4,0,0,3783,"2025-07-05 11:44:52"
25157680277,2025-06-27,CUSTOMER,FULL,1991-09-10,33,NULL,-1,500000,60,5,0,0,7570,"2025-07-05 11:44:42"
25157951627,2025-07-01,CO-APPLICANT,FULL,1971-01-01,54,1998-05-04,27,600000,60,5,0,0,7597,"2025-07-05 11:44:26"
25158041244,2025-07-02,CUSTOMER,FULL,1996-01-01,29,NULL,-1,170000,24,2,0,0,1253,"2025-07-05 11:44:13"
25157624242,2025-06-21,CUSTOMER,FULL,1997-01-01,28,NULL,-1,665000,60,5,0,0,8546,"2025-07-05 11:44:08"
25157698413,2025-06-28,CUSTOMER,FULL,1991-07-20,33,2000-05-24,25,600000,36,3,0,0,6203,"2025-07-05 11:44:06"
8800176139,2025-07-04,CUSTOMER,FULL,1995-01-30,30,NULL,-1,400000,36,3,0,0,3725,"2025-07-05 11:43:47"
25158039276,2025-07-02,CUSTOMER,FULL,1980-01-01,45,2004-06-05,21,520000,59,5,0,0,18709,"2025-07-05 11:43:34"
25158745892,2025-07-05,CUSTOMER,FULL,1974-07-01,51,NULL,0,1000000,60,5,0,0,60357,"2025-07-05 11:43:32"
25158745268,2025-07-05,CUSTOMER,FULL,1980-06-05,45,NULL,0,180000,36,3,0,0,4314,"2025-07-05 11:43:30"
25158745327,2025-07-05,CUSTOMER,FULL,2002-01-22,23,1982-01-01,43,545000,60,5,0,0,6804,"2025-07-05 11:43:02"
25158501553,2025-07-03,CUSTOMER,FULL,1985-07-01,40,NULL,-1,670000,60,5,0,0,15631,"2025-07-05 11:42:36"
25158358760,2025-07-03,CUSTOMER,FULL,1993-12-04,31,NULL,-1,316000,36,3,0,0,2887,"2025-07-05 11:42:25"
8800344662,2025-07-01,CUSTOMER,FULL,1999-01-03,26,1969-06-01,56,150000,24,2,0,0,1099,"2025-07-05 11:42:12"
25158365855,2025-07-03,CUSTOMER,FULL,1999-07-10,25,NULL,-1,295000,36,3,0,0,2420,"2025-07-05 11:42:08"
25157668951,2025-06-28,CUSTOMER,FULL,1996-02-03,29,1991-11-11,33,300000,24,2,0,0,2195,"2025-07-05 11:42:00"
8800294530,2025-07-05,CUSTOMER,FULL,1989-10-05,35,NULL,0,300000,36,3,0,0,3406,"2025-07-05 11:41:46"
25158344614,2025-07-03,CUSTOMER,FULL,1993-12-10,31,NULL,-1,490000,24,2,0,0,3701,"2025-07-05 11:41:41"
8800185566,2025-06-18,CUSTOMER,FULL,1992-01-01,33,1960-09-05,64,1200000,60,5,0,0,15633,"2025-07-05 11:41:26"
8800134718,2025-07-04,CUSTOMER,FULL,1995-08-05,29,NULL,-1,400000,59,5,0,0,5117,"2025-07-05 11:41:22"
8800368807,2025-07-02,CUSTOMER,FULL,1973-06-01,52,NULL,-1,220000,36,3,0,0,10291,"2025-07-05 11:41:17"
25158658048,2025-07-04,CUSTOMER,FULL,1998-12-11,26,NULL,-1,270000,36,3,0,0,2320,"2025-07-05 11:41:12"
8800349418,2025-06-30,CUSTOMER,FULL,1988-11-01,36,NULL,-1,260000,36,3,0,0,3130,"2025-07-05 11:41:03"
25157931640,2025-06-30,CUSTOMER,FULL,1995-09-20,29,NULL,-1,700000,47,4,0,0,7195,"2025-07-05 11:40:25"
8800198520,2025-07-05,CUSTOMER,FULL,1994-01-01,31,NULL,0,950000,72,6,0,0,14798,"2025-07-05 11:40:22"
25157544655,2025-06-16,CUSTOMER,FULL,1995-01-01,30,NULL,-1,430000,48,4,0,0,4887,"2025-07-05 11:40:21"
8800286902,2025-06-19,CUSTOMER,FULL,1996-09-17,28,NULL,-1,520000,84,7,0,0,8800,"2025-07-05 11:40:13"
25157690374,2025-06-27,CUSTOMER,FULL,1994-04-10,31,1970-01-01,55,721000,54,5,0,0,10048,"2025-07-05 11:40:07"
8800398153,2025-07-05,CUSTOMER,FULL,1982-05-10,43,NULL,0,325000,36,3,0,0,6451,"2025-07-05 11:39:53"
8800234262,2025-07-02,CUSTOMER,FULL,1998-01-04,27,NULL,-1,450000,36,3,0,0,4052,"2025-07-05 11:39:30"
8800412301,2025-07-04,CUSTOMER,"PARTIAL TENURE",1976-01-01,49,NULL,-1,500000,48,4,0,2,14107,"2025-07-05 11:39:06"
25158324178,2025-07-03,CUSTOMER,FULL,2001-01-01,24,2003-02-03,22,347000,48,4,0,0,3272,"2025-07-05 11:38:43"
25157948425,2025-07-03,CUSTOMER,FULL,1983-01-01,42,NULL,-1,550000,48,4,0,0,12442,"2025-07-05 11:38:04"
8800197976,2025-07-05,CUSTOMER,FULL,1989-07-07,35,NULL,0,200000,24,2,0,0,1710,"2025-07-05 11:37:45"
25157667408,2025-07-02,CUSTOMER,FULL,1994-04-20,31,NULL,-1,568000,48,4,0,0,6663,"2025-07-05 11:37:38"
8800127619,2025-07-04,CUSTOMER,FULL,1976-04-05,49,1980-04-09,45,300000,22,2,0,0,6489,"2025-07-05 11:37:27"
25158663205,2025-07-04,CUSTOMER,FULL,1996-05-25,29,1969-05-01,56,790000,60,5,0,0,9313,"2025-07-05 11:37:20"
25158695310,2025-07-04,CUSTOMER,FULL,1999-06-05,26,NULL,-1,310000,36,3,0,0,2664,"2025-07-05 11:37:12"
25157669426,2025-06-25,CUSTOMER,FULL,1999-01-01,26,NULL,-1,450000,48,4,0,0,4748,"2025-07-05 11:37:05"
8800349102,2025-07-05,CUSTOMER,FULL,2001-04-26,24,1975-01-01,50,950000,60,5,0,0,11861,"2025-07-05 11:36:56"
25157706036,2025-06-28,CUSTOMER,FULL,1991-11-08,33,1987-01-01,38,730000,60,5,0,0,9510,"2025-07-05 11:36:06"
25157674677,2025-06-26,CUSTOMER,FULL,1991-07-13,33,NULL,-1,235000,36,3,0,0,2252,"2025-07-05 11:36:05"
8800202358,2025-07-04,CUSTOMER,FULL,1980-07-01,45,1985-02-26,40,900000,48,4,0,0,26657,"2025-07-05 11:35:52"
8800232312,2025-06-27,CUSTOMER,FULL,1977-01-01,48,NULL,-1,600000,60,5,0,0,28462,"2025-07-05 11:35:30"
8800125451,2025-06-13,CUSTOMER,FULL,1973-08-06,51,NULL,-1,70000,24,2,0,0,2396,"2025-07-05 11:35:29"
25158744299,2025-07-05,CUSTOMER,FULL,1997-06-03,28,NULL,0,1700000,60,5,0,0,19740,"2025-07-05 11:35:19"
25157931457,2025-06-30,CUSTOMER,FULL,1996-04-05,29,NULL,-1,115000,36,3,0,0,1067,"2025-07-05 11:35:03"
25158745362,2025-07-05,CUSTOMER,FULL,1994-04-07,31,NULL,0,394000,36,3,0,0,3776,"2025-07-05 11:34:04"
25157324900,2025-06-05,CO-APPLICANT,FULL,1980-04-15,45,2003-11-02,21,410000,48,4,0,0,4364,"2025-07-05 11:33:51"
8800389077,2025-06-28,CUSTOMER,FULL,2001-01-29,24,NULL,-1,610000,48,4,0,0,6493,"2025-07-05 11:33:25"
25158745376,2025-07-05,CUSTOMER,FULL,1975-01-01,50,1999-03-14,26,450000,35,3,0,0,17630,"2025-07-05 11:33:19"
25158745254,2025-07-05,CO-APPLICANT,FULL,1970-02-20,55,1995-01-11,30,300000,36,3,0,0,2794,"2025-07-05 11:33:14"
25158047438,2025-07-02,CUSTOMER,FULL,1996-01-01,29,NULL,-1,965000,60,5,0,0,11376,"2025-07-05 11:33:03"
25158745288,2025-07-05,CUSTOMER,FULL,1996-01-04,29,NULL,0,990000,60,5,0,0,11671,"2025-07-05 11:32:03"
8800347806,2025-06-21,CUSTOMER,FULL,1972-01-01,53,1965-12-09,59,270000,24,2,0,0,10842,"2025-07-05 11:31:49"
25158743947,2025-07-05,CUSTOMER,FULL,1988-08-07,36,1994-01-01,31,500000,48,4,0,0,7429,"2025-07-05 11:31:37"
8800017247,2025-07-04,CUSTOMER,FULL,1988-08-08,36,1987-07-09,37,610000,72,6,0,0,12734,"2025-07-05 11:31:30"
25158742107,2025-07-04,CUSTOMER,FULL,2002-08-28,22,1974-08-05,50,390000,36,3,0,0,3434,"2025-07-05 11:31:26"
25158739865,2025-07-04,CUSTOMER,FULL,2000-07-20,24,NULL,-1,550000,42,4,0,0,5854,"2025-07-05 11:31:13"
25158743458,2025-07-04,CUSTOMER,FULL,1991-07-02,34,NULL,-1,467000,60,5,0,0,6305,"2025-07-05 11:31:09"
8800383854,2025-07-02,CUSTOMER,FULL,2004-01-01,21,1965-02-03,60,980000,60,5,0,0,10246,"2025-07-05 11:29:26"
25158042332,2025-07-02,CUSTOMER,FULL,1996-03-11,29,1996-02-20,29,610000,60,5,0,0,8005,"2025-07-05 11:28:38"
25158661400,2025-07-04,CUSTOMER,FULL,1996-04-11,29,NULL,-1,1000000,72,6,0,0,14892,"2025-07-05 11:28:30"
25157689767,2025-06-27,CUSTOMER,FULL,1998-02-15,27,NULL,-1,950000,84,7,0,0,15773,"2025-07-05 11:28:27"
25158743370,2025-07-04,CUSTOMER,FULL,1990-01-01,35,NULL,-1,400000,30,3,0,0,4555,"2025-07-05 11:28:24"
25158743072,2025-07-05,CUSTOMER,FULL,1999-09-21,25,1975-01-01,50,500000,60,5,0,0,6243,"2025-07-05 11:28:21"
8800387306,2025-07-04,CUSTOMER,FULL,1987-01-01,38,1989-01-01,36,750000,72,6,0,0,17842,"2025-07-05 11:27:58"
25158741282,2025-07-04,CUSTOMER,FULL,1991-04-15,34,1966-04-15,59,290000,36,3,0,0,3142,"2025-07-05 11:27:53"
25158745039,2025-07-05,CUSTOMER,FULL,1993-01-04,32,NULL,0,284000,36,3,0,0,2651,"2025-07-05 11:27:48"
25158740899,2025-07-04,CUSTOMER,FULL,1996-12-21,28,1995-08-05,29,275000,48,4,0,0,2970,"2025-07-05 11:26:45"
8800325834,2025-07-02,CUSTOMER,FULL,1988-05-25,37,2002-04-03,23,180000,24,2,0,0,1699,"2025-07-05 11:26:35"
25157846024,2025-06-29,CUSTOMER,FULL,2003-01-07,22,NULL,-1,680000,45,4,0,0,7238,"2025-07-05 11:26:09"
25157293527,2025-06-04,CUSTOMER,FULL,1987-06-15,37,NULL,-1,390000,48,4,0,0,6158,"2025-07-05 11:26:01"
8800242789,2025-07-05,CUSTOMER,FULL,1990-11-01,34,1991-11-12,33,830000,60,5,0,0,13203,"2025-07-05 11:25:40"
25158709553,2025-07-04,CUSTOMER,FULL,1984-10-06,40,NULL,-1,350000,48,4,0,0,6778,"2025-07-05 11:25:35"
25158043020,2025-07-02,CUSTOMER,FULL,1983-03-01,42,NULL,-1,520000,48,4,0,0,11763,"2025-07-05 11:25:28"
25158745061,2025-07-05,CUSTOMER,FULL,1982-01-21,43,NULL,0,75000,24,2,0,0,1141,"2025-07-05 11:25:14"
25158745158,2025-07-05,CUSTOMER,FULL,1984-01-23,41,NULL,0,560000,48,4,0,0,11697,"2025-07-05 11:24:52"
8800213484,2025-07-04,CUSTOMER,FULL,1999-01-01,26,NULL,-1,325000,36,3,0,0,2861,"2025-07-05 11:24:46"
25158044516,2025-07-03,CUSTOMER,FULL,1995-07-04,29,1951-01-01,74,950000,60,5,0,0,11199,"2025-07-05 11:24:24"
8800333624,2025-07-04,CUSTOMER,FULL,1987-08-06,37,1982-06-12,43,480000,48,4,0,0,7097,"2025-07-05 11:24:16"
8800284791,2025-07-05,CUSTOMER,FULL,1980-08-09,44,NULL,0,275000,24,2,0,0,4560,"2025-07-05 11:24:03"
8800396776,2025-07-03,CUSTOMER,FULL,2000-09-13,24,NULL,-1,350000,48,4,0,0,3618,"2025-07-05 11:23:44"
8800217160,2025-06-17,CUSTOMER,FULL,1991-07-02,33,1993-06-11,32,936000,60,5,0,0,12194,"2025-07-05 11:23:39"
8800228934,2025-07-03,CUSTOMER,FULL,1978-10-05,46,1988-08-07,36,900000,60,5,0,0,34314,"2025-07-05 11:23:02"
25158745007,2025-07-05,CUSTOMER,FULL,1995-08-18,29,1965-05-13,60,830000,48,4,0,0,9197,"2025-07-05 11:23:02"
25158573875,2025-07-03,CUSTOMER,FULL,1991-07-07,33,1991-07-16,33,170000,36,3,0,0,1758,"2025-07-05 11:22:54"
25158044733,2025-07-04,CUSTOMER,FULL,1973-01-01,52,NULL,-1,450000,60,5,0,0,31154,"2025-07-05 11:22:47"
25157657006,2025-06-25,CUSTOMER,FULL,1981-06-10,44,1977-05-07,48,2900000,58,5,0,0,92531,"2025-07-05 11:22:32"
8800397977,2025-07-05,CUSTOMER,FULL,1979-02-15,46,NULL,0,80000,30,3,0,0,2118,"2025-07-05 11:22:07"
8800006611,2025-07-03,CUSTOMER,FULL,1993-12-07,31,NULL,-1,612038,36,3,0,0,5865,"2025-07-05 11:22:03"
25158677192,2025-07-04,CUSTOMER,FULL,1994-09-12,30,1990-01-01,35,3135000,58,5,0,0,41100,"2025-07-05 11:21:42"
25158277177,2025-07-03,CUSTOMER,FULL,1975-01-01,50,1980-07-03,45,690000,60,5,0,0,39676,"2025-07-05 11:21:36"
8800307505,2025-07-05,CUSTOMER,FULL,1996-06-07,29,1971-03-01,54,320000,60,5,0,0,4094,"2025-07-05 11:21:03"
8800140872,2025-07-05,CUSTOMER,FULL,1998-05-31,27,1998-05-09,27,396000,72,6,0,0,5790,"2025-07-05 11:20:47"
25158741969,2025-07-04,CUSTOMER,FULL,1983-09-02,41,1982-06-15,43,900000,72,6,0,0,26795,"2025-07-05 11:20:37"
8800257924,2025-07-05,CUSTOMER,FULL,1995-09-05,29,NULL,0,260000,24,2,0,0,1916,"2025-07-05 11:20:32"
25158740532,2025-07-04,CUSTOMER,FULL,1999-12-31,25,1996-01-01,29,731000,60,5,0,0,7919,"2025-07-05 11:20:04"
25158663134,2025-07-04,CUSTOMER,FULL,1990-10-29,34,1963-01-01,62,600000,36,3,0,0,6500,"2025-07-05 11:19:54"
25158744810,2025-07-05,CUSTOMER,FULL,1994-04-18,31,NULL,0,500000,48,4,0,0,5865,"2025-07-05 11:19:44"
25158172508,2025-07-02,CUSTOMER,FULL,1991-06-15,34,NULL,-1,400000,48,4,0,0,5325,"2025-07-05 11:19:41"
8800367790,2025-07-04,CUSTOMER,FULL,1986-06-25,39,NULL,-1,100000,24,2,0,0,1065,"2025-07-05 11:19:41"
8800428201,2025-07-04,CUSTOMER,FULL,1996-06-05,29,NULL,-1,1116000,60,5,0,0,13156,"2025-07-05 11:19:24"
25158666296,2025-07-04,CUSTOMER,FULL,1989-11-25,35,1983-01-06,42,600000,60,5,0,0,10068,"2025-07-05 11:19:24"
25158663553,2025-07-04,CUSTOMER,FULL,1995-08-08,29,1963-01-01,62,950000,36,3,0,0,8397,"2025-07-05 11:19:22"
25158662871,2025-07-04,CUSTOMER,FULL,1995-03-04,30,1975-03-26,50,800000,72,6,0,0,12159,"2025-07-05 11:18:13"
25157697232,2025-06-28,CUSTOMER,FULL,1998-01-01,27,1996-01-01,29,450000,48,4,0,0,4833,"2025-07-05 11:17:47"
25156474563,2025-07-03,CUSTOMER,FULL,1984-06-22,41,NULL,-1,700000,36,3,0,0,11721,"2025-07-05 11:17:19"
25158657946,2025-07-04,CUSTOMER,FULL,1983-01-01,42,2006-12-18,18,800000,60,5,0,0,21873,"2025-07-05 11:17:16"
8800206250,2025-07-04,CUSTOMER,FULL,2003-08-22,21,1976-04-24,49,280000,36,3,0,0,2376,"2025-07-05 11:16:26"
8800117464,2025-07-05,CUSTOMER,FULL,1987-08-15,37,NULL,0,430000,36,3,0,0,5354,"2025-07-05 11:15:52"
25157443205,2025-06-10,CUSTOMER,FULL,2004-01-01,21,1980-03-02,45,343000,48,4,0,0,3145,"2025-07-05 11:15:04"
25158663688,2025-07-04,CUSTOMER,FULL,1997-06-07,28,1974-01-01,51,1100000,60,5,0,0,12773,"2025-07-05 11:14:42"
25158745054,2025-07-05,CUSTOMER,FULL,1994-01-01,31,NULL,0,609940,60,5,0,0,7471,"2025-07-05 11:14:30"
25158739840,2025-07-04,CUSTOMER,FULL,1973-01-01,52,NULL,-1,225000,60,5,0,0,15299,"2025-07-05 11:14:26"
8800134829,2025-07-05,CO-APPLICANT,FULL,1974-11-01,50,1997-06-27,28,400000,48,4,0,0,4352,"2025-07-05 11:14:22"
25158039055,2025-07-02,CUSTOMER,FULL,1993-07-07,31,NULL,-1,313000,36,3,0,0,2859,"2025-07-05 11:13:57"
25158134009,2025-07-02,CUSTOMER,FULL,2006-06-03,19,1972-04-06,53,1700000,60,5,0,0,17152,"2025-07-05 11:13:57"
25158744836,2025-07-05,CUSTOMER,FULL,1991-05-27,34,NULL,0,260000,42,4,0,0,3461,"2025-07-05 11:13:32"
25158745103,2025-07-05,CUSTOMER,FULL,1994-07-02,31,NULL,0,270000,24,2,0,0,2024,"2025-07-05 11:12:45"
8800266005,2025-07-03,CUSTOMER,FULL,2000-07-02,25,NULL,-1,600000,37,4,0,0,6266,"2025-07-05 11:12:37"
25158743192,2025-07-04,CUSTOMER,FULL,1981-01-01,44,NULL,-1,400000,36,3,0,0,8633,"2025-07-05 11:12:16"
8800116909,2025-07-05,CUSTOMER,FULL,1978-06-15,47,NULL,0,680000,60,5,0,0,29376,"2025-07-05 11:12:10"
25158041344,2025-07-02,CUSTOMER,FULL,1981-01-01,44,NULL,-1,340000,30,3,0,0,7338,"2025-07-05 11:12:03"
25157691346,2025-07-04,CO-APPLICANT,FULL,2000-01-01,25,2003-12-31,21,560000,48,4,0,0,5961,"2025-07-05 11:11:55"
25158742119,2025-07-04,CUSTOMER,FULL,1983-07-10,41,1991-01-01,34,500000,36,3,0,0,8414,"2025-07-05 11:11:52"
25157927948,2025-06-30,CUSTOMER,FULL,1996-02-01,29,NULL,-1,570000,30,3,0,0,5038,"2025-07-05 11:11:51"
8800251539,2025-07-03,CUSTOMER,FULL,1998-03-03,27,NULL,-1,250000,60,5,0,0,2868,"2025-07-05 11:11:44"
8800364779,2025-07-05,CUSTOMER,FULL,1985-01-01,40,NULL,0,400000,48,4,0,0,7746,"2025-07-05 11:11:30"
25157929052,2025-07-04,CUSTOMER,FULL,2000-03-10,25,1978-07-15,46,950000,60,5,0,0,11861,"2025-07-05 11:11:20"
8800024192,2025-07-01,CUSTOMER,FULL,1993-03-13,32,NULL,-1,165000,48,4,0,0,1975,"2025-07-05 11:11:18"
25158691655,2025-07-04,CUSTOMER,FULL,1992-05-10,33,NULL,-1,510000,48,4,0,0,6476,"2025-07-05 11:10:42"
25158745216,2025-07-05,CUSTOMER,FULL,1992-01-10,33,NULL,0,1093001,23,2,0,0,8668,"2025-07-05 11:10:36"
8800326876,2025-06-19,CUSTOMER,FULL,1986-01-01,39,1983-01-01,42,598000,60,5,0,0,12963,"2025-07-05 11:09:55"
25158741434,2025-07-04,CUSTOMER,FULL,1994-01-21,31,1995-06-18,30,500000,48,4,0,0,5865,"2025-07-05 11:09:54"
25158357298,2025-07-03,CUSTOMER,FULL,1998-01-26,27,NULL,-1,1000000,60,5,0,0,11470,"2025-07-05 11:09:44"
25158745223,2025-07-05,CUSTOMER,FULL,1998-01-01,27,NULL,0,350000,48,4,0,0,3759,"2025-07-05 11:09:31"
25157635367,2025-06-23,CUSTOMER,FULL,2000-02-02,25,1968-01-01,57,990000,60,5,0,0,10725,"2025-07-05 11:09:27"
25157798911,2025-06-29,CUSTOMER,FULL,1983-11-06,41,NULL,-1,140500,12,1,0,0,1664,"2025-07-05 11:09:25"
25158311559,2025-07-04,CUSTOMER,FULL,1993-09-22,31,NULL,-1,1000000,60,5,0,0,13936,"2025-07-05 11:09:16"
25158739307,2025-07-04,CUSTOMER,FULL,1993-01-01,32,NULL,-1,530000,60,5,0,0,7680,"2025-07-05 11:09:16"
8800372032,2025-07-03,CUSTOMER,FULL,1992-12-16,32,NULL,-1,880000,48,4,0,0,10706,"2025-07-05 11:09:11"
25158745004,2025-07-05,CUSTOMER,FULL,1992-01-01,33,NULL,0,170000,23,2,0,0,1343,"2025-07-05 11:09:03"
25158662568,2025-07-04,CUSTOMER,FULL,2004-09-27,20,1976-10-15,48,311000,42,4,0,0,2808,"2025-07-05 11:08:29"
8800368894,2025-07-05,CUSTOMER,FULL,1992-06-10,33,NULL,0,500000,24,2,0,0,3948,"2025-07-05 11:08:16"
25158744865,2025-07-05,CUSTOMER,FULL,1993-01-05,32,NULL,0,605000,48,4,0,0,7361,"2025-07-05 11:08:13"
25158744136,2025-07-05,CUSTOMER,FULL,1999-08-29,25,NULL,0,450000,48,4,0,0,4790,"2025-07-05 11:08:11"
25158041798,2025-07-02,CUSTOMER,FULL,1987-05-09,38,NULL,-1,600000,48,4,0,0,10104,"2025-07-05 11:07:17"
25158741318,2025-07-04,CUSTOMER,FULL,1983-08-01,41,2003-06-25,22,200000,36,3,0,0,3349,"2025-07-05 11:06:39"
25157691774,2025-06-27,CUSTOMER,FULL,2002-11-12,22,NULL,-1,230000,36,3,0,0,1841,"2025-07-05 11:06:32"
25158745172,2025-07-05,CUSTOMER,FULL,1993-01-01,32,1995-01-01,30,400000,48,4,0,0,4867,"2025-07-05 11:06:25"
25158744922,2025-07-05,CUSTOMER,FULL,1981-12-25,43,2003-10-28,21,200000,23,2,0,0,2643,"2025-07-05 11:06:23"
25157568496,2025-06-18,CUSTOMER,FULL,1994-07-08,30,1995-07-07,29,550000,60,5,0,0,6601,"2025-07-05 11:06:16"
8800396980,2025-07-02,CUSTOMER,FULL,1970-07-22,54,1982-08-22,42,150000,30,3,0,0,8240,"2025-07-05 11:05:55"
25158656726,2025-07-04,CUSTOMER,FULL,1984-01-01,41,NULL,-1,343000,48,4,0,0,6456,"2025-07-05 11:05:36"
25158745102,2025-07-05,CUSTOMER,FULL,1992-06-05,33,1995-01-01,30,460000,42,4,0,0,5841,"2025-07-05 11:05:36"
25158431690,2025-07-03,CUSTOMER,FULL,1989-08-08,35,NULL,-1,356000,48,4,0,0,4995,"2025-07-05 11:04:59"
8800144664,2025-07-03,CUSTOMER,FULL,1992-12-24,32,NULL,-1,160000,24,2,0,0,1227,"2025-07-05 11:04:58"
8800367484,2025-07-04,CO-APPLICANT,FULL,1984-01-01,41,2005-04-06,20,350000,36,3,0,0,3065,"2025-07-05 11:04:43"
8800111623,2025-07-02,CUSTOMER,FULL,1993-02-15,32,NULL,-1,1111353,36,3,0,0,11147,"2025-07-05 11:04:39"
25158703935,2025-07-04,CUSTOMER,FULL,1983-11-01,41,1987-06-06,38,330000,42,4,0,0,6211,"2025-07-05 11:04:27"
25157566926,2025-06-18,CUSTOMER,FULL,2005-05-09,20,1981-01-01,44,830000,72,6,0,0,10656,"2025-07-05 11:04:26"
25155324583,2025-07-03,CO-APPLICANT,FULL,1979-01-01,46,2002-02-05,23,550000,48,4,0,0,5854,"2025-07-05 11:04:02"
25158745212,2025-07-05,CUSTOMER,FULL,1990-06-01,35,NULL,0,200000,18,2,0,0,1770,"2025-07-05 11:03:39"
25157491482,2025-06-12,CUSTOMER,FULL,1990-01-01,35,2000-03-10,25,330000,48,4,0,0,3992,"2025-07-05 11:03:29"
25158036453,2025-07-05,CUSTOMER,FULL,1980-01-01,45,NULL,0,600000,60,5,0,0,21120,"2025-07-05 11:03:24"
8800375206,2025-07-05,CUSTOMER,FULL,1978-01-01,47,NULL,0,68000,12,1,0,0,1229,"2025-07-05 11:03:15"
25158362299,2025-07-03,CUSTOMER,FULL,1997-05-08,28,1989-06-10,36,584000,60,5,0,0,6781,"2025-07-05 11:03:09"
25157682207,2025-06-27,CUSTOMER,FULL,1993-01-01,32,NULL,-1,606000,60,5,0,0,7638,"2025-07-05 11:03:06"
25157832155,2025-06-29,CUSTOMER,FULL,1985-02-10,40,NULL,-1,380000,42,4,0,0,7152,"2025-07-05 11:03:02"
25157666239,2025-06-25,CUSTOMER,FULL,1996-01-01,29,NULL,-1,550000,59,5,0,0,7217,"2025-07-05 11:02:23"
25158660933,2025-07-04,CUSTOMER,FULL,1991-01-01,34,1996-01-01,29,130000,24,2,0,0,1096,"2025-07-05 11:02:23"
25157935459,2025-07-01,CUSTOMER,FULL,1993-01-01,32,1992-07-10,32,970000,60,5,0,0,12225,"2025-07-05 11:02:09"
8800380132,2025-07-05,CUSTOMER,FULL,1997-03-12,28,1993-02-07,32,1600000,60,5,0,0,20051,"2025-07-05 11:01:44"
25158744066,2025-07-05,CUSTOMER,FULL,2002-07-06,22,1971-01-01,54,100000,12,1,0,0,604,"2025-07-05 10:59:55"
25158744808,2025-07-05,CUSTOMER,FULL,1991-01-01,34,NULL,0,100000,36,3,0,0,1083,"2025-07-05 10:59:23"
25158744551,2025-07-05,CUSTOMER,FULL,1978-07-17,46,NULL,0,175000,24,2,0,0,2902,"2025-07-05 10:59:14"
8800410451,2025-07-05,CUSTOMER,FULL,1974-06-01,51,NULL,0,650000,48,4,0,0,34063,"2025-07-05 10:59:09"
25158744224,2025-07-05,CUSTOMER,FULL,1992-04-24,33,NULL,0,637000,60,5,0,0,9644,"2025-07-05 10:58:50"
25158662327,2025-07-04,CUSTOMER,"PARTIAL TENURE",1967-01-01,58,NULL,-1,500000,60,5,0,2,30138,"2025-07-05 10:58:39"
8800397357,2025-07-04,CUSTOMER,FULL,2003-05-22,22,1971-05-10,54,1150000,71,6,0,0,15131,"2025-07-05 10:58:24"
25158742457,2025-07-05,CUSTOMER,FULL,1986-01-01,39,1994-01-01,31,990000,72,6,0,0,25280,"2025-07-05 10:58:10"
8800252313,2025-07-03,CUSTOMER,FULL,1970-01-01,55,1993-01-01,32,250000,29,3,0,0,14809,"2025-07-05 10:58:01"
8800307759,2025-06-29,CUSTOMER,FULL,1975-05-01,50,NULL,-1,600000,60,5,0,0,34346,"2025-07-05 10:58:01"
25158744548,2025-07-05,CUSTOMER,FULL,1995-01-01,30,NULL,0,700000,60,5,0,0,8401,"2025-07-05 10:57:55"
8800294055,2025-07-04,CUSTOMER,FULL,1974-06-01,51,NULL,-1,500000,36,3,0,0,21453,"2025-07-05 10:57:46"
25158739918,2025-07-04,CUSTOMER,FULL,1985-05-30,40,NULL,-1,490000,36,3,0,0,7182,"2025-07-05 10:57:23"
25157939534,2025-07-01,CO-APPLICANT,FULL,1992-01-01,33,1995-07-03,29,200000,18,2,0,0,1428,"2025-07-05 10:56:12"
25158332827,2025-07-03,CUSTOMER,FULL,1985-10-31,39,NULL,-1,550000,48,4,0,0,9917,"2025-07-05 10:54:44"
25158741796,2025-07-04,CUSTOMER,FULL,2002-03-15,23,NULL,-1,940000,71,6,0,0,12468,"2025-07-05 10:54:02"
25158127694,2025-07-02,CUSTOMER,FULL,1983-08-09,41,NULL,-1,400000,36,3,0,0,6731,"2025-07-05 10:54:01"
25158745040,2025-07-05,CUSTOMER,FULL,1982-09-29,42,NULL,0,1500000,36,3,0,0,25099,"2025-07-05 10:53:50"
8800241899,2025-06-26,CUSTOMER,FULL,2002-01-01,23,NULL,-1,330000,48,4,0,0,3088,"2025-07-05 10:53:32"
8800274109,2025-07-04,CUSTOMER,FULL,1981-06-01,44,NULL,-1,160000,18,2,0,0,2653,"2025-07-05 10:53:14"
25158744914,2025-07-05,CUSTOMER,FULL,1996-01-01,29,NULL,0,420000,48,4,0,0,4654,"2025-07-05 10:53:11"
8800370529,2025-06-27,CUSTOMER,FULL,1992-06-05,33,1963-01-01,62,990000,60,5,0,0,14989,"2025-07-05 10:52:52"
8800230316,2025-06-30,CUSTOMER,FULL,1989-06-01,36,NULL,-1,250000,36,3,0,0,2989,"2025-07-05 10:52:04"
8800293581,2025-07-03,CUSTOMER,FULL,1993-12-17,31,NULL,-1,594000,36,3,0,0,5426,"2025-07-05 10:51:23"
25157675320,2025-06-26,CUSTOMER,FULL,2000-04-12,25,NULL,-1,550000,48,4,0,0,5854,"2025-07-05 10:50:45"
8800117335,2025-07-03,CUSTOMER,FULL,1976-04-05,49,NULL,-1,280000,18,2,0,0,6056,"2025-07-05 10:50:32"
8800239229,2025-07-03,CUSTOMER,FULL,1986-05-13,39,1994-01-01,31,600000,48,4,0,0,10819,"2025-07-05 10:50:26"
25158318440,2025-07-03,CUSTOMER,FULL,1990-01-02,35,NULL,-1,255000,36,3,0,0,2612,"2025-07-05 10:50:21"
25157556828,2025-06-17,CO-APPLICANT,FULL,1982-01-01,43,1988-01-01,37,860000,60,5,0,0,16288,"2025-07-05 10:49:54"
25157931259,2025-06-30,CUSTOMER,FULL,1978-06-25,47,1997-01-01,28,415000,36,3,0,0,12037,"2025-07-05 10:49:32"
8800291245,2025-07-05,CUSTOMER,FULL,1966-02-04,59,1991-12-04,33,100000,48,4,0,0,9616,"2025-07-05 10:49:19"
25158110650,2025-07-02,CUSTOMER,FULL,1984-01-09,41,NULL,-1,1080000,60,5,0,0,23985,"2025-07-05 10:48:45"
25158522302,2025-07-03,CUSTOMER,FULL,1994-01-01,31,NULL,-1,250000,36,3,0,0,2284,"2025-07-05 10:48:45"
25157666516,2025-06-25,CUSTOMER,"PARTIAL FINANCE AMOUNT",1978-01-01,47,1984-07-10,40,500000,60,5,375000,0,16200,"2025-07-05 10:48:38"
25158340977,2025-07-03,CUSTOMER,FULL,2000-12-10,24,NULL,-1,870000,60,5,0,0,10862,"2025-07-05 10:48:37"
25158673544,2025-07-04,CUSTOMER,FULL,2005-10-05,19,1981-01-01,44,535000,48,4,0,0,5613,"2025-07-05 10:48:18"
25157933325,2025-06-30,CUSTOMER,FULL,1999-09-10,25,1968-09-01,56,992000,72,6,0,0,13380,"2025-07-05 10:47:43"
25158738959,2025-07-04,CUSTOMER,FULL,1984-05-26,41,NULL,-1,450000,36,3,0,0,7573,"2025-07-05 10:47:31"
8800036342,2025-06-30,CUSTOMER,FULL,1987-01-01,38,1989-01-01,36,470000,60,5,0,0,8580,"2025-07-05 10:46:19"
25158744732,2025-07-05,CUSTOMER,FULL,1979-06-14,46,NULL,0,600000,20,2,0,0,12022,"2025-07-05 10:46:16"
8800285150,2025-07-03,CUSTOMER,FULL,1980-01-01,45,2001-01-07,24,1295000,84,7,0,0,59398,"2025-07-05 10:45:53"
25157925532,2025-06-30,CUSTOMER,FULL,1993-01-01,32,1963-02-15,62,250000,24,2,0,0,1939,"2025-07-05 10:45:04"
8800209868,2025-06-23,CUSTOMER,FULL,1987-01-01,38,NULL,-1,320000,48,4,0,0,4989,"2025-07-05 10:44:51"
25157931957,2025-06-30,CUSTOMER,FULL,1988-05-07,37,NULL,-1,600000,60,5,0,0,10359,"2025-07-05 10:44:28"
25158744701,2025-07-05,CUSTOMER,FULL,1990-12-17,34,NULL,0,300000,36,3,0,0,3247,"2025-07-05 10:44:01"
8800316525,2025-07-05,CUSTOMER,FULL,1998-07-18,26,1980-10-12,44,790000,48,4,0,0,8418,"2025-07-05 10:43:27"
25158070814,2025-07-02,CUSTOMER,FULL,1997-01-01,28,NULL,-1,150000,24,2,0,0,1105,"2025-07-05 10:42:32"
25157928316,2025-06-30,CUSTOMER,FULL,1983-01-01,42,NULL,-1,550000,33,3,0,0,10008,"2025-07-05 10:42:14"
25157694381,2025-06-28,CO-APPLICANT,FULL,1969-01-01,56,1982-01-02,43,300000,48,4,0,0,7388,"2025-07-05 10:42:00"
25158659785,2025-07-04,CUSTOMER,FULL,1999-09-08,25,1976-01-01,49,100000,23,2,0,0,697,"2025-07-05 10:41:48"
25157658814,2025-06-25,CUSTOMER,FULL,1996-01-01,29,2000-01-02,25,330000,42,4,0,0,3392,"2025-07-05 10:41:44"
8800129655,2025-06-27,CUSTOMER,FULL,2006-09-15,18,1970-01-01,55,310000,36,3,0,0,2298,"2025-07-05 10:41:39"
25158744604,2025-07-05,CUSTOMER,FULL,2003-03-14,22,1969-01-01,56,635000,60,5,0,0,7928,"2025-07-05 10:41:24"
25158127739,2025-07-02,CUSTOMER,FULL,1982-10-01,42,NULL,-1,100000,24,2,0,0,1404,"2025-07-05 10:40:55"
25158744464,2025-07-05,CUSTOMER,FULL,1985-01-01,40,NULL,0,300000,24,2,0,0,3622,"2025-07-05 10:40:35"
25158739685,2025-07-04,CUSTOMER,FULL,1966-07-01,59,1999-07-01,26,250000,48,4,0,0,24040,"2025-07-05 10:40:04"
25158744527,2025-07-05,CUSTOMER,FULL,1998-05-14,27,1994-06-18,31,780000,84,7,0,0,12951,"2025-07-05 10:39:05"
25158387140,2025-07-03,CUSTOMER,FULL,2003-02-16,22,NULL,-1,530000,54,5,0,0,5617,"2025-07-05 10:38:55"
8800361734,2025-06-30,CUSTOMER,FULL,2004-12-08,20,1967-01-01,58,485000,60,5,0,0,6038,"2025-07-05 10:38:51"
25158132047,2025-07-02,CUSTOMER,FULL,1997-05-26,28,1991-01-01,34,356000,48,4,0,0,3844,"2025-07-05 10:38:38"
8800295614,2025-07-05,CUSTOMER,FULL,1986-09-23,38,NULL,0,100000,18,2,0,0,1055,"2025-07-05 10:38:15"
25158067979,2025-07-02,CUSTOMER,FULL,1975-01-01,50,NULL,-1,968000,48,4,0,0,46775,"2025-07-05 10:37:55"
8800199632,2025-07-02,CUSTOMER,FULL,1972-06-08,53,NULL,-1,900000,54,5,0,0,68011,"2025-07-05 10:37:35"
8800035581,2025-07-04,CUSTOMER,FULL,1983-01-01,42,NULL,-1,400000,48,4,0,0,8086,"2025-07-05 10:37:09"
25158036307,2025-07-02,CO-APPLICANT,FULL,1970-07-02,55,1998-07-02,27,420000,36,3,0,0,3713,"2025-07-05 10:36:03"
8800128771,2025-07-04,CUSTOMER,FULL,1975-03-29,50,NULL,-1,930000,48,4,0,0,44939,"2025-07-05 10:35:51"
8800377482,2025-07-03,CUSTOMER,FULL,1979-06-01,46,NULL,-1,185000,30,3,0,0,4897,"2025-07-05 10:35:28"
25158146031,2025-07-02,CUSTOMER,FULL,2005-02-14,20,1989-03-02,36,970000,60,5,0,0,9981,"2025-07-05 10:35:16"
25158300419,2025-07-03,CUSTOMER,FULL,1991-01-01,34,NULL,-1,232000,36,3,0,0,2300,"2025-07-05 10:35:04"
25158052905,2025-07-02,CUSTOMER,FULL,1983-12-11,41,NULL,-1,550000,36,3,0,0,9210,"2025-07-05 10:34:30"
8800370978,2025-07-05,CUSTOMER,FULL,2002-03-21,23,1998-03-19,27,650000,48,4,0,0,6919,"2025-07-05 10:32:30"
25158332298,2025-07-03,CUSTOMER,FULL,1995-07-19,29,1994-10-08,30,606000,48,4,0,0,6715,"2025-07-05 10:30:34"
25158742041,2025-07-04,CUSTOMER,FULL,2000-05-01,25,NULL,-1,559000,60,5,0,0,6979,"2025-07-05 10:29:44"
8800192845,2025-07-02,CUSTOMER,FULL,2001-07-04,23,1981-06-01,44,1000000,72,6,0,0,14326,"2025-07-05 10:29:10"
8800229842,2025-06-24,CUSTOMER,FULL,1981-01-01,44,1980-01-01,45,150000,23,2,0,0,2123,"2025-07-05 10:28:57"
25157808765,2025-06-29,CUSTOMER,FULL,1994-09-17,30,NULL,-1,210000,48,4,0,0,2365,"2025-07-05 10:28:22"
25157565838,2025-06-22,CUSTOMER,FULL,1994-03-03,31,1991-07-01,33,360000,47,4,0,0,3836,"2025-07-05 10:28:19"
25157739900,2025-06-28,CUSTOMER,FULL,1998-07-18,26,1980-10-12,44,790000,48,4,0,0,8418,"2025-07-05 10:27:48"
25158744703,2025-07-05,CUSTOMER,FULL,2002-07-05,23,NULL,0,500000,48,4,0,0,5322,"2025-07-05 10:27:30"
25158744478,2025-07-05,CUSTOMER,FULL,1984-02-04,41,NULL,0,300000,30,3,0,0,4687,"2025-07-05 10:27:23"
25157439006,2025-06-10,CUSTOMER,"PARTIAL TENURE",1977-01-01,48,NULL,-1,1150000,59,5,0,2,22707,"2025-07-05 10:27:18"
8800244315,2025-07-05,CUSTOMER,FULL,1996-02-07,29,NULL,0,448000,60,5,0,0,5731,"2025-07-05 10:27:00"
25158743115,2025-07-04,CUSTOMER,FULL,1988-05-07,37,NULL,-1,190000,48,4,0,0,2899,"2025-07-05 10:25:41"
25158332617,2025-07-03,CUSTOMER,FULL,1988-01-01,37,NULL,-1,500000,48,4,0,0,7895,"2025-07-05 10:24:58"
25158738913,2025-07-04,CUSTOMER,FULL,1977-01-10,48,1975-01-01,50,300000,33,3,0,0,9697,"2025-07-05 10:24:55"
8800001672,2025-07-03,CUSTOMER,FULL,1982-01-01,43,NULL,-1,300000,42,4,0,0,7388,"2025-07-05 10:23:56"
25157584868,2025-06-19,CUSTOMER,FULL,1994-04-10,31,1984-01-01,41,385000,36,3,0,0,3517,"2025-07-05 10:23:06"
25158741797,2025-07-04,CUSTOMER,FULL,2003-04-05,22,1972-08-04,52,900000,60,5,0,0,9537,"2025-07-05 10:22:57"
25158335727,2025-07-03,CUSTOMER,FULL,1993-09-06,31,NULL,-1,450000,47,4,0,0,5279,"2025-07-05 10:22:29"
25157698162,2025-06-28,CUSTOMER,FULL,1995-10-16,29,NULL,-1,520000,48,4,0,0,5762,"2025-07-05 10:22:05"
8800190363,2025-07-05,CUSTOMER,FULL,1986-01-13,39,1992-04-18,33,500000,36,3,0,0,7216,"2025-07-05 10:21:26"
25158744353,2025-07-05,CUSTOMER,FULL,1995-01-01,30,1985-10-10,39,450000,60,5,0,0,5900,"2025-07-05 10:19:18"
25158744497,2025-07-05,CUSTOMER,FULL,1973-01-01,52,NULL,0,550000,36,3,0,0,26259,"2025-07-05 10:19:14"
8800282542,2025-07-02,CUSTOMER,FULL,1983-10-27,41,1970-02-06,55,1108400,84,7,0,0,38388,"2025-07-05 10:17:23"
25157715064,2025-06-28,CUSTOMER,FULL,1986-01-01,39,1991-01-01,34,800000,47,4,0,0,13981,"2025-07-05 10:17:02"
25157676252,2025-06-26,CUSTOMER,FULL,1998-06-11,27,NULL,-1,200000,24,2,0,0,1393,"2025-07-05 10:16:36"
8800367454,2025-07-05,CUSTOMER,FULL,1996-06-10,29,NULL,0,700000,60,5,0,0,9186,"2025-07-05 10:15:30"
25157662929,2025-06-25,CUSTOMER,FULL,1984-08-12,40,NULL,-1,290000,60,5,0,0,6766,"2025-07-05 10:13:47"
25157721861,2025-06-30,CUSTOMER,FULL,1984-12-31,40,1990-01-01,35,695000,60,5,0,0,16214,"2025-07-05 10:11:55"
25158740296,2025-07-04,CUSTOMER,FULL,1976-01-01,49,NULL,-1,258000,36,3,0,0,8884,"2025-07-05 10:10:48"
8800008398,2025-07-02,CUSTOMER,FULL,1982-05-18,43,1989-05-27,36,145000,48,4,0,0,3517,"2025-07-05 10:08:06"
8800367776,2025-06-25,CUSTOMER,FULL,2001-11-27,23,1983-09-30,41,410000,48,4,0,0,4195,"2025-07-05 10:06:51"
8800122282,2025-07-04,CUSTOMER,FULL,1974-05-04,51,NULL,-1,350000,38,4,0,0,18581,"2025-07-05 10:06:10"
8800338468,2025-07-05,CUSTOMER,FULL,1988-11-30,36,NULL,0,400000,30,3,0,0,4782,"2025-07-05 10:05:04"
25158664105,2025-07-04,CUSTOMER,FULL,1997-07-04,28,NULL,-1,410000,30,3,0,0,3668,"2025-07-05 10:02:26"
25157931349,2025-06-30,CUSTOMER,FULL,2003-04-16,22,NULL,-1,350000,60,5,0,0,3709,"2025-07-05 10:02:16"
25158740714,2025-07-04,CUSTOMER,FULL,1986-01-01,39,NULL,-1,700000,60,5,0,0,15174,"2025-07-05 10:01:29"
8800178737,2025-07-04,CUSTOMER,FULL,1995-12-20,29,NULL,-1,300000,16,2,0,0,2211,"2025-07-05 10:00:48"
25157643042,2025-06-23,CUSTOMER,FULL,1992-06-13,33,1998-11-24,26,481500,72,6,0,0,8512,"2025-07-05 10:00:07"
25158663904,2025-07-04,CUSTOMER,FULL,1991-03-24,34,NULL,-1,800000,84,7,0,0,17134,"2025-07-05 09:59:24"
8800358894,2025-07-02,CUSTOMER,FULL,1998-11-29,26,NULL,-1,1000000,60,5,0,0,11364,"2025-07-05 09:58:53"
25157703763,2025-06-28,CUSTOMER,FULL,1996-08-10,28,NULL,-1,313400,42,4,0,0,3177,"2025-07-05 09:58:38"
25158130315,2025-07-02,CUSTOMER,FULL,1978-01-01,47,2000-07-01,25,665000,60,5,0,0,28728,"2025-07-05 09:58:26"
25158664084,2025-07-04,CUSTOMER,FULL,1989-01-01,36,1984-01-01,41,656000,54,5,0,0,11674,"2025-07-05 09:55:38"
25157680430,2025-06-27,CUSTOMER,FULL,1994-07-25,30,1980-09-25,44,778000,60,5,0,0,9337,"2025-07-05 09:54:05"
25158300388,2025-07-03,CUSTOMER,FULL,1965-07-10,59,1974-01-01,51,270000,24,2,0,0,13740,"2025-07-05 09:53:40"
8800264776,2025-07-03,CO-APPLICANT,FULL,1971-01-01,54,1997-05-03,28,350000,36,3,0,0,3131,"2025-07-05 09:53:26"
25158744023,2025-07-05,CUSTOMER,FULL,1979-06-02,46,NULL,0,831002,60,5,0,0,31683,"2025-07-05 09:53:22"
8800353884,2025-06-30,CUSTOMER,FULL,2004-11-20,20,NULL,-1,281000,48,4,0,0,2537,"2025-07-05 09:51:54"
8800216303,2025-07-04,CUSTOMER,"PARTIAL FINANCE AMOUNT",1979-03-16,46,1986-06-25,39,425000,48,4,318750,0,10438,"2025-07-05 09:48:53"
8800372933,2025-07-04,CUSTOMER,FULL,1994-10-22,30,NULL,-1,585000,60,5,0,0,7891,"2025-07-05 09:46:58"
25158744334,2025-07-05,CO-APPLICANT,FULL,1971-01-01,54,2003-12-06,21,480000,48,4,0,0,5109,"2025-07-05 09:46:11"
8800288490,2025-06-30,CUSTOMER,FULL,1996-10-10,28,NULL,-1,190000,36,3,0,0,1657,"2025-07-05 09:45:34"
25158744357,2025-07-05,CUSTOMER,FULL,2002-05-12,23,NULL,0,248000,36,3,0,0,2005,"2025-07-05 09:45:30"
25157695897,2025-06-28,CUSTOMER,FULL,1993-01-01,32,NULL,-1,280000,36,3,0,0,2614,"2025-07-05 09:44:34"
25158744314,2025-07-05,CUSTOMER,FULL,1989-09-10,35,NULL,0,1005000,60,5,0,0,14136,"2025-07-05 09:42:22"
25158741124,2025-07-04,CUSTOMER,FULL,1999-07-07,25,1995-07-19,29,730000,59,5,0,0,9114,"2025-07-05 09:40:28"
8800420751,2025-07-05,CUSTOMER,FULL,1992-11-25,32,1974-01-01,51,200000,24,2,0,0,1533,"2025-07-05 09:40:25"
25157928837,2025-06-30,CUSTOMER,FULL,2001-07-18,23,1975-01-01,50,585000,48,4,0,0,6227,"2025-07-05 09:38:56"
8800418127,2025-07-04,CUSTOMER,FULL,1999-03-04,26,NULL,-1,344837,60,5,0,0,3919,"2025-07-05 09:37:24"
25155814707,2025-07-05,CUSTOMER,FULL,1996-02-02,29,NULL,0,150000,12,1,0,0,1106,"2025-07-05 09:34:59"
25158376519,2025-07-03,CUSTOMER,FULL,1979-09-12,45,NULL,-1,315000,36,3,0,0,6695,"2025-07-05 09:32:43"
8800314381,2025-06-20,CUSTOMER,FULL,1991-01-01,34,1995-01-01,30,320000,36,3,0,0,3172,"2025-07-05 09:31:34"
25158744276,2025-07-05,CUSTOMER,FULL,1982-10-01,42,NULL,0,870000,60,5,0,0,23787,"2025-07-05 09:29:41"
25158730747,2025-07-04,CUSTOMER,FULL,1968-08-02,56,1978-04-19,47,350000,36,3,0,0,23190,"2025-07-05 09:26:38"
8800010804,2025-07-05,CUSTOMER,FULL,1993-01-25,32,NULL,0,115000,12,1,0,0,512,"2025-07-05 09:25:04"
25158333623,2025-07-03,CUSTOMER,FULL,1992-11-23,32,NULL,-1,715000,60,5,0,0,9011,"2025-07-05 09:24:31"
25157940299,2025-07-01,CUSTOMER,FULL,1996-01-01,29,1998-10-11,26,540000,60,5,0,0,7086,"2025-07-05 09:24:27"
25158742961,2025-07-04,CUSTOMER,FULL,1996-07-05,28,1965-01-01,60,800000,60,5,0,0,10281,"2025-07-05 09:22:45"
25158740946,2025-07-04,CUSTOMER,FULL,1981-01-01,44,1978-08-19,46,315000,42,4,0,0,7479,"2025-07-05 09:18:00"
25158332284,2025-07-03,CUSTOMER,FULL,1995-05-11,30,NULL,-1,318000,36,3,0,0,2852,"2025-07-05 09:16:45"
8800345795,2025-07-05,CUSTOMER,FULL,1981-04-05,44,NULL,0,500000,48,4,0,0,13317,"2025-07-05 09:15:43"
25158401344,2025-07-03,CUSTOMER,FULL,2002-06-20,23,NULL,-1,1000000,60,5,0,0,10668,"2025-07-05 09:14:55"
8800388827,2025-07-05,CUSTOMER,FULL,1990-07-08,34,1988-01-10,37,530000,48,4,0,0,7055,"2025-07-05 09:11:25"
25158498108,2025-07-03,CUSTOMER,FULL,1975-01-01,50,NULL,-1,785000,60,5,0,0,43444,"2025-07-05 09:10:45"
25157636623,2025-06-23,CUSTOMER,FULL,1982-12-10,42,1997-08-15,27,230000,47,4,0,0,5100,"2025-07-05 09:07:44"
25158742068,2025-07-04,CUSTOMER,FULL,1987-07-07,37,1990-01-01,35,870000,71,6,0,0,19352,"2025-07-05 09:06:34"
8800385705,2025-07-04,CUSTOMER,FULL,1998-11-08,26,NULL,-1,700000,48,4,0,0,7459,"2025-07-05 09:06:01"
25158743228,2025-07-04,CUSTOMER,"PARTIAL TENURE",1975-07-10,49,NULL,-1,900000,36,3,0,2,25393,"2025-07-05 09:05:06"
25158303996,2025-07-03,CUSTOMER,FULL,1979-01-01,46,1981-01-01,44,1200000,36,3,0,0,31308,"2025-07-05 09:03:07"
25157630821,2025-06-23,CUSTOMER,FULL,1974-01-05,51,NULL,-1,218000,24,2,0,0,7399,"2025-07-05 08:59:53"
8800190201,2025-07-04,CUSTOMER,FULL,1983-01-01,42,NULL,-1,490000,48,4,0,0,11085,"2025-07-05 08:59:12"
8800109337,2025-07-03,CUSTOMER,FULL,1995-05-30,30,1991-05-25,34,165000,48,4,0,0,1858,"2025-07-05 08:59:01"
25158742366,2025-07-04,CUSTOMER,FULL,1994-08-07,30,NULL,-1,478000,60,5,0,0,6447,"2025-07-05 08:56:09"
8800430477,2025-07-05,CUSTOMER,FULL,1995-01-01,30,1959-01-01,66,1000000,72,6,0,0,15659,"2025-07-05 08:51:22"
25158744078,2025-07-05,CUSTOMER,FULL,1997-10-11,27,NULL,0,580000,48,4,0,0,6229,"2025-07-05 08:49:28"
25157910547,2025-06-30,CUSTOMER,FULL,1976-01-01,49,NULL,-1,258000,36,3,0,0,8884,"2025-07-05 08:45:28"
25157693357,2025-06-27,CUSTOMER,FULL,2000-01-01,25,NULL,-1,930000,60,5,0,0,10075,"2025-07-05 08:43:50"
8800231798,2025-07-03,CUSTOMER,FULL,1987-01-01,38,1995-01-01,30,1000000,59,5,0,0,20226,"2025-07-05 08:43:03"
8800265120,2025-06-24,CUSTOMER,FULL,1992-02-05,33,NULL,-1,330000,36,3,0,0,3162,"2025-07-05 08:32:32"
25157930367,2025-06-30,CUSTOMER,FULL,1994-02-06,31,NULL,-1,320000,36,3,0,0,3112,"2025-07-05 08:31:36"
25158740190,2025-07-04,CUSTOMER,FULL,1994-09-04,30,1986-01-01,39,615000,72,6,0,0,9631,"2025-07-05 08:31:06"
8800333648,2025-07-05,CUSTOMER,FULL,2000-02-21,25,1980-01-02,45,700000,48,4,0,0,6650,"2025-07-05 08:27:50"
8800346899,2025-07-01,CUSTOMER,FULL,1977-10-15,47,NULL,-1,600000,60,5,0,0,25920,"2025-07-05 08:26:29"
8800364082,2025-06-26,CUSTOMER,FULL,1992-01-01,33,NULL,-1,327000,48,4,0,0,3682,"2025-07-05 08:26:24"
25157691087,2025-06-27,CUSTOMER,FULL,1996-03-10,29,NULL,-1,279000,54,5,0,0,3289,"2025-07-05 08:25:50"
8800261799,2025-07-04,CUSTOMER,FULL,1995-05-09,30,NULL,-1,70000,18,2,0,0,518,"2025-07-05 08:25:18"
25157436477,2025-06-10,CUSTOMER,FULL,1987-05-02,38,NULL,-1,250000,24,2,0,0,2501,"2025-07-05 08:24:28"
25157662661,2025-06-25,CUSTOMER,FULL,1990-01-01,35,1991-01-01,34,291000,24,2,0,0,2480,"2025-07-05 08:24:06"
8800020814,2025-07-03,CUSTOMER,FULL,1995-06-12,30,NULL,-1,884000,60,5,0,0,10609,"2025-07-05 08:23:35"
25158744031,2025-07-05,CUSTOMER,FULL,1992-04-02,33,NULL,0,330000,36,3,0,0,3431,"2025-07-05 08:23:02"
25158743495,2025-07-04,CUSTOMER,FULL,1993-01-01,32,NULL,-1,460000,36,3,0,0,4565,"2025-07-05 08:22:05"
25158332552,2025-07-03,CUSTOMER,FULL,1991-08-01,33,NULL,-1,420000,36,3,0,0,4342,"2025-07-05 08:20:20"
8800392902,2025-07-04,CUSTOMER,FULL,1962-02-02,63,NULL,-1,180000,24,2,0,0,13456,"2025-07-05 08:19:53"
8800122411,2025-07-03,CUSTOMER,FULL,1983-08-22,41,1986-02-05,39,420000,60,5,0,0,10195,"2025-07-05 08:19:40"
25158743431,2025-07-04,CUSTOMER,FULL,1992-06-04,33,NULL,-1,950000,60,5,0,0,12376,"2025-07-05 08:18:04"
8800346033,2025-07-03,CUSTOMER,FULL,1999-06-12,26,1984-01-01,41,940000,60,5,0,0,11791,"2025-07-05 08:17:22"
25157564488,2025-06-17,CUSTOMER,FULL,2003-04-12,22,NULL,-1,450000,48,4,0,0,4562,"2025-07-05 08:16:30"
25158743933,2025-07-05,CUSTOMER,FULL,2004-01-01,21,1966-11-01,58,310000,48,4,0,0,2843,"2025-07-05 08:15:35"
8800024234,2025-06-11,CUSTOMER,FULL,1993-01-10,32,NULL,-1,700000,48,4,0,0,8517,"2025-07-05 08:13:21"
8800402153,2025-07-04,CUSTOMER,FULL,1996-04-21,29,NULL,-1,900000,48,4,0,0,9251,"2025-07-05 08:11:51"
8800299631,2025-06-25,CUSTOMER,FULL,2002-02-22,23,1979-11-20,45,507866,72,6,0,0,7276,"2025-07-05 08:10:59"
25157718002,2025-06-28,CUSTOMER,FULL,1994-01-01,31,NULL,-1,320000,48,4,0,0,3410,"2025-07-05 08:10:55"
8800171033,2025-06-30,CUSTOMER,FULL,1976-02-25,49,NULL,-1,895000,60,5,0,0,46754,"2025-07-05 08:09:47"
25157685572,2025-06-27,CUSTOMER,FULL,1968-01-01,57,NULL,-1,700000,60,5,0,0,69401,"2025-07-05 08:09:33"
8800092666,2025-07-05,CUSTOMER,FULL,1991-12-08,33,NULL,0,515000,36,3,0,0,5324,"2025-07-05 08:08:52"
25158742376,2025-07-04,CUSTOMER,FULL,1985-06-30,40,NULL,-1,662000,48,4,0,0,12819,"2025-07-05 08:03:13"
8800251540,2025-07-03,CUSTOMER,FULL,2000-05-10,25,NULL,-1,283000,60,5,0,0,3066,"2025-07-05 07:58:18"
25157445680,2025-06-28,CUSTOMER,FULL,1990-06-05,35,NULL,-1,600000,48,4,0,0,8185,"2025-07-05 07:55:42"
25158038774,2025-07-02,CUSTOMER,FULL,1979-01-01,46,NULL,-1,521000,48,4,0,0,17061,"2025-07-05 07:55:05"
25158033757,2025-07-02,CUSTOMER,FULL,1986-06-15,39,2002-09-19,22,250000,30,3,0,0,3608,"2025-07-05 07:54:02"
25158743920,2025-07-05,CUSTOMER,FULL,1994-02-12,31,NULL,0,480000,48,4,0,0,5631,"2025-07-05 07:53:20"
25157932102,2025-06-30,CUSTOMER,FULL,1992-03-02,33,NULL,-1,650000,59,5,0,0,9841,"2025-07-05 07:52:24"
25158362339,2025-07-03,CUSTOMER,FULL,2000-01-16,25,NULL,-1,730000,60,5,0,0,7908,"2025-07-05 07:51:55"
8800229706,2025-06-06,CUSTOMER,FULL,2004-01-01,21,1963-07-03,61,370000,42,4,0,0,3939,"2025-07-05 07:48:10"
25157545030,2025-06-16,CUSTOMER,FULL,1999-03-15,26,2000-07-19,24,400000,24,2,0,0,2785,"2025-07-05 07:38:51"
25158743899,2025-07-05,CUSTOMER,FULL,1987-02-16,38,NULL,0,200000,35,3,0,0,2724,"2025-07-05 07:38:14"
8800262005,2025-07-05,CO-APPLICANT,FULL,1971-09-12,53,1998-03-16,27,480000,48,4,0,0,5155,"2025-07-05 07:36:28"
25158680742,2025-07-04,CUSTOMER,FULL,1990-01-07,35,NULL,-1,438525,36,3,0,0,4994,"2025-07-05 07:33:06"
8800377254,2025-06-30,CUSTOMER,FULL,2001-01-01,24,NULL,-1,320000,48,4,0,0,3018,"2025-07-05 07:27:54"
8800368702,2025-07-04,CUSTOMER,FULL,1994-08-26,30,NULL,-1,460000,40,4,0,0,5179,"2025-07-05 07:26:52"
25158691768,2025-07-04,CUSTOMER,FULL,1983-01-01,42,1981-01-01,44,745000,60,5,0,0,17837,"2025-07-05 07:23:13"
25157896959,2025-06-30,CUSTOMER,FULL,1992-01-01,33,NULL,-1,331000,48,4,0,0,3727,"2025-07-05 07:23:00"
8800208619,2025-07-05,CO-APPLICANT,FULL,1971-06-02,54,1998-11-18,26,480000,48,4,0,0,5115,"2025-07-05 07:21:56"
8800380751,2025-06-28,CUSTOMER,FULL,1977-03-01,48,1996-10-11,28,1000000,60,5,0,0,47460,"2025-07-05 07:19:31"
25158281009,2025-07-03,CUSTOMER,FULL,1987-05-05,38,NULL,-1,400000,24,2,0,0,4220,"2025-07-05 07:19:15"
25158389238,2025-07-03,CUSTOMER,FULL,1991-02-01,34,NULL,-1,500000,31,3,0,0,5411,"2025-07-05 07:17:11"
25158688097,2025-07-04,CUSTOMER,FULL,1996-12-03,28,1993-06-01,32,877000,84,7,0,0,14840,"2025-07-05 07:15:59"
25157990798,2025-07-01,CUSTOMER,FULL,1991-08-11,33,NULL,-1,250000,36,3,0,0,2599,"2025-07-05 07:15:57"
25158663719,2025-07-04,CUSTOMER,FULL,1990-08-06,34,1995-01-01,30,700000,42,4,0,0,9318,"2025-07-05 07:15:14"
25158743859,2025-07-05,CUSTOMER,FULL,1987-05-09,38,NULL,0,100000,24,2,0,0,1001,"2025-07-05 07:07:19"
25158743858,2025-07-05,CUSTOMER,FULL,1984-01-01,41,NULL,0,300000,36,3,0,0,5049,"2025-07-05 07:06:52"
25157830136,2025-06-29,CO-APPLICANT,FULL,1967-01-01,58,1997-01-01,28,580000,42,4,0,0,6311,"2025-07-05 06:53:18"
25158741761,2025-07-04,CUSTOMER,FULL,1999-07-17,25,1973-04-09,52,549500,60,5,0,0,6861,"2025-07-05 06:52:53"
25158742509,2025-07-04,CUSTOMER,FULL,1987-05-15,38,NULL,-1,450000,42,4,0,0,7578,"2025-07-05 06:51:49"
25157432749,2025-06-10,CUSTOMER,FULL,1999-07-05,25,NULL,-1,800000,36,3,0,0,6561,"2025-07-05 06:43:19"
25157926389,2025-06-30,CUSTOMER,FULL,2001-06-15,24,NULL,-1,290000,30,3,0,0,2369,"2025-07-05 06:35:59"
25157930042,2025-06-30,CUSTOMER,FULL,1998-08-01,26,1990-02-10,35,555000,54,5,0,0,6962,"2025-07-05 06:29:54"
25157822259,2025-06-30,CUSTOMER,FULL,2003-05-12,22,1977-01-01,48,670000,60,5,0,0,8365,"2025-07-05 06:23:19"
8800346035,2025-07-03,CUSTOMER,FULL,2004-06-08,21,1985-01-01,40,570000,60,5,0,0,7117,"2025-07-05 06:10:58"
8800297636,2025-06-27,CUSTOMER,FULL,1980-01-01,45,1971-01-01,54,510000,48,4,0,0,15106,"2025-07-05 06:06:21"
25158134164,2025-07-02,CUSTOMER,FULL,1998-01-01,27,NULL,-1,930000,60,5,0,0,10667,"2025-07-05 06:04:34"
8800402151,2025-07-04,CUSTOMER,FULL,1995-07-10,29,NULL,-1,850000,60,5,0,0,10020,"2025-07-05 05:43:01"
8800326697,2025-07-02,CUSTOMER,FULL,1996-01-01,29,NULL,-1,303000,47,4,0,0,3115,"2025-07-05 05:30:52"
25157699241,2025-06-28,CUSTOMER,FULL,1995-06-07,30,NULL,-1,700000,60,5,0,0,9442,"2025-07-05 05:24:02"
8800285159,2025-07-04,CUSTOMER,FULL,1982-06-15,43,NULL,-1,500000,60,5,0,0,14904,"2025-07-05 04:52:00"
8800215950,2025-07-03,CUSTOMER,FULL,2005-01-01,20,2001-01-01,24,1040000,60,5,0,0,10702,"2025-07-05 03:49:47"
8800092786,2025-07-04,CUSTOMER,FULL,1979-04-20,46,1976-05-25,49,314300,40,4,0,0,10029,"2025-07-05 01:25:58"
25158743726,2025-07-04,CUSTOMER,FULL,1981-06-11,44,NULL,-1,400000,36,3,0,0,8709,"2025-07-05 01:06:15"
25158743722,2025-07-04,CUSTOMER,FULL,1989-07-09,35,NULL,-1,750000,60,5,0,0,10550,"2025-07-05 01:05:47"
25158663272,2025-07-04,CUSTOMER,FULL,1975-06-01,50,NULL,-1,613000,60,5,0,0,35249,"2025-07-05 01:01:49"
8800160156,2025-07-04,CUSTOMER,FULL,1970-05-15,55,NULL,-1,400000,24,2,0,0,14885,"2025-07-05 00:57:51"
25158663651,2025-07-04,CUSTOMER,FULL,1995-01-04,30,NULL,-1,733000,60,5,0,0,9887,"2025-07-05 00:52:13"
25157872232,2025-06-29,CUSTOMER,FULL,1991-08-23,33,NULL,-1,810000,54,5,0,0,10553,"2025-07-05 00:37:05"
25157932640,2025-06-30,CUSTOMER,FULL,1993-05-15,32,NULL,-1,288000,36,3,0,0,2689,"2025-07-05 00:28:51"
8800094556,2025-07-04,CUSTOMER,FULL,1990-03-03,35,NULL,-1,380000,36,3,0,0,4328,"2025-07-05 00:23:31"
25158743583,2025-07-04,CUSTOMER,FULL,1987-05-13,38,1992-01-01,33,550000,60,5,0,0,10618,"2025-07-05 00:05:15"
25158134666,2025-07-02,CUSTOMER,FULL,1989-11-02,35,NULL,-1,490000,48,4,0,0,6875,"2025-07-05 00:00:37"
25158743534,2025-07-04,CUSTOMER,FULL,1994-05-23,31,NULL,0,450000,48,4,0,0,5210,"2025-07-04 23:59:28"
8800379166,2025-07-04,CUSTOMER,FULL,1993-11-11,31,1977-06-01,48,350000,48,4,0,0,3730,"2025-07-04 23:56:57"
25158739944,2025-07-04,CUSTOMER,FULL,1987-12-10,37,NULL,0,300000,33,3,0,0,3834,"2025-07-04 23:46:43"
25157486888,2025-06-12,CUSTOMER,FULL,1987-05-08,38,NULL,-1,450000,60,5,0,0,8688,"2025-07-04 23:45:45"
25158739373,2025-07-04,CUSTOMER,FULL,1985-01-01,40,NULL,0,550000,42,4,0,0,10651,"2025-07-04 23:43:31"
8800224888,2025-07-04,CUSTOMER,FULL,1989-06-12,36,1985-07-06,39,480000,30,3,0,0,5778,"2025-07-04 23:40:29"
25158743666,2025-07-04,CUSTOMER,FULL,1983-03-20,42,NULL,0,332000,48,4,0,0,6711,"2025-07-04 23:40:20"
25158743648,2025-07-04,CUSTOMER,FULL,1998-05-31,27,NULL,0,339000,42,4,0,0,3409,"2025-07-04 23:26:59"
25158355207,2025-07-03,CUSTOMER,FULL,2002-07-24,22,NULL,-1,490000,47,4,0,0,4551,"2025-07-04 23:22:20"
25158350161,2025-07-04,CUSTOMER,FULL,1996-11-10,28,1964-04-15,61,460000,60,5,0,0,5912,"2025-07-04 23:21:30"
25158314787,2025-07-03,CUSTOMER,FULL,1992-01-01,33,NULL,-1,400000,48,4,0,0,5079,"2025-07-04 23:21:19"
25158743537,2025-07-04,CUSTOMER,FULL,1989-09-07,35,NULL,0,700000,60,5,0,0,11746,"2025-07-04 23:17:08"
25158313322,2025-07-03,CUSTOMER,FULL,1996-10-07,28,NULL,-1,888000,58,5,0,0,11411,"2025-07-04 23:09:13"
8800342599,2025-07-03,CUSTOMER,FULL,1996-04-24,29,1992-11-29,32,513431,60,5,0,0,6053,"2025-07-04 23:07:45"
8800373453,2025-07-03,CUSTOMER,FULL,1989-03-10,36,NULL,-1,260000,48,4,0,0,3740,"2025-07-04 23:02:10"
25158743500,2025-07-04,CUSTOMER,FULL,1990-05-04,35,2002-04-12,23,406000,48,4,0,0,5697,"2025-07-04 23:01:02"
25158743578,2025-07-04,CUSTOMER,FULL,1989-02-08,36,1969-01-01,56,845000,60,5,0,0,15037,"2025-07-04 23:00:44"
25158664167,2025-07-04,CUSTOMER,FULL,1987-05-15,38,NULL,0,400000,36,3,0,0,5447,"2025-07-04 22:59:03"
25158302436,2025-07-03,CUSTOMER,FULL,1986-05-18,39,NULL,-1,610000,60,5,0,0,13223,"2025-07-04 22:57:59"
25158728742,2025-07-04,CUSTOMER,FULL,1996-07-10,28,NULL,0,498500,48,4,0,0,5053,"2025-07-04 22:54:43"
25158662559,2025-07-04,CUSTOMER,FULL,1975-01-01,50,NULL,0,161000,24,2,0,0,4991,"2025-07-04 22:45:48"
8800367386,2025-07-02,CUSTOMER,"PARTIAL TENURE",1980-02-01,45,NULL,-1,313000,60,5,0,2,5552,"2025-07-04 22:43:06"
25158693226,2025-07-04,CUSTOMER,FULL,1999-05-11,26,NULL,0,630220,60,5,0,0,7906,"2025-07-04 22:32:28"
8800396251,2025-07-04,CUSTOMER,FULL,1990-01-01,35,NULL,0,940000,72,6,0,0,18480,"2025-07-04 22:32:20"
25158658114,2025-07-04,CUSTOMER,FULL,1990-04-14,35,NULL,0,621000,48,4,0,0,8713,"2025-07-04 22:30:51"
8800165185,2025-07-04,CUSTOMER,FULL,1987-06-19,38,NULL,0,402000,48,4,0,0,6556,"2025-07-04 22:29:58"
25158743526,2025-07-04,CUSTOMER,FULL,1993-01-01,32,NULL,0,500000,60,5,0,0,7246,"2025-07-04 22:26:56"
25158057021,2025-07-02,CUSTOMER,FULL,1991-02-01,34,1969-03-05,56,3152000,47,4,0,0,40951,"2025-07-04 22:26:33"
8800182366,2025-07-03,CUSTOMER,FULL,1983-01-01,42,NULL,-1,400000,36,3,0,0,7279,"2025-07-04 22:19:46"
25158743503,2025-07-04,CUSTOMER,FULL,1994-12-12,30,NULL,0,400000,24,2,0,0,2959,"2025-07-04 22:14:31"
25158740176,2025-07-04,CUSTOMER,FULL,2002-05-21,23,1976-01-01,49,612000,60,5,0,0,7641,"2025-07-04 22:13:50"
8800332476,2025-07-04,CUSTOMER,FULL,1998-03-15,27,1968-01-05,57,770000,60,5,0,0,9750,"2025-07-04 22:06:39"
8800220632,2025-06-24,CO-APPLICANT,FULL,2000-01-01,25,2002-01-01,23,580000,48,4,0,0,6174,"2025-07-04 22:05:44"
8800275638,2025-07-04,CUSTOMER,FULL,1984-08-15,40,2003-09-15,21,1360000,60,5,0,0,28101,"2025-07-04 22:05:19"
25158337379,2025-07-03,CUSTOMER,FULL,1980-03-01,45,NULL,-1,950000,48,4,0,0,27891,"2025-07-04 22:04:30"
25158406975,2025-07-04,CUSTOMER,FULL,1989-09-24,35,1995-07-24,29,582000,60,5,0,0,9766,"2025-07-04 22:04:04"
8800211619,2025-07-04,CUSTOMER,FULL,1994-01-30,31,1976-01-08,49,768000,83,7,0,0,14265,"2025-07-04 22:03:39"
25158337401,2025-07-03,CUSTOMER,FULL,1993-12-06,31,NULL,-1,550000,48,4,0,0,6452,"2025-07-04 21:58:36"
8800151296,2025-07-03,CUSTOMER,FULL,1982-02-07,43,1977-03-02,48,220000,23,2,0,0,2907,"2025-07-04 21:56:33"
25158739395,2025-07-04,CUSTOMER,FULL,1999-06-30,26,1999-03-28,26,360000,60,5,0,0,4389,"2025-07-04 21:55:43"
25158743415,2025-07-04,CUSTOMER,FULL,1995-08-10,29,NULL,0,250000,24,2,0,0,1785,"2025-07-04 21:54:22"
25158707483,2025-07-04,CUSTOMER,FULL,2004-01-12,21,1979-10-24,45,278000,24,2,0,0,1831,"2025-07-04 21:54:21"
25158743293,2025-07-04,CUSTOMER,FULL,1987-05-30,38,1992-02-18,33,605000,72,6,0,0,14393,"2025-07-04 21:53:29"
25158743379,2025-07-04,CUSTOMER,FULL,2003-12-25,21,NULL,0,331000,42,4,0,0,3035,"2025-07-04 21:50:48"
25158276578,2025-07-03,CUSTOMER,FULL,1982-01-01,43,NULL,-1,300000,18,2,0,0,4564,"2025-07-04 21:49:29"
25157663462,2025-06-25,CUSTOMER,FULL,1995-10-12,29,1996-01-01,29,747500,72,6,0,0,11132,"2025-07-04 21:47:46"
25158739276,2025-07-04,CUSTOMER,FULL,2004-01-01,21,NULL,0,900000,72,6,0,0,11714,"2025-07-04 21:46:27"
8800309662,2025-07-04,CUSTOMER,FULL,1996-06-09,29,1962-01-02,63,680000,18,2,0,0,4855,"2025-07-04 21:46:14"
25158742272,2025-07-04,CUSTOMER,FULL,1983-12-14,41,NULL,0,405000,60,5,0,0,10204,"2025-07-04 21:44:48"
25158406983,2025-07-03,CUSTOMER,FULL,2000-12-02,24,2002-04-06,23,700000,60,5,0,0,8740,"2025-07-04 21:38:11"
25157694959,2025-06-28,CUSTOMER,FULL,1988-07-05,36,1996-01-01,29,600000,48,4,0,0,8631,"2025-07-04 21:37:06"
25157672222,2025-06-26,CUSTOMER,FULL,1999-01-01,26,NULL,-1,320000,42,4,0,0,3195,"2025-07-04 21:33:53"
25158662351,2025-07-04,CUSTOMER,FULL,1977-04-01,48,1979-01-01,46,550000,48,4,0,0,21989,"2025-07-04 21:33:04"
8800369904,2025-07-04,CUSTOMER,FULL,2000-09-09,24,1982-07-02,43,200000,36,3,0,0,1754,"2025-07-04 21:33:04"
25158741102,2025-07-04,CUSTOMER,FULL,1993-08-31,31,1972-10-18,52,550000,60,5,0,0,7665,"2025-07-04 21:32:16"
25157931924,2025-06-30,CO-APPLICANT,FULL,2000-01-01,25,1994-06-01,31,777000,47,4,0,0,8995,"2025-07-04 21:32:13"
25158663565,2025-07-04,CUSTOMER,FULL,1986-02-28,39,NULL,0,180000,24,2,0,0,1917,"2025-07-04 21:31:53"
25158741769,2025-07-04,CUSTOMER,FULL,1989-01-01,36,NULL,0,950000,83,7,0,0,22891,"2025-07-04 21:30:50"
25158741108,2025-07-04,CUSTOMER,FULL,1991-01-01,34,1991-12-20,33,331000,36,3,0,0,3281,"2025-07-04 21:30:49"
8800202154,2025-07-04,CUSTOMER,FULL,1988-02-13,37,NULL,0,75000,15,2,0,0,744,"2025-07-04 21:28:26"
25158069679,2025-07-02,CUSTOMER,FULL,1993-08-20,31,1962-03-07,63,930000,60,5,0,0,12961,"2025-07-04 21:27:15"
25157608433,2025-06-25,CUSTOMER,FULL,1994-01-01,31,NULL,-1,500000,48,4,0,0,5865,"2025-07-04 21:27:02"
25158684509,2025-07-04,CUSTOMER,FULL,1997-09-22,27,NULL,0,400000,30,3,0,0,3536,"2025-07-04 21:26:02"
25158743207,2025-07-04,CUSTOMER,FULL,2002-05-15,23,1976-01-01,49,610000,48,4,0,0,6493,"2025-07-04 21:16:48"
8800035066,2025-07-03,CUSTOMER,FULL,1974-02-25,51,1980-01-18,45,924000,60,5,0,0,55770,"2025-07-04 21:13:24"
25158742980,2025-07-04,CUSTOMER,FULL,2001-01-01,24,1971-12-01,53,930000,48,4,0,0,8769,"2025-07-04 21:12:05"
25158743231,2025-07-04,CUSTOMER,FULL,2004-06-25,21,NULL,0,300000,30,3,0,0,2376,"2025-07-04 21:07:48"
25157809971,2025-06-29,CUSTOMER,FULL,1998-04-04,27,1967-04-15,58,690000,60,5,0,0,8737,"2025-07-04 21:05:07"
8800186822,2025-07-02,CUSTOMER,FULL,1994-09-21,30,NULL,-1,1050000,72,6,0,0,16442,"2025-07-04 20:56:56"
25158716614,2025-07-04,CUSTOMER,FULL,1989-02-02,36,1958-01-01,67,500000,60,5,0,0,8898,"2025-07-04 20:55:42"
25158743076,2025-07-04,CUSTOMER,FULL,1985-10-03,39,1988-07-23,36,699000,48,4,0,0,12604,"2025-07-04 20:54:20"
8800195098,2025-06-30,CUSTOMER,FULL,1998-09-22,26,2002-04-12,23,650000,60,5,0,0,7924,"2025-07-04 20:53:49"
8800229997,2025-07-04,CUSTOMER,FULL,1986-01-01,39,NULL,0,990000,72,6,0,0,25280,"2025-07-04 20:52:48"
25157698872,2025-06-28,CO-APPLICANT,FULL,1971-06-10,54,2001-02-10,24,540000,35,3,0,0,4754,"2025-07-04 20:52:43"
25158414029,2025-07-03,CUSTOMER,FULL,1985-07-26,39,NULL,-1,380000,36,3,0,0,5534,"2025-07-04 20:52:42"
8800350340,2025-07-04,CO-APPLICANT,FULL,2000-01-01,25,1999-08-31,25,589000,48,4,0,0,6270,"2025-07-04 20:52:12"
8800315468,2025-07-04,CUSTOMER,FULL,1994-11-29,30,NULL,0,450000,48,4,0,0,5066,"2025-07-04 20:50:14"
25158656684,2025-07-04,CUSTOMER,FULL,1998-05-19,27,NULL,0,600000,48,4,0,0,6394,"2025-07-04 20:46:12"
25157660891,2025-06-25,CUSTOMER,FULL,1969-01-01,56,NULL,-1,300000,24,2,0,0,15743,"2025-07-04 20:45:04"
25158742889,2025-07-04,CUSTOMER,FULL,1985-01-28,40,NULL,0,700000,60,5,0,0,16331,"2025-07-04 20:43:54"
8800233046,2025-06-23,CUSTOMER,FULL,1981-06-11,44,NULL,-1,200000,30,3,0,0,4355,"2025-07-04 20:40:19"
25158743178,2025-07-04,CUSTOMER,FULL,1984-01-01,41,NULL,0,90000,24,2,0,0,1170,"2025-07-04 20:38:16"
25157684950,2025-06-27,CUSTOMER,FULL,1995-01-01,30,NULL,-1,250000,36,3,0,0,2328,"2025-07-04 20:31:58"
8800281580,2025-07-04,CUSTOMER,FULL,2004-05-12,21,NULL,0,173000,24,2,0,0,1140,"2025-07-04 20:31:54"
25158663208,2025-07-04,CUSTOMER,FULL,1990-01-16,35,NULL,0,573000,48,4,0,0,8040,"2025-07-04 20:31:49"
25158742131,2025-07-04,CUSTOMER,FULL,1996-03-10,29,1997-07-05,27,900000,36,3,0,0,7955,"2025-07-04 20:27:22"
8800242788,2025-07-04,CUSTOMER,FULL,1997-03-11,28,NULL,0,492000,60,5,0,0,6323,"2025-07-04 20:22:36"
25158740885,2025-07-04,CUSTOMER,FULL,1998-07-01,27,1999-01-01,26,700000,60,5,0,0,8029,"2025-07-04 20:20:01"
25158322053,2025-07-03,CUSTOMER,FULL,1997-01-01,28,NULL,-1,400000,42,4,0,0,4352,"2025-07-04 20:17:36"
25158741105,2025-07-04,CUSTOMER,FULL,1994-05-21,31,NULL,0,290000,42,4,0,0,3091,"2025-07-04 20:16:31"
25158067835,2025-07-02,CO-APPLICANT,FULL,1975-08-20,49,2001-06-06,24,300000,36,3,0,0,2641,"2025-07-04 20:13:21"
25158743052,2025-07-04,CUSTOMER,FULL,1987-05-31,38,NULL,0,717000,48,4,0,0,11177,"2025-07-04 20:12:19"
25157687374,2025-06-27,CUSTOMER,FULL,1993-05-15,32,NULL,-1,291000,36,3,0,0,2717,"2025-07-04 20:08:52"
25158663275,2025-07-04,CUSTOMER,FULL,2004-01-05,21,1985-01-01,40,1000000,48,4,0,0,9169,"2025-07-04 20:07:37"
25158656828,2025-07-04,CUSTOMER,FULL,1999-07-01,26,1970-01-01,55,1200000,60,5,0,0,13637,"2025-07-04 20:07:14"
25157691175,2025-06-27,CUSTOMER,FULL,2001-01-01,24,2002-01-01,23,800000,84,7,0,0,11876,"2025-07-04 20:05:21"
25158740254,2025-07-04,CUSTOMER,FULL,2000-04-12,25,1981-01-01,44,815000,60,5,0,0,8829,"2025-07-04 20:05:04"
25158281959,2025-07-04,CUSTOMER,FULL,1989-03-10,36,NULL,0,640000,48,4,0,0,9508,"2025-07-04 20:04:00"
25157972704,2025-07-01,CUSTOMER,FULL,1988-09-10,36,NULL,-1,600000,84,7,0,0,14458,"2025-07-04 20:02:25"
25157695055,2025-06-28,CUSTOMER,FULL,1992-01-01,33,NULL,-1,400000,36,3,0,0,4159,"2025-07-04 19:59:02"
25158663545,2025-07-04,CUSTOMER,FULL,1988-01-19,37,1994-11-21,30,640000,60,5,0,0,12121,"2025-07-04 19:55:00"
25157676647,2025-06-26,CUSTOMER,FULL,1989-01-01,36,NULL,-1,100000,24,2,0,0,935,"2025-07-04 19:52:02"
25158401362,2025-07-03,CUSTOMER,FULL,1988-01-01,37,NULL,-1,400000,36,3,0,0,5112,"2025-07-04 19:49:47"
8800275535,2025-07-04,CUSTOMER,FULL,1999-12-20,25,NULL,0,500000,60,5,0,0,6243,"2025-07-04 19:46:04"
25158622040,2025-07-03,CUSTOMER,FULL,1999-10-15,25,1961-08-20,63,380000,60,5,0,0,4588,"2025-07-04 19:43:50"
25157926407,2025-06-30,CUSTOMER,FULL,1989-09-01,35,NULL,-1,1000000,60,5,0,0,14066,"2025-07-04 19:43:10"
25158639170,2025-07-03,CUSTOMER,FULL,1991-01-01,34,NULL,-1,300000,36,3,0,0,3250,"2025-07-04 19:41:23"
25157671838,2025-06-26,CUSTOMER,FULL,1989-01-01,36,1977-01-01,48,850000,48,4,0,0,11966,"2025-07-04 19:41:17"
25158742847,2025-07-04,CUSTOMER,FULL,2003-01-01,22,NULL,0,246000,36,3,0,0,1969,"2025-07-04 19:37:29"
25158678641,2025-07-04,CUSTOMER,FULL,1983-05-25,42,NULL,0,699000,48,4,0,0,15812,"2025-07-04 19:36:58"
8800275637,2025-07-04,CUSTOMER,FULL,2003-09-15,21,1984-08-15,40,1450000,72,6,0,0,18873,"2025-07-04 19:36:54"
8800292166,2025-06-26,CUSTOMER,FULL,1995-03-06,30,1962-01-01,63,345000,48,4,0,0,3884,"2025-07-04 19:30:13"
25158237895,2025-07-02,CUSTOMER,FULL,1988-01-01,37,NULL,-1,220000,36,3,0,0,2783,"2025-07-04 19:30:00"
8800035067,2025-07-03,CUSTOMER,FULL,1983-10-10,41,NULL,-1,1005900,60,5,0,0,22339,"2025-07-04 19:29:51"
8800339990,2025-07-04,CUSTOMER,FULL,1981-01-10,44,1984-05-27,41,400000,48,4,0,0,10654,"2025-07-04 19:29:27"
25158110569,2025-07-02,CUSTOMER,FULL,1974-01-15,51,NULL,-1,200000,60,5,0,0,12638,"2025-07-04 19:28:51"
8800242787,2025-07-03,CUSTOMER,FULL,1990-11-01,34,1991-11-12,33,830000,60,5,0,0,13203,"2025-07-04 19:28:46"
8800407853,2025-07-04,CUSTOMER,FULL,1991-01-01,34,NULL,0,500000,48,4,0,0,6656,"2025-07-04 19:28:26"
25158332557,2025-07-03,CUSTOMER,FULL,1993-02-03,32,1997-04-16,28,180000,23,2,0,0,1380,"2025-07-04 19:27:20"
25158740475,2025-07-04,CUSTOMER,FULL,1991-01-01,34,1988-01-01,37,360000,48,4,0,0,4189,"2025-07-04 19:26:55"
25158742576,2025-07-04,CUSTOMER,FULL,2004-10-20,20,1978-01-01,47,700000,60,5,0,0,8715,"2025-07-04 19:24:52"
8800273425,2025-07-04,CUSTOMER,FULL,1990-09-24,34,NULL,0,350000,36,3,0,0,3792,"2025-07-04 19:22:29"
25158523736,2025-07-03,CUSTOMER,FULL,1990-09-02,34,1965-01-01,60,1000000,60,5,0,0,13500,"2025-07-04 19:21:58"
25158457752,2025-07-04,CUSTOMER,FULL,1985-10-02,39,NULL,0,200000,24,2,0,0,2254,"2025-07-04 19:21:09"
25158742426,2025-07-04,CUSTOMER,FULL,1979-04-08,46,1988-05-30,37,375000,60,5,0,0,14585,"2025-07-04 19:16:29"
25158739023,2025-07-04,CUSTOMER,FULL,1992-08-05,32,NULL,0,520000,48,4,0,0,6327,"2025-07-04 19:16:26"
25158742768,2025-07-04,CUSTOMER,FULL,1992-08-05,32,NULL,0,1000000,60,5,0,0,12603,"2025-07-04 19:15:36"
25158742736,2025-07-04,CUSTOMER,"PARTIAL TENURE",1969-01-01,56,NULL,0,293000,48,4,0,2,15175,"2025-07-04 19:15:30"
25157932296,2025-06-30,CUSTOMER,FULL,1995-11-10,29,NULL,-1,500000,60,5,0,0,6561,"2025-07-04 19:14:58"
25158357255,2025-07-03,CUSTOMER,FULL,1988-12-01,36,NULL,-1,310000,36,3,0,0,3688,"2025-07-04 19:11:44"
25158494641,2025-07-03,CUSTOMER,FULL,1991-01-01,34,NULL,-1,620000,42,4,0,0,7214,"2025-07-04 19:09:13"
25158742425,2025-07-04,CUSTOMER,FULL,1997-08-21,27,NULL,0,1400000,84,7,0,0,22567,"2025-07-04 19:08:36"
25158302446,2025-07-03,CUSTOMER,FULL,1991-01-01,34,NULL,-1,400000,48,4,0,0,5325,"2025-07-04 19:08:33"
25157682318,2025-06-27,CUSTOMER,FULL,1985-05-15,40,1985-06-17,40,650000,46,4,0,0,12587,"2025-07-04 19:08:17"
8800366865,2025-07-01,CUSTOMER,FULL,1995-01-25,30,1994-08-05,30,470000,48,4,0,0,5291,"2025-07-04 19:06:54"
8800364763,2025-07-04,CUSTOMER,FULL,1993-01-08,32,NULL,0,300000,36,3,0,0,2978,"2025-07-04 19:06:39"
25158332211,2025-07-03,CUSTOMER,FULL,1998-03-14,27,1962-03-02,63,520000,24,2,0,0,3822,"2025-07-04 19:05:43"
25158741275,2025-07-04,CUSTOMER,FULL,1999-12-30,25,NULL,0,350000,42,4,0,0,3656,"2025-07-04 19:05:33"
8800402727,2025-07-02,CUSTOMER,FULL,1992-01-19,33,1980-01-01,45,295000,30,3,0,0,2827,"2025-07-04 19:05:11"
8800191625,2025-07-02,CUSTOMER,FULL,1981-05-24,44,1982-02-07,43,250000,35,3,0,0,5443,"2025-07-04 19:04:55"
25158742723,2025-07-04,CUSTOMER,FULL,1983-01-01,42,NULL,0,404500,48,4,0,0,9151,"2025-07-04 19:02:36"
25158742552,2025-07-04,CUSTOMER,FULL,1972-01-01,53,1963-07-01,62,132500,24,2,0,0,5321,"2025-07-04 19:02:11"
25158742687,2025-07-04,CUSTOMER,FULL,1992-12-11,32,NULL,0,860000,72,6,0,0,14522,"2025-07-04 19:01:33"
25158741188,2025-07-04,CO-APPLICANT,FULL,1978-03-04,47,1994-02-24,31,300000,48,4,0,0,3519,"2025-07-04 19:00:54"
8800285409,2025-07-03,CUSTOMER,FULL,1995-01-01,30,NULL,-1,330000,48,4,0,0,3443,"2025-07-04 19:00:36"
8800246963,2025-07-04,CUSTOMER,FULL,1984-06-15,41,NULL,0,920000,60,5,0,0,20431,"2025-07-04 18:59:50"
25158238806,2025-07-02,CUSTOMER,FULL,1991-07-01,34,2003-04-02,22,1500000,35,3,0,0,16249,"2025-07-04 18:58:50"
8800195985,2025-07-04,CUSTOMER,FULL,1965-01-05,60,NULL,0,1200000,48,4,0,0,124127,"2025-07-04 18:57:28"
25158741993,2025-07-04,CUSTOMER,FULL,1998-11-11,26,1967-08-28,57,1058600,60,5,0,0,13279,"2025-07-04 18:57:11"
25158742215,2025-07-04,CUSTOMER,FULL,2000-02-08,25,NULL,0,110000,24,2,0,0,753,"2025-07-04 18:55:42"
25158742555,2025-07-04,CUSTOMER,FULL,1989-01-01,36,NULL,0,450000,48,4,0,0,6686,"2025-07-04 18:53:42"
25155089936,2025-07-04,CUSTOMER,FULL,1986-08-15,38,NULL,0,600000,36,3,0,0,8100,"2025-07-04 18:51:25"
8800274107,2025-06-27,CO-APPLICANT,FULL,1960-01-01,65,1989-07-10,35,360000,48,4,0,0,5051,"2025-07-04 18:51:01"
8800164275,2025-07-02,CUSTOMER,FULL,1996-01-06,29,NULL,-1,772000,72,6,0,0,11497,"2025-07-04 18:50:29"
25158663733,2025-07-04,CUSTOMER,FULL,1970-12-31,54,1973-09-01,51,180000,36,3,0,0,9888,"2025-07-04 18:49:34"
25157956111,2025-07-01,CUSTOMER,FULL,1971-12-31,53,NULL,-1,170000,18,2,0,0,5318,"2025-07-04 18:47:22"
25157368655,2025-06-09,CUSTOMER,FULL,1989-08-05,35,1996-03-15,29,650000,42,4,0,0,9120,"2025-07-04 18:46:52"
8800404287,2025-07-04,CUSTOMER,FULL,1984-06-08,41,1987-01-01,38,608000,60,5,0,0,15318,"2025-07-04 18:46:43"
8800241645,2025-06-23,CUSTOMER,FULL,1986-08-02,38,1986-05-04,39,746000,48,4,0,0,11629,"2025-07-04 18:44:08"
25157694939,2025-06-28,CUSTOMER,FULL,1987-08-11,37,1992-03-13,33,385000,47,4,0,0,5875,"2025-07-04 18:43:51"
25157547795,2025-06-24,CUSTOMER,FULL,1992-01-01,33,1994-01-01,31,520000,48,4,0,0,6603,"2025-07-04 18:43:18"
25158129368,2025-07-02,CUSTOMER,FULL,1991-07-15,33,NULL,-1,400000,36,3,0,0,4135,"2025-07-04 18:42:34"
25158709511,2025-07-04,CUSTOMER,FULL,1992-03-10,33,NULL,0,150000,12,1,0,0,1185,"2025-07-04 18:42:29"
8800358015,2025-07-01,CUSTOMER,FULL,1984-06-01,41,NULL,-1,350000,36,3,0,0,5890,"2025-07-04 18:42:10"
25157934247,2025-07-01,CUSTOMER,FULL,1995-06-03,30,NULL,-1,480000,24,2,0,0,3501,"2025-07-04 18:40:35"
25158725160,2025-07-04,CUSTOMER,FULL,1992-07-29,32,NULL,0,500000,60,5,0,0,7246,"2025-07-04 18:40:28"
8800253234,2025-06-24,CUSTOMER,FULL,1990-07-05,34,NULL,-1,440000,24,2,0,0,3604,"2025-07-04 18:39:52"
8800357495,2025-07-02,CUSTOMER,FULL,1994-02-02,31,NULL,-1,630000,36,3,0,0,6037,"2025-07-04 18:39:28"
8800359360,2025-07-04,CUSTOMER,FULL,1996-10-23,28,1999-08-19,25,603000,60,5,0,0,7749,"2025-07-04 18:38:40"
25158325688,2025-07-03,CUSTOMER,FULL,1995-01-01,30,NULL,-1,470000,60,5,0,0,6340,"2025-07-04 18:38:39"
25158333539,2025-07-03,CUSTOMER,FULL,2001-10-14,23,1977-09-15,47,131000,24,2,0,0,883,"2025-07-04 18:38:03"
25158739983,2025-07-04,CO-APPLICANT,FULL,1975-06-01,50,2001-06-05,24,640000,60,5,0,0,7991,"2025-07-04 18:36:26"
25157698566,2025-06-28,CUSTOMER,"PARTIAL TENURE",1973-05-04,52,NULL,-1,435000,59,5,0,2,16493,"2025-07-04 18:36:06"
25158041848,2025-07-02,CUSTOMER,FULL,1993-03-05,32,1986-05-13,39,670000,60,5,0,0,9709,"2025-07-04 18:35:54"
25158689635,2025-07-04,CUSTOMER,FULL,1999-07-10,25,NULL,0,680000,48,4,0,0,7238,"2025-07-04 18:33:46"
25158043491,2025-07-02,CUSTOMER,FULL,1989-01-01,36,NULL,-1,303000,36,3,0,0,3605,"2025-07-04 18:32:59"
8800128356,2025-07-03,CUSTOMER,FULL,1984-01-01,41,NULL,-1,300000,24,2,0,0,3553,"2025-07-04 18:32:12"
25158464750,2025-07-03,CUSTOMER,"PARTIAL TENURE",1969-01-01,56,NULL,-1,293000,48,4,0,2,15175,"2025-07-04 18:29:11"
8800261230,2025-07-04,CUSTOMER,FULL,1985-08-09,39,1976-02-18,49,100000,23,2,0,0,1065,"2025-07-04 18:28:30"
25158080239,2025-07-02,CUSTOMER,FULL,1993-07-02,32,NULL,-1,820000,84,7,0,0,15888,"2025-07-04 18:28:25"
8800430476,2025-07-04,CUSTOMER,FULL,1994-04-10,31,NULL,0,150000,24,2,0,0,1133,"2025-07-04 18:27:37"
25157687036,2025-06-27,CUSTOMER,FULL,1998-01-01,27,NULL,-1,500000,60,5,0,0,6331,"2025-07-04 18:27:22"
25157454484,2025-07-04,CUSTOMER,FULL,1991-07-01,34,NULL,0,397000,36,3,0,0,4296,"2025-07-04 18:27:11"
25158380032,2025-07-03,CUSTOMER,FULL,2004-12-23,20,1986-01-01,39,600000,36,3,0,0,5006,"2025-07-04 18:26:55"
25157673150,2025-06-26,CUSTOMER,FULL,1978-12-27,46,NULL,-1,670000,60,5,0,0,26422,"2025-07-04 18:26:48"
25158673534,2025-07-04,CUSTOMER,FULL,1969-01-01,56,1972-04-18,53,505000,60,5,0,0,48280,"2025-07-04 18:26:47"
25157551268,2025-06-16,CUSTOMER,FULL,1994-01-01,31,NULL,-1,1000000,60,5,0,0,12249,"2025-07-04 18:26:08"
25158740154,2025-07-04,CUSTOMER,FULL,1998-11-04,26,2000-01-01,25,550000,48,4,0,0,5803,"2025-07-04 18:25:27"
25158742323,2025-07-04,CUSTOMER,FULL,1991-06-02,34,NULL,0,493000,59,5,0,0,6656,"2025-07-04 18:25:23"
25158660241,2025-07-04,CUSTOMER,FULL,1998-07-16,26,1973-06-01,52,738459,60,5,0,0,9263,"2025-07-04 18:23:05"
25157679818,2025-06-30,CUSTOMER,FULL,1981-08-02,43,1986-03-05,39,560000,48,4,0,0,13791,"2025-07-04 18:21:46"
25158663652,2025-07-04,CUSTOMER,FULL,1992-11-09,32,NULL,0,155000,30,3,0,0,1447,"2025-07-04 18:19:41"
25158333203,2025-07-04,CUSTOMER,FULL,2003-09-20,21,1982-07-01,43,520000,48,4,0,0,5535,"2025-07-04 18:19:38"
25158741778,2025-07-04,CUSTOMER,FULL,1978-05-31,47,NULL,0,750000,48,4,0,0,27258,"2025-07-04 18:19:33"
8800378806,2025-07-04,CUSTOMER,FULL,1998-10-08,26,2000-07-27,24,305000,24,2,0,0,2167,"2025-07-04 18:19:01"
25158421162,2025-07-03,CUSTOMER,FULL,1977-08-02,47,1986-01-01,39,335000,42,4,0,0,11733,"2025-07-04 18:17:56"
25158682263,2025-07-04,CUSTOMER,FULL,1993-06-06,32,NULL,0,675000,54,5,0,0,9782,"2025-07-04 18:17:05"
8800329296,2025-07-04,CUSTOMER,FULL,1985-01-01,40,NULL,0,650000,60,5,0,0,15164,"2025-07-04 18:17:05"
8800401787,2025-07-04,CUSTOMER,FULL,1990-02-17,35,NULL,0,310000,24,2,0,0,2650,"2025-07-04 18:16:56"
25158741608,2025-07-04,CUSTOMER,FULL,2003-03-19,22,1977-01-01,48,780000,60,5,0,0,8266,"2025-07-04 18:13:28"
25157635401,2025-06-23,CUSTOMER,FULL,1984-11-17,40,NULL,-1,310000,36,3,0,0,4544,"2025-07-04 18:10:52"
25158492615,2025-07-03,CUSTOMER,FULL,1984-01-01,41,1941-01-01,84,570000,60,5,0,0,14361,"2025-07-04 18:10:07"
25157550078,2025-06-16,CUSTOMER,FULL,1998-01-01,27,NULL,-1,280000,24,2,0,0,2058,"2025-07-04 18:08:55"
25157956128,2025-07-01,CUSTOMER,FULL,1995-06-04,30,NULL,-1,400000,43,4,0,0,4546,"2025-07-04 18:08:55"
25158546394,2025-07-03,CUSTOMER,FULL,1996-12-28,28,NULL,-1,1300000,72,6,0,0,19068,"2025-07-04 18:08:53"
25158034359,2025-07-02,CUSTOMER,FULL,2003-01-01,22,1972-01-01,53,500000,60,5,0,0,6243,"2025-07-04 18:08:28"
8800307164,2025-07-03,CUSTOMER,"PARTIAL TENURE",1979-02-12,46,NULL,-1,370000,36,3,0,2,7414,"2025-07-04 18:08:12"
8800363062,2025-07-03,CUSTOMER,FULL,1990-01-01,35,1961-01-01,64,580000,60,5,0,0,9733,"2025-07-04 18:07:57"
8800378212,2025-07-03,CUSTOMER,FULL,2003-11-01,21,NULL,-1,342000,48,4,0,0,3136,"2025-07-04 18:06:09"
25158684501,2025-07-04,CUSTOMER,FULL,1982-09-11,42,NULL,0,185000,36,3,0,0,3096,"2025-07-04 18:05:44"
25158372944,2025-07-03,CUSTOMER,FULL,1991-04-16,34,1985-06-07,40,550000,60,5,0,0,8749,"2025-07-04 18:05:15"
8800400078,2025-07-04,CUSTOMER,FULL,1993-02-25,32,NULL,0,230000,24,2,0,0,1763,"2025-07-04 18:05:11"
8800359779,2025-07-03,CO-APPLICANT,FULL,2000-01-01,25,2003-08-14,21,1090000,48,4,0,0,9994,"2025-07-04 18:05:07"
8800341837,2025-06-27,CUSTOMER,FULL,2003-10-19,21,1974-06-02,51,621000,84,7,0,0,10032,"2025-07-04 18:04:18"
25158741739,2025-07-04,CUSTOMER,FULL,1982-03-03,43,1963-03-16,62,135000,24,2,0,0,1784,"2025-07-04 18:02:26"
25157933100,2025-07-01,CUSTOMER,FULL,1998-07-12,26,2001-05-11,24,409000,48,4,0,0,4359,"2025-07-04 18:02:16"
25158332368,2025-07-03,CUSTOMER,FULL,1994-05-03,31,NULL,-1,560000,60,5,0,0,7805,"2025-07-04 18:01:30"
25157841774,2025-06-29,CUSTOMER,FULL,1972-01-08,53,2001-03-29,24,447000,60,5,0,0,33779,"2025-07-04 18:00:07"
25157636033,2025-06-23,CUSTOMER,FULL,1991-01-01,34,NULL,-1,313000,42,4,0,0,3642,"2025-07-04 17:59:10"
25157836530,2025-06-29,CO-APPLICANT,FULL,1962-01-01,63,2002-01-01,23,200000,30,3,0,0,1761,"2025-07-04 17:59:10"
8800415927,2025-07-04,CUSTOMER,FULL,1988-08-06,36,NULL,0,810000,60,5,0,0,14414,"2025-07-04 17:59:01"
25157544091,2025-06-16,CUSTOMER,FULL,1992-09-16,32,NULL,-1,400000,48,4,0,0,4371,"2025-07-04 17:58:30"
25157928834,2025-07-04,CUSTOMER,FULL,1995-07-15,29,2000-02-05,25,790000,60,5,0,0,10367,"2025-07-04 17:58:27"
25157589462,2025-06-19,CO-APPLICANT,FULL,1967-12-07,57,2003-02-02,22,710000,58,5,0,0,8864,"2025-07-04 17:58:25"
25158740066,2025-07-04,CUSTOMER,FULL,1996-03-18,29,1969-06-20,56,250000,48,4,0,0,2753,"2025-07-04 17:58:24"
25157655982,2025-06-24,CUSTOMER,FULL,2000-10-14,24,2003-11-02,21,700000,48,4,0,0,7236,"2025-07-04 17:58:03"
8800119835,2025-07-03,CUSTOMER,FULL,1996-11-26,28,1979-06-06,46,1150000,30,3,0,0,10029,"2025-07-04 17:57:43"
8800190296,2025-06-27,CUSTOMER,FULL,2001-03-15,24,NULL,-1,324000,60,5,0,0,3487,"2025-07-04 17:57:35"
25157651980,2025-06-24,CUSTOMER,FULL,1977-01-09,48,2005-01-26,20,882000,60,5,0,0,40632,"2025-07-04 17:57:34"
8800144761,2025-07-04,CUSTOMER,FULL,1988-05-03,37,1990-02-08,35,942000,60,5,0,0,16263,"2025-07-04 17:57:02"
25157680865,2025-06-27,CUSTOMER,FULL,1992-10-05,32,NULL,-1,150000,18,2,0,0,1163,"2025-07-04 17:56:42"
25158680721,2025-07-04,CUSTOMER,FULL,1989-02-12,36,1992-10-10,32,270000,36,3,0,0,3212,"2025-07-04 17:56:08"
25158684484,2025-07-04,CUSTOMER,FULL,1995-06-04,30,NULL,0,300000,48,4,0,0,3378,"2025-07-04 17:54:58"
25158281197,2025-07-03,CUSTOMER,FULL,1984-09-24,40,NULL,-1,950000,60,5,0,0,21255,"2025-07-04 17:54:23"
25158041950,2025-07-02,CUSTOMER,FULL,1989-05-25,36,NULL,-1,325000,36,3,0,0,3885,"2025-07-04 17:54:20"
25158741610,2025-07-04,CUSTOMER,FULL,1994-06-06,31,1994-10-21,30,450000,36,3,0,0,4376,"2025-07-04 17:54:03"
8800387305,2025-07-04,CUSTOMER,FULL,1979-01-23,46,NULL,0,378000,48,4,0,0,12061,"2025-07-04 17:54:03"
8800272522,2025-07-03,CUSTOMER,FULL,1992-01-01,33,1985-01-01,40,780000,60,5,0,0,10162,"2025-07-04 17:53:32"
25157619183,2025-06-21,CUSTOMER,FULL,1990-01-01,35,NULL,-1,330000,48,4,0,0,3992,"2025-07-04 17:53:28"
25158660433,2025-07-04,CUSTOMER,FULL,1975-01-01,50,NULL,0,170000,24,2,0,0,5220,"2025-07-04 17:53:24"
25158660683,2025-07-04,CO-APPLICANT,FULL,1975-07-01,50,1997-01-01,28,1550000,72,6,0,0,22735,"2025-07-04 17:53:21"
25158740921,2025-07-04,CUSTOMER,FULL,1982-02-01,43,2002-01-22,23,396000,48,4,0,0,9753,"2025-07-04 17:52:54"
25158741751,2025-07-04,CUSTOMER,FULL,1990-09-19,34,NULL,0,833000,72,6,0,0,14361,"2025-07-04 17:51:37"
25158129991,2025-07-02,CUSTOMER,FULL,2000-03-07,25,1980-01-01,45,530000,60,5,0,0,6617,"2025-07-04 17:51:12"
25158410477,2025-07-03,CUSTOMER,FULL,1988-01-01,37,NULL,-1,775000,60,5,0,0,13380,"2025-07-04 17:51:06"
8800277871,2025-07-04,CUSTOMER,FULL,1985-01-01,40,1983-10-28,41,810000,60,5,0,0,18897,"2025-07-04 17:50:39"
25158134081,2025-07-02,CUSTOMER,FULL,1974-01-01,51,NULL,-1,331000,42,4,0,0,16733,"2025-07-04 17:49:59"
8800380877,2025-07-03,CUSTOMER,FULL,1992-10-25,32,1992-02-29,33,446000,84,7,0,0,8642,"2025-07-04 17:49:05"
25158741679,2025-07-04,CUSTOMER,FULL,1985-01-01,40,NULL,0,600000,60,5,0,0,13998,"2025-07-04 17:48:23"
25155296387,2025-07-04,CUSTOMER,FULL,1993-07-25,31,NULL,0,500000,48,4,0,0,5865,"2025-07-04 17:48:16"
25158707440,2025-07-04,CUSTOMER,FULL,2000-05-05,25,NULL,0,800000,48,4,0,0,7600,"2025-07-04 17:47:59"
25157585317,2025-06-19,CUSTOMER,FULL,1993-01-01,32,NULL,-1,170000,24,2,0,0,1303,"2025-07-04 17:47:35"
25157668929,2025-06-25,CUSTOMER,FULL,1990-05-10,35,NULL,-1,555000,60,5,0,0,9313,"2025-07-04 17:47:12"
8800364889,2025-07-03,CUSTOMER,FULL,2005-12-05,19,NULL,-1,140000,36,3,0,0,1211,"2025-07-04 17:46:50"
25158537508,2025-07-03,CUSTOMER,FULL,2001-03-26,24,1970-01-01,55,1026000,60,5,0,0,11042,"2025-07-04 17:46:29"
25157712475,2025-06-28,CUSTOMER,FULL,1994-01-01,31,1973-01-01,52,600000,60,5,0,0,7350,"2025-07-04 17:46:17"
8800364888,2025-07-03,CUSTOMER,FULL,2005-12-05,19,NULL,-1,560000,54,5,0,0,6912,"2025-07-04 17:46:17"
8800069449,2025-06-23,CUSTOMER,FULL,1985-01-01,40,NULL,-1,130000,24,2,0,0,1465,"2025-07-04 17:45:36"
8800424728,2025-07-04,CUSTOMER,FULL,1994-01-01,31,1974-06-02,51,660000,60,5,0,0,9198,"2025-07-04 17:45:18"
25158740309,2025-07-04,CUSTOMER,FULL,1989-07-15,35,NULL,0,450000,36,3,0,0,5125,"2025-07-04 17:45:07"
25157921433,2025-06-30,CUSTOMER,FULL,1993-12-30,31,NULL,-1,330000,30,3,0,0,3209,"2025-07-04 17:44:30"
8800340696,2025-07-04,CUSTOMER,FULL,1988-03-06,37,1987-07-30,37,956100,48,4,0,0,15096,"2025-07-04 17:44:21"
25158307613,2025-07-03,CUSTOMER,FULL,1975-01-01,50,NULL,-1,550000,60,5,0,0,31483,"2025-07-04 17:44:10"
8800188767,2025-07-04,CUSTOMER,FULL,1995-06-23,30,NULL,0,490000,35,3,0,0,4562,"2025-07-04 17:43:55"
25158740150,2025-07-04,CUSTOMER,FULL,1975-10-05,49,1982-01-15,43,500000,42,4,0,0,21966,"2025-07-04 17:43:35"
25157632443,2025-06-23,CUSTOMER,FULL,1999-07-10,25,1995-08-11,29,757000,72,6,0,0,10210,"2025-07-04 17:42:37"
25158739739,2025-07-04,CUSTOMER,FULL,1985-01-01,40,1985-08-05,39,585000,60,5,0,0,13648,"2025-07-04 17:41:44"
8800128773,2025-07-04,CUSTOMER,FULL,1989-09-09,35,NULL,0,930000,60,5,0,0,15606,"2025-07-04 17:40:38"
25158351690,2025-07-03,CUSTOMER,FULL,1993-07-05,31,NULL,-1,545000,60,5,0,0,7596,"2025-07-04 17:39:46"
8800289848,2025-07-04,CUSTOMER,FULL,1998-07-03,27,NULL,0,660000,48,4,0,0,6636,"2025-07-04 17:39:42"
25158401352,2025-07-03,CUSTOMER,FULL,1990-01-01,35,NULL,-1,1070000,60,5,0,0,15051,"2025-07-04 17:39:33"
8800304502,2025-07-04,CUSTOMER,FULL,2001-01-15,24,NULL,0,450000,36,3,0,0,3946,"2025-07-04 17:39:25"
25158035956,2025-07-02,CUSTOMER,FULL,1998-07-26,26,NULL,-1,265000,36,3,0,0,2333,"2025-07-04 17:39:21"
25158042094,2025-07-02,CUSTOMER,FULL,2001-06-10,24,1973-01-01,52,350000,35,3,0,0,3069,"2025-07-04 17:39:09"
25158739561,2025-07-04,CUSTOMER,FULL,1993-08-01,31,NULL,0,250000,36,3,0,0,2284,"2025-07-04 17:38:46"
8800232314,2025-07-02,CUSTOMER,FULL,1990-01-21,35,NULL,-1,150000,36,3,0,0,1703,"2025-07-04 17:37:49"
25158661568,2025-07-04,CUSTOMER,FULL,1983-02-21,42,1981-03-20,44,180000,36,3,0,0,3274,"2025-07-04 17:37:48"
25158663180,2025-07-04,CUSTOMER,FULL,1976-01-01,49,1972-03-01,53,150000,18,2,0,0,3245,"2025-07-04 17:37:40"
25158663811,2025-07-04,CUSTOMER,FULL,1986-08-01,38,NULL,0,300000,36,3,0,0,4086,"2025-07-04 17:37:33"
8800017619,2025-07-04,CUSTOMER,FULL,1994-10-10,30,1990-12-17,34,1500000,36,3,0,0,13966,"2025-07-04 17:36:01"
25158325662,2025-07-03,CUSTOMER,FULL,1993-04-24,32,NULL,-1,380000,41,4,0,0,4153,"2025-07-04 17:35:44"
25158487714,2025-07-03,CUSTOMER,FULL,2002-07-05,22,1977-05-15,48,1100000,84,7,0,0,16057,"2025-07-04 17:35:39"
25158228490,2025-07-02,CUSTOMER,FULL,1986-06-15,39,NULL,-1,80000,24,2,0,0,902,"2025-07-04 17:35:12"
25158741557,2025-07-04,CUSTOMER,FULL,1989-10-15,35,1991-07-31,33,700000,60,5,0,0,11746,"2025-07-04 17:35:07"
8800339912,2025-07-03,CUSTOMER,FULL,2002-05-21,23,1975-01-01,50,980000,47,4,0,0,9171,"2025-07-04 17:34:41"
8800009546,2025-07-04,CUSTOMER,FULL,1994-09-13,30,NULL,0,500000,24,2,0,0,3647,"2025-07-04 17:34:30"
8800375937,2025-07-04,CUSTOMER,FULL,2004-02-05,21,NULL,0,331000,60,5,0,0,3461,"2025-07-04 17:34:16"
8800316524,2025-07-04,CUSTOMER,FULL,2000-06-04,25,NULL,0,670000,60,5,0,0,8365,"2025-07-04 17:34:03"
25158741217,2025-07-04,CUSTOMER,FULL,2000-03-06,25,NULL,0,75000,24,2,0,0,546,"2025-07-04 17:33:50"
25157676904,2025-06-26,CUSTOMER,FULL,1983-07-06,41,1991-01-01,34,340000,36,3,0,0,5722,"2025-07-04 17:33:28"
25157453968,2025-06-11,CUSTOMER,FULL,1995-03-16,30,1998-03-02,27,991000,84,7,0,0,16851,"2025-07-04 17:33:25"
25158741775,2025-07-04,CUSTOMER,FULL,2002-03-17,23,NULL,0,320000,48,4,0,0,2995,"2025-07-04 17:33:20"
25158741328,2025-07-04,CUSTOMER,FULL,1995-07-08,29,NULL,0,1050000,60,5,0,0,12378,"2025-07-04 17:33:05"
25158463329,2025-07-04,CUSTOMER,FULL,1996-01-01,29,1968-01-01,57,450000,60,5,0,0,5905,"2025-07-04 17:33:03"
8800385756,2025-07-04,CUSTOMER,FULL,2000-03-31,25,1975-06-15,50,300000,30,3,0,0,2648,"2025-07-04 17:33:03"
25155715966,2025-07-04,CUSTOMER,FULL,1994-07-10,30,1996-05-09,29,200000,36,3,0,0,1893,"2025-07-04 17:32:41"
8800266271,2025-07-01,CUSTOMER,FULL,2003-01-01,22,1963-01-01,62,610000,60,5,0,0,6464,"2025-07-04 17:32:26"
8800264172,2025-07-04,CUSTOMER,FULL,1981-02-22,44,NULL,0,520000,36,3,0,0,11223,"2025-07-04 17:32:08"
8800409051,2025-07-04,CUSTOMER,FULL,1986-07-20,38,NULL,0,345000,36,3,0,0,4515,"2025-07-04 17:31:02"
8800242570,2025-07-04,CUSTOMER,FULL,2002-08-10,22,1965-01-01,60,850000,36,3,0,0,7483,"2025-07-04 17:30:39"
25157687230,2025-06-27,CUSTOMER,FULL,1990-08-22,34,NULL,-1,590000,60,5,0,0,9385,"2025-07-04 17:30:38"
25157642212,2025-06-23,CUSTOMER,FULL,1991-06-10,34,NULL,-1,1150000,48,4,0,0,13381,"2025-07-04 17:30:33"
25158740133,2025-07-04,CUSTOMER,FULL,2002-01-01,23,1973-01-01,52,980000,68,6,0,0,12998,"2025-07-04 17:30:32"
8800333647,2025-07-04,CUSTOMER,FULL,2000-02-21,25,1980-01-02,45,700000,48,4,0,0,6650,"2025-07-04 17:29:58"
8800305586,2025-07-02,CUSTOMER,FULL,1986-01-01,39,NULL,-1,280000,36,3,0,0,4078,"2025-07-04 17:29:41"
25158071532,2025-07-02,CUSTOMER,FULL,2001-09-06,23,1999-06-09,26,600000,48,4,0,0,6387,"2025-07-04 17:29:14"
8800359054,2025-06-30,CUSTOMER,FULL,1977-06-10,48,NULL,-1,900000,72,6,0,0,49925,"2025-07-04 17:27:35"
8800338184,2025-07-04,CUSTOMER,FULL,1980-01-01,45,NULL,0,1000000,60,5,0,0,30928,"2025-07-04 17:27:32"
25158403413,2025-07-03,CUSTOMER,FULL,1982-10-08,42,NULL,-1,330000,36,3,0,0,5522,"2025-07-04 17:26:50"
25158659545,2025-07-04,CUSTOMER,FULL,1985-01-21,40,NULL,0,300000,35,3,0,0,4687,"2025-07-04 17:26:34"
25158279908,2025-07-03,CUSTOMER,FULL,1996-06-22,29,1969-01-01,56,760000,59,5,0,0,8960,"2025-07-04 17:26:20"
25158042465,2025-07-02,CUSTOMER,FULL,1993-01-01,32,NULL,-1,500000,48,4,0,0,5983,"2025-07-04 17:26:18"
25157626960,2025-06-22,CUSTOMER,FULL,1995-01-01,30,1991-01-01,34,460000,60,5,0,0,6205,"2025-07-04 17:26:10"
25157698001,2025-06-28,CUSTOMER,FULL,1991-01-05,34,NULL,-1,620000,60,5,0,0,9862,"2025-07-04 17:26:01"
25157932642,2025-07-02,CUSTOMER,FULL,1976-03-10,49,1982-01-01,43,935000,48,4,0,0,41076,"2025-07-04 17:25:58"
25158741459,2025-07-04,CUSTOMER,FULL,1989-01-01,36,NULL,0,385000,33,3,0,0,4634,"2025-07-04 17:25:40"
25158333220,2025-07-03,CUSTOMER,FULL,1984-07-01,41,1990-01-01,35,386000,48,4,0,0,7862,"2025-07-04 17:25:36"
25158662585,2025-07-04,CUSTOMER,FULL,2004-07-02,21,1977-01-01,48,650000,42,4,0,0,6919,"2025-07-04 17:25:17"
8800305039,2025-07-04,CUSTOMER,FULL,1981-01-01,44,1998-01-10,27,930000,48,4,0,0,25054,"2025-07-04 17:24:59"
25158740909,2025-07-04,CUSTOMER,FULL,1986-01-19,39,NULL,0,800000,60,5,0,0,15520,"2025-07-04 17:24:47"
8800085846,2025-06-20,CUSTOMER,FULL,1997-03-08,28,NULL,-1,800000,36,3,0,0,7269,"2025-07-04 17:24:46"
25158661900,2025-07-04,CUSTOMER,FULL,1991-01-01,34,1989-01-01,36,158000,12,1,0,0,731,"2025-07-04 17:24:42"
25158740934,2025-07-04,CO-APPLICANT,FULL,1966-01-01,59,2000-01-01,25,220000,30,3,0,0,1937,"2025-07-04 17:24:22"
25157633306,2025-06-23,CUSTOMER,FULL,1985-08-27,39,NULL,-1,1115000,60,5,0,0,21631,"2025-07-04 17:24:02"
25158739088,2025-07-04,CUSTOMER,FULL,2000-06-01,25,NULL,0,1200000,36,3,0,0,9842,"2025-07-04 17:23:19"
25157539905,2025-06-16,CUSTOMER,FULL,2003-05-07,22,1970-01-01,55,320000,36,3,0,0,2561,"2025-07-04 17:23:11"
8800321698,2025-06-25,CUSTOMER,FULL,2005-01-01,20,2002-01-01,23,295000,36,3,0,0,2301,"2025-07-04 17:22:55"
25157862191,2025-06-29,CUSTOMER,FULL,1998-11-24,26,NULL,-1,500000,48,4,0,0,5328,"2025-07-04 17:22:48"
25158741478,2025-07-04,CUSTOMER,FULL,1997-06-05,28,NULL,0,525000,60,5,0,0,6747,"2025-07-04 17:22:38"
25158739984,2025-07-04,CUSTOMER,FULL,1999-01-07,26,1966-06-16,59,500000,60,5,0,0,6272,"2025-07-04 17:22:34"
8800390067,2025-07-04,CUSTOMER,FULL,1995-04-03,30,NULL,0,410000,36,3,0,0,3881,"2025-07-04 17:22:26"
25157838218,2025-06-29,CUSTOMER,FULL,1990-01-01,35,1955-01-01,70,662000,48,4,0,0,9288,"2025-07-04 17:22:18"
25158740978,2025-07-04,CUSTOMER,FULL,1981-01-01,44,2004-03-17,21,450000,24,2,0,0,6368,"2025-07-04 17:21:47"
25157685844,2025-06-27,CUSTOMER,FULL,1992-06-29,32,NULL,-1,360000,36,3,0,0,3361,"2025-07-04 17:21:32"
25158034298,2025-07-02,CUSTOMER,FULL,1992-02-26,33,NULL,-1,570000,45,4,0,0,7238,"2025-07-04 17:21:08"
25157681630,2025-06-27,CUSTOMER,FULL,1984-02-04,41,NULL,-1,146000,24,2,0,0,1894,"2025-07-04 17:20:58"
25157926769,2025-06-30,CUSTOMER,FULL,1984-01-01,41,NULL,-1,400000,45,4,0,0,8355,"2025-07-04 17:20:56"
25158741023,2025-07-04,CUSTOMER,FULL,1987-11-30,37,NULL,0,700000,35,3,0,0,8855,"2025-07-04 17:20:51"
25157663090,2025-06-25,CUSTOMER,FULL,1984-01-01,41,1965-01-01,60,150000,18,2,0,0,1949,"2025-07-04 17:20:49"
8800192810,2025-07-03,CUSTOMER,FULL,1978-01-01,47,NULL,-1,350000,36,3,0,0,10239,"2025-07-04 17:20:29"
8800227504,2025-07-04,CUSTOMER,FULL,1991-01-01,34,NULL,0,315000,30,3,0,0,3413,"2025-07-04 17:20:17"
25157932121,2025-06-30,CUSTOMER,FULL,2001-01-01,24,1961-01-01,64,535000,60,5,0,0,6680,"2025-07-04 17:20:14"
25158741359,2025-07-04,CUSTOMER,FULL,2002-12-18,22,NULL,0,202000,36,3,0,0,1617,"2025-07-04 17:19:53"
25158741250,2025-07-04,CUSTOMER,FULL,1987-07-30,37,NULL,0,430000,48,4,0,0,6790,"2025-07-04 17:19:52"
25158078769,2025-07-02,CUSTOMER,FULL,1996-07-01,29,NULL,-1,580000,48,4,0,0,6427,"2025-07-04 17:19:46"
25158086476,2025-07-02,CUSTOMER,FULL,1986-07-01,39,NULL,-1,411000,35,3,0,0,5932,"2025-07-04 17:19:25"
25158663296,2025-07-04,CUSTOMER,FULL,2000-04-16,25,1971-07-01,54,870000,36,3,0,0,7135,"2025-07-04 17:19:02"
25158741564,2025-07-04,CUSTOMER,FULL,1984-01-01,41,1979-05-03,46,336500,42,4,0,0,6334,"2025-07-04 17:18:43"
25158582170,2025-07-03,CUSTOMER,FULL,1990-05-10,35,1997-03-23,28,400000,48,4,0,0,5457,"2025-07-04 17:18:37"
8800302381,2025-07-04,CUSTOMER,FULL,1978-04-10,47,NULL,0,800000,60,5,0,0,34560,"2025-07-04 17:18:36"
8800329487,2025-07-04,CUSTOMER,FULL,2004-05-29,21,1985-01-01,40,650000,47,4,0,0,6919,"2025-07-04 17:18:32"
25158740940,2025-07-04,CUSTOMER,FULL,1982-02-15,43,NULL,0,120000,12,1,0,0,956,"2025-07-04 17:18:22"
25158735772,2025-07-04,CUSTOMER,FULL,1997-01-01,28,NULL,0,527000,48,4,0,0,5734,"2025-07-04 17:18:10"
25157642108,2025-06-23,CUSTOMER,FULL,2002-08-25,22,NULL,-1,350000,47,4,0,0,3251,"2025-07-04 17:18:08"
8800353453,2025-06-21,CUSTOMER,FULL,2001-06-02,24,NULL,-1,316000,60,5,0,0,3401,"2025-07-04 17:17:59"
8800169820,2025-07-04,CUSTOMER,FULL,1986-12-10,38,1982-11-01,42,635000,60,5,0,0,12844,"2025-07-04 17:17:35"
25158390723,2025-07-03,CUSTOMER,FULL,1993-04-08,32,1992-07-16,32,435000,60,5,0,0,6304,"2025-07-04 17:17:34"
25158278060,2025-07-03,CUSTOMER,FULL,1991-03-15,34,NULL,-1,900000,48,4,0,0,10472,"2025-07-04 17:17:02"
8800408277,2025-07-03,CUSTOMER,FULL,1996-06-07,29,NULL,-1,348000,48,4,0,0,3577,"2025-07-04 17:16:23"
25158741494,2025-07-04,CUSTOMER,FULL,1982-01-01,43,NULL,0,80000,12,1,0,0,678,"2025-07-04 17:16:21"
8800314077,2025-06-16,CUSTOMER,FULL,1987-12-12,37,NULL,-1,980000,84,7,0,0,25198,"2025-07-04 17:15:47"
25157712212,2025-06-28,CUSTOMER,FULL,2002-01-01,23,1969-01-01,56,1270000,36,3,0,0,10266,"2025-07-04 17:15:28"
25158038752,2025-07-02,CUSTOMER,FULL,1983-01-01,42,NULL,-1,225000,30,3,0,0,3765,"2025-07-04 17:15:18"
25157696632,2025-06-28,CUSTOMER,FULL,1979-01-01,46,NULL,-1,400000,48,4,0,0,13098,"2025-07-04 17:15:15"
25158332932,2025-07-03,CUSTOMER,FULL,2004-12-15,20,1991-04-24,34,675000,60,5,0,0,6946,"2025-07-04 17:15:04"
8800190039,2025-07-03,CUSTOMER,FULL,1984-06-12,41,NULL,-1,400000,48,4,0,0,7529,"2025-07-04 17:14:57"
25157971702,2025-07-01,CUSTOMER,FULL,1967-01-01,58,1982-09-13,42,959000,60,5,0,0,101982,"2025-07-04 17:14:07"
8800285155,2025-06-26,CUSTOMER,FULL,2001-09-18,23,2003-01-01,22,520000,60,5,0,0,6492,"2025-07-04 17:13:47"
8800194238,2025-07-04,CUSTOMER,FULL,1986-06-05,39,NULL,0,275000,36,3,0,0,3969,"2025-07-04 17:13:39"
25157838344,2025-06-29,CUSTOMER,FULL,1975-01-01,50,NULL,-1,365000,30,3,0,0,14494,"2025-07-04 17:12:56"
25158740064,2025-07-04,CUSTOMER,FULL,1995-03-06,30,1968-01-20,57,250000,35,3,0,0,2366,"2025-07-04 17:12:08"
8800200221,2025-06-24,CUSTOMER,FULL,1985-02-01,40,NULL,-1,321000,54,5,0,0,6633,"2025-07-04 17:11:35"
8800236867,2025-07-04,CUSTOMER,FULL,1980-01-01,45,NULL,0,1000000,60,5,0,0,30928,"2025-07-04 17:11:02"
25158438728,2025-07-03,CUSTOMER,FULL,1981-06-10,44,NULL,-1,1440000,60,5,0,0,40679,"2025-07-04 17:10:28"
8800380128,2025-07-02,CUSTOMER,FULL,1997-03-12,28,1993-02-07,32,1600000,60,5,0,0,20051,"2025-07-04 17:10:12"
8800378157,2025-07-02,CUSTOMER,FULL,1995-01-01,30,NULL,-1,274000,36,3,0,0,2458,"2025-07-04 17:09:55"
25158740536,2025-07-04,CO-APPLICANT,FULL,1976-01-01,49,2002-08-16,22,517500,36,3,0,0,4556,"2025-07-04 17:09:36"
25158656791,2025-07-04,CUSTOMER,FULL,1991-07-01,34,NULL,0,397000,36,3,0,0,4296,"2025-07-04 17:09:28"
8800360584,2025-07-04,CUSTOMER,FULL,2002-05-08,23,1993-07-06,31,720000,60,5,0,0,8989,"2025-07-04 17:09:02"
8800109035,2025-07-04,CUSTOMER,FULL,1972-01-25,53,NULL,0,150000,36,3,0,0,7619,"2025-07-04 17:08:48"
25158375026,2025-07-03,CUSTOMER,FULL,1988-09-20,36,NULL,-1,5000000,60,5,0,0,84783,"2025-07-04 17:08:19"
8800331228,2025-07-04,CUSTOMER,"PARTIAL FINANCE AMOUNT",1979-12-07,45,1981-01-01,44,208000,24,2,156000,0,2837,"2025-07-04 17:07:58"
8800020316,2025-07-04,CUSTOMER,FULL,1993-08-29,31,NULL,0,300000,36,3,0,0,2875,"2025-07-04 17:07:40"
8800358021,2025-07-04,CUSTOMER,FULL,1990-08-17,34,1968-06-01,57,200000,30,3,0,0,2165,"2025-07-04 17:07:30"
8800407852,2025-07-04,CUSTOMER,FULL,1991-01-01,34,NULL,0,500000,48,4,0,0,6656,"2025-07-04 17:07:18"
8800364557,2025-07-03,CUSTOMER,FULL,1998-02-01,27,NULL,-1,210000,60,5,0,0,2585,"2025-07-04 17:07:10"
8800178614,2025-07-02,CUSTOMER,FULL,1985-01-01,40,NULL,-1,150000,24,2,0,0,1691,"2025-07-04 17:07:03"
25157933470,2025-06-30,CUSTOMER,FULL,1991-01-01,34,1993-02-08,32,550000,60,5,0,0,7425,"2025-07-04 17:06:49"
25158663585,2025-07-04,CUSTOMER,FULL,2001-09-09,23,1958-02-10,67,180000,36,3,0,0,1585,"2025-07-04 17:06:14"
8800220372,2025-07-04,CUSTOMER,FULL,1998-01-01,27,1974-01-01,51,240000,48,4,0,0,2558,"2025-07-04 17:05:58"
25157617749,2025-07-02,CUSTOMER,FULL,1994-07-03,30,NULL,-1,550000,48,4,0,0,6250,"2025-07-04 17:05:43"
25157644822,2025-06-24,CUSTOMER,FULL,1996-01-01,29,NULL,-1,120000,24,2,0,0,885,"2025-07-04 17:05:18"
8800224886,2025-07-02,CUSTOMER,FULL,2000-01-30,25,1965-01-01,60,580000,60,5,0,0,7241,"2025-07-04 17:05:00"
8800253285,2025-06-11,CUSTOMER,FULL,2000-06-21,24,NULL,-1,210000,36,3,0,0,1842,"2025-07-04 17:04:49"
25158039035,2025-07-02,CUSTOMER,FULL,1981-01-01,44,NULL,-1,400000,36,3,0,0,7798,"2025-07-04 17:04:29"
25158070612,2025-07-02,CUSTOMER,FULL,1984-02-01,41,NULL,-1,535000,60,5,0,0,13479,"2025-07-04 17:04:28"
25157641040,2025-06-23,CUSTOMER,FULL,1978-12-25,46,NULL,-1,313000,60,5,0,0,11934,"2025-07-04 17:04:27"
25157684873,2025-06-27,CUSTOMER,FULL,1996-03-18,29,1967-01-25,58,847000,60,5,0,0,11114,"2025-07-04 17:04:15"
25158293177,2025-07-03,CUSTOMER,FULL,1981-01-02,44,2002-07-03,23,1090000,84,7,0,0,48169,"2025-07-04 17:03:48"
25158735761,2025-07-04,CUSTOMER,FULL,1983-03-10,42,NULL,0,700000,60,5,0,0,16760,"2025-07-04 17:03:36"
25158740387,2025-07-04,CUSTOMER,FULL,1992-07-07,32,NULL,0,625000,59,5,0,0,9057,"2025-07-04 17:03:31"
25158741076,2025-07-04,CUSTOMER,FULL,1980-01-01,45,NULL,0,300000,36,3,0,0,7109,"2025-07-04 17:03:17"
8800224005,2025-06-25,CUSTOMER,FULL,1993-01-01,32,NULL,-1,169000,24,2,0,0,1307,"2025-07-04 17:03:15"
8800205973,2025-07-04,CUSTOMER,FULL,2001-06-15,24,NULL,0,430000,48,4,0,0,4445,"2025-07-04 17:03:12"
25157492262,2025-06-12,CUSTOMER,FULL,1986-11-15,38,NULL,-1,688000,60,5,0,0,13915,"2025-07-04 17:03:08"
25158740028,2025-07-04,CUSTOMER,FULL,1986-01-01,39,1996-02-03,29,370000,48,4,0,0,6672,"2025-07-04 17:02:17"
25158663385,2025-07-04,CUSTOMER,FULL,1987-10-02,37,1957-06-01,68,800000,60,5,0,0,13811,"2025-07-04 17:01:05"
25158740861,2025-07-04,CUSTOMER,FULL,1992-02-17,33,1987-01-01,38,990000,60,5,0,0,14989,"2025-07-04 17:01:05"
8800366026,2025-07-02,CUSTOMER,FULL,1988-01-01,37,NULL,-1,840000,48,4,0,0,13263,"2025-07-04 17:00:58"
25158739921,2025-07-04,CUSTOMER,FULL,1976-04-01,49,NULL,0,620000,60,5,0,0,32388,"2025-07-04 17:00:51"
8800217983,2025-06-17,CUSTOMER,FULL,1994-02-28,31,NULL,-1,230000,24,2,0,0,1724,"2025-07-04 17:00:41"
25157955751,2025-07-01,CUSTOMER,FULL,1992-01-24,33,NULL,-1,250000,60,5,0,0,3644,"2025-07-04 16:59:44"
25158663540,2025-07-04,CUSTOMER,FULL,1989-01-01,36,NULL,0,324000,36,3,0,0,3900,"2025-07-04 16:59:25"
25157938619,2025-07-01,CUSTOMER,FULL,1984-07-02,40,NULL,-1,750000,24,2,0,0,9116,"2025-07-04 16:59:15"
8800294906,2025-06-18,CUSTOMER,FULL,1983-02-03,42,NULL,-1,343837,60,5,0,0,8233,"2025-07-04 16:58:45"
25158122528,2025-07-02,CUSTOMER,FULL,1996-03-20,29,1970-12-25,54,515000,84,7,0,0,8940,"2025-07-04 16:58:11"
25158718107,2025-07-04,CUSTOMER,FULL,1982-01-01,43,NULL,0,250000,24,2,0,0,3803,"2025-07-04 16:57:58"
25158070767,2025-07-02,CUSTOMER,FULL,1994-12-06,30,NULL,-1,500000,30,3,0,0,4656,"2025-07-04 16:57:54"
25157691088,2025-06-27,CUSTOMER,FULL,2004-01-01,21,NULL,-1,500000,59,5,0,0,5228,"2025-07-04 16:55:49"
25158471785,2025-07-03,CUSTOMER,FULL,1988-12-03,36,NULL,-1,240000,48,4,0,0,3453,"2025-07-04 16:55:39"
25158442231,2025-07-03,CUSTOMER,FULL,1982-01-01,43,1953-01-01,72,710000,60,5,0,0,21163,"2025-07-04 16:55:28"
25157936308,2025-07-03,CUSTOMER,FULL,1982-01-01,43,NULL,-1,385000,60,5,0,0,11476,"2025-07-04 16:55:04"
25157619356,2025-06-21,CUSTOMER,FULL,1986-02-20,39,1980-01-01,45,650000,60,5,0,0,14090,"2025-07-04 16:54:30"
25157932340,2025-07-01,CUSTOMER,FULL,1980-07-20,44,NULL,-1,600000,72,6,0,0,23145,"2025-07-04 16:54:26"
8800014391,2025-07-03,CUSTOMER,FULL,1990-02-01,35,NULL,-1,750000,48,4,0,0,10231,"2025-07-04 16:54:18"
8800243311,2025-07-04,CUSTOMER,FULL,2002-10-02,22,NULL,0,335000,36,3,0,0,2681,"2025-07-04 16:53:58"
25157808375,2025-06-29,CUSTOMER,FULL,2002-10-24,22,2007-07-04,17,900000,48,4,0,0,8358,"2025-07-04 16:53:18"
25158002608,2025-07-01,CUSTOMER,FULL,1992-03-29,33,NULL,-1,785000,60,5,0,0,10227,"2025-07-04 16:52:46"
8800110375,2025-07-04,CUSTOMER,FULL,1973-04-10,52,NULL,0,400000,48,4,0,0,22033,"2025-07-04 16:52:10"
25158135645,2025-07-02,CUSTOMER,FULL,1995-03-18,30,1985-12-11,39,900000,60,5,0,0,12139,"2025-07-04 16:51:50"
8800227971,2025-07-04,CUSTOMER,FULL,1991-11-21,33,NULL,0,400000,36,3,0,0,4135,"2025-07-04 16:51:43"
25158738906,2025-07-04,CUSTOMER,FULL,2000-03-17,25,NULL,0,534000,60,5,0,0,5785,"2025-07-04 16:51:33"
8800376376,2025-07-04,CUSTOMER,FULL,1990-05-28,35,NULL,0,250000,12,1,0,0,2137,"2025-07-04 16:51:29"
8800128505,2025-06-27,CUSTOMER,FULL,1980-04-01,45,NULL,-1,455000,60,5,0,0,16016,"2025-07-04 16:51:25"
25158364384,2025-07-03,CUSTOMER,"PARTIAL FINANCE AMOUNT",1978-08-10,46,1979-01-01,46,503000,60,5,377250,0,14383,"2025-07-04 16:51:07"
25158740256,2025-07-04,CUSTOMER,FULL,1987-01-01,38,1985-01-01,40,485150,60,5,0,0,9813,"2025-07-04 16:50:29"
8800215163,2025-07-04,CUSTOMER,FULL,1985-01-01,40,NULL,0,180000,24,2,0,0,2173,"2025-07-04 16:49:13"
25158044022,2025-07-02,CUSTOMER,FULL,1992-01-01,33,NULL,-1,450000,36,3,0,0,4652,"2025-07-04 16:49:03"
25158735789,2025-07-04,CUSTOMER,FULL,1993-07-08,31,NULL,0,640000,48,4,0,0,7507,"2025-07-04 16:48:34"
25158148085,2025-07-02,CUSTOMER,FULL,1996-02-25,29,1975-10-01,49,690000,71,6,0,0,10496,"2025-07-04 16:48:10"
25158035607,2025-07-02,CUSTOMER,FULL,1987-03-08,38,NULL,-1,620000,36,3,0,0,8114,"2025-07-04 16:47:51"
25158291530,2025-07-03,CUSTOMER,FULL,1998-09-09,26,NULL,-1,500000,36,3,0,0,4402,"2025-07-04 16:47:25"
25158740310,2025-07-04,CUSTOMER,FULL,1988-09-26,36,NULL,0,580000,60,5,0,0,10321,"2025-07-04 16:47:25"
25158740188,2025-07-04,CUSTOMER,FULL,1997-06-22,28,1997-01-01,28,400000,36,3,0,0,3578,"2025-07-04 16:47:20"
25158041839,2025-07-02,CUSTOMER,FULL,2000-02-28,25,1973-01-01,52,260000,35,3,0,0,2295,"2025-07-04 16:47:19"
25158477280,2025-07-03,CUSTOMER,FULL,1992-05-30,33,1967-01-01,58,575000,84,7,0,0,11684,"2025-07-04 16:46:37"
25158739902,2025-07-04,CUSTOMER,FULL,1965-01-01,60,1991-07-26,33,400000,24,2,0,0,27414,"2025-07-04 16:46:31"
25157929673,2025-06-30,CUSTOMER,FULL,1984-01-01,41,NULL,-1,320000,42,4,0,0,6023,"2025-07-04 16:46:10"
25158039141,2025-07-03,CUSTOMER,FULL,1995-01-01,30,1959-01-01,66,800000,60,5,0,0,10790,"2025-07-04 16:46:09"
25158695271,2025-07-04,CUSTOMER,FULL,2001-01-01,24,NULL,0,530000,60,5,0,0,5704,"2025-07-04 16:45:47"
8800329564,2025-07-04,CUSTOMER,FULL,1986-02-08,39,1952-06-01,73,670000,72,6,0,0,17109,"2025-07-04 16:45:36"
8800374807,2025-07-04,CUSTOMER,FULL,1970-04-01,55,NULL,0,655000,60,5,0,0,58161,"2025-07-04 16:45:08"
8800222517,2025-07-04,CUSTOMER,FULL,1981-01-01,44,1981-01-01,44,560000,60,5,0,0,18291,"2025-07-04 16:45:05"
25157592120,2025-06-19,CUSTOMER,FULL,1982-10-01,42,1983-01-02,42,450000,48,4,0,0,9978,"2025-07-04 16:44:39"
25158737850,2025-07-04,CUSTOMER,FULL,1994-01-01,31,1990-01-01,35,850000,60,5,0,0,10412,"2025-07-04 16:44:18"
8800411301,2025-07-04,CUSTOMER,FULL,1995-01-01,30,1978-01-01,47,1010000,60,5,0,0,12121,"2025-07-04 16:44:13"
25158740945,2025-07-04,CUSTOMER,FULL,1976-01-01,49,NULL,0,710000,72,6,0,0,43373,"2025-07-04 16:44:03"
25158740798,2025-07-04,CUSTOMER,FULL,1984-09-08,40,1983-05-16,42,462000,48,4,0,0,8112,"2025-07-04 16:44:00"
8800360714,2025-07-04,CUSTOMER,FULL,1995-01-30,30,1973-01-01,52,1010000,60,5,0,0,13623,"2025-07-04 16:43:59"
25158739454,2025-07-04,CUSTOMER,FULL,1994-01-01,31,1989-01-01,36,670000,60,5,0,0,9337,"2025-07-04 16:43:50"
25158296812,2025-07-03,CUSTOMER,FULL,1984-05-10,41,NULL,-1,635000,48,4,0,0,13263,"2025-07-04 16:43:46"
8800142669,2025-07-02,CUSTOMER,FULL,1997-05-10,28,1976-01-01,49,1000000,60,5,0,0,12851,"2025-07-04 16:43:39"
25157922836,2025-06-30,CUSTOMER,FULL,1992-06-05,33,1963-01-01,62,989992,60,5,0,0,14988,"2025-07-04 16:43:37"
25158088170,2025-07-04,CUSTOMER,FULL,1996-04-24,29,NULL,0,750000,60,5,0,0,9842,"2025-07-04 16:43:16"
25158739920,2025-07-04,CUSTOMER,FULL,1998-08-20,26,NULL,0,660000,48,4,0,0,7033,"2025-07-04 16:43:13"
25158740331,2025-07-04,CUSTOMER,FULL,1987-01-01,38,NULL,0,331000,42,4,0,0,5160,"2025-07-04 16:43:11"
25158695299,2025-07-04,CUSTOMER,FULL,2003-01-03,22,1983-01-01,42,950000,60,5,0,0,10067,"2025-07-04 16:42:15"
25158431688,2025-07-03,CUSTOMER,FULL,1996-06-27,29,1966-01-01,59,750000,60,5,0,0,9842,"2025-07-04 16:42:03"
25157996378,2025-07-01,CUSTOMER,FULL,1986-02-01,39,1989-01-01,36,331000,48,4,0,0,5465,"2025-07-04 16:42:02"
25157676619,2025-06-26,CUSTOMER,FULL,1997-05-25,28,NULL,-1,750000,47,4,0,0,7603,"2025-07-04 16:41:30"
25157591922,2025-06-19,CUSTOMER,FULL,1989-10-14,35,NULL,-1,310000,48,4,0,0,3750,"2025-07-04 16:41:09"
8800272523,2025-07-03,CUSTOMER,FULL,2002-10-20,22,1979-05-01,46,985000,60,5,0,0,10438,"2025-07-04 16:41:08"
25158419045,2025-07-03,CUSTOMER,FULL,1974-10-22,50,NULL,-1,700000,72,6,0,0,47074,"2025-07-04 16:41:07"
25158281077,2025-07-03,CUSTOMER,FULL,1981-01-25,44,1985-08-12,39,1092600,84,7,0,0,45731,"2025-07-04 16:40:51"
25158740680,2025-07-04,CUSTOMER,FULL,1986-08-03,38,1977-01-01,48,315000,47,4,0,0,4911,"2025-07-04 16:40:42"
25158332985,2025-07-03,CUSTOMER,FULL,1999-08-26,25,NULL,-1,120000,24,2,0,0,874,"2025-07-04 16:40:37"
25158739262,2025-07-04,CUSTOMER,FULL,1987-01-01,38,NULL,0,490000,60,5,0,0,9911,"2025-07-04 16:40:04"
8800217583,2025-06-30,CUSTOMER,FULL,1999-04-08,26,NULL,-1,715000,60,5,0,0,8969,"2025-07-04 16:39:42"
25158688137,2025-07-04,CUSTOMER,FULL,1985-06-20,40,NULL,0,508000,12,1,0,0,3351,"2025-07-04 16:39:32"
8800172324,2025-06-27,CUSTOMER,FULL,1992-01-01,33,1963-01-01,62,650000,72,6,0,0,11490,"2025-07-04 16:38:53"
8800306106,2025-06-30,CUSTOMER,FULL,1978-08-20,46,2002-01-11,23,650000,60,5,0,0,25634,"2025-07-04 16:38:06"
25158396341,2025-07-03,CUSTOMER,FULL,2000-11-11,24,NULL,-1,980000,36,3,0,0,8003,"2025-07-04 16:37:58"
25158740752,2025-07-04,CUSTOMER,FULL,1988-01-10,37,NULL,0,400000,48,4,0,0,6103,"2025-07-04 16:37:27"
25158713081,2025-07-04,CUSTOMER,FULL,1990-04-28,35,1982-01-05,43,630000,48,4,0,0,8840,"2025-07-04 16:36:43"
25158041637,2025-07-02,CUSTOMER,FULL,1983-01-01,42,2002-12-17,22,949000,60,5,0,0,22722,"2025-07-04 16:36:35"
25158044780,2025-07-02,CUSTOMER,FULL,2001-06-06,24,NULL,-1,150000,48,4,0,0,1551,"2025-07-04 16:36:28"
8800046132,2025-07-03,CUSTOMER,FULL,1998-04-07,27,NULL,-1,75000,18,2,0,0,552,"2025-07-04 16:36:25"
25158740208,2025-07-04,CUSTOMER,FULL,2004-08-07,20,NULL,0,539000,35,3,0,0,4720,"2025-07-04 16:36:21"
25157986188,2025-07-01,CUSTOMER,FULL,1992-02-04,33,NULL,-1,330000,42,4,0,0,3715,"2025-07-04 16:35:57"
8800151827,2025-07-04,CUSTOMER,FULL,1980-06-03,45,1983-10-10,41,5200000,58,5,0,0,183037,"2025-07-04 16:35:22"
8800289389,2025-06-27,CUSTOMER,FULL,1984-06-11,41,NULL,-1,1040000,72,6,0,0,30963,"2025-07-04 16:34:21"
25157700316,2025-06-28,CUSTOMER,FULL,2000-01-01,25,1998-01-01,27,750000,36,3,0,0,6151,"2025-07-04 16:33:58"
25157362510,2025-06-09,CUSTOMER,FULL,1984-08-12,40,NULL,-1,730000,60,5,0,0,17030,"2025-07-04 16:33:37"
25157680382,2025-06-27,CUSTOMER,FULL,2005-01-01,20,1973-01-01,52,800000,72,6,0,0,10271,"2025-07-04 16:33:26"
25158306066,2025-07-03,CUSTOMER,FULL,1998-05-04,27,NULL,-1,70000,23,2,0,0,488,"2025-07-04 16:33:11"
8800344586,2025-06-30,CUSTOMER,FULL,1992-01-03,33,1994-01-01,31,700000,60,5,0,0,10202,"2025-07-04 16:33:00"
25158658044,2025-07-04,CUSTOMER,FULL,2003-01-07,22,1981-01-01,44,330000,36,3,0,0,2641,"2025-07-04 16:32:50"
25158071323,2025-07-02,CUSTOMER,FULL,1999-10-03,25,NULL,-1,250000,48,4,0,0,2661,"2025-07-04 16:32:19"
25158658673,2025-07-04,CUSTOMER,FULL,1978-07-06,46,NULL,0,955000,60,5,0,0,36411,"2025-07-04 16:32:17"
25158661202,2025-07-04,CUSTOMER,FULL,1979-01-01,46,NULL,0,650000,60,5,0,0,25634,"2025-07-04 16:32:01"
25158404881,2025-07-03,CUSTOMER,FULL,1979-01-15,46,NULL,-1,290000,42,4,0,0,9254,"2025-07-04 16:31:20"
8800377604,2025-06-28,CUSTOMER,FULL,2003-03-24,22,1958-06-01,67,750000,72,6,0,0,10744,"2025-07-04 16:31:07"
25158739596,2025-07-04,CUSTOMER,FULL,1993-06-07,32,NULL,0,705000,60,5,0,0,10216,"2025-07-04 16:30:16"
25158709582,2025-07-04,CUSTOMER,FULL,1982-04-15,43,NULL,0,350000,48,4,0,0,8488,"2025-07-04 16:29:59"
25158332638,2025-07-03,CUSTOMER,FULL,1999-10-20,25,NULL,-1,160000,24,2,0,0,1165,"2025-07-04 16:29:52"
8800271963,2025-07-04,CUSTOMER,FULL,1994-10-05,30,NULL,0,600000,48,4,0,0,6755,"2025-07-04 16:29:45"
25157841171,2025-06-29,CUSTOMER,FULL,2002-04-30,23,NULL,-1,288000,36,3,0,0,2328,"2025-07-04 16:28:45"
8800255164,2025-07-03,CUSTOMER,FULL,1994-06-16,31,1991-10-02,33,422000,42,4,0,0,4950,"2025-07-04 16:28:35"
25158739917,2025-07-04,CUSTOMER,FULL,1993-01-18,32,1964-02-10,61,606000,48,4,0,0,6622,"2025-07-04 16:28:30"
25158659901,2025-07-04,CUSTOMER,FULL,1999-08-19,25,NULL,0,556000,60,5,0,0,6942,"2025-07-04 16:28:12"
25158691676,2025-07-04,CUSTOMER,FULL,1997-01-19,28,1978-07-01,47,1010000,59,5,0,0,11728,"2025-07-04 16:27:53"
8800222619,2025-07-01,CUSTOMER,FULL,1983-06-10,42,NULL,-1,812000,60,5,0,0,22201,"2025-07-04 16:27:34"
25157638628,2025-06-23,CUSTOMER,FULL,1994-01-07,31,1971-01-01,54,785000,72,6,0,0,12228,"2025-07-04 16:27:22"
25157932530,2025-06-30,CUSTOMER,FULL,1988-01-01,37,NULL,-1,720000,48,4,0,0,11368,"2025-07-04 16:26:01"
8800251004,2025-07-04,CUSTOMER,FULL,1994-04-10,31,NULL,0,750000,60,5,0,0,10452,"2025-07-04 16:25:48"
8800335415,2025-07-04,CUSTOMER,FULL,2002-01-01,23,2000-01-01,25,1000000,60,5,0,0,10668,"2025-07-04 16:25:36"
25158740326,2025-07-04,CUSTOMER,FULL,1965-10-10,59,1972-12-01,52,450000,60,5,0,0,52702,"2025-07-04 16:25:27"
8800118763,2025-07-04,CUSTOMER,FULL,1998-08-15,26,NULL,0,909700,48,4,0,0,9082,"2025-07-04 16:25:11"
8800178324,2025-07-04,CUSTOMER,FULL,1990-06-01,35,NULL,0,500000,42,4,0,0,6821,"2025-07-04 16:24:50"
25158702380,2025-07-04,CUSTOMER,FULL,2002-02-07,23,1976-12-10,48,700000,60,5,0,0,8740,"2025-07-04 16:24:27"
25158739725,2025-07-04,CUSTOMER,FULL,2003-10-31,21,NULL,0,590000,60,5,0,0,6169,"2025-07-04 16:24:17"
25158740364,2025-07-04,CUSTOMER,FULL,2003-07-07,21,NULL,0,400000,48,4,0,0,4258,"2025-07-04 16:21:56"
8800253833,2025-07-04,CUSTOMER,FULL,1991-06-14,34,NULL,0,313000,37,4,0,0,4167,"2025-07-04 16:21:51"
25158277216,2025-07-03,CUSTOMER,FULL,1992-07-20,32,1996-09-10,28,500000,45,4,0,0,6083,"2025-07-04 16:21:36"
25158237698,2025-07-02,CUSTOMER,FULL,1987-01-01,38,NULL,-1,270000,29,3,0,0,3645,"2025-07-04 16:20:55"
25158739800,2025-07-04,CUSTOMER,FULL,1986-01-01,39,NULL,0,391000,48,4,0,0,7050,"2025-07-04 16:20:48"
25158131574,2025-07-02,CUSTOMER,FULL,1992-12-23,32,1987-10-02,37,535000,72,6,0,0,9034,"2025-07-04 16:20:46"
25158740500,2025-07-04,CUSTOMER,FULL,1989-01-01,36,NULL,0,520000,48,4,0,0,7321,"2025-07-04 16:20:35"
25158671413,2025-07-04,CUSTOMER,FULL,1989-03-20,36,NULL,0,450000,48,4,0,0,6686,"2025-07-04 16:20:20"
8800353451,2025-06-20,CUSTOMER,FULL,1998-04-07,27,NULL,-1,324000,60,5,0,0,3717,"2025-07-04 16:20:12"
25157824796,2025-06-29,CUSTOMER,FULL,2000-07-05,24,1997-11-13,27,610000,60,5,0,0,7616,"2025-07-04 16:20:07"
25157566911,2025-06-18,CUSTOMER,FULL,1989-06-05,36,1999-09-19,25,2850000,47,4,0,0,40995,"2025-07-04 16:19:08"
25157683390,2025-06-27,CUSTOMER,FULL,1992-07-12,32,NULL,-1,220000,48,4,0,0,2633,"2025-07-04 16:18:40"
25158662744,2025-07-04,CUSTOMER,FULL,1992-01-01,33,1981-05-10,44,280000,48,4,0,0,3153,"2025-07-04 16:18:29"
8800380679,2025-06-30,CUSTOMER,FULL,1983-08-31,41,1972-10-18,52,550000,60,5,0,0,13857,"2025-07-04 16:18:26"
8800222396,2025-07-03,CUSTOMER,FULL,2003-03-18,22,NULL,-1,290000,36,3,0,0,2553,"2025-07-04 16:18:07"
25158558138,2025-07-03,CUSTOMER,FULL,2004-06-04,21,1979-08-12,45,650000,60,5,0,0,6796,"2025-07-04 16:18:07"
8800345794,2025-07-03,CUSTOMER,FULL,1989-04-21,36,2001-02-09,24,127000,12,1,0,0,1139,"2025-07-04 16:17:58"
8800348256,2025-06-26,CUSTOMER,FULL,1991-06-01,34,1959-01-01,66,400000,30,3,0,0,4333,"2025-07-04 16:17:50"
25158661510,2025-07-04,CUSTOMER,FULL,1998-01-29,27,NULL,0,675000,60,5,0,0,8547,"2025-07-04 16:17:27"
8800387854,2025-07-04,CUSTOMER,FULL,1995-12-30,29,NULL,0,500000,36,3,0,0,4638,"2025-07-04 16:17:13"
25155469033,2025-07-04,CUSTOMER,FULL,1994-02-05,31,NULL,0,400000,30,3,0,0,3833,"2025-07-04 16:16:53"
8800389177,2025-07-04,CUSTOMER,FULL,1986-05-11,39,1974-06-20,51,280000,36,3,0,0,4078,"2025-07-04 16:16:28"
25158740182,2025-07-04,CUSTOMER,FULL,1997-01-07,28,NULL,0,400000,42,4,0,0,4352,"2025-07-04 16:16:23"
25158329249,2025-07-03,CUSTOMER,FULL,1985-07-15,39,1988-05-20,37,328000,30,3,0,0,4537,"2025-07-04 16:16:17"
8800276966,2025-07-04,CUSTOMER,FULL,1987-01-01,38,NULL,0,475000,60,5,0,0,9607,"2025-07-04 16:15:21"
25157924786,2025-06-30,CUSTOMER,FULL,1994-01-01,31,NULL,-1,750000,48,4,0,0,8682,"2025-07-04 16:14:59"
8800209655,2025-06-25,CUSTOMER,FULL,1998-06-25,27,1969-01-01,56,300000,36,3,0,0,2702,"2025-07-04 16:14:18"
25157922435,2025-06-30,CUSTOMER,FULL,1996-04-16,29,NULL,-1,978000,60,5,0,0,11529,"2025-07-04 16:14:16"
25158732259,2025-07-04,CUSTOMER,FULL,1983-04-10,42,1983-10-14,41,581000,48,4,0,0,13143,"2025-07-04 16:14:04"
8800412730,2025-07-04,CUSTOMER,FULL,2005-01-01,20,1978-01-01,47,554000,48,4,0,0,5001,"2025-07-04 16:13:44"
8800030468,2025-07-04,CUSTOMER,FULL,1998-08-17,26,NULL,0,560000,59,5,0,0,7025,"2025-07-04 16:13:24"
25158275211,2025-07-03,CUSTOMER,FULL,2001-01-17,24,1981-01-01,44,380000,47,4,0,0,3928,"2025-07-04 16:13:19"
25158740435,2025-07-04,CUSTOMER,FULL,2002-02-01,23,2001-07-10,23,900000,48,4,0,0,9208,"2025-07-04 16:13:00"
25158739973,2025-07-04,CUSTOMER,FULL,2003-07-11,21,1976-01-01,49,250000,36,3,0,0,2201,"2025-07-04 16:12:34"
8800163695,2025-06-23,CUSTOMER,FULL,1991-10-26,33,NULL,-1,482500,42,4,0,0,6127,"2025-07-04 16:12:29"
25157960400,2025-07-01,CUSTOMER,FULL,1993-05-01,32,1998-01-05,27,460000,36,3,0,0,4294,"2025-07-04 16:12:22"
25158739450,2025-07-04,CUSTOMER,FULL,2003-01-10,22,NULL,0,500000,59,5,0,0,6243,"2025-07-04 16:12:06"
8800352710,2025-06-28,CUSTOMER,FULL,1996-03-10,29,NULL,-1,320000,60,5,0,0,3773,"2025-07-04 16:11:37"
25158732217,2025-07-04,CUSTOMER,FULL,1991-07-10,33,NULL,0,950000,48,4,0,0,10695,"2025-07-04 16:11:11"
25158739474,2025-07-04,CUSTOMER,FULL,2003-05-14,22,1978-01-01,47,950000,60,5,0,0,10067,"2025-07-04 16:10:25"
25158739969,2025-07-04,CUSTOMER,FULL,1993-11-10,31,1999-09-08,25,635000,48,4,0,0,7449,"2025-07-04 16:09:49"
25157656164,2025-06-24,CUSTOMER,FULL,2002-08-09,22,1984-06-16,41,400000,36,3,0,0,3441,"2025-07-04 16:09:06"
8800296067,2025-07-02,CUSTOMER,FULL,1997-01-01,28,1985-01-01,40,733000,72,6,0,0,10899,"2025-07-04 16:08:56"
8800250506,2025-06-29,CUSTOMER,FULL,1993-03-12,32,NULL,-1,800000,72,6,0,0,13509,"2025-07-04 16:08:25"
25158365877,2025-07-03,CUSTOMER,FULL,1991-08-24,33,NULL,-1,200000,24,2,0,0,1580,"2025-07-04 16:08:17"
25158344600,2025-07-03,CUSTOMER,FULL,1984-01-01,41,1965-01-01,60,166000,24,2,0,0,2153,"2025-07-04 16:07:50"
25157691561,2025-06-27,CUSTOMER,FULL,1991-04-14,34,NULL,-1,400000,42,4,0,0,5325,"2025-07-04 16:07:20"
25158320589,2025-07-03,CUSTOMER,FULL,1993-01-27,32,NULL,-1,275000,36,3,0,0,2567,"2025-07-04 16:07:19"
8800187903,2025-07-04,CUSTOMER,FULL,1990-01-01,35,NULL,0,450000,42,4,0,0,6314,"2025-07-04 16:07:06"
25158738943,2025-07-04,CUSTOMER,FULL,1990-07-10,34,NULL,0,325000,42,4,0,0,3782,"2025-07-04 16:07:04"
25158666332,2025-07-04,CUSTOMER,FULL,1989-01-01,36,NULL,0,385000,33,3,0,0,4634,"2025-07-04 16:06:16"
8800198999,2025-07-02,CUSTOMER,FULL,1976-11-28,48,2003-04-07,22,250000,24,2,0,0,4937,"2025-07-04 16:05:57"
25157929421,2025-06-30,CUSTOMER,FULL,1992-07-15,32,1994-12-31,30,808000,60,5,0,0,10183,"2025-07-04 16:05:26"
8800217039,2025-07-04,CUSTOMER,FULL,2001-04-27,24,1980-01-01,45,295000,36,3,0,0,2409,"2025-07-04 16:05:05"
8800166639,2025-07-04,CUSTOMER,FULL,1994-10-27,30,NULL,0,1247000,60,5,0,0,16819,"2025-07-04 16:04:53"
25158039104,2025-07-02,CUSTOMER,FULL,1989-07-15,35,1992-03-05,33,945000,60,5,0,0,13292,"2025-07-04 16:04:52"
25158739982,2025-07-04,CUSTOMER,FULL,1995-03-05,30,1972-12-07,52,750000,47,4,0,0,8443,"2025-07-04 16:03:48"
8800331068,2025-07-04,CUSTOMER,FULL,1970-06-15,55,1975-01-01,50,880000,48,4,0,0,65845,"2025-07-04 16:03:01"
25158072306,2025-07-02,CUSTOMER,FULL,2005-04-10,20,1975-11-10,49,800000,60,5,0,0,8232,"2025-07-04 16:02:42"
25157633615,2025-06-24,CUSTOMER,FULL,1978-02-06,47,1983-10-20,41,577000,47,4,0,0,20971,"2025-07-04 16:02:18"
25158740204,2025-07-04,CUSTOMER,FULL,1987-11-11,37,1984-07-20,40,330000,47,4,0,0,4880,"2025-07-04 16:02:03"
25158276684,2025-07-03,CO-APPLICANT,FULL,2000-01-01,25,1991-09-19,33,760000,59,5,0,0,11076,"2025-07-04 16:01:51"
25158740126,2025-07-04,CUSTOMER,FULL,1986-01-01,39,NULL,0,793000,72,6,0,0,19483,"2025-07-04 16:01:13"
25158522295,2025-07-03,CUSTOMER,FULL,1988-10-10,36,1988-07-18,36,610000,72,6,0,0,12734,"2025-07-04 16:00:06"
25158673529,2025-07-04,CUSTOMER,FULL,1992-08-04,32,NULL,0,365000,24,2,0,0,2830,"2025-07-04 15:59:54"
8800385752,2025-07-02,CUSTOMER,FULL,2000-03-31,25,1975-06-15,50,300000,30,3,0,0,2648,"2025-07-04 15:59:29"
8800006338,2025-07-01,CUSTOMER,FULL,1971-07-01,54,NULL,-1,220000,24,2,0,0,9891,"2025-07-04 15:59:12"
8800395226,2025-07-03,CUSTOMER,FULL,1997-06-05,28,2001-07-04,23,450000,24,2,0,0,3314,"2025-07-04 15:58:45"
8800257923,2025-07-04,CUSTOMER,FULL,1995-10-05,29,NULL,0,260000,24,2,0,0,1916,"2025-07-04 15:58:41"
25157930750,2025-06-30,CUSTOMER,"PARTIAL FINANCE AMOUNT",1976-01-01,49,NULL,-1,903300,36,3,677475,0,24383,"2025-07-04 15:57:37"
8800349510,2025-07-04,CUSTOMER,FULL,1995-10-25,29,NULL,0,250000,24,2,0,0,1785,"2025-07-04 15:57:31"
25158734333,2025-07-04,CUSTOMER,FULL,1992-02-20,33,1976-01-01,49,1025000,60,5,0,0,13353,"2025-07-04 15:57:30"
25157935938,2025-07-01,CUSTOMER,FULL,1984-08-07,40,NULL,-1,200000,48,4,0,0,3765,"2025-07-04 15:56:34"
25157640691,2025-06-23,CUSTOMER,FULL,1987-03-20,38,1979-07-15,45,324800,42,4,0,0,5063,"2025-07-04 15:55:05"
25157660978,2025-06-25,CUSTOMER,FULL,1990-05-15,35,NULL,-1,170000,24,2,0,0,1453,"2025-07-04 15:55:02"
25158696784,2025-07-04,CUSTOMER,FULL,1980-04-18,45,NULL,0,500000,60,5,0,0,17990,"2025-07-04 15:54:52"
25157676833,2025-06-26,CUSTOMER,FULL,1986-02-01,39,1996-01-01,29,370000,48,4,0,0,6467,"2025-07-04 15:54:43"
25158740015,2025-07-04,CUSTOMER,FULL,1986-01-01,39,1985-08-15,39,330000,35,3,0,0,4763,"2025-07-04 15:54:15"
25158739650,2025-07-04,CUSTOMER,FULL,1992-07-11,32,NULL,0,680000,30,3,0,0,6749,"2025-07-04 15:54:09"
25158739779,2025-07-04,CO-APPLICANT,FULL,1985-10-10,39,1993-08-27,31,780000,60,5,0,0,10870,"2025-07-04 15:53:46"
25157609325,2025-06-20,CUSTOMER,FULL,2003-05-10,22,1974-01-01,51,205000,36,3,0,0,1641,"2025-07-04 15:53:20"
25158661345,2025-07-04,CUSTOMER,FULL,1996-06-09,29,1962-01-02,63,680000,18,2,0,0,4855,"2025-07-04 15:53:16"
25158071211,2025-07-02,CUSTOMER,FULL,1987-01-01,38,1995-01-01,30,900000,59,5,0,0,18203,"2025-07-04 15:53:11"
8800252261,2025-07-02,CUSTOMER,FULL,1988-02-17,37,1988-11-23,36,410000,60,5,0,0,7407,"2025-07-04 15:53:03"
8800244447,2025-07-04,CUSTOMER,FULL,1993-07-10,31,NULL,0,297000,36,3,0,0,2888,"2025-07-04 15:52:48"
25157691909,2025-06-27,CUSTOMER,FULL,1997-11-06,27,1966-01-01,59,620000,48,4,0,0,6658,"2025-07-04 15:52:33"
25157955371,2025-07-01,CUSTOMER,FULL,1999-12-31,25,1968-03-19,57,635000,60,5,0,0,7928,"2025-07-04 15:51:23"
25157891555,2025-07-04,CUSTOMER,FULL,1982-09-20,42,NULL,0,400000,30,3,0,0,7274,"2025-07-04 15:50:48"
25158129305,2025-07-02,CUSTOMER,FULL,1986-03-20,39,NULL,-1,220000,36,3,0,0,3204,"2025-07-04 15:50:36"
25158663213,2025-07-04,CUSTOMER,FULL,1968-01-01,57,NULL,0,270000,36,3,0,0,19212,"2025-07-04 15:50:36"
25158702416,2025-07-04,CUSTOMER,FULL,1985-06-16,40,1980-01-01,45,200000,23,2,0,0,2254,"2025-07-04 15:50:20"
8800251454,2025-07-03,CUSTOMER,FULL,1976-04-22,49,NULL,-1,489000,60,5,0,0,25545,"2025-07-04 15:50:13"
25158739901,2025-07-04,CUSTOMER,FULL,2005-02-13,20,1979-01-01,46,336500,42,4,0,0,3038,"2025-07-04 15:50:11"
25158740084,2025-07-04,CUSTOMER,FULL,1984-09-24,40,NULL,0,470000,60,5,0,0,10516,"2025-07-04 15:50:05"
25157955561,2025-07-01,CUSTOMER,FULL,1993-06-25,32,NULL,-1,160000,36,3,0,0,1605,"2025-07-04 15:49:46"
25157822533,2025-06-29,CUSTOMER,FULL,1999-07-25,25,NULL,-1,750000,60,5,0,0,8125,"2025-07-04 15:49:31"
25158684491,2025-07-04,CUSTOMER,FULL,2000-10-23,24,NULL,0,909000,60,5,0,0,9783,"2025-07-04 15:49:29"
8800273680,2025-07-03,CUSTOMER,FULL,1972-05-28,53,1982-01-18,43,170000,36,3,0,0,8634,"2025-07-04 15:49:11"
25158067115,2025-07-02,CUSTOMER,FULL,1985-05-03,40,NULL,-1,310000,36,3,0,0,4544,"2025-07-04 15:48:42"
25157722097,2025-06-28,CUSTOMER,FULL,1995-02-02,30,NULL,-1,130000,24,2,0,0,967,"2025-07-04 15:48:11"
25158429676,2025-07-03,CUSTOMER,FULL,1996-08-07,28,1975-01-06,50,580000,72,6,0,0,8624,"2025-07-04 15:48:08"
25158433181,2025-07-03,CUSTOMER,"PARTIAL FINANCE AMOUNT",1968-01-01,57,NULL,-1,300000,33,3,225000,0,16010,"2025-07-04 15:48:06"
25158240943,2025-07-02,CUSTOMER,FULL,1996-04-15,29,NULL,-1,740000,59,5,0,0,9466,"2025-07-04 15:47:44"
25157929861,2025-06-30,CUSTOMER,FULL,1988-01-01,37,NULL,-1,900000,60,5,0,0,15538,"2025-07-04 15:47:40"
25158738897,2025-07-04,CUSTOMER,FULL,1981-01-01,44,NULL,0,180000,30,3,0,0,3885,"2025-07-04 15:47:08"
25158449277,2025-07-03,CUSTOMER,FULL,1995-08-17,29,NULL,-1,800000,48,4,0,0,8865,"2025-07-04 15:46:52"
25157691316,2025-06-27,CUSTOMER,FULL,1972-07-17,52,1980-03-04,45,660000,48,4,0,0,38403,"2025-07-04 15:46:33"
25158739179,2025-07-04,CUSTOMER,FULL,2000-09-06,24,1972-05-17,53,1250000,72,6,0,0,16712,"2025-07-04 15:46:18"
8800035489,2025-07-03,CUSTOMER,FULL,1991-08-06,33,NULL,-1,660000,48,4,0,0,8380,"2025-07-04 15:46:10"
25157932382,2025-06-30,CUSTOMER,FULL,1980-06-30,45,NULL,-1,329000,36,3,0,0,6992,"2025-07-04 15:45:40"
8800028167,2025-07-03,CUSTOMER,FULL,1971-06-04,54,NULL,-1,580000,48,4,0,0,40093,"2025-07-04 15:45:29"
25158738991,2025-07-04,CUSTOMER,FULL,1994-12-13,30,NULL,0,740000,60,5,0,0,9981,"2025-07-04 15:44:55"
25158357277,2025-07-03,CUSTOMER,FULL,1988-01-25,37,NULL,-1,280000,48,4,0,0,4140,"2025-07-04 15:44:36"
25158739115,2025-07-04,CUSTOMER,FULL,1983-01-03,42,NULL,0,800000,60,5,0,0,21873,"2025-07-04 15:44:21"
25158314845,2025-07-03,CUSTOMER,FULL,1991-02-02,34,1966-01-01,59,1000000,84,7,0,0,19459,"2025-07-04 15:44:17"
8800225953,2025-07-04,CUSTOMER,FULL,1988-04-18,37,NULL,0,200000,24,2,0,0,1983,"2025-07-04 15:43:41"
25158739458,2025-07-04,CUSTOMER,FULL,1989-11-03,35,NULL,0,250000,36,3,0,0,2838,"2025-07-04 15:43:38"
25158739349,2025-07-04,CUSTOMER,FULL,1981-07-23,43,NULL,0,320000,48,4,0,0,6990,"2025-07-04 15:43:36"
25157680396,2025-06-27,CUSTOMER,FULL,1992-01-11,33,1967-01-02,58,980000,71,6,0,0,16271,"2025-07-04 15:43:19"
8800223463,2025-07-03,CUSTOMER,FULL,2000-10-21,24,NULL,-1,550000,48,4,0,0,5854,"2025-07-04 15:42:52"
8800228283,2025-07-04,CUSTOMER,FULL,1978-08-15,46,NULL,0,430000,18,2,0,0,7129,"2025-07-04 15:42:37"
8800096027,2025-06-30,CUSTOMER,FULL,1992-12-05,32,NULL,-1,200000,24,2,0,0,1533,"2025-07-04 15:42:26"
8800180952,2025-07-04,CUSTOMER,FULL,1990-06-10,35,NULL,0,1010000,72,6,0,0,18187,"2025-07-04 15:42:17"
25158739823,2025-07-04,CUSTOMER,FULL,1986-01-01,39,NULL,0,1600000,60,5,0,0,31039,"2025-07-04 15:41:43"
25158739774,2025-07-04,CUSTOMER,FULL,1991-04-01,34,NULL,0,785000,84,7,0,0,16813,"2025-07-04 15:41:28"
25158739622,2025-07-04,CUSTOMER,FULL,1992-02-12,33,1969-02-10,56,257000,36,3,0,0,2657,"2025-07-04 15:41:23"
8800220321,2025-07-04,CUSTOMER,FULL,1984-03-06,41,NULL,0,200000,42,4,0,0,4074,"2025-07-04 15:41:23"
25158360816,2025-07-03,CUSTOMER,FULL,1996-09-15,28,NULL,-1,625000,60,5,0,0,8032,"2025-07-04 15:41:06"
25158421166,2025-07-03,CUSTOMER,FULL,1999-06-01,26,NULL,-1,290000,36,3,0,0,2492,"2025-07-04 15:41:01"
25157683509,2025-06-27,CUSTOMER,FULL,1997-10-25,27,1967-06-28,57,615000,72,6,0,0,8992,"2025-07-04 15:41:00"
25158739153,2025-07-04,CUSTOMER,FULL,1992-03-28,33,1994-06-01,31,1015723,60,5,0,0,13233,"2025-07-04 15:40:35"
8800377005,2025-06-29,CUSTOMER,FULL,2003-10-09,21,1978-10-27,46,820000,71,6,0,0,11747,"2025-07-04 15:40:24"
8800369724,2025-07-04,CUSTOMER,FULL,2000-09-03,24,NULL,0,338837,60,5,0,0,3647,"2025-07-04 15:40:12"
25158728732,2025-07-04,CUSTOMER,FULL,1982-04-28,43,NULL,0,506000,60,5,0,0,15083,"2025-07-04 15:40:03"
25158739711,2025-07-04,CUSTOMER,FULL,1992-08-04,32,NULL,0,159000,24,2,0,0,1219,"2025-07-04 15:39:42"
25158666327,2025-07-04,CUSTOMER,FULL,2000-03-27,25,1978-03-01,47,740000,48,4,0,0,7877,"2025-07-04 15:39:13"
25158739613,2025-07-04,CUSTOMER,FULL,1992-06-29,33,NULL,0,226000,36,3,0,0,2350,"2025-07-04 15:39:05"
25158739311,2025-07-04,CUSTOMER,FULL,1995-06-02,30,NULL,0,881000,60,5,0,0,10573,"2025-07-04 15:38:04"
25158739754,2025-07-04,CUSTOMER,FULL,1991-10-26,33,NULL,0,485000,60,5,0,0,7343,"2025-07-04 15:37:56"
25158739755,2025-07-04,CUSTOMER,FULL,1993-05-07,32,1994-01-01,31,600000,59,5,0,0,8695,"2025-07-04 15:37:49"
25157942300,2025-07-01,CUSTOMER,FULL,1984-01-01,41,2004-03-20,21,337500,36,3,0,0,5273,"2025-07-04 15:37:25"
25158351675,2025-07-03,CO-APPLICANT,FULL,1975-01-01,50,2003-03-26,22,320000,36,3,0,0,2817,"2025-07-04 15:37:10"
8800126662,2025-07-03,CUSTOMER,FULL,1975-05-10,50,NULL,-1,400000,23,2,0,0,12282,"2025-07-04 15:36:26"
25158739750,2025-07-04,CUSTOMER,FULL,2001-07-15,23,NULL,0,250000,24,2,0,0,1685,"2025-07-04 15:36:21"
25158739796,2025-07-04,CUSTOMER,FULL,2003-01-01,22,NULL,0,460000,36,3,0,0,4050,"2025-07-04 15:36:18"
8800191495,2025-07-04,CUSTOMER,FULL,1982-04-01,43,1975-05-08,50,930000,36,3,0,0,18459,"2025-07-04 15:36:14"
25157686174,2025-06-27,CUSTOMER,FULL,1981-08-05,43,1984-01-01,41,990000,48,4,0,0,21624,"2025-07-04 15:36:11"
8800373829,2025-06-28,CUSTOMER,FULL,1995-09-16,29,1967-02-09,58,610000,60,5,0,0,8005,"2025-07-04 15:35:49"
25158667814,2025-07-04,CUSTOMER,FULL,1997-08-26,27,NULL,0,530000,36,3,0,0,4685,"2025-07-04 15:35:44"
25158041764,2025-07-02,CUSTOMER,FULL,1999-05-14,26,1975-01-01,50,700000,60,5,0,0,7955,"2025-07-04 15:35:33"
8800001693,2025-06-30,CUSTOMER,FULL,1997-04-15,28,1966-01-01,59,450000,48,4,0,0,4896,"2025-07-04 15:35:31"
8800344455,2025-07-03,CUSTOMER,FULL,1982-04-04,43,NULL,-1,400000,47,4,0,0,9700,"2025-07-04 15:35:11"
25158700332,2025-07-04,CUSTOMER,FULL,1991-08-09,33,1973-01-01,52,980000,72,6,0,0,17323,"2025-07-04 15:35:10"
8800131109,2025-07-04,CUSTOMER,FULL,1982-01-01,43,NULL,0,100000,12,1,0,0,848,"2025-07-04 15:34:58"
8800147309,2025-07-04,CUSTOMER,FULL,1995-10-05,29,NULL,0,300000,30,3,0,0,2730,"2025-07-04 15:34:49"
25158069194,2025-07-02,CO-APPLICANT,FULL,1975-01-01,50,1996-06-30,29,545000,48,4,0,0,6039,"2025-07-04 15:34:47"
25158663890,2025-07-04,CUSTOMER,FULL,1996-01-01,29,NULL,0,987000,48,4,0,0,10145,"2025-07-04 15:34:45"
25158134631,2025-07-02,CUSTOMER,FULL,1995-11-11,29,NULL,-1,505000,48,4,0,0,5191,"2025-07-04 15:34:39"
8800253805,2025-07-04,CUSTOMER,FULL,1993-05-14,32,NULL,0,350000,48,4,0,0,4188,"2025-07-04 15:34:39"
25155090379,2025-07-04,CUSTOMER,FULL,1990-07-02,35,NULL,0,100000,18,2,0,0,855,"2025-07-04 15:34:38"
25158034853,2025-07-02,CUSTOMER,FULL,1992-03-01,33,1974-01-01,51,1400000,47,4,0,0,17413,"2025-07-04 15:34:28"
25158739302,2025-07-04,CUSTOMER,FULL,1982-01-01,43,NULL,0,700000,60,5,0,0,20865,"2025-07-04 15:33:17"
25158739778,2025-07-04,CUSTOMER,FULL,1983-07-30,41,NULL,0,1570000,60,5,0,0,34866,"2025-07-04 15:33:11"
25158663576,2025-07-04,CUSTOMER,FULL,1999-11-12,25,1973-03-02,52,450000,60,5,0,0,5618,"2025-07-04 15:32:58"
8800380763,2025-07-04,CUSTOMER,FULL,2003-11-05,21,1980-12-15,44,730000,60,5,0,0,9114,"2025-07-04 15:32:55"
25158696746,2025-07-04,CUSTOMER,FULL,1989-02-10,36,NULL,0,602000,36,3,0,0,7246,"2025-07-04 15:31:39"
8800378213,2025-07-04,CUSTOMER,FULL,1999-09-04,25,NULL,0,342000,48,4,0,0,3249,"2025-07-04 15:31:20"
8800318332,2025-06-20,CUSTOMER,FULL,1993-07-13,31,NULL,-1,799000,60,5,0,0,9787,"2025-07-04 15:30:53"
8800347322,2025-07-04,CUSTOMER,FULL,1993-03-15,32,NULL,0,740000,60,5,0,0,10723,"2025-07-04 15:30:50"
25158662408,2025-07-04,CUSTOMER,FULL,2002-03-04,23,1968-01-01,57,490000,48,4,0,0,5216,"2025-07-04 15:29:51"
25158677163,2025-07-04,CUSTOMER,FULL,1982-11-01,42,1986-12-10,38,592900,60,5,0,0,16211,"2025-07-04 15:29:29"
25155668137,2025-07-04,CUSTOMER,FULL,1991-11-17,33,NULL,0,409000,48,4,0,0,5087,"2025-07-04 15:29:28"
8800189176,2025-07-03,CUSTOMER,FULL,1996-01-01,29,1975-01-01,50,1850000,45,4,0,0,20368,"2025-07-04 15:29:00"
8800396130,2025-07-04,CUSTOMER,FULL,1995-07-14,29,1974-10-04,50,800000,84,7,0,0,13887,"2025-07-04 15:28:59"
25157671170,2025-06-26,CUSTOMER,FULL,1994-08-08,30,1961-01-02,64,1350000,60,5,0,0,16201,"2025-07-04 15:28:39"
8800385308,2025-07-02,CUSTOMER,FULL,1997-05-18,28,NULL,-1,368000,60,5,0,0,4729,"2025-07-04 15:28:22"
8800352138,2025-07-04,CUSTOMER,FULL,1967-01-01,58,NULL,0,720000,60,5,0,0,78988,"2025-07-04 15:28:07"
25157931100,2025-06-30,CUSTOMER,FULL,1985-01-01,40,1987-01-01,38,600000,60,5,0,0,13998,"2025-07-04 15:25:50"
8800202083,2025-06-28,CUSTOMER,FULL,1976-07-10,48,NULL,-1,756000,60,5,0,0,34827,"2025-07-04 15:25:38"
25157680650,2025-06-27,CUSTOMER,FULL,1982-01-01,43,1984-01-01,41,370000,36,3,0,0,7314,"2025-07-04 15:24:47"
25158450768,2025-07-03,CUSTOMER,FULL,2002-03-20,23,NULL,-1,322000,48,4,0,0,3014,"2025-07-04 15:24:37"
25158703875,2025-07-04,CUSTOMER,FULL,1989-05-07,36,1980-07-10,44,75000,12,1,0,0,673,"2025-07-04 15:24:24"
25157450844,2025-06-24,CO-APPLICANT,FULL,2000-01-01,25,1996-03-29,29,621000,48,4,0,0,6881,"2025-07-04 15:24:21"
8800370679,2025-06-29,CUSTOMER,FULL,1994-03-18,31,NULL,-1,270000,35,3,0,0,2626,"2025-07-04 15:24:19"
8800253002,2025-07-04,CUSTOMER,FULL,1992-04-10,33,NULL,0,330000,36,3,0,0,3431,"2025-07-04 15:24:13"
25157682979,2025-06-27,CUSTOMER,FULL,1994-07-10,30,1971-06-01,54,824000,36,3,0,0,7390,"2025-07-04 15:24:10"
25157811449,2025-06-30,CUSTOMER,FULL,1996-01-01,29,NULL,-1,450000,35,3,0,0,4095,"2025-07-04 15:23:18"
25158738890,2025-07-04,CUSTOMER,FULL,1996-11-20,28,1972-06-01,53,600000,48,4,0,0,6479,"2025-07-04 15:21:48"
8800404286,2025-07-04,CUSTOMER,FULL,1988-01-17,37,NULL,0,608000,48,4,0,0,9600,"2025-07-04 15:21:36"
8800168000,2025-07-04,CUSTOMER,FULL,1981-10-07,43,2001-03-04,24,932000,48,4,0,0,22952,"2025-07-04 15:21:24"
8800185672,2025-06-28,CUSTOMER,FULL,1985-01-01,40,NULL,-1,680000,36,3,0,0,9966,"2025-07-04 15:21:02"
8800209439,2025-07-03,CUSTOMER,FULL,1997-07-08,27,NULL,-1,920000,60,5,0,0,10553,"2025-07-04 15:20:52"
25157824673,2025-06-29,CUSTOMER,FULL,1993-07-14,31,1992-03-08,33,800000,72,6,0,0,12461,"2025-07-04 15:20:37"
8800375936,2025-07-04,CUSTOMER,FULL,1998-11-02,26,NULL,0,331000,60,5,0,0,3762,"2025-07-04 15:20:09"
25157699785,2025-06-28,CUSTOMER,FULL,1982-01-01,43,1948-01-01,77,600000,60,5,0,0,17885,"2025-07-04 15:19:57"
25158739325,2025-07-04,CUSTOMER,FULL,1985-01-01,40,NULL,0,1200000,48,4,0,0,21071,"2025-07-04 15:18:28"
25158739059,2025-07-04,CUSTOMER,FULL,2004-01-01,21,1971-01-01,54,724000,72,6,0,0,9424,"2025-07-04 15:18:15"
25158739249,2025-07-04,CUSTOMER,FULL,1972-06-10,53,NULL,0,1100000,72,6,0,0,92094,"2025-07-04 15:17:35"
8800354503,2025-07-02,CUSTOMER,FULL,1996-02-19,29,NULL,-1,830000,36,3,0,0,7552,"2025-07-04 15:17:33"
25158691739,2025-07-04,CUSTOMER,FULL,1989-12-31,35,NULL,0,250000,36,3,0,0,2838,"2025-07-04 15:17:26"
25158738993,2025-07-04,CUSTOMER,FULL,1989-10-07,35,NULL,0,844000,60,5,0,0,11872,"2025-07-04 15:17:16"
8800396806,2025-07-04,CO-APPLICANT,FULL,1991-01-28,34,1987-10-28,37,338000,48,4,0,0,4998,"2025-07-04 15:17:08"
25157824693,2025-06-29,CUSTOMER,FULL,1982-06-21,43,NULL,-1,1430000,84,7,0,0,58182,"2025-07-04 15:17:03"
25158484229,2025-07-03,CUSTOMER,FULL,1995-07-20,29,1997-10-22,27,750000,60,5,0,0,9842,"2025-07-04 15:16:54"
8800272647,2025-07-04,CUSTOMER,FULL,1981-05-03,44,NULL,0,600000,48,4,0,0,16164,"2025-07-04 15:16:45"
8800337453,2025-06-27,CUSTOMER,FULL,1992-12-09,32,NULL,-1,650000,48,4,0,0,7103,"2025-07-04 15:16:45"
25158662378,2025-07-04,CUSTOMER,FULL,1993-01-01,32,NULL,0,320000,36,3,0,0,3210,"2025-07-04 15:16:30"
25158568439,2025-07-03,CUSTOMER,FULL,1972-11-15,52,NULL,-1,250000,60,5,0,0,16998,"2025-07-04 15:15:58"
8800228881,2025-07-04,CUSTOMER,FULL,1991-12-01,33,NULL,0,300000,48,4,0,0,3732,"2025-07-04 15:15:38"
25158739230,2025-07-04,CUSTOMER,FULL,1978-01-01,47,NULL,0,270000,30,3,0,0,7832,"2025-07-04 15:15:30"
25157944815,2025-07-01,CUSTOMER,FULL,1975-02-15,50,1985-05-19,40,159000,24,2,0,0,4929,"2025-07-04 15:15:18"
25158440186,2025-07-03,CUSTOMER,FULL,2001-03-11,24,1981-08-15,43,985000,59,5,0,0,10601,"2025-07-04 15:15:16"
25157629303,2025-06-23,CUSTOMER,FULL,1995-11-11,29,1993-01-01,32,159000,24,2,0,0,1164,"2025-07-04 15:14:42"
25158666314,2025-07-04,CUSTOMER,FULL,1994-03-09,31,NULL,0,200000,48,4,0,0,2316,"2025-07-04 15:14:37"
8800134716,2025-07-04,CUSTOMER,FULL,1990-08-30,34,NULL,0,100000,23,2,0,0,820,"2025-07-04 15:14:24"
25157666758,2025-07-04,CUSTOMER,FULL,1994-04-10,31,1970-01-01,55,690000,60,5,0,0,9616,"2025-07-04 15:14:18"
25158709559,2025-07-04,CUSTOMER,FULL,1997-11-16,27,NULL,0,315000,36,3,0,0,2785,"2025-07-04 15:14:14"
25157597836,2025-06-20,CUSTOMER,FULL,1997-07-16,27,1967-05-21,58,1450000,84,7,0,0,23373,"2025-07-04 15:13:16"
25158739334,2025-07-04,CUSTOMER,FULL,1993-03-01,32,NULL,0,248000,36,3,0,0,2315,"2025-07-04 15:13:13"
25158739583,2025-07-04,CUSTOMER,FULL,1984-01-01,41,NULL,0,1600000,60,5,0,0,35533,"2025-07-04 15:12:47"
25158714537,2025-07-04,CUSTOMER,FULL,1999-06-06,26,NULL,0,150000,18,2,0,0,1099,"2025-07-04 15:12:18"
8800133210,2025-07-04,CUSTOMER,FULL,1975-02-01,50,NULL,0,340000,36,3,0,0,13320,"2025-07-04 15:12:13"
25158735792,2025-07-04,CUSTOMER,FULL,2001-10-09,23,1975-08-11,49,350000,60,5,0,0,4143,"2025-07-04 15:11:23"
25158738963,2025-07-04,CUSTOMER,FULL,2000-08-08,24,2002-08-08,22,700000,36,3,0,0,6138,"2025-07-04 15:11:11"
8800352707,2025-06-27,CUSTOMER,FULL,1986-04-15,39,NULL,-1,328500,60,5,0,0,6373,"2025-07-04 15:10:57"
25158739312,2025-07-04,CUSTOMER,FULL,1981-03-01,44,NULL,0,500000,48,4,0,0,13470,"2025-07-04 15:10:11"
25157670746,2025-06-26,CUSTOMER,FULL,1976-01-01,49,1971-01-01,54,400000,36,3,0,0,14396,"2025-07-04 15:09:59"
25158358779,2025-07-03,CUSTOMER,FULL,1992-01-01,33,1986-09-12,38,350000,24,2,0,0,2821,"2025-07-04 15:09:27"
25157974255,2025-07-01,CUSTOMER,FULL,1976-01-01,49,NULL,-1,600000,48,4,0,0,25375,"2025-07-04 15:09:20"
25158671490,2025-07-04,CUSTOMER,FULL,1989-05-19,36,1989-11-26,35,379000,84,7,0,0,9133,"2025-07-04 15:09:14"
8800239815,2025-07-01,CUSTOMER,FULL,1991-09-26,33,NULL,-1,250000,36,3,0,0,2585,"2025-07-04 15:09:00"
25158664063,2025-07-04,CUSTOMER,FULL,1987-03-22,38,1978-11-06,46,610000,60,5,0,0,12338,"2025-07-04 15:08:35"
25157920035,2025-06-30,CUSTOMER,FULL,1995-01-01,30,NULL,-1,300000,36,3,0,0,2840,"2025-07-04 15:08:18"
25158132101,2025-07-02,CUSTOMER,FULL,1990-01-10,35,1991-01-12,34,270000,36,3,0,0,3065,"2025-07-04 15:08:18"
25158372955,2025-07-03,CUSTOMER,FULL,1990-01-01,35,NULL,-1,320000,42,4,0,0,3871,"2025-07-04 15:08:15"
25158675045,2025-07-04,CUSTOMER,FULL,1994-10-05,30,NULL,0,130000,18,2,0,0,962,"2025-07-04 15:07:54"
25158339485,2025-07-03,CUSTOMER,FULL,1996-01-15,29,1981-01-01,44,810000,48,4,0,0,8975,"2025-07-04 15:07:08"
25158279710,2025-07-03,CUSTOMER,FULL,1973-01-01,52,1993-06-10,32,700000,54,5,0,0,48462,"2025-07-04 15:07:07"
8800365863,2025-07-03,CUSTOMER,FULL,1973-01-01,52,NULL,-1,333000,36,3,0,0,14932,"2025-07-04 15:07:00"
8800220088,2025-07-03,CUSTOMER,FULL,1991-09-23,33,NULL,-1,750000,60,5,0,0,10930,"2025-07-04 15:06:53"
25158738910,2025-07-04,CUSTOMER,FULL,1987-05-03,38,NULL,0,1000000,72,6,0,0,23069,"2025-07-04 15:06:45"
25157616100,2025-06-21,CUSTOMER,FULL,1997-01-01,28,NULL,-1,214000,24,2,0,0,1546,"2025-07-04 15:06:33"
25158739149,2025-07-04,CUSTOMER,FULL,1985-01-01,40,NULL,0,400000,36,3,0,0,6250,"2025-07-04 15:06:23"
25157649577,2025-06-24,CUSTOMER,FULL,2005-06-28,19,1986-01-01,39,330000,48,4,0,0,2909,"2025-07-04 15:06:12"
25155827810,2025-07-04,CUSTOMER,FULL,1988-07-23,36,NULL,0,300000,48,4,0,0,4316,"2025-07-04 15:05:50"
25157663143,2025-06-25,CUSTOMER,FULL,1996-11-23,28,NULL,-1,900000,54,5,0,0,10451,"2025-07-04 15:05:35"
8800205076,2025-07-04,CUSTOMER,FULL,1989-07-12,35,NULL,0,315000,36,3,0,0,3587,"2025-07-04 15:05:32"
25157795553,2025-06-29,CO-APPLICANT,FULL,2000-01-01,25,1985-12-20,39,6000000,60,5,0,0,124396,"2025-07-04 15:05:27"
8800102447,2025-06-29,CUSTOMER,FULL,1983-04-04,42,1986-08-07,38,207000,36,3,0,0,3765,"2025-07-04 15:05:22"
8800009845,2025-07-04,CUSTOMER,FULL,2002-09-01,22,1975-09-08,49,714000,60,5,0,0,8914,"2025-07-04 15:05:02"
25158677179,2025-07-04,CUSTOMER,FULL,1996-07-03,29,NULL,0,1170000,60,5,0,0,13793,"2025-07-04 15:04:48"
8800002411,2025-07-04,CUSTOMER,FULL,1995-06-05,30,NULL,0,170000,30,3,0,0,1583,"2025-07-04 15:04:20"
25158332759,2025-07-03,CUSTOMER,FULL,1985-08-11,39,NULL,-1,399500,48,4,0,0,7204,"2025-07-04 15:04:18"
8800166640,2025-07-04,CUSTOMER,FULL,1998-07-07,26,NULL,0,400000,60,5,0,0,5018,"2025-07-04 15:04:05"
25158664211,2025-07-04,CUSTOMER,FULL,1988-07-05,36,1950-09-20,74,230000,24,2,0,0,2062,"2025-07-04 15:03:16"
25158738871,2025-07-04,CUSTOMER,FULL,1992-02-22,33,1980-09-25,44,220000,24,2,0,0,1774,"2025-07-04 15:03:09"
8800402426,2025-07-04,CUSTOMER,FULL,1993-06-01,32,1976-01-01,49,820000,72,6,0,0,13847,"2025-07-04 15:02:48"
8800163511,2025-07-01,CUSTOMER,FULL,1992-11-22,32,NULL,-1,450000,48,4,0,0,5385,"2025-07-04 15:01:48"
25158663500,2025-07-04,CUSTOMER,FULL,2000-01-01,25,1984-01-01,41,970000,84,7,0,0,14503,"2025-07-04 15:01:47"
25158274227,2025-07-03,CUSTOMER,FULL,1983-01-01,42,1983-01-01,42,400000,36,3,0,0,7279,"2025-07-04 15:01:31"
25158707456,2025-07-04,CUSTOMER,FULL,1989-07-20,35,NULL,0,331000,42,4,0,0,4004,"2025-07-04 15:01:26"
25157693141,2025-06-27,CUSTOMER,FULL,1994-06-10,31,NULL,-1,523000,48,4,0,0,6135,"2025-07-04 15:01:18"
25158280309,2025-07-03,CUSTOMER,FULL,1997-02-27,28,NULL,-1,190000,47,4,0,0,2052,"2025-07-04 15:01:15"
25158727261,2025-07-04,CUSTOMER,FULL,1987-01-01,38,1969-01-01,56,250000,23,2,0,0,2501,"2025-07-04 15:01:08"
8800337940,2025-07-04,CUSTOMER,FULL,1994-07-20,30,NULL,0,890000,59,5,0,0,12004,"2025-07-04 15:00:00"
25157522370,2025-06-14,CUSTOMER,FULL,2000-01-05,25,1970-01-01,55,1500000,59,5,0,0,18108,"2025-07-04 14:59:33"
25158539525,2025-07-03,CUSTOMER,FULL,1984-01-01,41,1963-05-15,62,400000,54,5,0,0,10078,"2025-07-04 14:58:55"
8800273314,2025-07-04,CUSTOMER,FULL,1987-10-24,37,NULL,0,400000,48,4,0,0,6103,"2025-07-04 14:58:53"
25157928070,2025-06-30,CUSTOMER,FULL,1990-04-02,35,NULL,-1,330000,48,4,0,0,3992,"2025-07-04 14:57:35"
25156458958,2025-05-27,CUSTOMER,FULL,2000-01-01,25,1973-01-01,52,318000,36,3,0,0,2608,"2025-07-04 14:57:27"
25158684478,2025-07-04,CUSTOMER,FULL,1993-02-18,32,NULL,0,500000,36,3,0,0,5015,"2025-07-04 14:56:59"
25158141984,2025-07-03,CUSTOMER,FULL,1982-01-01,43,1992-05-03,33,645000,60,5,0,0,19226,"2025-07-04 14:56:21"
8800293582,2025-07-04,CUSTOMER,FULL,1996-01-01,29,1964-01-01,61,546000,60,5,0,0,7165,"2025-07-04 14:55:54"
8800287540,2025-07-03,CUSTOMER,FULL,1999-09-10,25,1969-01-01,56,600000,60,5,0,0,7491,"2025-07-04 14:55:50"
25157689053,2025-06-27,CUSTOMER,FULL,1985-07-27,39,NULL,-1,1683000,60,5,0,0,32649,"2025-07-04 14:55:42"
25158626886,2025-07-03,CUSTOMER,FULL,1978-03-16,47,NULL,-1,80000,18,2,0,0,1446,"2025-07-04 14:55:12"
8800358706,2025-07-02,CUSTOMER,FULL,1992-05-12,33,1999-09-02,25,125000,24,2,0,0,987,"2025-07-04 14:54:28"
8800136090,2025-06-26,CUSTOMER,FULL,2001-01-01,24,NULL,-1,100000,36,3,0,0,877,"2025-07-04 14:54:05"
25158401349,2025-07-03,CUSTOMER,FULL,1989-06-01,36,1989-04-14,36,700000,84,7,0,0,16867,"2025-07-04 14:54:04"
25158043011,2025-07-02,CUSTOMER,FULL,1989-02-01,36,NULL,-1,330000,48,4,0,0,4646,"2025-07-04 14:53:27"
25157631159,2025-06-23,CUSTOMER,FULL,1988-03-20,37,1993-04-15,32,450000,48,4,0,0,6866,"2025-07-04 14:53:20"
25158714596,2025-07-04,CUSTOMER,FULL,1998-07-13,26,2005-06-07,20,290000,42,4,0,0,2896,"2025-07-04 14:52:51"
25158662462,2025-07-04,CUSTOMER,FULL,1990-03-02,35,1996-05-12,29,1180000,84,7,0,0,24005,"2025-07-04 14:52:48"
25158714591,2025-07-04,CUSTOMER,FULL,1981-08-28,43,NULL,0,1770000,60,5,0,0,45950,"2025-07-04 14:52:12"
25158735769,2025-07-04,CUSTOMER,FULL,1961-12-07,63,1969-06-12,56,4300000,46,4,0,0,558242,"2025-07-04 14:52:12"
8800347404,2025-07-02,CUSTOMER,FULL,1998-07-10,26,1996-07-05,28,800000,48,4,0,0,7987,"2025-07-04 14:52:10"
25158738958,2025-07-04,CUSTOMER,FULL,2005-01-17,20,1986-02-23,39,860000,60,5,0,0,8850,"2025-07-04 14:51:46"
25158714601,2025-07-04,CUSTOMER,FULL,1989-01-01,36,NULL,0,430000,24,2,0,0,4019,"2025-07-04 14:51:33"
25158732216,2025-07-04,CUSTOMER,FULL,1981-07-19,43,NULL,0,405000,48,4,0,0,9974,"2025-07-04 14:51:05"
8800212697,2025-07-04,CUSTOMER,FULL,1986-05-13,39,NULL,0,400000,24,2,0,0,4508,"2025-07-04 14:51:00"
25158738936,2025-07-04,CUSTOMER,FULL,1985-01-01,40,NULL,0,490000,60,5,0,0,11432,"2025-07-04 14:50:30"
8800371132,2025-07-02,CUSTOMER,FULL,1971-04-02,54,1967-01-01,58,1030000,60,5,0,0,79074,"2025-07-04 14:50:21"
25158703939,2025-07-04,CUSTOMER,FULL,1980-02-28,45,NULL,0,1020000,48,4,0,0,26444,"2025-07-04 14:49:35"
25157681961,2025-06-27,CUSTOMER,FULL,1981-01-01,44,NULL,-1,150000,12,1,0,0,1381,"2025-07-04 14:49:33"
8800377876,2025-07-04,CUSTOMER,FULL,1987-06-06,38,NULL,0,120000,36,3,0,0,1620,"2025-07-04 14:49:13"
8800387327,2025-06-30,CUSTOMER,FULL,1995-09-04,29,NULL,-1,320000,12,1,0,0,2358,"2025-07-04 14:49:10"
25158043752,2025-07-04,CUSTOMER,FULL,2001-05-03,24,2003-02-25,22,390000,60,5,0,0,4869,"2025-07-04 14:48:34"
8800199741,2025-06-27,CUSTOMER,FULL,2003-07-20,21,1983-06-01,42,760000,60,5,0,0,7946,"2025-07-04 14:48:28"
25157584777,2025-06-19,CUSTOMER,FULL,1986-01-01,39,1993-01-01,32,300000,36,3,0,0,4149,"2025-07-04 14:47:58"
25157968328,2025-07-02,CO-APPLICANT,FULL,1981-01-01,44,1985-01-01,40,300000,24,2,0,0,3622,"2025-07-04 14:47:57"
8800355606,2025-06-29,CUSTOMER,FULL,1996-07-18,28,1972-06-05,53,760000,60,5,0,0,9767,"2025-07-04 14:47:34"
25158038986,2025-07-02,CUSTOMER,FULL,1982-01-02,43,1987-06-12,38,559000,60,5,0,0,16663,"2025-07-04 14:47:17"
8800123318,2025-07-04,CUSTOMER,FULL,1978-10-21,46,NULL,0,400000,60,5,0,0,15775,"2025-07-04 14:47:06"
8800218681,2025-07-04,CUSTOMER,FULL,1998-09-05,26,1952-07-16,72,410000,24,2,0,0,2855,"2025-07-04 14:47:05"
8800315243,2025-06-30,CUSTOMER,FULL,1983-01-01,42,2006-02-09,19,650000,72,6,0,0,21032,"2025-07-04 14:46:57"
25157663101,2025-06-25,CUSTOMER,FULL,1999-05-27,26,NULL,-1,324000,47,4,0,0,3235,"2025-07-04 14:46:55"
25157977678,2025-07-01,CUSTOMER,FULL,1986-01-01,39,NULL,-1,510000,60,5,0,0,11056,"2025-07-04 14:46:53"
25157928611,2025-06-30,CUSTOMER,FULL,2006-01-01,19,NULL,-1,400000,30,3,0,0,3460,"2025-07-04 14:46:40"
25158428157,2025-07-03,CUSTOMER,FULL,1979-09-24,45,1981-06-23,44,540000,36,3,0,0,12942,"2025-07-04 14:46:31"
8800157056,2025-07-04,CUSTOMER,FULL,1980-01-01,45,NULL,0,550000,48,4,0,0,16290,"2025-07-04 14:46:02"
25158397797,2025-07-04,CUSTOMER,FULL,1990-07-20,34,NULL,0,660000,48,4,0,0,8785,"2025-07-04 14:45:51"
25157669132,2025-06-25,CUSTOMER,FULL,1992-08-02,32,NULL,-1,800000,60,5,0,0,11593,"2025-07-04 14:45:48"
25158738914,2025-07-04,CUSTOMER,FULL,1971-12-04,53,NULL,0,700001,60,5,0,0,49800,"2025-07-04 14:45:39"
25158333129,2025-07-03,CUSTOMER,FULL,1998-01-01,27,NULL,-1,800000,72,6,0,0,11583,"2025-07-04 14:44:57"
25157619007,2025-06-21,CUSTOMER,FULL,1987-07-15,37,1963-07-01,61,750000,60,5,0,0,14205,"2025-07-04 14:44:07"
8800385297,2025-07-04,CUSTOMER,FULL,1989-01-01,36,NULL,0,650000,60,5,0,0,11567,"2025-07-04 14:44:05"
25158725182,2025-07-04,CUSTOMER,FULL,1993-07-10,31,NULL,0,250000,24,2,0,0,1874,"2025-07-04 14:43:41"
25158716662,2025-07-04,CUSTOMER,FULL,1994-03-06,31,NULL,0,985000,36,3,0,0,8997,"2025-07-04 14:43:38"
25158718089,2025-07-04,CUSTOMER,FULL,1973-09-03,51,1970-10-15,54,540000,60,5,0,0,34123,"2025-07-04 14:43:20"
25157491047,2025-06-12,CUSTOMER,FULL,2003-01-01,22,NULL,-1,330000,36,3,0,0,2641,"2025-07-04 14:43:12"
8800184926,2025-07-02,CUSTOMER,FULL,2003-01-01,22,NULL,-1,300000,36,3,0,0,2581,"2025-07-04 14:43:06"
8800398204,2025-07-03,CUSTOMER,FULL,1990-11-08,34,NULL,-1,350000,48,4,0,0,4548,"2025-07-04 14:42:53"
8800151294,2025-07-02,CUSTOMER,FULL,1984-07-26,40,NULL,-1,300000,23,2,0,0,3381,"2025-07-04 14:42:50"
25158705958,2025-07-04,CUSTOMER,FULL,1989-08-20,35,NULL,0,800000,60,5,0,0,13424,"2025-07-04 14:42:47"
25158277409,2025-07-03,CUSTOMER,FULL,1997-05-24,28,1953-01-01,72,250000,23,2,0,0,1759,"2025-07-04 14:42:34"
8800018866,2025-07-01,CUSTOMER,FULL,1971-01-01,54,NULL,-1,320000,36,3,0,0,18156,"2025-07-04 14:42:21"
25158403442,2025-07-03,CUSTOMER,FULL,1990-01-01,35,NULL,-1,710000,48,4,0,0,9962,"2025-07-04 14:42:17"
25158280676,2025-07-03,CUSTOMER,"PARTIAL TENURE",1977-03-13,48,NULL,-1,400000,36,3,0,2,9875,"2025-07-04 14:42:05"
25158680770,2025-07-04,CUSTOMER,FULL,1986-01-01,39,NULL,0,400000,36,3,0,0,5825,"2025-07-04 14:41:42"
25158735793,2025-07-04,CUSTOMER,FULL,1999-01-01,26,2000-01-01,25,970000,84,7,0,0,15464,"2025-07-04 14:40:34"
25158720168,2025-07-04,CUSTOMER,FULL,2004-02-29,21,1965-01-01,60,715000,60,5,0,0,8927,"2025-07-04 14:40:21"
8800359014,2025-06-30,CUSTOMER,FULL,1993-01-05,32,1990-01-01,35,1000000,60,5,0,0,12603,"2025-07-04 14:40:14"
8800369903,2025-07-04,CUSTOMER,FULL,1978-05-10,47,NULL,0,180000,36,3,0,0,5266,"2025-07-04 14:40:03"
25157661189,2025-06-25,CUSTOMER,FULL,1997-06-01,28,1951-01-01,74,210000,36,3,0,0,1909,"2025-07-04 14:40:00"
25158041968,2025-07-02,CUSTOMER,FULL,1991-06-30,34,1973-07-03,51,760600,84,7,0,0,16290,"2025-07-04 14:39:50"
25157969756,2025-07-04,CUSTOMER,FULL,1995-02-15,30,NULL,0,450000,48,4,0,0,5114,"2025-07-04 14:39:41"
25158663875,2025-07-04,CUSTOMER,FULL,2002-03-25,23,NULL,0,775000,60,5,0,0,9676,"2025-07-04 14:39:39"
25158661103,2025-07-04,CUSTOMER,FULL,1984-05-10,41,NULL,0,339000,12,1,0,0,2465,"2025-07-04 14:39:04"
8800303516,2025-07-02,CUSTOMER,FULL,1977-02-11,48,1983-01-01,42,800000,48,4,0,0,30813,"2025-07-04 14:38:55"
25158705947,2025-07-04,CUSTOMER,FULL,1991-01-01,34,NULL,0,246000,24,2,0,0,2015,"2025-07-04 14:38:38"
8800106420,2025-06-26,CUSTOMER,FULL,1980-01-01,45,1978-01-01,47,800000,48,4,0,0,23695,"2025-07-04 14:38:23"
25158067364,2025-07-02,CUSTOMER,FULL,1988-12-17,36,NULL,-1,300000,36,3,0,0,3611,"2025-07-04 14:38:19"
25158032954,2025-07-02,CUSTOMER,FULL,2000-01-01,25,NULL,-1,580000,60,5,0,0,7002,"2025-07-04 14:38:12"
25158720146,2025-07-04,CUSTOMER,FULL,1977-11-11,47,NULL,0,400000,42,4,0,0,14345,"2025-07-04 14:38:08"
25158289362,2025-07-03,CUSTOMER,FULL,1996-11-03,28,NULL,-1,900000,36,3,0,0,7849,"2025-07-04 14:37:53"
25158284190,2025-07-03,CUSTOMER,FULL,1994-04-15,31,1993-07-15,31,310000,36,3,0,0,2832,"2025-07-04 14:37:29"
8800229240,2025-06-26,CUSTOMER,FULL,1997-09-03,27,NULL,-1,850000,60,5,0,0,10763,"2025-07-04 14:37:29"
8800235884,2025-07-04,CUSTOMER,FULL,1992-06-12,33,NULL,0,620000,48,4,0,0,7712,"2025-07-04 14:37:19"
8800375935,2025-07-03,CUSTOMER,FULL,1999-01-26,26,1984-09-20,40,313500,60,5,0,0,3563,"2025-07-04 14:36:25"
25158663124,2025-07-04,CUSTOMER,FULL,1984-01-01,41,1955-01-01,70,760000,60,5,0,0,16878,"2025-07-04 14:36:23"
25158705949,2025-07-04,CUSTOMER,FULL,1995-01-15,30,1997-01-01,28,412000,36,3,0,0,3836,"2025-07-04 14:36:17"
25157630703,2025-06-23,CUSTOMER,FULL,1979-01-01,46,NULL,-1,331000,42,4,0,0,10562,"2025-07-04 14:35:07"
8800351831,2025-06-30,CUSTOMER,FULL,1985-07-06,39,NULL,-1,200000,36,3,0,0,2913,"2025-07-04 14:35:05"
25158468264,2025-07-03,CUSTOMER,FULL,1981-01-28,44,1976-01-01,49,725000,60,5,0,0,23681,"2025-07-04 14:34:29"
8800299662,2025-07-04,CUSTOMER,FULL,2001-06-24,24,NULL,0,590000,48,4,0,0,6280,"2025-07-04 14:33:08"
25158734298,2025-07-04,CUSTOMER,FULL,1969-04-01,56,NULL,0,250000,24,2,0,0,10067,"2025-07-04 14:32:57"
8800390410,2025-07-03,CUSTOMER,FULL,1993-12-25,31,NULL,-1,762000,60,5,0,0,10620,"2025-07-04 14:32:55"
25157639079,2025-06-23,CUSTOMER,FULL,1997-12-08,27,NULL,-1,550000,60,5,0,0,6964,"2025-07-04 14:32:52"
25158333149,2025-07-03,CUSTOMER,FULL,1993-10-19,31,NULL,-1,290000,48,4,0,0,3091,"2025-07-04 14:32:52"
8800292653,2025-07-04,CUSTOMER,FULL,1971-01-01,54,1993-01-01,32,550000,48,4,0,0,38019,"2025-07-04 14:32:33"
25158276557,2025-07-03,CUSTOMER,FULL,1999-01-01,26,1977-01-01,48,1000000,60,5,0,0,11364,"2025-07-04 14:32:22"
25158663496,2025-07-04,CUSTOMER,FULL,1985-01-01,40,NULL,0,100000,12,1,0,0,678,"2025-07-04 14:32:00"
25158042680,2025-07-03,CUSTOMER,FULL,1973-01-01,52,NULL,-1,225000,30,3,0,0,10743,"2025-07-04 14:31:58"
8800384111,2025-07-04,CUSTOMER,FULL,1990-07-16,34,NULL,0,220000,36,3,0,0,2381,"2025-07-04 14:31:46"
25158714538,2025-07-04,CUSTOMER,"PARTIAL FINANCE AMOUNT",1971-01-01,54,NULL,0,500000,59,5,250000,0,20527,"2025-07-04 14:31:23"
25157586009,2025-06-19,CUSTOMER,FULL,1994-06-14,31,NULL,-1,278000,36,3,0,0,2540,"2025-07-04 14:31:04"
25158720157,2025-07-04,CUSTOMER,FULL,2000-11-05,24,NULL,0,90000,24,2,0,0,627,"2025-07-04 14:30:34"
25158663530,2025-07-04,CUSTOMER,FULL,1985-05-08,40,NULL,0,500000,48,4,0,0,9411,"2025-07-04 14:30:31"
25158698839,2025-07-04,CUSTOMER,FULL,1985-05-09,40,NULL,0,200000,22,2,0,0,2415,"2025-07-04 14:30:03"
25158732245,2025-07-04,CUSTOMER,FULL,1992-01-01,33,NULL,0,400000,24,2,0,0,3224,"2025-07-04 14:29:02"
25158041294,2025-07-02,CUSTOMER,FULL,1987-04-08,38,1974-01-28,51,450000,47,4,0,0,7339,"2025-07-04 14:28:47"
25158730791,2025-07-04,CUSTOMER,FULL,1990-04-05,35,NULL,0,930000,60,5,0,0,13082,"2025-07-04 14:28:45"
25158431703,2025-07-03,CUSTOMER,FULL,1989-03-07,36,NULL,-1,1000000,60,5,0,0,17795,"2025-07-04 14:28:22"
8800150642,2025-07-03,CUSTOMER,FULL,1996-02-22,29,NULL,-1,260000,36,3,0,0,2366,"2025-07-04 14:28:17"
8800244372,2025-07-04,CUSTOMER,FULL,1980-09-10,44,NULL,0,700000,35,3,0,0,15240,"2025-07-04 14:28:10"
25158730759,2025-07-04,CUSTOMER,FULL,1986-08-18,38,NULL,0,250000,36,3,0,0,3375,"2025-07-04 14:28:02"
8800171329,2025-07-04,CUSTOMER,FULL,1998-04-20,27,1999-01-01,26,295000,36,3,0,0,2657,"2025-07-04 14:27:59"
25157965405,2025-07-02,CUSTOMER,FULL,1998-04-03,27,NULL,-1,400000,60,5,0,0,5065,"2025-07-04 14:27:55"
25158716647,2025-07-04,CUSTOMER,FULL,1983-01-01,42,NULL,0,2100000,60,5,0,0,50279,"2025-07-04 14:27:47"
25157987315,2025-07-01,CUSTOMER,FULL,1986-01-01,39,NULL,-1,320000,48,4,0,0,5283,"2025-07-04 14:27:30"
25157936118,2025-07-04,CUSTOMER,FULL,2004-02-01,21,NULL,0,720000,59,5,0,0,8989,"2025-07-04 14:27:18"
8800215511,2025-06-23,CUSTOMER,FULL,1994-02-02,31,1991-04-17,34,130000,36,3,0,0,1265,"2025-07-04 14:26:46"
25158696733,2025-07-04,CUSTOMER,"PARTIAL TENURE",1978-12-03,46,NULL,0,930000,60,5,0,2,18634,"2025-07-04 14:26:35"
8800220395,2025-07-03,CUSTOMER,FULL,1996-02-16,29,NULL,-1,115000,11,1,0,0,485,"2025-07-04 14:26:09"
25157901280,2025-06-30,CUSTOMER,FULL,1982-01-01,43,1998-05-26,27,300000,24,2,0,0,4564,"2025-07-04 14:26:07"
25157656772,2025-06-25,CUSTOMER,FULL,1996-02-01,29,1974-05-10,51,350000,36,3,0,0,3247,"2025-07-04 14:25:42"
25156151956,2025-07-03,CUSTOMER,FULL,1992-01-01,33,NULL,-1,250000,36,3,0,0,2585,"2025-07-04 14:25:33"
8800117306,2025-07-04,CUSTOMER,FULL,1985-07-09,39,NULL,0,400000,36,3,0,0,5825,"2025-07-04 14:25:33"
25158477258,2025-07-03,CUSTOMER,FULL,1981-01-01,44,1974-04-28,51,475000,48,4,0,0,12797,"2025-07-04 14:25:18"
25157917397,2025-06-30,CUSTOMER,FULL,1985-09-02,39,1973-05-15,52,210000,35,3,0,0,3031,"2025-07-04 14:25:06"
25157922106,2025-06-30,CUSTOMER,FULL,1982-01-01,43,2000-01-01,25,145000,24,2,0,0,2179,"2025-07-04 14:25:01"
25158728694,2025-07-04,CUSTOMER,FULL,2002-12-02,22,1967-07-14,57,850000,48,4,0,0,7894,"2025-07-04 14:24:58"
25158324013,2025-07-03,CUSTOMER,FULL,1993-01-01,32,NULL,-1,820000,60,5,0,0,10334,"2025-07-04 14:24:56"
8800324556,2025-06-23,CUSTOMER,FULL,1986-07-01,38,1988-01-23,37,331000,42,4,0,0,5160,"2025-07-04 14:24:27"
25158718094,2025-07-04,CUSTOMER,FULL,1997-06-12,28,1984-10-01,40,175000,24,2,0,0,1264,"2025-07-04 14:24:04"
25157651793,2025-06-24,CUSTOMER,FULL,1996-05-28,29,1972-01-01,53,1390000,72,6,0,0,20700,"2025-07-04 14:24:03"
25158725145,2025-07-04,CUSTOMER,FULL,1990-07-15,34,NULL,0,900000,48,4,0,0,10472,"2025-07-04 14:24:02"
25157638453,2025-06-23,CUSTOMER,FULL,1983-07-20,41,NULL,-1,575000,24,2,0,0,7471,"2025-07-04 14:23:49"
25158691670,2025-07-04,CUSTOMER,FULL,1997-11-02,27,NULL,0,720000,60,5,0,0,9117,"2025-07-04 14:23:32"
8800379882,2025-07-03,CUSTOMER,FULL,1999-07-08,25,NULL,-1,510000,48,4,0,0,5326,"2025-07-04 14:23:18"
8800165646,2025-07-04,CUSTOMER,FULL,1998-03-29,27,1994-06-01,31,1650000,60,5,0,0,20892,"2025-07-04 14:22:43"
8800294743,2025-07-04,CUSTOMER,FULL,1986-11-26,38,NULL,0,300000,24,2,0,0,3001,"2025-07-04 14:22:20"
25158048920,2025-07-02,CUSTOMER,FULL,1980-01-01,45,NULL,-1,795000,71,6,0,0,31586,"2025-07-04 14:22:19"
8800307365,2025-07-04,CUSTOMER,FULL,1985-12-24,39,NULL,0,295000,42,4,0,0,4870,"2025-07-04 14:22:17"
8800289918,2025-07-04,CUSTOMER,FULL,1987-03-05,38,NULL,0,500000,60,5,0,0,10113,"2025-07-04 14:21:56"
8800396879,2025-07-04,CUSTOMER,FULL,2004-12-18,20,NULL,0,332000,48,4,0,0,2997,"2025-07-04 14:21:54"
8800209937,2025-06-28,CUSTOMER,FULL,2000-04-03,25,NULL,-1,300000,36,3,0,0,2648,"2025-07-04 14:21:16"
25157924515,2025-06-30,CUSTOMER,FULL,1994-09-17,30,NULL,-1,350000,36,3,0,0,3259,"2025-07-04 14:21:15"
25157542723,2025-06-16,CUSTOMER,"PARTIAL TENURE",1980-02-06,45,1989-01-01,36,698000,58,5,0,2,12693,"2025-07-04 14:21:11"
8800231063,2025-07-02,CUSTOMER,"PARTIAL FINANCE AMOUNT",1965-01-01,60,1970-01-01,55,150000,18,2,112500,0,7711,"2025-07-04 14:20:54"
25157682487,2025-06-29,CUSTOMER,FULL,1994-01-22,31,1976-04-24,49,737000,48,4,0,0,8645,"2025-07-04 14:20:48"
8800178227,2025-07-04,CUSTOMER,FULL,1984-04-10,41,NULL,0,530000,60,5,0,0,12865,"2025-07-04 14:20:41"
8800115500,2025-07-04,CUSTOMER,FULL,1986-05-11,39,1974-06-20,51,280000,36,3,0,0,4078,"2025-07-04 14:19:57"
8800034983,2025-07-04,CUSTOMER,FULL,1995-01-01,30,NULL,0,473000,60,5,0,0,6380,"2025-07-04 14:18:40"
8800378304,2025-07-04,CUSTOMER,FULL,1995-06-01,30,NULL,0,550000,60,5,0,0,7419,"2025-07-04 14:18:39"
25158663149,2025-07-04,CUSTOMER,FULL,1980-06-20,45,NULL,0,1042800,36,3,0,0,22162,"2025-07-04 14:18:36"
25158660581,2025-07-04,CUSTOMER,FULL,1989-09-13,35,NULL,0,250000,36,3,0,0,2561,"2025-07-04 14:18:23"
25157680942,2025-06-27,CUSTOMER,FULL,2005-08-28,19,1955-01-01,70,510000,42,4,0,0,5351,"2025-07-04 14:18:09"
25158399904,2025-07-03,CUSTOMER,FULL,2003-05-09,22,1976-01-01,49,280000,36,3,0,0,2465,"2025-07-04 14:16:42"
25157660919,2025-06-25,CUSTOMER,FULL,1991-01-01,34,NULL,-1,820000,60,5,0,0,11070,"2025-07-04 14:16:34"
25157678553,2025-06-26,CUSTOMER,FULL,1997-10-25,27,1970-12-21,54,800000,36,3,0,0,6939,"2025-07-04 14:16:33"
8800122032,2025-06-29,CUSTOMER,FULL,1992-01-01,33,NULL,-1,100000,24,2,0,0,790,"2025-07-04 14:16:33"
8800184113,2025-07-03,CUSTOMER,FULL,1993-01-07,32,NULL,-1,500000,36,3,0,0,4962,"2025-07-04 14:16:19"
25158664131,2025-07-04,CUSTOMER,FULL,1988-01-01,37,NULL,0,999000,60,5,0,0,18921,"2025-07-04 14:15:47"
25158661823,2025-07-04,CUSTOMER,FULL,1983-03-10,42,NULL,0,708000,84,7,0,0,26659,"2025-07-04 14:15:46"
8800227018,2025-07-03,CUSTOMER,FULL,1997-07-16,27,1971-01-01,54,750000,36,3,0,0,6505,"2025-07-04 14:15:37"
8800140170,2025-07-04,CUSTOMER,FULL,1993-07-07,31,NULL,0,380000,18,2,0,0,2849,"2025-07-04 14:15:34"
25158509920,2025-07-03,CUSTOMER,FULL,1988-05-08,37,1989-01-01,36,850000,60,5,0,0,16099,"2025-07-04 14:15:28"
25158078540,2025-07-02,CUSTOMER,FULL,1992-02-10,33,NULL,-1,550000,36,3,0,0,5686,"2025-07-04 14:15:11"
8800243847,2025-07-02,CUSTOMER,FULL,1987-07-01,38,NULL,-1,400000,48,4,0,0,6524,"2025-07-04 14:15:02"
25158725153,2025-07-04,CUSTOMER,FULL,1998-11-19,26,NULL,0,270000,30,3,0,0,2377,"2025-07-04 14:15:00"
25158656885,2025-07-04,CUSTOMER,FULL,1982-06-06,43,1988-08-04,36,790000,36,3,0,0,15615,"2025-07-04 14:14:07"
25158696782,2025-07-04,CUSTOMER,FULL,1999-12-26,25,NULL,0,855000,60,5,0,0,9262,"2025-07-04 14:14:04"
25158720150,2025-07-04,CUSTOMER,FULL,1981-10-27,43,NULL,0,929000,36,3,0,0,16740,"2025-07-04 14:13:40"
25154252527,2025-06-23,CUSTOMER,FULL,1970-08-12,54,NULL,-1,595000,36,3,0,0,32683,"2025-07-04 14:13:27"
25158663225,2025-07-04,CO-APPLICANT,FULL,1982-01-01,43,1990-01-01,35,650000,60,5,0,0,10907,"2025-07-04 14:13:18"
8800222912,2025-07-03,CUSTOMER,FULL,1995-07-06,29,1988-09-21,36,350000,36,3,0,0,3247,"2025-07-04 14:12:59"
25158440192,2025-07-03,CUSTOMER,FULL,1990-03-15,35,1974-01-01,51,875000,60,5,0,0,14683,"2025-07-04 14:12:48"
25157707394,2025-06-28,CUSTOMER,FULL,1994-06-15,31,1960-01-01,65,523800,60,5,0,0,7300,"2025-07-04 14:12:44"
25157690981,2025-06-27,CUSTOMER,FULL,1986-02-20,39,1987-01-15,38,924000,84,7,0,0,25874,"2025-07-04 14:12:28"
25158669970,2025-07-04,CO-APPLICANT,FULL,1965-01-01,60,1990-07-17,34,300000,21,2,0,0,2528,"2025-07-04 14:12:24"
8800345918,2025-07-04,CUSTOMER,FULL,1989-03-03,36,1965-03-01,60,500000,60,5,0,0,8898,"2025-07-04 14:12:22"
25158659703,2025-07-04,CUSTOMER,FULL,1993-07-03,32,1995-06-06,30,330000,48,4,0,0,3606,"2025-07-04 14:12:19"
25157702770,2025-06-28,CUSTOMER,FULL,1994-01-01,31,2000-08-03,24,331000,36,3,0,0,3024,"2025-07-04 14:11:54"
25158357270,2025-07-03,CUSTOMER,FULL,2000-05-04,25,NULL,-1,350000,28,3,0,0,3081,"2025-07-04 14:11:19"
25158716609,2025-07-04,CUSTOMER,FULL,1981-01-01,44,1988-01-01,37,1058600,60,5,0,0,29905,"2025-07-04 14:10:58"
25157939579,2025-07-01,CUSTOMER,FULL,1988-01-01,37,1978-01-01,47,550000,48,4,0,0,8684,"2025-07-04 14:10:31"
8800239412,2025-07-04,CUSTOMER,FULL,1987-01-01,38,NULL,0,325000,48,4,0,0,5300,"2025-07-04 14:10:15"
8800233470,2025-07-01,CUSTOMER,FULL,1986-07-28,38,NULL,-1,400000,48,4,0,0,6524,"2025-07-04 14:09:59"
25157711631,2025-06-28,CUSTOMER,FULL,2003-06-10,22,1994-01-01,31,600000,48,4,0,0,6387,"2025-07-04 14:09:58"
8800358018,2025-07-03,CUSTOMER,FULL,2002-08-21,22,1981-04-04,44,330000,48,4,0,0,3513,"2025-07-04 14:09:55"
8800362376,2025-06-23,CUSTOMER,"PARTIAL TENURE",1977-01-01,48,NULL,-1,600000,60,5,0,2,14812,"2025-07-04 14:09:51"
25158698817,2025-07-04,CUSTOMER,FULL,1987-02-25,38,NULL,0,1650000,54,5,0,0,31853,"2025-07-04 14:09:29"
8800035537,2025-06-14,CUSTOMER,FULL,1993-05-25,32,NULL,-1,250000,24,2,0,0,1939,"2025-07-04 14:08:39"
8800126111,2025-06-20,CUSTOMER,FULL,2002-01-17,23,NULL,-1,510000,72,6,0,0,7306,"2025-07-04 14:08:39"
25158287828,2025-07-03,CUSTOMER,FULL,1971-01-05,54,NULL,-1,400000,36,3,0,0,22694,"2025-07-04 14:08:25"
25158682382,2025-07-04,CUSTOMER,FULL,1989-09-15,35,1988-01-10,37,700000,60,5,0,0,9846,"2025-07-04 14:08:24"
25158660851,2025-07-04,CUSTOMER,FULL,1978-01-01,47,NULL,0,800000,72,6,0,0,39611,"2025-07-04 14:08:16"
25158710999,2025-07-04,CUSTOMER,FULL,1985-01-01,40,1955-05-20,70,380000,36,3,0,0,5570,"2025-07-04 14:08:05"
8800053569,2025-06-25,CUSTOMER,FULL,1976-07-15,48,NULL,-1,530000,35,3,0,0,17130,"2025-07-04 14:07:47"
25157799296,2025-06-29,CUSTOMER,FULL,1988-06-14,37,NULL,-1,1316000,72,6,0,0,28682,"2025-07-04 14:07:46"
25158660695,2025-07-04,CUSTOMER,FULL,1993-07-11,31,1965-01-11,60,1126000,71,6,0,0,17539,"2025-07-04 14:07:36"
8800138242,2025-07-04,CUSTOMER,FULL,1996-10-06,28,NULL,0,300000,30,3,0,0,2726,"2025-07-04 14:07:16"
25158333639,2025-07-03,CUSTOMER,FULL,2001-08-08,23,1977-01-01,48,520000,48,4,0,0,5535,"2025-07-04 14:06:40"
25158718101,2025-07-04,CUSTOMER,FULL,1981-01-01,44,1983-01-01,42,667000,60,5,0,0,21786,"2025-07-04 14:06:24"
25158718082,2025-07-04,CUSTOMER,FULL,1998-04-02,27,1955-01-01,70,650000,36,3,0,0,5638,"2025-07-04 14:05:48"
25158705970,2025-07-04,CUSTOMER,FULL,2006-11-20,18,1971-09-10,53,230000,36,3,0,0,1705,"2025-07-04 14:05:40"
25157537711,2025-06-16,CUSTOMER,FULL,1997-10-01,27,1970-01-01,55,360000,35,3,0,0,3242,"2025-07-04 14:05:06"
25157931315,2025-06-30,CUSTOMER,FULL,2000-11-01,24,NULL,-1,210000,23,2,0,0,1425,"2025-07-04 14:05:00"
8800194382,2025-07-03,CUSTOMER,FULL,1983-08-05,41,NULL,-1,400000,36,3,0,0,6698,"2025-07-04 14:04:43"
25158667775,2025-07-04,CUSTOMER,"PARTIAL TENURE",1975-01-01,50,2005-01-01,20,400000,42,4,0,2,12282,"2025-07-04 14:04:32"
8800294035,2025-06-28,CUSTOMER,FULL,1997-09-18,27,1983-01-01,42,300000,36,3,0,0,2702,"2025-07-04 14:04:30"
25158378590,2025-07-03,CUSTOMER,FULL,1974-01-01,51,1952-01-01,73,159000,24,2,0,0,5396,"2025-07-04 14:04:26"
25157932584,2025-06-30,CUSTOMER,FULL,1973-05-15,52,1997-01-01,28,1150000,60,5,0,0,75531,"2025-07-04 14:04:07"
25158471756,2025-07-03,CUSTOMER,FULL,2000-01-01,25,NULL,-1,90000,24,2,0,0,627,"2025-07-04 14:03:44"
25158689583,2025-07-04,CUSTOMER,FULL,1995-08-10,29,1986-08-17,38,600000,60,5,0,0,7873,"2025-07-04 14:03:06"
25158663762,2025-07-04,CUSTOMER,FULL,2002-11-15,22,NULL,0,568000,48,4,0,0,6046,"2025-07-04 14:02:58"
8800337217,2025-07-01,CUSTOMER,FULL,1992-09-28,32,NULL,-1,330000,48,4,0,0,3949,"2025-07-04 14:02:52"
25158449285,2025-07-04,CUSTOMER,FULL,1996-05-11,29,1968-06-26,57,1000000,60,5,0,0,13122,"2025-07-04 14:01:50"
25157684207,2025-06-27,CUSTOMER,FULL,1985-01-01,40,NULL,-1,430000,36,3,0,0,6718,"2025-07-04 14:01:15"
25158539518,2025-07-03,CUSTOMER,FULL,2000-01-01,25,1991-01-01,34,600000,60,5,0,0,7491,"2025-07-04 14:00:41"
8800346490,2025-07-04,CUSTOMER,FULL,1988-01-01,37,1964-01-01,61,340000,36,3,0,0,4345,"2025-07-04 14:00:33"
25158309683,2025-07-03,CUSTOMER,FULL,1989-03-05,36,1997-01-01,28,285000,36,3,0,0,3407,"2025-07-04 14:00:29"
25158713103,2025-07-04,CUSTOMER,FULL,1999-07-01,26,1976-07-13,48,360000,48,4,0,0,3836,"2025-07-04 14:00:11"
8800193962,2025-07-03,CUSTOMER,FULL,2000-05-01,25,NULL,-1,753000,60,5,0,0,9401,"2025-07-04 13:59:34"
25158675054,2025-07-04,CUSTOMER,FULL,1988-06-05,37,1963-01-01,62,470000,60,5,0,0,8902,"2025-07-04 13:59:19"
25157933353,2025-07-02,CUSTOMER,FULL,2002-08-10,22,1965-01-01,60,850000,36,3,0,0,7483,"2025-07-04 13:59:07"
25158663342,2025-07-04,CUSTOMER,FULL,2003-08-10,21,1971-11-18,53,300000,37,4,0,0,3009,"2025-07-04 13:58:50"
25158703900,2025-07-04,CUSTOMER,FULL,1978-07-05,46,1974-01-01,51,620000,48,4,0,0,20302,"2025-07-04 13:58:47"
25158684562,2025-07-04,CUSTOMER,FULL,2002-03-15,23,1988-05-04,37,199949,24,2,0,0,1393,"2025-07-04 13:58:43"
8800225952,2025-07-04,CUSTOMER,FULL,1988-04-18,37,NULL,0,200000,24,2,0,0,1983,"2025-07-04 13:58:41"
8800372452,2025-06-25,CUSTOMER,FULL,1999-01-01,26,NULL,-1,900000,59,5,0,0,11290,"2025-07-04 13:58:37"
25158038700,2025-07-02,CUSTOMER,"PARTIAL FINANCE AMOUNT",1974-12-10,50,NULL,-1,480000,24,2,360000,0,11054,"2025-07-04 13:58:21"
25158580742,2025-07-03,CUSTOMER,FULL,1990-01-01,35,NULL,-1,640000,48,4,0,0,8980,"2025-07-04 13:58:08"
25157648704,2025-06-24,CO-APPLICANT,FULL,1981-01-01,44,1996-06-05,29,400000,24,2,0,0,2856,"2025-07-04 13:58:06"
8800392489,2025-07-04,CUSTOMER,"PARTIAL FINANCE AMOUNT",1967-01-01,58,NULL,0,440000,24,2,330000,0,19891,"2025-07-04 13:58:03"
25158720143,2025-07-04,CUSTOMER,FULL,1978-01-14,47,NULL,0,867000,72,6,0,0,42928,"2025-07-04 13:57:46"
8800102620,2025-07-02,CUSTOMER,FULL,1990-03-10,35,1988-01-01,37,1250000,60,5,0,0,20975,"2025-07-04 13:57:35"
25158132164,2025-07-02,CUSTOMER,FULL,1977-01-01,48,NULL,-1,413000,36,3,0,0,13334,"2025-07-04 13:57:19"
8800229996,2025-07-04,CUSTOMER,FULL,1981-02-04,44,2002-01-01,23,670000,60,5,0,0,21884,"2025-07-04 13:57:04"
25158662537,2025-07-04,CUSTOMER,FULL,1999-08-25,25,NULL,0,300000,24,2,0,0,2054,"2025-07-04 13:57:00"
25158415524,2025-07-04,CUSTOMER,FULL,1988-01-01,37,1991-01-01,34,730000,59,5,0,0,13826,"2025-07-04 13:56:55"
25158063301,2025-07-02,CUSTOMER,FULL,1984-01-01,41,2005-08-22,19,284000,36,3,0,0,4437,"2025-07-04 13:56:50"
25158689629,2025-07-04,CUSTOMER,FULL,1981-01-01,44,NULL,0,500000,47,4,0,0,13470,"2025-07-04 13:56:42"
25158663905,2025-07-04,CO-APPLICANT,FULL,1971-01-01,54,1991-01-01,34,570000,60,5,0,0,9067,"2025-07-04 13:56:30"
25158128847,2025-07-02,CUSTOMER,FULL,2000-09-13,24,1973-09-07,51,600000,60,5,0,0,6457,"2025-07-04 13:56:05"
25158698850,2025-07-04,CUSTOMER,FULL,1998-01-01,27,NULL,0,322000,36,3,0,0,2793,"2025-07-04 13:55:46"
25158059391,2025-07-02,CUSTOMER,FULL,1986-09-28,38,NULL,-1,980000,60,5,0,0,19821,"2025-07-04 13:55:44"
8800131152,2025-07-04,CUSTOMER,FULL,1988-12-31,36,NULL,0,300000,36,3,0,0,3611,"2025-07-04 13:55:37"
25157679685,2025-06-27,CUSTOMER,FULL,1983-02-02,42,NULL,-1,465000,72,6,0,0,15046,"2025-07-04 13:55:33"
8800331430,2025-07-04,CUSTOMER,FULL,1989-02-07,36,1992-05-10,33,500000,24,2,0,0,4915,"2025-07-04 13:55:26"
25157955402,2025-07-01,CUSTOMER,FULL,2001-09-15,23,1969-01-01,56,330000,48,4,0,0,3088,"2025-07-04 13:55:22"
25158098739,2025-07-02,CUSTOMER,FULL,1995-01-01,30,NULL,-1,500000,48,4,0,0,5682,"2025-07-04 13:54:48"
8800318546,2025-06-23,CUSTOMER,FULL,1986-01-10,39,NULL,-1,335000,48,4,0,0,5531,"2025-07-04 13:54:35"
25157699152,2025-06-28,CUSTOMER,FULL,1997-05-20,28,NULL,-1,70000,24,2,0,0,493,"2025-07-04 13:54:25"
25158332794,2025-07-03,CUSTOMER,FULL,1999-04-30,26,1970-12-23,54,1050000,60,5,0,0,11932,"2025-07-04 13:54:08"
8800214448,2025-07-04,CUSTOMER,FULL,1975-09-29,49,1956-12-27,68,350000,36,3,0,0,12473,"2025-07-04 13:54:01"
25158680749,2025-07-04,CUSTOMER,FULL,2004-01-01,21,1974-01-01,51,465000,47,4,0,0,4950,"2025-07-04 13:54:00"
25157949495,2025-07-01,CUSTOMER,FULL,2000-01-01,25,NULL,-1,795000,60,5,0,0,8612,"2025-07-04 13:53:50"
25157930710,2025-07-02,CUSTOMER,FULL,1981-03-05,44,1965-07-04,59,565500,60,5,0,0,18471,"2025-07-04 13:53:16"
25157936599,2025-07-01,CUSTOMER,FULL,2004-01-01,21,1990-01-03,35,167000,24,2,0,0,1100,"2025-07-04 13:53:13"
25158332485,2025-07-03,CUSTOMER,FULL,1992-04-14,33,NULL,-1,990000,48,4,0,0,12570,"2025-07-04 13:52:43"
25157825258,2025-06-29,CUSTOMER,FULL,1993-06-13,32,2002-03-20,23,569500,60,5,0,0,8253,"2025-07-04 13:52:02"
8800229239,2025-06-26,CUSTOMER,FULL,1998-11-04,26,1994-09-17,30,2000000,60,5,0,0,25087,"2025-07-04 13:52:02"
25157921894,2025-07-02,CUSTOMER,FULL,1991-10-02,33,NULL,-1,394100,60,5,0,0,5967,"2025-07-04 13:51:52"
25158703915,2025-07-04,CUSTOMER,FULL,1982-04-12,43,NULL,0,300000,36,3,0,0,5955,"2025-07-04 13:51:47"
25158135598,2025-07-02,CUSTOMER,FULL,2002-07-12,22,1970-01-01,55,625000,60,5,0,0,7803,"2025-07-04 13:51:37"
25157791389,2025-06-29,CUSTOMER,FULL,1992-01-01,33,NULL,-1,570000,60,5,0,0,8630,"2025-07-04 13:51:34"
25158661077,2025-07-04,CUSTOMER,FULL,1990-09-26,34,NULL,0,217000,54,5,0,0,3309,"2025-07-04 13:51:02"
8800364993,2025-07-03,CUSTOMER,FULL,1985-08-26,39,NULL,-1,365000,36,3,0,0,5268,"2025-07-04 13:50:58"
25158691717,2025-07-04,CUSTOMER,FULL,1972-01-01,53,1979-02-09,46,800000,60,5,0,0,56914,"2025-07-04 13:50:48"
8800401403,2025-07-04,CUSTOMER,FULL,1985-01-01,40,NULL,0,190000,24,2,0,0,2294,"2025-07-04 13:50:05"
8800201839,2025-07-04,CUSTOMER,FULL,1978-08-14,46,NULL,0,160000,36,3,0,0,4235,"2025-07-04 13:49:50"
8800185438,2025-07-02,CUSTOMER,FULL,1990-01-01,35,NULL,-1,600000,60,5,0,0,10068,"2025-07-04 13:49:25"
8800007558,2025-07-04,CUSTOMER,FULL,1996-06-02,29,NULL,0,582685,60,5,0,0,7646,"2025-07-04 13:48:39"
25158664052,2025-07-04,CUSTOMER,FULL,2007-01-01,18,1984-01-01,41,333000,36,3,0,0,2468,"2025-07-04 13:48:22"
25158664178,2025-07-04,CUSTOMER,FULL,1999-04-06,26,1994-09-03,30,1004000,60,5,0,0,11409,"2025-07-04 13:48:06"
8800389060,2025-06-30,CUSTOMER,FULL,1981-06-01,44,NULL,-1,330000,35,3,0,0,6433,"2025-07-04 13:48:03"
8800279883,2025-07-03,CUSTOMER,FULL,1986-08-02,38,NULL,-1,416000,30,3,0,0,5665,"2025-07-04 13:47:48"
25157668826,2025-06-25,CUSTOMER,FULL,1991-03-04,34,1965-07-04,59,1000000,35,3,0,0,10833,"2025-07-04 13:47:48"
25157688860,2025-06-27,CUSTOMER,FULL,1993-06-25,32,NULL,-1,590000,60,5,0,0,8550,"2025-07-04 13:47:43"
25158688090,2025-07-04,CUSTOMER,FULL,1981-12-14,43,1991-06-03,34,190000,24,2,0,0,2890,"2025-07-04 13:47:23"
25157676275,2025-06-26,CUSTOMER,FULL,1985-01-01,40,NULL,-1,930000,60,5,0,0,19216,"2025-07-04 13:47:10"
25158703876,2025-07-04,CUSTOMER,FULL,2002-07-07,22,NULL,0,450000,48,4,0,0,4790,"2025-07-04 13:46:10"
25158707438,2025-07-04,CUSTOMER,FULL,1994-01-01,31,1975-01-01,50,600000,60,5,0,0,8362,"2025-07-04 13:45:47"
25158707510,2025-07-04,CUSTOMER,FULL,1986-01-01,39,NULL,0,900000,60,5,0,0,17460,"2025-07-04 13:45:36"
25157955381,2025-07-01,CUSTOMER,FULL,1991-11-02,33,1995-03-10,30,635000,60,5,0,0,9614,"2025-07-04 13:45:34"
8800316723,2025-07-03,CUSTOMER,FULL,1996-08-01,28,NULL,-1,550000,36,3,0,0,4998,"2025-07-04 13:45:02"
8800352256,2025-07-04,CUSTOMER,FULL,1994-12-13,30,NULL,0,740000,60,5,0,0,9981,"2025-07-04 13:44:59"
8800378788,2025-07-04,CUSTOMER,FULL,1972-02-13,53,NULL,0,331000,36,3,0,0,16128,"2025-07-04 13:44:58"
25158711016,2025-07-04,CUSTOMER,FULL,1991-01-01,34,NULL,0,420000,47,4,0,0,5591,"2025-07-04 13:44:45"
8800121347,2025-06-18,CUSTOMER,FULL,2000-03-01,25,1975-03-01,50,578900,84,7,0,0,9407,"2025-07-04 13:44:38"
8800232500,2025-07-04,CUSTOMER,FULL,1997-05-18,28,NULL,0,500000,55,5,0,0,6266,"2025-07-04 13:44:15"
25157932768,2025-07-03,CUSTOMER,FULL,1998-09-17,26,1972-01-01,53,300000,36,3,0,0,2641,"2025-07-04 13:44:11"
8800189667,2025-07-03,CUSTOMER,FULL,1985-10-18,39,1990-01-01,35,250000,36,3,0,0,3608,"2025-07-04 13:43:40"
8800385014,2025-07-04,CUSTOMER,FULL,1998-01-01,27,NULL,0,325000,36,3,0,0,2927,"2025-07-04 13:43:19"
8800132556,2025-06-22,CUSTOMER,FULL,1993-01-01,32,NULL,-1,300000,36,3,0,0,3009,"2025-07-04 13:43:00"
25157931763,2025-06-30,CUSTOMER,FULL,1977-05-15,48,1973-06-15,52,300000,47,4,0,0,11881,"2025-07-04 13:42:59"
25158673547,2025-07-04,CUSTOMER,FULL,1989-03-12,36,NULL,0,185000,48,4,0,0,2662,"2025-07-04 13:42:44"
8800380761,2025-07-04,CUSTOMER,FULL,2002-05-02,23,1971-10-03,53,730000,60,5,0,0,9114,"2025-07-04 13:42:23"
25158663207,2025-07-04,CUSTOMER,FULL,2003-01-01,22,1990-01-01,35,315000,24,2,0,0,2104,"2025-07-04 13:42:01"
25157634296,2025-06-23,CUSTOMER,FULL,2006-02-01,19,1965-01-14,60,310000,36,3,0,0,2360,"2025-07-04 13:41:24"
25158295283,2025-07-03,CUSTOMER,FULL,1979-01-01,46,NULL,-1,800000,72,6,0,0,36080,"2025-07-04 13:41:14"
25158092386,2025-07-02,CUSTOMER,FULL,1970-01-01,55,2002-07-20,22,270000,36,3,0,0,15994,"2025-07-04 13:40:59"
25158707447,2025-07-04,CUSTOMER,FULL,1999-09-11,25,NULL,0,350000,48,4,0,0,3325,"2025-07-04 13:40:59"
8800239601,2025-06-06,CUSTOMER,FULL,1994-04-10,31,2000-03-28,25,1050000,72,6,0,0,17024,"2025-07-04 13:40:49"
25158306073,2025-07-03,CUSTOMER,FULL,1992-07-10,32,1974-01-01,51,990000,48,4,0,0,12045,"2025-07-04 13:40:43"
25157366055,2025-06-10,CUSTOMER,FULL,1977-01-01,48,1985-12-05,39,694000,60,5,0,0,32937,"2025-07-04 13:40:42"
8800280569,2025-07-04,CUSTOMER,FULL,1986-06-02,39,NULL,0,260000,36,3,0,0,3753,"2025-07-04 13:40:27"
8800191183,2025-06-29,CUSTOMER,FULL,1988-01-01,37,1995-06-01,30,440000,48,4,0,0,6714,"2025-07-04 13:39:55"
8800426176,2025-07-04,CUSTOMER,FULL,1996-01-01,29,NULL,0,600000,48,4,0,0,6649,"2025-07-04 13:39:52"
25158702383,2025-07-04,CUSTOMER,FULL,1993-10-13,31,NULL,0,600000,48,4,0,0,7038,"2025-07-04 13:39:43"
25158700351,2025-07-04,CUSTOMER,FULL,1993-01-01,32,NULL,0,95000,18,2,0,0,735,"2025-07-04 13:39:31"
25158669990,2025-07-04,CUSTOMER,FULL,1977-01-01,48,1985-01-01,40,660000,59,5,0,0,31308,"2025-07-04 13:39:30"
25158673557,2025-07-04,CUSTOMER,FULL,1985-06-01,40,1981-03-10,44,500000,60,5,0,0,11665,"2025-07-04 13:39:19"
25158686060,2025-07-04,CUSTOMER,FULL,1975-01-01,50,NULL,0,900000,60,5,0,0,51752,"2025-07-04 13:38:53"
25157633966,2025-06-23,CUSTOMER,FULL,1990-01-01,35,NULL,-1,300000,36,3,0,0,3417,"2025-07-04 13:38:51"
8800384928,2025-07-04,CUSTOMER,FULL,1973-01-01,52,NULL,0,800000,60,5,0,0,55385,"2025-07-04 13:38:50"
25157932406,2025-06-30,CUSTOMER,FULL,2001-04-15,24,1999-08-10,25,900000,59,5,0,0,11236,"2025-07-04 13:38:47"
8800017246,2025-07-02,CUSTOMER,FULL,1999-11-16,25,1974-06-10,51,880000,72,6,0,0,12627,"2025-07-04 13:38:30"
25158332991,2025-07-03,CUSTOMER,FULL,1997-03-17,28,NULL,-1,425000,60,5,0,0,5462,"2025-07-04 13:38:16"
8800190038,2025-07-02,CUSTOMER,FULL,1979-06-15,46,NULL,-1,465000,36,3,0,0,12165,"2025-07-04 13:37:44"
8800249567,2025-07-04,CUSTOMER,FULL,1999-01-01,26,NULL,0,700000,48,4,0,0,7385,"2025-07-04 13:37:29"
8800362561,2025-07-04,CUSTOMER,FULL,1987-12-31,37,NULL,0,500000,48,4,0,0,7629,"2025-07-04 13:36:53"
8800415876,2025-07-04,CUSTOMER,FULL,1983-11-19,41,NULL,0,313000,42,4,0,0,5891,"2025-07-04 13:36:53"
25158129273,2025-07-02,CUSTOMER,FULL,1989-12-31,35,NULL,-1,457000,48,4,0,0,6412,"2025-07-04 13:36:52"
8800107183,2025-07-04,CUSTOMER,FULL,1986-05-08,39,1990-02-15,35,530000,24,2,0,0,5642,"2025-07-04 13:36:12"
25158698849,2025-07-04,CUSTOMER,FULL,1984-01-01,41,1987-01-01,38,1050000,60,5,0,0,23318,"2025-07-04 13:36:02"
8800388251,2025-07-03,CUSTOMER,FULL,1992-11-18,32,NULL,-1,147000,36,3,0,0,1459,"2025-07-04 13:35:45"
25158096630,2025-07-02,CUSTOMER,FULL,1984-02-01,41,NULL,-1,550000,48,4,0,0,11488,"2025-07-04 13:35:34"
8800370338,2025-07-01,CUSTOMER,FULL,1986-05-10,39,NULL,-1,330000,36,3,0,0,4564,"2025-07-04 13:35:30"
8800004385,2025-07-04,CUSTOMER,FULL,1993-03-03,32,NULL,0,470000,36,3,0,0,4387,"2025-07-04 13:35:00"
25158348157,2025-07-03,CUSTOMER,FULL,1978-03-25,47,NULL,-1,150000,24,2,0,0,2711,"2025-07-04 13:34:55"
8800382354,2025-06-30,CUSTOMER,FULL,1993-01-01,32,NULL,-1,330000,48,4,0,0,3606,"2025-07-04 13:34:39"
25158332372,2025-07-03,CUSTOMER,FULL,1992-10-01,32,NULL,-1,510000,36,3,0,0,5116,"2025-07-04 13:34:32"
25158686011,2025-07-04,CUSTOMER,FULL,1998-05-26,27,1975-01-01,50,340000,36,3,0,0,3005,"2025-07-04 13:34:27"
8800396202,2025-07-03,CUSTOMER,FULL,2001-01-01,24,NULL,-1,235000,48,4,0,0,2430,"2025-07-04 13:33:57"
8800132742,2025-06-26,CUSTOMER,FULL,1979-05-09,46,1986-02-14,39,610000,59,5,0,0,24056,"2025-07-04 13:33:53"
8800109268,2025-06-26,CUSTOMER,FULL,1975-05-23,50,NULL,-1,500000,48,4,0,0,23954,"2025-07-04 13:33:20"
25157949624,2025-07-01,CUSTOMER,FULL,2000-07-05,24,1984-02-10,41,1000000,48,4,0,0,9429,"2025-07-04 13:33:20"
25157958502,2025-07-01,CUSTOMER,FULL,1986-01-01,39,NULL,-1,400000,36,3,0,0,5825,"2025-07-04 13:32:56"
8800223465,2025-07-04,CUSTOMER,FULL,1979-03-10,46,NULL,0,700000,48,4,0,0,22922,"2025-07-04 13:32:26"
25158043102,2025-07-02,CUSTOMER,FULL,1983-06-01,42,1984-11-06,40,1200000,60,5,0,0,28731,"2025-07-04 13:32:19"
8800363215,2025-07-04,CUSTOMER,FULL,1989-08-29,35,NULL,0,129000,24,2,0,0,1100,"2025-07-04 13:32:11"
8800362014,2025-06-29,CUSTOMER,FULL,1993-01-01,32,NULL,-1,955000,72,6,0,0,15315,"2025-07-04 13:30:44"
25158238389,2025-07-02,CUSTOMER,FULL,1988-01-27,37,NULL,-1,160000,36,3,0,0,2024,"2025-07-04 13:30:30"
25158663756,2025-07-04,CUSTOMER,FULL,1980-06-23,45,NULL,0,462000,48,4,0,0,11978,"2025-07-04 13:29:47"
25158678660,2025-07-04,CUSTOMER,FULL,2003-10-02,21,1965-01-01,60,900000,60,5,0,0,11236,"2025-07-04 13:29:37"
8800382507,2025-07-01,CUSTOMER,FULL,1983-01-01,42,1961-12-12,63,600000,36,3,0,0,10918,"2025-07-04 13:28:56"
25158662255,2025-07-04,CUSTOMER,FULL,1992-08-04,32,NULL,0,300000,24,2,0,0,2300,"2025-07-04 13:28:55"
25158675113,2025-07-04,CUSTOMER,FULL,1999-08-10,25,NULL,0,410000,60,5,0,0,5119,"2025-07-04 13:28:46"
25158135062,2025-07-02,CUSTOMER,FULL,1994-09-04,30,1960-01-01,65,600000,48,4,0,0,6819,"2025-07-04 13:27:56"
8800188924,2025-06-27,CUSTOMER,FULL,1997-06-27,28,NULL,-1,622000,60,5,0,0,7223,"2025-07-04 13:27:50"
8800117275,2025-07-01,CUSTOMER,FULL,1985-02-04,40,NULL,-1,850000,60,5,0,0,19830,"2025-07-04 13:27:27"
8800126656,2025-06-26,CUSTOMER,FULL,1996-01-15,29,1994-08-10,30,900000,59,5,0,0,10610,"2025-07-04 13:27:16"
8800399541,2025-07-01,CUSTOMER,FULL,1990-07-08,34,NULL,-1,350000,36,3,0,0,3792,"2025-07-04 13:26:09"
25157977595,2025-07-02,CUSTOMER,FULL,1993-07-10,31,1995-02-02,30,1050000,48,4,0,0,12316,"2025-07-04 13:26:07"
25158696749,2025-07-04,CUSTOMER,FULL,2007-01-01,18,1974-01-01,51,265000,36,3,0,0,1964,"2025-07-04 13:25:50"
25158695284,2025-07-04,CUSTOMER,FULL,1982-01-05,43,1955-01-01,70,600000,60,5,0,0,17885,"2025-07-04 13:25:41"
8800228975,2025-06-30,CUSTOMER,FULL,2000-01-25,25,1973-01-01,52,1490000,60,5,0,0,16141,"2025-07-04 13:25:23"
8800136231,2025-07-02,CUSTOMER,FULL,1982-05-05,43,1958-07-08,66,400000,36,3,0,0,7906,"2025-07-04 13:25:13"
8800379515,2025-07-04,CUSTOMER,FULL,1973-01-10,52,NULL,0,336000,36,3,0,0,15067,"2025-07-04 13:24:54"
25158332367,2025-07-03,CUSTOMER,FULL,1996-01-01,29,NULL,-1,630000,60,5,0,0,8267,"2025-07-04 13:24:47"
25158662615,2025-07-04,CUSTOMER,FULL,1993-01-01,32,1992-01-01,33,550000,60,5,0,0,7970,"2025-07-04 13:24:22"
8800272424,2025-07-04,CUSTOMER,FULL,1976-03-02,49,NULL,0,665000,60,5,0,0,34739,"2025-07-04 13:24:19"
25158277586,2025-07-03,CUSTOMER,FULL,1986-01-27,39,2006-01-20,19,1000000,60,5,0,0,19400,"2025-07-04 13:24:14"
25158688129,2025-07-04,CUSTOMER,FULL,1982-01-01,43,NULL,0,525000,60,5,0,0,15649,"2025-07-04 13:24:11"
8800405652,2025-07-04,CUSTOMER,FULL,1988-01-21,37,NULL,0,850000,60,5,0,0,16099,"2025-07-04 13:23:52"
25157920046,2025-06-30,CUSTOMER,FULL,1996-07-07,28,1957-01-01,68,291000,36,3,0,0,2538,"2025-07-04 13:23:48"
25158662934,2025-07-04,CUSTOMER,FULL,1979-04-05,46,1982-01-01,43,5400000,46,4,0,0,175167,"2025-07-04 13:23:48"
8800395958,2025-07-03,CUSTOMER,FULL,2000-04-12,25,1981-06-14,44,1103500,60,5,0,0,11954,"2025-07-04 13:23:31"
25158680725,2025-07-04,CUSTOMER,FULL,1992-09-10,32,NULL,0,450000,48,4,0,0,5475,"2025-07-04 13:23:19"
25158350177,2025-07-03,CUSTOMER,FULL,1990-02-22,35,1991-01-12,34,641930,60,5,0,0,10772,"2025-07-04 13:22:47"
25157641608,2025-06-27,CUSTOMER,FULL,2003-12-19,21,1957-05-07,68,1040000,60,5,0,0,12984,"2025-07-04 13:22:45"
8800218378,2025-06-09,CUSTOMER,FULL,1994-04-01,31,1972-04-14,53,578000,60,5,0,0,8055,"2025-07-04 13:21:35"
25158698823,2025-07-04,CUSTOMER,FULL,1997-03-01,28,NULL,0,180000,30,3,0,0,1636,"2025-07-04 13:21:31"
8800243334,2025-07-04,CUSTOMER,FULL,1986-03-15,39,2001-08-31,23,300000,36,3,0,0,4330,"2025-07-04 13:21:26"
25158478734,2025-07-03,CUSTOMER,FULL,1999-08-03,25,1995-06-15,30,470000,60,5,0,0,5868,"2025-07-04 13:21:12"
25158664075,2025-07-04,CUSTOMER,FULL,1997-01-01,28,1965-01-01,60,590000,45,4,0,0,6419,"2025-07-04 13:21:12"
25158055436,2025-07-02,CUSTOMER,FULL,1980-08-06,44,NULL,-1,900000,23,2,0,0,12735,"2025-07-04 13:21:07"
25158663622,2025-07-04,CUSTOMER,FULL,1977-05-15,48,1986-01-01,39,560000,48,4,0,0,22388,"2025-07-04 13:20:20"
8800349669,2025-06-30,CUSTOMER,FULL,1996-01-01,29,NULL,-1,295000,30,3,0,0,2608,"2025-07-04 13:19:49"
25158142036,2025-07-02,CUSTOMER,FULL,1992-11-14,32,1974-06-05,51,1000000,84,7,0,0,17995,"2025-07-04 13:19:48"
8800400276,2025-07-04,CUSTOMER,FULL,1975-07-14,49,1969-04-01,56,987000,47,4,0,0,43361,"2025-07-04 13:19:26"
25158041722,2025-07-02,CUSTOMER,FULL,1974-03-01,51,NULL,-1,170000,36,3,0,0,7409,"2025-07-04 13:19:22"
8800355769,2025-07-04,CUSTOMER,FULL,1996-06-10,29,NULL,0,331000,48,4,0,0,3402,"2025-07-04 13:18:21"
25158667765,2025-07-04,CUSTOMER,FULL,1998-10-13,26,1977-01-01,48,145000,22,2,0,0,1062,"2025-07-04 13:18:08"
25158684476,2025-07-04,CUSTOMER,FULL,2002-07-07,22,1971-05-01,54,950000,60,5,0,0,10067,"2025-07-04 13:18:04"
25158659157,2025-07-04,CUSTOMER,FULL,1987-07-04,38,1960-01-01,65,760500,55,5,0,0,15382,"2025-07-04 13:17:51"
25158038721,2025-07-02,CUSTOMER,FULL,1980-06-03,45,1983-10-10,41,5200000,58,5,0,0,183037,"2025-07-04 13:16:57"
25157629801,2025-06-23,CUSTOMER,"PARTIAL TENURE",1970-10-23,54,2003-06-09,22,595000,59,5,0,2,20326,"2025-07-04 13:16:47"
25157951751,2025-07-02,CUSTOMER,FULL,1985-05-25,40,1988-01-15,37,450000,36,3,0,0,7031,"2025-07-04 13:16:45"
25158684557,2025-07-04,CUSTOMER,FULL,1975-01-10,50,NULL,0,170000,24,2,0,0,4038,"2025-07-04 13:16:30"
25158662943,2025-07-04,CUSTOMER,FULL,1967-01-01,58,NULL,0,150000,24,2,0,0,8937,"2025-07-04 13:16:06"
25158664204,2025-07-04,CUSTOMER,FULL,1987-12-01,37,1992-03-01,33,700000,60,5,0,0,13258,"2025-07-04 13:16:06"
25158131273,2025-07-03,CUSTOMER,FULL,1991-03-21,34,NULL,-1,600000,60,5,0,0,9544,"2025-07-04 13:16:03"
25158070049,2025-07-02,CUSTOMER,FULL,1993-04-16,32,NULL,-1,856000,60,5,0,0,10788,"2025-07-04 13:15:59"
25158693203,2025-07-04,CUSTOMER,FULL,2003-09-23,21,NULL,0,999000,60,5,0,0,10445,"2025-07-04 13:15:30"
25158663761,2025-07-04,CUSTOMER,FULL,1990-01-01,35,NULL,0,300000,36,3,0,0,3417,"2025-07-04 13:15:25"
25157963760,2025-07-01,CUSTOMER,FULL,1989-10-25,35,NULL,-1,635000,60,5,0,0,8932,"2025-07-04 13:15:17"
8800323231,2025-07-04,CUSTOMER,FULL,1976-07-07,48,1990-06-14,35,800000,48,4,0,0,31681,"2025-07-04 13:15:02"
25158663696,2025-07-04,CUSTOMER,"PARTIAL TENURE",1978-01-01,47,NULL,0,400000,36,3,0,2,8879,"2025-07-04 13:14:45"
25158333584,2025-07-03,CUSTOMER,FULL,1987-02-24,38,NULL,-1,310000,23,2,0,0,3362,"2025-07-04 13:14:35"
25158698837,2025-07-04,CUSTOMER,FULL,1994-02-14,31,NULL,0,320000,36,3,0,0,3067,"2025-07-04 13:14:33"
25157688939,2025-06-27,CUSTOMER,FULL,1981-01-01,44,NULL,-1,250000,24,2,0,0,4145,"2025-07-04 13:14:31"
8800115995,2025-07-02,CUSTOMER,FULL,1985-01-01,40,NULL,-1,200000,24,2,0,0,2254,"2025-07-04 13:14:29"
25158351691,2025-07-04,CUSTOMER,FULL,1992-06-02,33,NULL,0,630000,60,5,0,0,9538,"2025-07-04 13:14:11"
8800388703,2025-07-04,CUSTOMER,FULL,1985-02-01,40,NULL,0,380000,48,4,0,0,7152,"2025-07-04 13:14:07"
8800303507,2025-06-26,CUSTOMER,FULL,2002-10-10,22,NULL,-1,1150000,72,6,0,0,15131,"2025-07-04 13:13:25"
25158678688,2025-07-04,CUSTOMER,FULL,1998-01-14,27,NULL,0,700000,72,6,0,0,10235,"2025-07-04 13:13:16"
25158380030,2025-07-03,CUSTOMER,FULL,2000-06-10,25,1997-06-01,28,1120000,60,5,0,0,12133,"2025-07-04 13:13:15"
8800170635,2025-07-04,CUSTOMER,FULL,1994-03-05,31,1990-07-05,34,250000,24,2,0,0,1874,"2025-07-04 13:12:16"
25158691735,2025-07-04,CUSTOMER,FULL,1993-08-28,31,NULL,0,315000,36,3,0,0,2877,"2025-07-04 13:12:11"
8800123566,2025-07-03,CUSTOMER,FULL,1988-05-08,37,NULL,-1,770000,60,5,0,0,13911,"2025-07-04 13:12:01"
25157618012,2025-06-21,CUSTOMER,FULL,1994-07-14,30,NULL,-1,300000,33,3,0,0,2794,"2025-07-04 13:11:57"
25158677187,2025-07-04,CO-APPLICANT,FULL,1967-03-03,58,1999-07-05,25,450000,48,4,0,0,4790,"2025-07-04 13:11:39"
25158360794,2025-07-03,CUSTOMER,FULL,1994-02-20,31,1996-12-13,28,880000,84,7,0,0,15348,"2025-07-04 13:11:29"
25158327741,2025-07-03,CUSTOMER,FULL,1983-03-26,42,1986-05-18,39,880000,36,3,0,0,16002,"2025-07-04 13:11:28"
8800060887,2025-06-23,CUSTOMER,FULL,1988-12-25,36,NULL,-1,697000,60,5,0,0,12403,"2025-07-04 13:11:07"
8800360715,2025-07-04,CUSTOMER,FULL,1994-05-30,31,1989-02-02,36,715000,84,7,0,0,13280,"2025-07-04 13:10:49"
25157932379,2025-06-30,CUSTOMER,FULL,2002-05-06,23,1975-03-15,50,757000,60,5,0,0,8076,"2025-07-04 13:10:43"
25157343401,2025-06-06,CUSTOMER,FULL,2002-01-01,23,1973-02-22,52,600000,48,4,0,0,6387,"2025-07-04 13:10:36"
8800163885,2025-07-04,CUSTOMER,FULL,1983-04-25,42,NULL,0,400000,48,4,0,0,8869,"2025-07-04 13:10:23"
25158689615,2025-07-04,CUSTOMER,FULL,1986-01-01,39,1977-09-28,47,450000,24,2,0,0,5072,"2025-07-04 13:09:49"
25157700455,2025-06-28,CUSTOMER,FULL,1996-08-27,28,NULL,-1,776000,60,5,0,0,9011,"2025-07-04 13:09:47"
25157804070,2025-06-29,CUSTOMER,FULL,1996-10-07,28,1993-04-02,32,150000,36,3,0,0,1342,"2025-07-04 13:09:36"
25158327793,2025-07-03,CUSTOMER,FULL,1986-03-10,39,NULL,-1,300000,36,3,0,0,4369,"2025-07-04 13:09:24"
25158682308,2025-07-04,CUSTOMER,FULL,1998-01-23,27,NULL,0,550000,59,5,0,0,6964,"2025-07-04 13:09:20"
25158689652,2025-07-04,CUSTOMER,FULL,1984-04-09,41,NULL,0,690000,47,4,0,0,14412,"2025-07-04 13:08:54"
8800274631,2025-07-04,CUSTOMER,"PARTIAL FINANCE AMOUNT",1980-05-12,45,NULL,0,250000,36,3,187500,0,4443,"2025-07-04 13:08:54"
25158389201,2025-07-03,CUSTOMER,FULL,1998-10-10,26,NULL,-1,225000,36,3,0,0,2005,"2025-07-04 13:08:31"
8800134414,2025-07-04,CUSTOMER,FULL,1999-04-01,26,NULL,0,329000,48,4,0,0,3506,"2025-07-04 13:08:23"
25158677194,2025-07-04,CUSTOMER,FULL,1996-05-05,29,1974-01-01,51,1600000,48,4,0,0,17729,"2025-07-04 13:08:17"
8800132561,2025-07-03,CUSTOMER,FULL,1974-10-10,50,1973-06-01,52,400000,36,3,0,0,15671,"2025-07-04 13:08:07"
25157938345,2025-07-01,CUSTOMER,FULL,1975-03-23,50,NULL,-1,110000,36,3,0,0,4310,"2025-07-04 13:07:57"
8800123372,2025-07-04,CUSTOMER,FULL,1993-05-04,32,NULL,0,500000,36,3,0,0,4667,"2025-07-04 13:07:52"
25158417579,2025-07-03,CUSTOMER,FULL,1982-01-01,43,NULL,-1,540000,60,5,0,0,14019,"2025-07-04 13:07:44"
25158656866,2025-07-04,CUSTOMER,FULL,1977-01-01,48,NULL,0,250000,36,3,0,0,7833,"2025-07-04 13:07:36"
8800280964,2025-06-25,CUSTOMER,FULL,1991-10-03,33,1958-07-09,66,340000,36,3,0,0,3535,"2025-07-04 13:07:23"
25158038681,2025-07-02,CUSTOMER,FULL,1985-06-15,40,1981-11-20,43,500000,60,5,0,0,11665,"2025-07-04 13:07:02"
25158450765,2025-07-03,CUSTOMER,FULL,1991-07-10,33,NULL,-1,625000,72,6,0,0,11048,"2025-07-04 13:06:56"
25158688133,2025-07-04,CUSTOMER,FULL,1997-06-15,28,NULL,0,200000,36,3,0,0,1789,"2025-07-04 13:06:33"
25158689637,2025-07-04,CUSTOMER,FULL,1999-01-01,26,1977-07-02,48,900000,60,5,0,0,10228,"2025-07-04 13:06:11"
25158682391,2025-07-04,CUSTOMER,FULL,1990-03-30,35,NULL,0,540000,60,5,0,0,9061,"2025-07-04 13:06:08"
25158682285,2025-07-04,CUSTOMER,FULL,1973-01-01,52,1987-09-27,37,600000,36,3,0,0,28646,"2025-07-04 13:06:05"
25157817764,2025-06-29,CUSTOMER,FULL,1998-01-01,27,1968-01-01,57,150000,18,2,0,0,1045,"2025-07-04 13:06:04"
25158671499,2025-07-04,CUSTOMER,FULL,1983-01-01,42,NULL,0,249000,36,3,0,0,4167,"2025-07-04 13:05:58"
25158362279,2025-07-03,CUSTOMER,FULL,2000-07-08,24,NULL,-1,780000,60,5,0,0,8395,"2025-07-04 13:05:50"
8800385929,2025-07-03,CUSTOMER,FULL,1975-03-15,50,NULL,-1,608000,48,4,0,0,29129,"2025-07-04 13:04:50"
25158661444,2025-07-04,CUSTOMER,FULL,1989-01-01,36,1953-01-01,72,450000,48,4,0,0,6686,"2025-07-04 13:04:34"
25158691660,2025-07-04,CUSTOMER,FULL,1982-07-21,42,NULL,0,232000,41,4,0,0,4690,"2025-07-04 13:04:22"
8800329914,2025-06-30,CUSTOMER,FULL,1968-04-12,57,2001-01-03,24,507000,36,3,0,0,36076,"2025-07-04 13:03:54"
25157649849,2025-06-28,CUSTOMER,FULL,1989-07-05,35,1965-02-04,60,820000,60,5,0,0,13760,"2025-07-04 13:03:52"
25158688152,2025-07-04,CUSTOMER,FULL,1978-03-04,47,NULL,0,80000,18,2,0,0,1446,"2025-07-04 13:03:32"
25158445791,2025-07-04,CUSTOMER,FULL,1975-01-01,50,1984-03-08,41,600000,36,3,0,0,23825,"2025-07-04 13:03:25"
25158049022,2025-07-02,CUSTOMER,FULL,2000-01-01,25,NULL,-1,675000,48,4,0,0,7185,"2025-07-04 13:03:20"
25158689578,2025-07-04,CUSTOMER,FULL,1973-01-01,52,2002-01-01,23,1030000,57,5,0,0,67650,"2025-07-04 13:03:13"
25158691729,2025-07-04,CUSTOMER,FULL,1987-08-07,37,NULL,0,400000,48,4,0,0,5915,"2025-07-04 13:03:00"
25157932490,2025-06-30,CUSTOMER,FULL,1996-01-01,29,1990-01-01,35,700000,60,5,0,0,9186,"2025-07-04 13:02:58"
25158346677,2025-07-03,CUSTOMER,FULL,1979-07-17,45,1981-05-01,44,200000,36,3,0,0,4794,"2025-07-04 13:02:57"
8800360087,2025-07-02,CUSTOMER,FULL,1992-08-15,32,NULL,-1,75000,36,3,0,0,745,"2025-07-04 13:02:52"
25157631949,2025-06-23,CUSTOMER,FULL,1982-09-20,42,1980-11-23,44,320000,36,3,0,0,5823,"2025-07-04 13:02:49"
25157317225,2025-06-05,CUSTOMER,FULL,1982-06-26,42,NULL,-1,60000,24,2,0,0,842,"2025-07-04 13:02:30"
25158281425,2025-07-03,CUSTOMER,FULL,1989-11-15,35,1955-01-01,70,830000,36,3,0,0,8502,"2025-07-04 13:02:11"
25157966367,2025-07-03,CUSTOMER,FULL,1988-04-21,37,1996-12-15,28,800000,72,6,0,0,17795,"2025-07-04 13:01:42"
25158678691,2025-07-04,CUSTOMER,FULL,1978-10-11,46,NULL,0,265000,36,3,0,0,6914,"2025-07-04 13:01:33"
25157488654,2025-06-12,CUSTOMER,FULL,1985-05-08,40,NULL,-1,900000,48,4,0,0,17428,"2025-07-04 13:01:18"
8800291933,2025-06-26,CUSTOMER,FULL,1997-05-10,28,NULL,-1,786000,60,5,0,0,9127,"2025-07-04 13:01:13"
25158426109,2025-07-03,CUSTOMER,FULL,1995-10-08,29,NULL,-1,807000,60,5,0,0,9514,"2025-07-04 13:00:14"
25158353725,2025-07-03,CUSTOMER,FULL,1993-12-01,31,NULL,-1,1785000,84,7,0,0,31132,"2025-07-04 13:00:01"
8800173297,2025-07-03,CUSTOMER,FULL,1990-06-03,35,NULL,-1,550000,70,6,0,0,10813,"2025-07-04 12:59:57"
8800372033,2025-07-03,CUSTOMER,FULL,1981-01-01,44,NULL,-1,788000,48,4,0,0,21229,"2025-07-04 12:59:56"
25158664191,2025-07-04,CUSTOMER,FULL,1994-08-20,30,NULL,0,180000,48,4,0,0,2027,"2025-07-04 12:59:56"
8800321168,2025-07-04,CUSTOMER,FULL,1975-06-01,50,NULL,0,279000,36,3,0,0,11079,"2025-07-04 12:59:32"
25157691126,2025-06-27,CUSTOMER,FULL,1996-03-28,29,2000-12-23,24,590000,48,4,0,0,6538,"2025-07-04 12:59:04"
25157972668,2025-07-01,CUSTOMER,FULL,1995-01-01,30,NULL,-1,167000,24,2,0,0,1242,"2025-07-04 12:59:00"
25157928180,2025-06-30,CUSTOMER,FULL,1997-08-18,27,1968-07-20,56,500000,33,3,0,0,4420,"2025-07-04 12:58:54"
25157826156,2025-06-29,CUSTOMER,FULL,1994-07-27,30,1996-04-01,29,500000,60,5,0,0,6744,"2025-07-04 12:58:44"
8800343278,2025-07-03,CUSTOMER,FULL,1998-08-30,26,2000-08-22,24,950000,60,5,0,0,11917,"2025-07-04 12:58:38"
8800205971,2025-07-04,CUSTOMER,FULL,1990-07-10,34,NULL,0,600000,60,5,0,0,9148,"2025-07-04 12:58:37"
25157667936,2025-06-25,CUSTOMER,FULL,1988-08-10,36,NULL,-1,800000,60,5,0,0,13113,"2025-07-04 12:58:36"
25158675116,2025-07-04,CUSTOMER,FULL,1992-01-01,33,NULL,0,1100000,36,3,0,0,10540,"2025-07-04 12:57:57"
25158394299,2025-07-03,CUSTOMER,FULL,1995-01-18,30,NULL,-1,456000,36,3,0,0,4246,"2025-07-04 12:57:43"
25158682335,2025-07-04,CUSTOMER,FULL,2001-09-12,23,NULL,0,550000,60,5,0,0,6867,"2025-07-04 12:57:24"
25158335901,2025-07-03,CUSTOMER,FULL,1990-01-19,35,NULL,-1,360000,48,4,0,0,4355,"2025-07-04 12:56:46"
25158116153,2025-07-04,CUSTOMER,FULL,1985-07-01,40,NULL,0,700000,60,5,0,0,16331,"2025-07-04 12:56:17"
8800349323,2025-07-04,CUSTOMER,FULL,2001-01-01,24,NULL,0,520000,60,5,0,0,6492,"2025-07-04 12:55:44"
25158671412,2025-07-04,CUSTOMER,FULL,1995-01-01,30,1995-01-01,30,171000,24,2,0,0,1272,"2025-07-04 12:55:25"
25158689611,2025-07-04,CUSTOMER,FULL,1994-01-01,31,NULL,0,590000,60,5,0,0,7227,"2025-07-04 12:55:17"
25158669989,2025-07-04,CUSTOMER,FULL,1991-07-01,34,NULL,0,420000,60,5,0,0,6681,"2025-07-04 12:54:51"
8800327023,2025-07-03,CUSTOMER,FULL,1999-06-25,26,NULL,-1,380000,30,3,0,0,3346,"2025-07-04 12:54:50"
8800272646,2025-07-02,CUSTOMER,FULL,1986-10-18,38,NULL,-1,670000,48,4,0,0,11282,"2025-07-04 12:54:45"
25158414036,2025-07-03,CUSTOMER,FULL,1980-05-15,45,1990-06-30,35,300000,36,3,0,0,6376,"2025-07-04 12:54:34"
25158682296,2025-07-04,CUSTOMER,FULL,1995-05-12,30,NULL,0,900000,60,5,0,0,10801,"2025-07-04 12:54:05"
25158661491,2025-07-04,CUSTOMER,FULL,1995-01-01,30,NULL,0,990000,60,5,0,0,13353,"2025-07-04 12:53:50"
25157922140,2025-06-30,CUSTOMER,FULL,1985-03-01,40,NULL,-1,2060000,48,4,0,0,36171,"2025-07-04 12:53:42"
25158662303,2025-07-04,CUSTOMER,FULL,2001-06-10,24,1956-01-01,69,225000,24,2,0,0,1565,"2025-07-04 12:53:26"
8800190806,2025-07-02,CUSTOMER,FULL,1992-07-15,32,NULL,-1,180000,48,4,0,0,2154,"2025-07-04 12:53:24"
25158309665,2025-07-03,CUSTOMER,FULL,1989-05-30,36,1970-11-14,54,2350000,59,5,0,0,39849,"2025-07-04 12:53:10"
25158669985,2025-07-04,CUSTOMER,FULL,1999-06-14,26,NULL,0,312000,23,2,0,0,2173,"2025-07-04 12:52:42"
25157690736,2025-06-27,CUSTOMER,FULL,1998-01-30,27,NULL,-1,1400000,83,7,0,0,22567,"2025-07-04 12:52:37"
8800353460,2025-06-26,CUSTOMER,FULL,1987-08-06,37,NULL,-1,220220,36,3,0,0,2742,"2025-07-04 12:51:35"
8800336829,2025-06-28,CUSTOMER,FULL,1987-02-18,38,NULL,-1,220000,36,3,0,0,2970,"2025-07-04 12:51:16"
25158684481,2025-07-04,CUSTOMER,FULL,1989-12-21,35,NULL,0,500000,47,4,0,0,6821,"2025-07-04 12:51:07"
25158662974,2025-07-04,CUSTOMER,FULL,1988-12-25,36,NULL,0,750500,60,5,0,0,13355,"2025-07-04 12:50:59"
8800002716,2025-07-01,CUSTOMER,FULL,1985-05-19,40,NULL,-1,215000,24,2,0,0,2596,"2025-07-04 12:50:55"
25158678705,2025-07-04,CUSTOMER,FULL,1978-12-25,46,NULL,0,950000,60,5,0,0,37464,"2025-07-04 12:50:14"
25158659892,2025-07-04,CUSTOMER,FULL,1980-01-10,45,NULL,0,850000,30,3,0,0,20141,"2025-07-04 12:49:41"
8800225951,2025-07-04,CUSTOMER,FULL,1988-04-18,37,NULL,0,200000,24,2,0,0,1983,"2025-07-04 12:49:36"
8800145470,2025-07-03,CUSTOMER,FULL,1970-01-01,55,1983-01-01,42,200000,24,2,0,0,9735,"2025-07-04 12:49:31"
25157938676,2025-07-01,CUSTOMER,FULL,1997-10-01,27,NULL,-1,700000,36,3,0,0,6072,"2025-07-04 12:49:30"
25158664085,2025-07-04,CUSTOMER,FULL,1992-02-08,33,1958-01-01,67,900000,60,5,0,0,13626,"2025-07-04 12:49:16"
25158682279,2025-07-04,CUSTOMER,FULL,1991-01-01,34,NULL,0,500000,59,5,0,0,7954,"2025-07-04 12:49:16"
8800063566,2025-07-04,CUSTOMER,FULL,1995-02-02,30,NULL,0,250000,24,2,0,0,1824,"2025-07-04 12:48:57"
25158663587,2025-07-04,CUSTOMER,FULL,1977-02-20,48,1976-07-09,48,136000,24,2,0,0,3493,"2025-07-04 12:48:44"
25158098923,2025-07-02,CUSTOMER,FULL,1993-01-18,32,1964-02-10,61,606000,48,4,0,0,6622,"2025-07-04 12:48:28"
25158673519,2025-07-04,CO-APPLICANT,FULL,1971-05-01,54,2000-07-23,24,620000,48,4,0,0,6600,"2025-07-04 12:47:00"
25155830190,2025-07-03,CUSTOMER,FULL,1974-06-16,51,NULL,-1,800000,36,3,0,0,34324,"2025-07-04 12:46:55"
25158675080,2025-07-04,CUSTOMER,FULL,2003-01-01,22,2001-08-18,23,530000,60,5,0,0,6617,"2025-07-04 12:46:30"
25157664516,2025-07-01,CUSTOMER,FULL,1982-01-01,43,NULL,-1,660000,48,4,0,0,16254,"2025-07-04 12:46:09"
8800173293,2025-06-29,CUSTOMER,FULL,1990-06-03,35,2000-04-12,25,550000,70,6,0,0,10813,"2025-07-04 12:46:02"
25157685404,2025-06-27,CUSTOMER,FULL,1995-02-02,30,NULL,-1,1600000,84,7,0,0,27207,"2025-07-04 12:45:22"
25158662237,2025-07-04,CUSTOMER,FULL,1987-01-01,38,NULL,0,60000,12,1,0,0,601,"2025-07-04 12:44:30"
25158667773,2025-07-04,CUSTOMER,FULL,2001-08-16,23,NULL,0,1000000,72,6,0,0,13264,"2025-07-04 12:44:24"
8800376307,2025-07-04,CUSTOMER,FULL,2002-06-30,23,1964-07-01,61,575000,60,5,0,0,7179,"2025-07-04 12:43:57"
25158069234,2025-07-02,CUSTOMER,FULL,1995-01-01,30,NULL,-1,780000,60,5,0,0,9361,"2025-07-04 12:43:41"
8800302564,2025-07-04,CUSTOMER,FULL,1979-03-09,46,NULL,0,370000,30,3,0,0,9654,"2025-07-04 12:43:38"
8800420901,2025-07-03,CUSTOMER,FULL,1987-01-01,38,NULL,-1,330000,42,4,0,0,5144,"2025-07-04 12:43:33"
25158329290,2025-07-03,CUSTOMER,FULL,1964-03-01,61,NULL,-1,400000,54,5,0,0,52982,"2025-07-04 12:43:26"
25158597899,2025-07-03,CUSTOMER,FULL,1999-07-13,25,1981-01-01,44,480000,60,5,0,0,5200,"2025-07-04 12:43:09"
25158662101,2025-07-04,CO-APPLICANT,FULL,1998-09-18,26,2007-05-23,18,780000,60,5,0,0,9471,"2025-07-04 12:43:04"
25158663573,2025-07-04,CUSTOMER,FULL,1994-10-05,30,1967-01-01,58,790000,60,5,0,0,10656,"2025-07-04 12:42:28"
25157914637,2025-06-30,CUSTOMER,FULL,1997-10-14,27,1996-04-18,29,350000,48,4,0,0,3759,"2025-07-04 12:42:27"
25158678658,2025-07-04,CUSTOMER,FULL,1996-07-15,28,NULL,0,100000,24,2,0,0,704,"2025-07-04 12:42:23"
25157643539,2025-06-23,CUSTOMER,FULL,1994-01-01,31,1988-01-01,37,330000,48,4,0,0,3517,"2025-07-04 12:42:05"
25157527817,2025-06-14,CUSTOMER,FULL,1981-01-01,44,NULL,-1,250000,24,2,0,0,4145,"2025-07-04 12:41:59"
25157842254,2025-06-29,CUSTOMER,"PARTIAL TENURE",1975-02-12,50,NULL,-1,400000,36,3,0,2,12282,"2025-07-04 12:41:56"
25157934193,2025-07-02,CUSTOMER,FULL,1991-02-19,34,NULL,-1,550000,60,5,0,0,8749,"2025-07-04 12:41:40"
25157925461,2025-06-30,CUSTOMER,FULL,1982-01-01,43,NULL,-1,620000,54,5,0,0,18481,"2025-07-04 12:41:38"
25157712365,2025-06-28,CUSTOMER,FULL,1994-01-01,31,NULL,-1,765000,60,5,0,0,9371,"2025-07-04 12:41:34"
8800320172,2025-07-03,CUSTOMER,FULL,2002-06-10,23,1976-03-05,49,975000,60,5,0,0,10401,"2025-07-04 12:41:24"
8800236865,2025-07-03,CUSTOMER,FULL,1987-01-01,38,NULL,-1,550000,48,4,0,0,9262,"2025-07-04 12:41:18"
8800166510,2025-07-04,CUSTOMER,FULL,2000-05-15,25,NULL,0,250000,28,3,0,0,2207,"2025-07-04 12:41:06"
8800246895,2025-06-24,CUSTOMER,FULL,1987-06-10,38,NULL,-1,920000,60,5,0,0,17761,"2025-07-04 12:40:58"
8800388953,2025-07-03,CUSTOMER,FULL,1992-03-02,33,1990-01-01,35,275000,36,3,0,0,2635,"2025-07-04 12:40:54"
25158070240,2025-07-02,CUSTOMER,FULL,1990-06-15,35,1990-05-10,35,949905,83,7,0,0,19325,"2025-07-04 12:40:28"
25158374992,2025-07-03,CUSTOMER,FULL,1995-04-04,30,1964-11-12,60,400000,36,3,0,0,3786,"2025-07-04 12:40:28"
25158591047,2025-07-03,CUSTOMER,FULL,2002-01-01,23,NULL,-1,468000,48,4,0,0,4982,"2025-07-04 12:40:26"
8800383251,2025-07-04,CUSTOMER,FULL,1992-02-10,33,1968-01-29,57,1090000,84,7,0,0,20335,"2025-07-04 12:40:26"
25158658230,2025-07-04,CUSTOMER,FULL,1990-01-01,35,1968-01-01,57,808800,60,5,0,0,13572,"2025-07-04 12:40:08"
8800243427,2025-07-04,CUSTOMER,FULL,1996-03-05,29,1964-06-01,61,465000,59,5,0,0,5948,"2025-07-04 12:40:05"
8800282485,2025-06-30,CUSTOMER,FULL,1996-02-27,29,NULL,-1,210000,48,4,0,0,2312,"2025-07-04 12:39:49"
25158680753,2025-07-04,CUSTOMER,FULL,1981-10-11,43,NULL,0,230000,24,2,0,0,3039,"2025-07-04 12:39:49"
8800036343,2025-07-02,CUSTOMER,FULL,1985-06-25,40,NULL,-1,255000,30,3,0,0,3738,"2025-07-04 12:39:36"
25158484240,2025-07-03,CUSTOMER,FULL,1997-07-05,27,NULL,-1,2500000,60,5,0,0,28674,"2025-07-04 12:39:14"
25157929599,2025-06-30,CUSTOMER,FULL,1998-01-19,27,NULL,-1,295000,48,4,0,0,2966,"2025-07-04 12:39:02"
25158664232,2025-07-04,CUSTOMER,FULL,1987-04-27,38,NULL,0,750000,48,4,0,0,12629,"2025-07-04 12:38:49"
8800390409,2025-07-03,CUSTOMER,FULL,2003-07-01,22,1982-04-07,43,880000,60,5,0,0,10987,"2025-07-04 12:38:35"
25157672115,2025-06-26,CUSTOMER,FULL,1982-02-15,43,NULL,-1,120000,12,1,0,0,956,"2025-07-04 12:38:19"
25157647217,2025-06-24,CUSTOMER,FULL,1984-01-01,41,NULL,-1,700000,48,4,0,0,14257,"2025-07-04 12:38:16"
25158076202,2025-07-02,CUSTOMER,FULL,1999-05-30,26,NULL,-1,580000,60,5,0,0,7276,"2025-07-04 12:38:00"
8800368332,2025-06-28,CUSTOMER,FULL,1979-11-18,45,NULL,-1,350000,48,4,0,0,10276,"2025-07-04 12:37:59"
25158042811,2025-07-02,CUSTOMER,FULL,1986-03-03,39,NULL,-1,381000,84,7,0,0,11280,"2025-07-04 12:37:50"
8800266264,2025-06-26,CUSTOMER,FULL,2000-05-02,25,1978-01-01,47,810000,72,6,0,0,10925,"2025-07-04 12:37:47"
25158132411,2025-07-02,CUSTOMER,FULL,1972-10-10,52,1984-01-01,41,300000,36,3,0,0,14033,"2025-07-04 12:37:43"
25158281006,2025-07-03,CUSTOMER,FULL,1991-08-08,33,NULL,-1,200000,19,2,0,0,1612,"2025-07-04 12:37:42"
25158382136,2025-07-03,CUSTOMER,FULL,1993-01-17,32,NULL,-1,290000,36,3,0,0,2707,"2025-07-04 12:37:36"
25158332926,2025-07-03,CUSTOMER,FULL,1993-03-06,32,1975-07-19,49,1550000,36,3,0,0,14468,"2025-07-04 12:37:26"
25158071830,2025-07-02,CUSTOMER,FULL,1987-01-01,38,NULL,-1,250000,36,3,0,0,3272,"2025-07-04 12:37:09"
8800335012,2025-07-04,CUSTOMER,FULL,1997-08-29,27,1975-09-24,49,317000,24,2,0,0,2330,"2025-07-04 12:37:03"
8800361517,2025-07-04,CUSTOMER,FULL,1990-07-05,34,NULL,0,900000,60,5,0,0,14316,"2025-07-04 12:36:45"
25158104429,2025-07-04,CUSTOMER,FULL,1995-02-10,30,2004-06-22,21,534000,48,4,0,0,6069,"2025-07-04 12:36:40"
25158663783,2025-07-04,CUSTOMER,FULL,1986-07-30,38,NULL,0,330000,42,4,0,0,5144,"2025-07-04 12:36:38"
25158659610,2025-07-04,CUSTOMER,FULL,1984-03-01,41,NULL,0,275000,36,3,0,0,4297,"2025-07-04 12:36:36"
25157637018,2025-06-24,CUSTOMER,FULL,1986-05-11,39,1974-06-20,51,280000,36,3,0,0,4078,"2025-07-04 12:36:01"
25158457746,2025-07-03,CUSTOMER,FULL,1986-01-01,39,NULL,-1,146599,24,2,0,0,1653,"2025-07-04 12:35:31"
25158678613,2025-07-04,CUSTOMER,FULL,2000-07-01,25,NULL,0,500000,24,2,0,0,3422,"2025-07-04 12:34:26"
25157927422,2025-06-30,CUSTOMER,FULL,1988-07-31,36,1985-04-21,40,435000,48,4,0,0,6463,"2025-07-04 12:34:01"
25158666267,2025-07-04,CUSTOMER,FULL,1988-01-01,37,1978-01-01,47,385000,36,3,0,0,4921,"2025-07-04 12:33:45"
25158673569,2025-07-04,CUSTOMER,FULL,1983-01-01,42,NULL,0,420000,36,3,0,0,7643,"2025-07-04 12:33:32"
25158191649,2025-07-02,CUSTOMER,FULL,2001-08-15,23,NULL,-1,330000,36,3,0,0,2668,"2025-07-04 12:33:22"
25157631641,2025-06-29,CUSTOMER,FULL,2000-01-03,25,NULL,-1,650000,48,4,0,0,6919,"2025-07-04 12:33:03"
25158646017,2025-07-03,CUSTOMER,FULL,1999-01-27,26,NULL,-1,900000,60,5,0,0,10228,"2025-07-04 12:32:19"
25157936946,2025-07-01,CUSTOMER,FULL,1985-07-06,39,NULL,-1,550000,36,3,0,0,8009,"2025-07-04 12:31:54"
25158662001,2025-07-04,CUSTOMER,FULL,1996-12-02,28,NULL,0,990000,48,4,0,0,10771,"2025-07-04 12:31:21"
25158131581,2025-07-02,CUSTOMER,FULL,1986-07-12,38,NULL,-1,400000,36,3,0,0,5447,"2025-07-04 12:31:08"
8800397056,2025-07-04,CUSTOMER,FULL,2003-03-22,22,1994-07-13,30,340000,48,4,0,0,3619,"2025-07-04 12:31:02"
8800412880,2025-07-04,CUSTOMER,FULL,1994-03-02,31,NULL,0,270000,48,4,0,0,2877,"2025-07-04 12:30:59"
25158673570,2025-07-04,CUSTOMER,FULL,1989-06-18,36,NULL,0,200000,24,2,0,0,1870,"2025-07-04 12:30:48"
25158362291,2025-07-03,CUSTOMER,FULL,1988-01-01,37,NULL,-1,294000,48,4,0,0,4347,"2025-07-04 12:30:30"
25157684200,2025-06-27,CUSTOMER,FULL,1980-01-03,45,NULL,-1,400000,24,2,0,0,6109,"2025-07-04 12:30:27"
25157803062,2025-06-29,CUSTOMER,FULL,1996-07-09,28,NULL,-1,348000,47,4,0,0,3758,"2025-07-04 12:30:21"
8800198545,2025-06-30,CUSTOMER,FULL,1991-09-16,33,NULL,-1,400000,36,3,0,0,3833,"2025-07-04 12:30:02"
25158661392,2025-07-04,CUSTOMER,FULL,2002-03-03,23,1990-08-25,34,250000,36,3,0,0,2201,"2025-07-04 12:29:43"
25158675109,2025-07-04,CUSTOMER,FULL,1984-12-15,40,NULL,0,400000,36,3,0,0,6203,"2025-07-04 12:29:39"
8800092837,2025-07-04,CUSTOMER,FULL,2003-01-01,22,1975-08-05,49,300000,36,3,0,0,2641,"2025-07-04 12:29:18"
8800274667,2025-06-17,CUSTOMER,FULL,1993-02-18,32,NULL,-1,1200000,72,6,0,0,19244,"2025-07-04 12:29:14"
25158480765,2025-07-03,CUSTOMER,FULL,1993-01-10,32,NULL,-1,584000,48,4,0,0,6382,"2025-07-04 12:28:38"
25158164896,2025-07-02,CUSTOMER,FULL,2001-12-18,23,1974-12-23,50,485000,48,4,0,0,5163,"2025-07-04 12:28:22"
8800227017,2025-07-03,CUSTOMER,FULL,2005-03-24,20,1975-01-01,50,770000,60,5,0,0,7923,"2025-07-04 12:28:20"
8800387556,2025-07-03,CUSTOMER,FULL,1988-09-12,36,NULL,-1,750000,48,4,0,0,11143,"2025-07-04 12:28:09"
25158036483,2025-07-02,CUSTOMER,FULL,1989-01-01,36,1963-01-19,62,460000,36,3,0,0,5537,"2025-07-04 12:27:56"
25158663277,2025-07-04,CUSTOMER,FULL,1998-07-01,27,NULL,0,324000,36,3,0,0,2811,"2025-07-04 12:27:30"
8800172246,2025-07-04,CUSTOMER,FULL,1979-09-01,45,1980-01-03,45,630000,48,4,0,0,18496,"2025-07-04 12:27:26"
8800245389,2025-07-04,CUSTOMER,FULL,1988-06-01,37,NULL,0,500000,30,3,0,0,6325,"2025-07-04 12:27:19"
25157395029,2025-06-09,CUSTOMER,FULL,1992-01-01,33,1996-05-21,29,1300000,84,7,0,0,24253,"2025-07-04 12:26:34"
25157693797,2025-06-27,CUSTOMER,FULL,1987-02-22,38,1968-11-05,56,830000,36,3,0,0,11303,"2025-07-04 12:26:22"
25158291558,2025-07-03,CUSTOMER,FULL,1983-01-01,42,NULL,-1,120000,18,2,0,0,1684,"2025-07-04 12:26:21"
8800359778,2025-07-03,CO-APPLICANT,FULL,2000-01-01,25,1982-03-14,43,1120000,72,6,0,0,37217,"2025-07-04 12:25:57"
25157621902,2025-06-21,CUSTOMER,FULL,2002-02-10,23,NULL,-1,328000,60,5,0,0,3499,"2025-07-04 12:25:48"
25158285723,2025-07-03,CUSTOMER,FULL,1980-03-01,45,1990-08-12,34,150000,48,4,0,0,4404,"2025-07-04 12:25:33"
8800345518,2025-07-04,CUSTOMER,FULL,2002-06-16,23,NULL,0,627000,60,5,0,0,7828,"2025-07-04 12:25:11"
25158663438,2025-07-04,CUSTOMER,FULL,1991-05-13,34,NULL,0,150000,24,2,0,0,1264,"2025-07-04 12:25:08"
8800137223,2025-07-01,CUSTOMER,FULL,1994-01-01,31,1996-01-01,29,200000,36,3,0,0,1945,"2025-07-04 12:25:01"
25158487705,2025-07-03,CUSTOMER,FULL,1983-10-05,41,1982-03-05,43,1250000,60,5,0,0,27760,"2025-07-04 12:24:12"
8800332213,2025-07-01,CUSTOMER,FULL,2000-05-17,25,1984-01-01,41,435000,36,3,0,0,3568,"2025-07-04 12:24:04"
25158284187,2025-07-03,CUSTOMER,FULL,1994-01-05,31,1991-01-10,34,565000,48,4,0,0,6627,"2025-07-04 12:23:59"
25157637339,2025-06-23,CUSTOMER,FULL,2000-06-20,25,NULL,-1,780000,48,4,0,0,8303,"2025-07-04 12:23:50"
8800389202,2025-07-03,CUSTOMER,FULL,1990-11-15,34,NULL,-1,310000,37,4,0,0,4028,"2025-07-04 12:23:40"
8800361137,2025-07-02,CUSTOMER,FULL,1983-01-01,42,1993-04-10,32,700000,60,5,0,0,19139,"2025-07-04 12:23:36"
8800382581,2025-07-02,CUSTOMER,FULL,1995-03-20,30,NULL,-1,162000,24,2,0,0,1205,"2025-07-04 12:23:18"
25157982045,2025-07-01,CUSTOMER,FULL,1992-01-01,33,1994-01-01,31,854700,60,5,0,0,11135,"2025-07-04 12:23:16"
25158662937,2025-07-04,CUSTOMER,FULL,2001-11-01,23,NULL,0,500000,60,5,0,0,5918,"2025-07-04 12:22:57"
8800023837,2025-07-03,CUSTOMER,FULL,1990-02-25,35,NULL,-1,350000,36,3,0,0,3986,"2025-07-04 12:22:36"
25157563071,2025-06-17,CUSTOMER,FULL,1977-01-02,48,NULL,-1,417000,36,3,0,0,13463,"2025-07-04 12:22:01"
25157584641,2025-06-19,CUSTOMER,FULL,1994-01-01,31,2000-01-01,25,160000,36,3,0,0,1462,"2025-07-04 12:21:59"
25157929779,2025-07-03,CUSTOMER,FULL,1989-08-07,35,1964-07-02,61,640000,58,5,0,0,10739,"2025-07-04 12:21:44"
25158663760,2025-07-04,CUSTOMER,FULL,1996-01-01,29,1970-01-01,55,470000,60,5,0,0,6168,"2025-07-04 12:21:39"
8800176596,2025-07-03,CUSTOMER,FULL,1997-04-07,28,NULL,-1,816000,60,5,0,0,9475,"2025-07-04 12:20:44"
25158329260,2025-07-03,CUSTOMER,FULL,2001-02-02,24,1998-04-03,27,699000,60,5,0,0,8727,"2025-07-04 12:20:21"
25157970508,2025-07-02,CUSTOMER,FULL,2001-08-02,23,1978-01-05,47,730000,72,6,0,0,10458,"2025-07-04 12:20:04"
25158436722,2025-07-03,CUSTOMER,FULL,1985-08-13,39,1990-02-26,35,670000,60,5,0,0,13891,"2025-07-04 12:20:00"
8800401205,2025-07-03,CUSTOMER,FULL,2000-04-27,25,NULL,-1,1020000,84,7,0,0,16574,"2025-07-04 12:19:50"
25157680065,2025-06-27,CUSTOMER,FULL,2003-04-05,22,1955-01-01,70,170000,30,3,0,0,1361,"2025-07-04 12:19:37"
8800347577,2025-06-20,CUSTOMER,FULL,2003-01-01,22,1972-01-01,53,2080500,84,7,0,0,30369,"2025-07-04 12:19:24"
8800222516,2025-07-04,CUSTOMER,FULL,1997-07-10,27,2000-06-11,25,520000,60,5,0,0,6584,"2025-07-04 12:18:58"
25158659041,2025-07-04,CUSTOMER,FULL,2001-04-03,24,NULL,0,765000,60,5,0,0,8233,"2025-07-04 12:18:52"
8800102240,2025-06-24,CUSTOMER,FULL,1989-06-21,36,NULL,-1,170000,24,2,0,0,1524,"2025-07-04 12:18:47"
25157676687,2025-06-26,CUSTOMER,FULL,1999-01-23,26,1970-12-26,54,550000,60,5,0,0,6899,"2025-07-04 12:18:26"
25158662064,2025-07-04,CUSTOMER,FULL,1981-06-16,44,NULL,0,700000,36,3,0,0,15240,"2025-07-04 12:17:44"
25157932204,2025-07-02,CUSTOMER,FULL,1998-01-07,27,1963-06-26,62,723000,60,5,0,0,9155,"2025-07-04 12:17:28"
8800165316,2025-07-04,CUSTOMER,FULL,1993-01-01,32,1989-01-01,36,445000,30,3,0,0,4464,"2025-07-04 12:17:10"
25158663823,2025-07-04,CUSTOMER,FULL,1974-01-01,51,1974-10-20,50,550000,84,7,0,0,46787,"2025-07-04 12:16:34"
25157568410,2025-06-18,CUSTOMER,FULL,1994-01-21,31,NULL,-1,180000,18,2,0,0,1350,"2025-07-04 12:16:31"
8800273681,2025-07-03,CUSTOMER,FULL,1972-08-29,52,1977-06-29,48,1100000,60,5,0,0,74791,"2025-07-04 12:16:23"
8800333623,2025-07-03,CUSTOMER,FULL,2004-08-11,20,1987-07-10,37,390000,36,3,0,0,3042,"2025-07-04 12:16:18"
25157946567,2025-07-01,CUSTOMER,FULL,1990-06-10,35,1989-07-05,35,800000,60,5,0,0,13424,"2025-07-04 12:16:10"
25158043174,2025-07-02,CUSTOMER,FULL,1982-07-05,42,NULL,-1,220000,48,4,0,0,4878,"2025-07-04 12:16:07"
8800361139,2025-07-03,CUSTOMER,FULL,1996-08-06,28,NULL,-1,700000,60,5,0,0,8996,"2025-07-04 12:14:48"
25158376493,2025-07-03,CUSTOMER,FULL,1994-10-01,30,1971-12-03,53,110000,60,5,0,0,1443,"2025-07-04 12:14:45"
8800238563,2025-07-04,CUSTOMER,FULL,1985-07-26,39,NULL,0,585000,60,5,0,0,12129,"2025-07-04 12:14:24"
8800289917,2025-07-04,CUSTOMER,FULL,1998-01-15,27,NULL,0,406000,36,3,0,0,3589,"2025-07-04 12:14:23"
25158663943,2025-07-04,CUSTOMER,FULL,1993-10-28,31,NULL,0,200000,18,2,0,0,1500,"2025-07-04 12:14:17"
25157650901,2025-06-24,CUSTOMER,FULL,1989-12-30,35,NULL,-1,750000,72,6,0,0,13506,"2025-07-04 12:13:49"
25158659661,2025-07-04,CUSTOMER,FULL,1990-01-01,35,1989-01-01,36,509000,48,4,0,0,6157,"2025-07-04 12:13:48"
25157697197,2025-06-28,CUSTOMER,FULL,1985-01-01,40,1989-01-01,36,220000,36,3,0,0,3225,"2025-07-04 12:13:31"
25158663861,2025-07-04,CUSTOMER,FULL,1984-01-01,41,1957-01-01,68,1150000,60,5,0,0,25539,"2025-07-04 12:13:27"
8800069637,2025-06-04,CUSTOMER,FULL,2005-08-19,19,NULL,-1,250000,36,3,0,0,2163,"2025-07-04 12:13:20"
8800014291,2025-07-02,CUSTOMER,FULL,1986-05-11,39,1996-09-23,28,275000,48,4,0,0,4806,"2025-07-04 12:12:49"
25158656825,2025-07-04,CUSTOMER,FULL,1990-03-08,35,NULL,0,600000,60,5,0,0,10068,"2025-07-04 12:12:40"
25158032959,2025-07-02,CUSTOMER,FULL,1992-09-17,32,NULL,-1,480000,36,3,0,0,4764,"2025-07-04 12:12:39"
8800205417,2025-06-24,CUSTOMER,FULL,1988-06-01,37,NULL,-1,280000,24,2,0,0,2643,"2025-07-04 12:12:27"
25157581218,2025-06-19,CUSTOMER,FULL,1988-01-10,37,1997-05-06,28,670000,60,5,0,0,12690,"2025-07-04 12:12:24"
25158399886,2025-07-03,CUSTOMER,FULL,2001-06-16,24,NULL,-1,504441,36,3,0,0,4441,"2025-07-04 12:12:20"
25158663462,2025-07-04,CUSTOMER,FULL,2002-07-01,23,1974-08-30,50,500000,60,5,0,0,5334,"2025-07-04 12:12:14"
25157931048,2025-06-30,CUSTOMER,FULL,2005-09-10,19,2001-05-11,24,785000,60,5,0,0,7920,"2025-07-04 12:12:10"
8800284074,2025-07-04,CUSTOMER,FULL,1994-07-05,30,NULL,0,1200000,60,5,0,0,14401,"2025-07-04 12:12:08"
25157672646,2025-06-26,CUSTOMER,FULL,1981-03-03,44,1986-07-02,38,840000,60,5,0,0,27437,"2025-07-04 12:12:02"
25157680492,2025-06-27,CUSTOMER,FULL,2002-12-02,22,1967-07-14,57,850000,48,4,0,0,7894,"2025-07-04 12:11:46"
25158663528,2025-07-04,CUSTOMER,FULL,1990-10-31,34,1993-01-01,32,285001,42,4,0,0,3316,"2025-07-04 12:11:32"
8800369085,2025-07-04,CUSTOMER,FULL,1985-05-09,40,NULL,0,200000,24,2,0,0,2415,"2025-07-04 12:11:31"
8800291240,2025-07-03,CUSTOMER,FULL,1987-12-20,37,NULL,-1,175000,36,3,0,0,2214,"2025-07-04 12:11:29"
25158667785,2025-07-04,CUSTOMER,FULL,1986-01-01,39,1988-06-01,37,650000,60,5,0,0,14090,"2025-07-04 12:11:28"
25157589840,2025-06-19,CUSTOMER,FULL,1994-07-18,30,1996-01-02,29,1950000,48,4,0,0,20341,"2025-07-04 12:11:03"
8800256570,2025-06-30,CUSTOMER,FULL,1990-10-29,34,NULL,-1,310000,42,4,0,0,3607,"2025-07-04 12:10:43"
25157930844,2025-07-01,CUSTOMER,FULL,1986-05-21,39,1994-10-11,30,540000,48,4,0,0,9737,"2025-07-04 12:10:40"
25158662920,2025-07-04,CUSTOMER,FULL,1977-06-26,48,NULL,0,445000,60,5,0,0,21120,"2025-07-04 12:10:18"
8800126060,2025-07-03,CUSTOMER,FULL,1996-04-05,29,NULL,-1,355000,42,4,0,0,3909,"2025-07-04 12:10:12"
25158666302,2025-07-04,CUSTOMER,FULL,1976-07-11,48,NULL,0,1000000,84,7,0,0,62859,"2025-07-04 12:10:05"
8800272120,2025-07-02,CUSTOMER,FULL,1983-01-01,42,NULL,-1,166000,30,3,0,0,2778,"2025-07-04 12:09:53"
25157932975,2025-06-30,CUSTOMER,FULL,2004-10-02,20,1977-11-25,47,278000,36,3,0,0,2169,"2025-07-04 12:09:44"
8800222915,2025-07-04,CUSTOMER,FULL,1998-01-01,27,1969-01-01,56,200000,48,4,0,0,2132,"2025-07-04 12:09:41"
8800252312,2025-07-03,CUSTOMER,FULL,1973-01-01,52,2003-07-17,21,500000,2,1,0,0,14294,"2025-07-04 12:09:38"
25158611708,2025-07-03,CUSTOMER,FULL,1988-01-01,37,1995-01-01,30,314500,36,3,0,0,3916,"2025-07-04 12:09:34"
25158135671,2025-07-02,CUSTOMER,FULL,1991-09-25,33,2001-06-26,24,570000,60,5,0,0,8630,"2025-07-04 12:09:18"
25157804699,2025-06-29,CUSTOMER,FULL,2001-02-19,24,1969-01-01,56,500000,47,4,0,0,5322,"2025-07-04 12:09:17"
25158664144,2025-07-04,CUSTOMER,FULL,2004-01-01,21,NULL,0,330000,48,4,0,0,3026,"2025-07-04 12:09:12"
25158663643,2025-07-04,CUSTOMER,FULL,1999-11-05,25,1998-07-09,26,1010000,47,4,0,0,9594,"2025-07-04 12:08:50"
25157532274,2025-06-15,CUSTOMER,FULL,1999-06-15,26,NULL,-1,150000,48,4,0,0,1583,"2025-07-04 12:08:39"
25157702190,2025-06-28,CUSTOMER,FULL,1986-01-01,39,1989-01-01,36,130000,18,2,0,0,1465,"2025-07-04 12:08:38"
8800138476,2025-06-06,CUSTOMER,FULL,2000-09-14,24,NULL,-1,650000,60,5,0,0,8115,"2025-07-04 12:08:14"
25158316973,2025-07-03,CUSTOMER,FULL,2000-03-04,25,NULL,-1,400000,47,4,0,0,4178,"2025-07-04 12:08:07"
8800360821,2025-07-01,CUSTOMER,FULL,1991-03-29,34,NULL,-1,292000,48,4,0,0,3398,"2025-07-04 12:08:05"
8800292705,2025-06-20,CUSTOMER,FULL,1986-01-01,39,NULL,-1,200000,48,4,0,0,3496,"2025-07-04 12:08:04"
8800291164,2025-07-03,CUSTOMER,FULL,1993-07-10,31,NULL,-1,300000,34,3,0,0,2917,"2025-07-04 12:08:02"
8800255547,2025-06-30,CUSTOMER,FULL,1984-01-01,41,1999-01-01,26,1088000,72,6,0,0,30736,"2025-07-04 12:08:01"
8800231102,2025-06-11,CUSTOMER,FULL,1998-02-07,27,1975-01-01,50,300000,36,3,0,0,2702,"2025-07-04 12:07:58"
25158663131,2025-07-04,CUSTOMER,FULL,1994-06-02,31,NULL,0,600000,60,5,0,0,8362,"2025-07-04 12:07:30"
25158663024,2025-07-04,CUSTOMER,FULL,1977-01-10,48,NULL,0,775000,24,2,0,0,19900,"2025-07-04 12:06:57"
25158663755,2025-07-04,CO-APPLICANT,FULL,2000-01-01,25,1986-01-01,39,980000,60,5,0,0,19012,"2025-07-04 12:06:38"
25158558136,2025-07-03,CUSTOMER,FULL,1996-04-09,29,1973-01-01,52,410000,48,4,0,0,4543,"2025-07-04 12:06:12"
8800140360,2025-07-02,CUSTOMER,FULL,1994-01-18,31,NULL,-1,360000,36,3,0,0,3501,"2025-07-04 12:05:54"
8800360602,2025-07-02,CUSTOMER,FULL,1994-12-04,30,NULL,-1,405000,84,7,0,0,7250,"2025-07-04 12:05:54"
25157953802,2025-07-01,CUSTOMER,FULL,1986-05-19,39,NULL,-1,416000,35,3,0,0,6058,"2025-07-04 12:05:34"
8800340004,2025-07-04,CUSTOMER,FULL,1993-01-01,32,NULL,0,420000,36,3,0,0,4168,"2025-07-04 12:05:22"
8800225089,2025-07-03,CUSTOMER,FULL,1979-11-19,45,NULL,-1,1011000,60,5,0,0,36374,"2025-07-04 12:05:17"
25158660623,2025-07-04,CUSTOMER,FULL,1984-07-02,41,NULL,0,2400000,48,4,0,0,48881,"2025-07-04 12:04:53"
25158664002,2025-07-04,CUSTOMER,FULL,1971-01-01,54,1974-02-12,51,200000,24,2,0,0,8690,"2025-07-04 12:04:48"
25158279704,2025-07-03,CUSTOMER,FULL,1977-11-20,47,NULL,-1,110000,12,1,0,0,1343,"2025-07-04 12:04:43"
25157690596,2025-06-27,CUSTOMER,FULL,1995-06-11,30,1973-01-01,52,600000,60,5,0,0,8093,"2025-07-04 12:04:35"
25158277322,2025-07-03,CUSTOMER,FULL,1984-01-01,41,2006-06-01,19,600000,48,4,0,0,12532,"2025-07-04 12:04:31"
25158664007,2025-07-04,CUSTOMER,FULL,1999-07-08,25,1980-01-01,45,348000,36,3,0,0,2854,"2025-07-04 12:04:06"
25157812101,2025-06-29,CUSTOMER,FULL,1992-01-01,33,1994-09-11,30,560000,48,4,0,0,7111,"2025-07-04 12:03:57"
25158662961,2025-07-04,CUSTOMER,FULL,1971-12-25,53,1985-03-12,40,855599,72,6,0,0,75398,"2025-07-04 12:03:52"
25158663906,2025-07-04,CUSTOMER,FULL,1981-01-01,44,NULL,0,350000,36,3,0,0,7554,"2025-07-04 12:03:39"
25157608483,2025-06-20,CUSTOMER,FULL,1997-04-22,28,1973-01-01,52,1700000,44,4,0,0,18355,"2025-07-04 12:03:37"
25158276575,2025-07-03,CUSTOMER,FULL,1982-12-05,42,NULL,-1,220000,42,4,0,0,4977,"2025-07-04 12:03:32"
25158104373,2025-07-02,CUSTOMER,FULL,1974-02-08,51,NULL,-1,150000,12,1,0,0,2813,"2025-07-04 12:03:05"
25158663721,2025-07-04,CUSTOMER,FULL,1984-05-01,41,NULL,0,280000,33,3,0,0,4712,"2025-07-04 12:02:43"
25157673304,2025-06-26,CUSTOMER,FULL,1997-08-06,27,NULL,-1,360000,24,2,0,0,2507,"2025-07-04 12:02:31"
8800284545,2025-07-04,CUSTOMER,FULL,1985-01-01,40,NULL,0,510000,48,4,0,0,9599,"2025-07-04 12:02:13"
8800199484,2025-06-23,CUSTOMER,FULL,2001-05-12,24,1960-01-01,65,300000,24,2,0,0,2087,"2025-07-04 12:02:09"
25158661798,2025-07-04,CUSTOMER,FULL,2003-01-01,22,1963-01-01,62,836000,72,6,0,0,11000,"2025-07-04 12:01:51"
25157926374,2025-06-30,CUSTOMER,FULL,1991-12-14,33,1962-07-06,62,1856000,84,7,0,0,34626,"2025-07-04 12:01:46"
25158136609,2025-07-02,CUSTOMER,FULL,1985-07-05,39,1988-11-11,36,330000,42,4,0,0,5448,"2025-07-04 12:01:19"
8800365606,2025-07-02,CUSTOMER,FULL,1980-05-17,45,NULL,-1,250000,28,3,0,0,5992,"2025-07-04 12:01:15"
25158663959,2025-07-04,CUSTOMER,FULL,2005-07-29,19,NULL,0,318000,42,4,0,0,2804,"2025-07-04 12:00:44"
25158385674,2025-07-03,CUSTOMER,FULL,1988-07-05,36,NULL,-1,260000,36,3,0,0,3093,"2025-07-04 12:00:34"
25158461282,2025-07-04,CUSTOMER,FULL,1998-09-26,26,NULL,0,500000,60,5,0,0,6272,"2025-07-04 12:00:27"
8800343701,2025-06-20,CUSTOMER,FULL,1991-01-01,34,NULL,-1,315000,36,3,0,0,3123,"2025-07-04 11:59:57"
25158663887,2025-07-04,CUSTOMER,FULL,1989-04-01,36,NULL,0,256862,24,2,0,0,2401,"2025-07-04 11:59:40"
25158365897,2025-07-03,CUSTOMER,FULL,1992-01-01,33,NULL,-1,250000,36,3,0,0,2585,"2025-07-04 11:58:57"
8800294557,2025-07-03,CUSTOMER,FULL,1980-05-10,45,1951-12-08,73,200000,24,2,0,0,3055,"2025-07-04 11:58:15"
25158662984,2025-07-04,CUSTOMER,FULL,1982-01-01,43,1979-01-01,46,150000,23,2,0,0,2282,"2025-07-04 11:57:48"
8800223805,2025-07-03,CUSTOMER,FULL,1986-01-01,39,2002-09-06,22,250000,48,4,0,0,4369,"2025-07-04 11:57:38"
8800134321,2025-07-04,CUSTOMER,FULL,1994-04-10,31,NULL,0,390000,84,7,0,0,7244,"2025-07-04 11:57:28"
25158518846,2025-07-03,CUSTOMER,FULL,1996-12-25,28,1967-01-01,58,200000,36,3,0,0,1818,"2025-07-04 11:57:24"
8800011439,2025-07-04,CUSTOMER,FULL,1983-10-03,41,NULL,0,700000,36,3,0,0,11721,"2025-07-04 11:57:21"
25158663586,2025-07-04,CUSTOMER,FULL,1988-03-15,37,NULL,0,270000,23,2,0,0,2677,"2025-07-04 11:57:11"
25157929598,2025-06-30,CUSTOMER,FULL,2000-07-01,24,1982-02-11,43,500000,42,4,0,0,4715,"2025-07-04 11:56:30"
25158304024,2025-07-03,CUSTOMER,FULL,1998-01-01,27,NULL,-1,330000,35,3,0,0,2863,"2025-07-04 11:55:59"
25158389200,2025-07-03,CO-APPLICANT,FULL,2000-01-01,25,1995-02-13,30,660000,48,4,0,0,7500,"2025-07-04 11:55:46"
8800164504,2025-07-02,CUSTOMER,FULL,1977-08-13,47,NULL,-1,105000,24,2,0,0,1898,"2025-07-04 11:55:25"
25158663629,2025-07-04,CUSTOMER,FULL,1974-01-01,51,1970-08-10,54,70000,24,2,0,0,2396,"2025-07-04 11:55:23"
25158065002,2025-07-02,CUSTOMER,FULL,1999-01-01,26,NULL,-1,1200000,60,5,0,0,13637,"2025-07-04 11:54:04"
8800222068,2025-07-04,CUSTOMER,FULL,1999-12-07,25,NULL,0,275000,18,2,0,0,1915,"2025-07-04 11:53:39"
8800335093,2025-07-03,CUSTOMER,FULL,1999-12-16,25,NULL,-1,333000,48,4,0,0,3164,"2025-07-04 11:53:38"
25158511925,2025-07-03,CUSTOMER,FULL,1991-10-10,33,1970-01-01,55,325000,48,4,0,0,3659,"2025-07-04 11:53:34"
8800082937,2025-07-04,CUSTOMER,FULL,1985-07-27,39,NULL,0,480000,36,3,0,0,6928,"2025-07-04 11:53:29"
25158135004,2025-07-02,CUSTOMER,FULL,1994-06-01,31,1971-07-03,53,646000,72,6,0,0,10474,"2025-07-04 11:52:57"
8800254103,2025-07-03,CO-APPLICANT,FULL,1970-01-01,55,1983-03-15,42,330000,18,2,0,0,4630,"2025-07-04 11:52:56"
25158663469,2025-07-04,CUSTOMER,FULL,1984-08-10,40,1994-11-20,30,700000,60,5,0,0,16331,"2025-07-04 11:52:31"
25158663504,2025-07-04,CUSTOMER,FULL,1995-06-15,30,NULL,0,870000,60,5,0,0,10441,"2025-07-04 11:52:31"
25158659781,2025-07-04,CUSTOMER,FULL,1989-06-15,36,NULL,0,655000,72,6,0,0,13673,"2025-07-04 11:52:18"
25158374984,2025-07-03,CUSTOMER,FULL,2000-07-08,24,NULL,-1,472000,36,3,0,0,4155,"2025-07-04 11:52:09"
25158663233,2025-07-04,CUSTOMER,FULL,1986-01-01,39,NULL,0,400000,20,2,0,0,4574,"2025-07-04 11:51:58"
25158320553,2025-07-03,CUSTOMER,FULL,2000-01-01,25,NULL,-1,400000,60,5,0,0,4994,"2025-07-04 11:51:40"
25158662430,2025-07-04,CUSTOMER,FULL,1986-06-08,39,1990-04-15,35,606000,48,4,0,0,10927,"2025-07-04 11:51:34"
25158464780,2025-07-04,CUSTOMER,FULL,2001-09-12,23,1968-01-01,57,550000,60,5,0,0,6867,"2025-07-04 11:51:10"
25158456312,2025-07-03,CUSTOMER,FULL,1977-12-24,47,NULL,-1,1200000,84,7,0,0,69738,"2025-07-04 11:50:59"
8800286263,2025-07-04,CUSTOMER,FULL,1983-01-01,42,NULL,0,500000,48,4,0,0,11311,"2025-07-04 11:49:59"
8800196540,2025-07-03,CUSTOMER,FULL,1986-05-07,39,NULL,-1,500000,24,2,0,0,5323,"2025-07-04 11:49:49"
25157651381,2025-06-24,CUSTOMER,FULL,1986-06-25,38,NULL,-1,1000000,60,5,0,0,18255,"2025-07-04 11:49:37"
25157931497,2025-06-30,CUSTOMER,FULL,1970-01-01,55,2000-05-01,25,130000,12,1,0,0,3644,"2025-07-04 11:49:26"
8800330044,2025-07-01,CUSTOMER,FULL,1975-06-15,50,1982-09-29,42,1000000,60,5,0,0,57502,"2025-07-04 11:49:21"
25158051417,2025-07-02,CUSTOMER,FULL,1991-06-30,34,NULL,-1,250000,36,3,0,0,2706,"2025-07-04 11:49:08"
25158044907,2025-07-02,CUSTOMER,FULL,2000-05-20,25,1973-08-10,51,750000,84,7,0,0,12187,"2025-07-04 11:49:01"
25157930483,2025-06-30,CUSTOMER,FULL,1988-01-01,37,NULL,-1,960000,36,3,0,0,11952,"2025-07-04 11:48:56"
25158663439,2025-07-04,CUSTOMER,FULL,1987-06-21,38,NULL,0,900000,84,7,0,0,23651,"2025-07-04 11:48:53"
25158663022,2025-07-04,CUSTOMER,FULL,2002-12-22,22,1974-06-05,51,584000,72,6,0,0,8366,"2025-07-04 11:48:52"
8800035062,2025-07-01,CUSTOMER,FULL,1986-09-16,38,NULL,-1,919000,60,5,0,0,16776,"2025-07-04 11:48:44"
8800262937,2025-07-04,CUSTOMER,FULL,1993-09-20,31,NULL,0,200000,47,4,0,0,2316,"2025-07-04 11:48:39"
25157932784,2025-07-03,CUSTOMER,FULL,2000-02-22,25,1958-01-01,67,450000,48,4,0,0,4790,"2025-07-04 11:48:38"
25158332687,2025-07-03,CUSTOMER,FULL,2000-01-02,25,1975-05-10,50,780000,60,5,0,0,8450,"2025-07-04 11:48:20"
8800074790,2025-07-04,CUSTOMER,FULL,1990-04-17,35,NULL,0,450000,24,2,0,0,3983,"2025-07-04 11:47:52"
25158447243,2025-07-03,CUSTOMER,FULL,1984-06-16,41,NULL,-1,150000,36,3,0,0,2525,"2025-07-04 11:47:24"
8800160207,2025-07-03,CUSTOMER,FULL,1982-03-19,43,1970-05-30,55,550000,24,2,0,0,7267,"2025-07-04 11:47:22"
25158661164,2025-07-04,CUSTOMER,FULL,1991-06-11,34,NULL,0,1100000,60,5,0,0,14850,"2025-07-04 11:46:37"
25157674516,2025-06-26,CUSTOMER,FULL,1993-05-05,32,1974-09-18,50,1009000,60,5,0,0,12716,"2025-07-04 11:46:26"
25158137911,2025-07-03,CUSTOMER,FULL,1982-03-11,43,NULL,-1,880000,48,4,0,0,21672,"2025-07-04 11:46:18"
8800369434,2025-07-03,CUSTOMER,FULL,1996-01-01,29,NULL,-1,570000,60,5,0,0,7480,"2025-07-04 11:46:17"
25158283928,2025-07-03,CUSTOMER,FULL,1999-10-27,25,1972-02-06,53,900000,48,4,0,0,9580,"2025-07-04 11:46:04"
25157642364,2025-06-23,CUSTOMER,FULL,2000-04-23,25,NULL,-1,1116000,60,5,0,0,12089,"2025-07-04 11:45:30"
25158036071,2025-07-02,CUSTOMER,FULL,1978-12-25,46,NULL,-1,652000,35,3,0,0,17011,"2025-07-04 11:45:23"
25158042914,2025-07-02,CUSTOMER,FULL,1966-04-01,59,1989-12-12,35,310000,36,3,0,0,25204,"2025-07-04 11:45:08"
25157956700,2025-07-01,CUSTOMER,FULL,1999-09-08,25,1976-01-01,49,550000,57,5,0,0,6867,"2025-07-04 11:44:57"
25158662991,2025-07-04,CUSTOMER,FULL,1992-06-19,33,NULL,0,5500000,59,5,0,0,80152,"2025-07-04 11:44:46"
25157662905,2025-06-25,CUSTOMER,FULL,1991-01-09,34,1998-10-06,26,588000,59,5,0,0,8965,"2025-07-04 11:44:12"
25158663623,2025-07-04,CUSTOMER,FULL,1983-01-01,42,NULL,0,474000,48,4,0,0,10723,"2025-07-04 11:43:30"
25158663613,2025-07-04,CUSTOMER,FULL,1983-10-11,41,NULL,0,1200000,60,5,0,0,30232,"2025-07-04 11:43:26"
8800205467,2025-07-04,CUSTOMER,FULL,1999-01-29,26,NULL,0,230000,35,3,0,0,2025,"2025-07-04 11:43:01"
25157931641,2025-07-03,CUSTOMER,FULL,1990-07-08,34,NULL,-1,500000,60,5,0,0,7954,"2025-07-04 11:42:17"
8800094298,2025-07-02,CUSTOMER,FULL,1994-02-11,31,NULL,-1,630000,60,5,0,0,8780,"2025-07-04 11:42:16"
25158662573,2025-07-04,CUSTOMER,FULL,1995-04-05,30,NULL,0,240000,24,2,0,0,1776,"2025-07-04 11:42:08"
8800316520,2025-07-04,CUSTOMER,FULL,2003-02-15,22,1998-09-14,26,490000,48,4,0,0,5216,"2025-07-04 11:41:39"
25158327792,2025-07-03,CUSTOMER,FULL,1975-01-05,50,NULL,-1,530000,60,5,0,0,30476,"2025-07-04 11:41:34"
25158300415,2025-07-03,CUSTOMER,FULL,1981-01-01,44,2000-02-05,25,350000,18,2,0,0,5803,"2025-07-04 11:41:14"
25157920134,2025-07-03,CUSTOMER,FULL,1980-01-01,45,2000-12-12,24,600000,60,5,0,0,21587,"2025-07-04 11:41:00"
25158663840,2025-07-04,CUSTOMER,FULL,2002-01-01,23,NULL,0,400000,60,5,0,0,4994,"2025-07-04 11:40:50"
8800333693,2025-07-03,CUSTOMER,FULL,2003-11-05,21,NULL,-1,300000,48,4,0,0,3194,"2025-07-04 11:40:21"
8800032941,2025-06-23,CUSTOMER,FULL,1987-05-27,38,NULL,-1,950000,60,5,0,0,17342,"2025-07-04 11:40:09"
8800159554,2025-07-03,CUSTOMER,FULL,1997-03-10,28,NULL,-1,75000,12,1,0,0,553,"2025-07-04 11:39:27"
8800360284,2025-07-03,CUSTOMER,FULL,1998-04-10,27,NULL,-1,200000,24,2,0,0,1393,"2025-07-04 11:39:19"
25158355189,2025-07-03,CUSTOMER,FULL,2000-01-11,25,NULL,-1,1225000,84,7,0,0,18315,"2025-07-04 11:39:18"
25158443712,2025-07-03,CUSTOMER,FULL,2000-01-01,25,1991-01-01,34,335000,36,3,0,0,2748,"2025-07-04 11:39:11"
25158110702,2025-07-02,CUSTOMER,FULL,1987-04-06,38,NULL,-1,750000,60,5,0,0,15169,"2025-07-04 11:38:47"
25157945343,2025-07-01,CUSTOMER,FULL,1962-01-10,63,1986-12-06,38,260000,36,3,0,0,27088,"2025-07-04 11:38:20"
25157705819,2025-06-28,CUSTOMER,FULL,2004-10-10,20,1981-01-01,44,600000,48,4,0,0,6358,"2025-07-04 11:38:10"
25158663349,2025-07-04,CUSTOMER,FULL,1990-01-01,35,NULL,0,400000,36,3,0,0,4555,"2025-07-04 11:37:48"
25158304026,2025-07-03,CUSTOMER,FULL,1996-01-01,29,NULL,-1,250000,24,2,0,0,1785,"2025-07-04 11:37:41"
25157930032,2025-06-30,CUSTOMER,FULL,1994-03-03,31,1969-01-01,56,415000,35,3,0,0,3977,"2025-07-04 11:37:40"
25158239764,2025-07-02,CUSTOMER,FULL,1996-06-05,29,1953-01-01,72,600000,48,4,0,0,6649,"2025-07-04 11:37:19"
25157649883,2025-06-24,CUSTOMER,FULL,1988-03-10,37,NULL,-1,750000,60,5,0,0,14205,"2025-07-04 11:37:16"
8800134611,2025-07-04,CUSTOMER,FULL,1978-12-07,46,NULL,0,235000,48,4,0,0,7623,"2025-07-04 11:37:00"
8800319232,2025-07-04,CUSTOMER,FULL,1981-08-12,43,NULL,0,600000,36,3,0,0,11859,"2025-07-04 11:36:55"
25157932603,2025-06-30,CUSTOMER,FULL,1970-01-01,55,1999-01-01,26,320000,36,3,0,0,19666,"2025-07-04 11:36:37"
25157670793,2025-06-26,CUSTOMER,"PARTIAL TENURE",1980-01-01,45,NULL,-1,1800000,84,7,0,3,38254,"2025-07-04 11:36:24"
25157688803,2025-06-27,CO-APPLICANT,FULL,1963-01-01,62,2002-01-01,23,529000,59,5,0,0,6605,"2025-07-04 11:36:06"
8800335171,2025-06-27,CUSTOMER,FULL,1983-07-27,41,NULL,-1,350000,36,3,0,0,5861,"2025-07-04 11:35:34"
25158090627,2025-07-02,CO-APPLICANT,FULL,1969-01-01,56,1995-01-01,30,650000,48,4,0,0,7387,"2025-07-04 11:35:31"
25157927578,2025-06-30,CUSTOMER,FULL,1990-01-01,35,1957-01-01,68,1500000,60,5,0,0,21099,"2025-07-04 11:34:55"
25158663122,2025-07-04,CUSTOMER,FULL,1995-03-08,30,1965-10-12,59,331000,36,3,0,0,2969,"2025-07-04 11:34:14"
25157683911,2025-06-27,CUSTOMER,FULL,1977-01-01,48,NULL,-1,500000,36,3,0,0,16161,"2025-07-04 11:34:09"
25158662849,2025-07-04,CUSTOMER,FULL,1983-01-01,42,1961-01-01,64,780000,60,5,0,0,18675,"2025-07-04 11:33:35"
8800325179,2025-06-25,CO-APPLICANT,FULL,2000-01-01,25,1982-11-21,42,800000,60,5,0,0,21873,"2025-07-04 11:33:24"
8800143989,2025-07-03,CO-APPLICANT,FULL,1964-01-01,61,1984-07-23,40,350000,36,3,0,0,5469,"2025-07-04 11:33:21"
25158663558,2025-07-04,CUSTOMER,FULL,2000-01-20,25,NULL,0,310000,36,3,0,0,2737,"2025-07-04 11:33:16"
25158661872,2025-07-04,CUSTOMER,FULL,1981-01-01,44,NULL,0,500000,36,3,0,0,10792,"2025-07-04 11:32:54"
8800346208,2025-06-25,CUSTOMER,FULL,1997-08-08,27,NULL,-1,320000,42,4,0,0,3218,"2025-07-04 11:32:20"
25158401371,2025-07-03,CUSTOMER,"PARTIAL TENURE",1972-01-01,53,1999-01-01,26,570000,36,3,0,2,23575,"2025-07-04 11:32:19"
25157543886,2025-06-16,CUSTOMER,FULL,1993-08-12,31,NULL,-1,500000,30,3,0,0,4862,"2025-07-04 11:32:04"
25157714002,2025-07-02,CUSTOMER,FULL,1999-01-24,26,1997-05-29,28,600000,60,5,0,0,7527,"2025-07-04 11:31:47"
25157702688,2025-06-28,CUSTOMER,FULL,1996-05-04,29,1962-01-01,63,302000,36,3,0,0,2670,"2025-07-04 11:31:43"
25158661947,2025-07-04,CUSTOMER,FULL,1981-01-01,44,NULL,0,200000,24,2,0,0,3260,"2025-07-04 11:30:59"
25157923273,2025-06-30,CUSTOMER,FULL,2000-03-27,25,NULL,-1,500000,36,3,0,0,4402,"2025-07-04 11:30:54"
25158662228,2025-07-04,CUSTOMER,FULL,1986-04-20,39,NULL,0,200000,36,3,0,0,2887,"2025-07-04 11:30:46"
8800247199,2025-06-30,CUSTOMER,FULL,1993-06-14,32,NULL,-1,455000,60,5,0,0,6594,"2025-07-04 11:30:44"
8800218375,2025-07-02,CUSTOMER,FULL,2004-04-10,21,1995-01-01,30,635000,60,5,0,0,6639,"2025-07-04 11:30:38"
25157924497,2025-06-30,CUSTOMER,FULL,1981-07-07,43,NULL,-1,1035000,60,5,0,0,26869,"2025-07-04 11:30:07"
25157931287,2025-06-30,CUSTOMER,FULL,1998-01-12,27,NULL,-1,115000,18,2,0,0,846,"2025-07-04 11:30:07"
8800361328,2025-06-29,CUSTOMER,FULL,1990-04-24,35,NULL,-1,409000,24,2,0,0,3620,"2025-07-04 11:30:00"
8800105065,2025-05-25,CUSTOMER,FULL,1983-01-01,42,1985-01-01,40,660000,60,5,0,0,18045,"2025-07-04 11:29:52"
8800221391,2025-07-03,CUSTOMER,FULL,1979-08-02,45,NULL,-1,148000,24,2,0,0,2261,"2025-07-04 11:29:38"
8800401203,2025-07-01,CUSTOMER,FULL,1980-06-01,45,NULL,-1,700000,60,5,0,0,25185,"2025-07-04 11:29:29"
25156192442,2025-05-15,CUSTOMER,FULL,1988-01-01,37,1982-06-15,42,385000,36,3,0,0,4793,"2025-07-04 11:28:46"
25158662960,2025-07-04,CUSTOMER,FULL,1988-05-07,37,NULL,0,310000,36,3,0,0,3922,"2025-07-04 11:28:23"
25158332892,2025-07-03,CUSTOMER,FULL,1992-03-17,33,NULL,-1,750000,60,5,0,0,11355,"2025-07-04 11:28:04"
25158662932,2025-07-04,CUSTOMER,FULL,1990-02-04,35,NULL,0,870000,60,5,0,0,14599,"2025-07-04 11:28:03"
25157680291,2025-06-27,CUSTOMER,FULL,1995-02-02,30,NULL,-1,800000,84,7,0,0,14321,"2025-07-04 11:27:51"
8800275455,2025-06-20,CUSTOMER,FULL,2003-10-13,21,NULL,-1,510000,48,4,0,0,5429,"2025-07-04 11:27:32"
25157931151,2025-06-30,CUSTOMER,FULL,1979-01-01,46,1977-01-01,48,330000,36,3,0,0,8610,"2025-07-04 11:27:26"
25158070204,2025-07-02,CUSTOMER,FULL,1995-07-01,30,1997-01-05,28,331000,48,4,0,0,3453,"2025-07-04 11:27:14"
25158456310,2025-07-03,CUSTOMER,FULL,1989-06-25,36,1991-04-02,34,600000,48,4,0,0,8914,"2025-07-04 11:27:06"
8800047990,2025-07-04,CUSTOMER,FULL,1997-07-30,27,1978-07-01,47,846000,60,5,0,0,10712,"2025-07-04 11:27:03"
25158663062,2025-07-04,CUSTOMER,FULL,1984-05-20,41,NULL,0,1092800,60,5,0,0,24269,"2025-07-04 11:26:47"
8800215396,2025-07-04,CUSTOMER,FULL,1986-07-12,38,1983-05-01,42,700000,60,5,0,0,14158,"2025-07-04 11:26:24"
25158461265,2025-07-03,CUSTOMER,FULL,1985-11-25,39,1987-12-08,37,1600000,24,2,0,0,18295,"2025-07-04 11:26:02"
8800092665,2025-07-03,CUSTOMER,FULL,1991-12-08,33,NULL,-1,515000,36,3,0,0,5324,"2025-07-04 11:25:56"
25158662945,2025-07-04,CUSTOMER,FULL,1986-01-01,39,1987-01-01,38,530000,48,4,0,0,9557,"2025-07-04 11:25:49"
8800253594,2025-07-04,CUSTOMER,FULL,1998-05-19,27,NULL,0,1308000,84,7,0,0,21084,"2025-07-04 11:25:40"
25158296787,2025-07-03,CUSTOMER,"PARTIAL FINANCE AMOUNT",1970-07-17,54,NULL,-1,170000,24,2,127500,0,5733,"2025-07-04 11:25:32"
25157673255,2025-06-26,CUSTOMER,FULL,2001-01-01,24,NULL,-1,210000,24,2,0,0,1463,"2025-07-04 11:24:47"
25158661658,2025-07-04,CUSTOMER,FULL,1996-01-01,29,NULL,0,250000,36,3,0,0,2275,"2025-07-04 11:24:39"
8800293986,2025-07-03,CUSTOMER,FULL,1991-01-01,34,NULL,-1,250000,36,3,0,0,2706,"2025-07-04 11:24:30"
8800354804,2025-06-20,CUSTOMER,FULL,1986-09-14,38,NULL,-1,460000,59,5,0,0,9304,"2025-07-04 11:24:29"
8800132461,2025-07-04,CUSTOMER,FULL,1991-05-24,34,NULL,0,150000,12,1,0,0,723,"2025-07-04 11:24:00"
8800118484,2025-06-30,CUSTOMER,"PARTIAL TENURE",1975-04-24,50,NULL,-1,511000,48,4,0,2,15841,"2025-07-04 11:23:30"
25158661681,2025-07-04,CUSTOMER,FULL,2001-02-04,24,1974-06-20,51,640000,59,5,0,0,7991,"2025-07-04 11:23:29"
25158287921,2025-07-03,CO-APPLICANT,FULL,1968-10-03,56,1993-11-22,31,200000,30,3,0,0,1917,"2025-07-04 11:23:27"
8800291819,2025-06-28,CUSTOMER,FULL,1986-08-31,38,1959-04-22,66,250000,24,2,0,0,2501,"2025-07-04 11:23:26"
25158662739,2025-07-04,CUSTOMER,FULL,1992-10-03,32,NULL,0,195000,36,3,0,0,1821,"2025-07-04 11:23:23"
25158307576,2025-07-04,CUSTOMER,FULL,1992-06-01,33,NULL,0,438000,60,5,0,0,6632,"2025-07-04 11:23:20"
8800205752,2025-06-25,CUSTOMER,FULL,2000-04-23,25,NULL,-1,1116000,60,5,0,0,12089,"2025-07-04 11:23:20"
8800169930,2025-06-23,CUSTOMER,FULL,1992-05-21,33,NULL,-1,650000,59,5,0,0,9841,"2025-07-04 11:23:07"
25158663150,2025-07-04,CUSTOMER,FULL,1995-03-10,30,NULL,0,200000,24,2,0,0,1459,"2025-07-04 11:23:03"
8800196689,2025-07-03,CUSTOMER,FULL,1963-05-30,62,1970-10-26,54,250000,36,3,0,0,24633,"2025-07-04 11:23:01"
8800261309,2025-07-03,CUSTOMER,FULL,2006-01-08,19,1980-10-20,44,870000,60,5,0,0,8778,"2025-07-04 11:22:14"
25158337359,2025-07-03,CUSTOMER,FULL,1989-12-01,35,NULL,-1,800000,36,3,0,0,8194,"2025-07-04 11:22:14"
8800252061,2025-06-24,CUSTOMER,FULL,1991-01-01,34,NULL,-1,120000,30,3,0,0,1300,"2025-07-04 11:21:56"
8800380756,2025-07-02,CUSTOMER,FULL,1995-03-10,30,1987-03-04,38,630000,60,5,0,0,8498,"2025-07-04 11:21:36"
25157814972,2025-06-29,CUSTOMER,FULL,2000-12-15,24,NULL,-1,300000,36,3,0,0,2641,"2025-07-04 11:21:31"
25158662711,2025-07-04,CUSTOMER,FULL,1999-04-09,26,NULL,0,325000,48,4,0,0,3245,"2025-07-04 11:21:06"
8800233110,2025-07-01,CUSTOMER,FULL,1979-07-14,45,NULL,-1,610000,84,7,0,0,27979,"2025-07-04 11:20:22"
25157977023,2025-07-03,CUSTOMER,FULL,1990-06-01,35,NULL,-1,480000,48,4,0,0,6735,"2025-07-04 11:19:55"
25158660312,2025-07-04,CUSTOMER,FULL,2004-01-20,21,1974-01-01,51,320000,36,3,0,0,2534,"2025-07-04 11:19:45"
25158348121,2025-07-03,CUSTOMER,FULL,1996-05-12,29,NULL,-1,312000,23,2,0,0,2299,"2025-07-04 11:19:35"
8800356325,2025-07-03,CUSTOMER,FULL,1993-01-01,32,1992-01-01,33,825000,60,5,0,0,10397,"2025-07-04 11:19:19"
25157652883,2025-06-24,CUSTOMER,FULL,1987-01-01,38,1961-09-10,63,300000,60,5,0,0,5792,"2025-07-04 11:19:07"
25158333403,2025-07-03,CUSTOMER,FULL,1985-07-12,39,NULL,-1,1000000,60,5,0,0,19400,"2025-07-04 11:19:02"
25157662474,2025-06-25,CUSTOMER,FULL,1982-01-01,43,1983-07-17,41,310000,42,4,0,0,6771,"2025-07-04 11:18:59"
25157805370,2025-06-29,CUSTOMER,FULL,2003-01-25,22,1996-07-14,28,510000,60,5,0,0,6368,"2025-07-04 11:18:55"
25158525754,2025-07-03,CUSTOMER,FULL,1992-11-29,32,NULL,-1,330000,36,3,0,0,3081,"2025-07-04 11:18:34"
25158343079,2025-07-03,CUSTOMER,FULL,1998-09-10,26,1971-01-01,54,1300000,60,5,0,0,14773,"2025-07-04 11:18:11"
25158043274,2025-07-02,CUSTOMER,FULL,1988-06-01,37,1994-06-01,31,829500,60,5,0,0,14320,"2025-07-04 11:17:57"
8800327020,2025-07-01,CUSTOMER,"PARTIAL TENURE",1978-01-01,47,NULL,-1,730000,60,5,0,2,16203,"2025-07-04 11:17:51"
25158663046,2025-07-04,CUSTOMER,FULL,1989-03-08,36,NULL,0,400000,48,4,0,0,5943,"2025-07-04 11:17:25"
25158662918,2025-07-04,CUSTOMER,FULL,1981-05-04,44,NULL,0,900000,60,5,0,0,25425,"2025-07-04 11:16:57"
25158662908,2025-07-04,CUSTOMER,FULL,1990-06-15,35,1985-02-17,40,450000,60,5,0,0,7551,"2025-07-04 11:16:43"
25158307572,2025-07-03,CUSTOMER,FULL,1992-01-01,33,NULL,-1,264000,36,3,0,0,2530,"2025-07-04 11:16:24"
8800227503,2025-07-04,CUSTOMER,FULL,1987-02-01,38,NULL,0,400000,30,3,0,0,5400,"2025-07-04 11:15:52"
25157918827,2025-06-30,CUSTOMER,FULL,1994-01-02,31,2000-01-01,25,313000,48,4,0,0,3336,"2025-07-04 11:15:48"
25157655715,2025-06-24,CUSTOMER,FULL,1994-01-01,31,NULL,-1,600000,60,5,0,0,8362,"2025-07-04 11:15:36"
8800201688,2025-07-04,CUSTOMER,FULL,2002-12-20,22,NULL,0,660000,84,7,0,0,10662,"2025-07-04 11:15:35"
25158661427,2025-07-04,CUSTOMER,FULL,1990-01-01,35,1997-01-01,28,850000,60,5,0,0,14263,"2025-07-04 11:15:14"
25158661084,2025-07-04,CUSTOMER,FULL,1997-03-15,28,NULL,0,170000,24,2,0,0,1228,"2025-07-04 11:14:36"
8800006700,2025-07-02,CUSTOMER,FULL,1998-02-20,27,NULL,-1,220000,36,3,0,0,1981,"2025-07-04 11:14:30"
25157990487,2025-07-01,CUSTOMER,FULL,1984-01-12,41,NULL,-1,180000,24,2,0,0,2132,"2025-07-04 11:13:18"
8800191494,2025-07-04,CUSTOMER,FULL,1974-03-03,51,NULL,0,300000,24,2,0,0,7823,"2025-07-04 11:12:48"
8800215788,2025-07-03,CUSTOMER,FULL,1990-01-01,35,1984-01-01,41,200000,20,2,0,0,1710,"2025-07-04 11:12:45"
25157822816,2025-06-29,CUSTOMER,FULL,1998-12-07,26,NULL,-1,350000,24,2,0,0,2563,"2025-07-04 11:12:09"
25157680761,2025-06-27,CUSTOMER,FULL,1988-01-01,37,NULL,-1,171000,24,2,0,0,1760,"2025-07-04 11:12:02"
25158039218,2025-07-02,CUSTOMER,FULL,2000-08-05,24,1983-06-06,42,270000,42,4,0,0,2546,"2025-07-04 11:11:53"
8800139860,2025-07-04,CUSTOMER,FULL,1974-04-05,51,1999-07-18,25,400000,36,3,0,0,17162,"2025-07-04 11:11:42"
25157522136,2025-06-14,CUSTOMER,FULL,1985-12-08,39,1987-07-09,37,627000,48,4,0,0,11306,"2025-07-04 11:11:40"
25158067139,2025-07-02,CUSTOMER,FULL,1985-02-01,40,1989-06-03,36,800000,60,5,0,0,18663,"2025-07-04 11:11:38"
25158662981,2025-07-04,CUSTOMER,FULL,1981-02-06,44,NULL,0,800000,60,5,0,0,26130,"2025-07-04 11:10:40"
25158433177,2025-07-03,CUSTOMER,FULL,1987-01-01,38,NULL,-1,380000,24,2,0,0,4121,"2025-07-04 11:10:31"
25158295245,2025-07-03,CUSTOMER,FULL,1980-01-01,45,1969-09-19,55,525000,60,5,0,0,18480,"2025-07-04 11:10:26"
25158656730,2025-07-04,CUSTOMER,FULL,1999-01-01,26,NULL,0,828000,72,6,0,0,11862,"2025-07-04 11:10:13"
25158327767,2025-07-03,CUSTOMER,FULL,1986-06-28,39,1987-07-01,38,1300000,60,5,0,0,25219,"2025-07-04 11:10:09"
25158661199,2025-07-04,CUSTOMER,FULL,1973-01-01,52,1995-01-01,30,250000,24,2,0,0,9479,"2025-07-04 11:09:59"
8800110374,2025-07-03,CUSTOMER,FULL,1993-01-01,32,NULL,-1,780000,48,4,0,0,8523,"2025-07-04 11:09:26"
25158662618,2025-07-04,CUSTOMER,FULL,1991-07-10,33,NULL,0,235000,24,2,0,0,1894,"2025-07-04 11:09:23"
8800002199,2025-07-03,CUSTOMER,FULL,1984-01-01,41,NULL,-1,230000,24,2,0,0,2989,"2025-07-04 11:08:57"
25158662012,2025-07-04,CUSTOMER,FULL,1994-07-22,30,NULL,0,250000,60,5,0,0,3278,"2025-07-04 11:08:46"
25158092449,2025-07-02,CUSTOMER,FULL,1995-01-11,30,NULL,-1,520000,84,7,0,0,9309,"2025-07-04 11:08:33"
25157929641,2025-06-30,CUSTOMER,FULL,1986-01-01,39,NULL,-1,440000,22,2,0,0,5032,"2025-07-04 11:08:32"
8800119185,2025-06-13,CUSTOMER,FULL,1998-04-13,27,1970-05-04,55,600000,60,5,0,0,7385,"2025-07-04 11:07:26"
8800175320,2025-07-04,CUSTOMER,FULL,1985-08-15,39,NULL,0,173500,27,3,0,0,2504,"2025-07-04 11:07:03"
8800184993,2025-07-04,CUSTOMER,FULL,1981-07-08,43,NULL,0,150000,24,2,0,0,2282,"2025-07-04 11:06:26"
25158662593,2025-07-04,CUSTOMER,FULL,1995-01-01,30,NULL,0,140000,18,2,0,0,1041,"2025-07-04 11:06:26"
25158662215,2025-07-04,CUSTOMER,FULL,1979-01-01,46,NULL,0,404000,48,4,0,0,13229,"2025-07-04 11:06:12"
8800379705,2025-06-28,CUSTOMER,FULL,1993-11-14,31,NULL,-1,170000,36,3,0,0,1653,"2025-07-04 11:05:50"
25158333246,2025-07-03,CUSTOMER,FULL,1992-01-01,33,1993-01-01,32,342000,36,3,0,0,3277,"2025-07-04 11:05:08"
25158662441,2025-07-04,CUSTOMER,FULL,1988-02-13,37,NULL,0,400000,36,3,0,0,5112,"2025-07-04 11:04:47"
25158307579,2025-07-03,CUSTOMER,FULL,1986-08-30,38,1951-01-25,74,450000,72,6,0,0,10705,"2025-07-04 11:04:20"
25158661961,2025-07-04,CUSTOMER,FULL,2001-01-01,24,NULL,0,280000,36,3,0,0,2465,"2025-07-04 11:03:58"
8800409601,2025-07-04,CUSTOMER,FULL,2002-01-01,23,NULL,0,620000,84,7,0,0,10016,"2025-07-04 11:03:58"
25158601341,2025-07-03,CUSTOMER,FULL,1982-01-01,43,NULL,-1,369000,48,4,0,0,9088,"2025-07-04 11:03:20"
25158332667,2025-07-03,CO-APPLICANT,FULL,1973-01-17,52,2002-12-02,22,724000,54,5,0,0,9039,"2025-07-04 11:03:10"
25158298927,2025-07-03,CUSTOMER,FULL,1985-01-01,40,NULL,-1,120000,24,2,0,0,1353,"2025-07-04 11:03:07"
8800388356,2025-07-01,CUSTOMER,FULL,1989-01-30,36,NULL,-1,300000,36,3,0,0,3587,"2025-07-04 11:03:04"
25158126907,2025-07-02,CUSTOMER,FULL,1984-01-01,41,2002-09-22,22,830000,72,6,0,0,23447,"2025-07-04 11:03:01"
25158660696,2025-07-04,CUSTOMER,FULL,1990-09-14,34,NULL,0,250000,36,3,0,0,2706,"2025-07-04 11:02:16"
25158661890,2025-07-04,CUSTOMER,FULL,1995-01-01,30,NULL,0,960000,60,5,0,0,11521,"2025-07-04 11:01:51"
8800250241,2025-07-04,CUSTOMER,FULL,1993-04-15,32,NULL,0,420000,36,3,0,0,4213,"2025-07-04 11:01:50"
25157806929,2025-06-29,CUSTOMER,FULL,1997-04-05,28,NULL,-1,1049000,72,6,0,0,15387,"2025-07-04 11:01:45"
25158042294,2025-07-03,CUSTOMER,FULL,1990-03-14,35,1963-01-01,62,520000,47,4,0,0,7296,"2025-07-04 11:01:40"
8800213856,2025-07-03,CUSTOMER,FULL,2002-04-15,23,1976-01-01,49,450000,60,5,0,0,5618,"2025-07-04 11:01:13"
25158662240,2025-07-04,CUSTOMER,FULL,1992-03-21,33,1981-09-15,43,900000,48,4,0,0,11428,"2025-07-04 11:00:46"
25158289400,2025-07-03,CUSTOMER,FULL,2001-01-01,24,1986-01-01,39,269000,24,2,0,0,1826,"2025-07-04 11:00:32"
25158324150,2025-07-03,CUSTOMER,FULL,1973-01-01,52,NULL,-1,550000,60,5,0,0,38077,"2025-07-04 10:58:42"
8800361270,2025-07-04,CUSTOMER,FULL,2000-06-04,25,NULL,0,670000,60,5,0,0,8365,"2025-07-04 10:58:27"
25157971250,2025-07-04,CUSTOMER,FULL,1996-04-12,29,NULL,0,720000,60,5,0,0,9448,"2025-07-04 10:58:04"
25157645651,2025-06-24,CUSTOMER,FULL,1992-08-12,32,NULL,-1,650000,36,3,0,0,6451,"2025-07-04 10:58:00"
25158657025,2025-07-04,CUSTOMER,FULL,1992-01-01,33,1990-06-19,35,1000000,60,5,0,0,13028,"2025-07-04 10:57:44"
8800183370,2025-07-01,CUSTOMER,FULL,1998-01-07,27,NULL,-1,850000,60,5,0,0,10462,"2025-07-04 10:57:20"
25158419035,2025-07-03,CUSTOMER,FULL,1983-01-01,42,NULL,-1,250000,30,3,0,0,4546,"2025-07-04 10:57:07"
25158142113,2025-07-02,CUSTOMER,FULL,1978-11-16,46,NULL,-1,910000,36,3,0,0,23807,"2025-07-04 10:56:53"
8800362024,2025-07-04,CUSTOMER,FULL,1990-01-01,35,NULL,0,925000,60,5,0,0,13011,"2025-07-04 10:56:38"
8800112212,2025-06-28,CUSTOMER,FULL,1981-02-14,44,NULL,-1,650000,48,4,0,0,17511,"2025-07-04 10:56:28"
25158662709,2025-07-04,CUSTOMER,FULL,2004-07-20,20,NULL,0,100000,18,2,0,0,691,"2025-07-04 10:56:22"
25158394250,2025-07-03,CUSTOMER,FULL,1985-01-01,40,NULL,-1,700000,60,5,0,0,16331,"2025-07-04 10:55:47"
8800360761,2025-07-03,CUSTOMER,FULL,1980-12-05,44,NULL,-1,660000,36,3,0,0,12866,"2025-07-04 10:55:36"
8800244161,2025-07-03,CUSTOMER,FULL,2000-01-01,25,1978-01-01,47,330000,48,4,0,0,3135,"2025-07-04 10:55:19"
25158038638,2025-07-02,CUSTOMER,FULL,2000-06-24,25,1979-01-01,46,1000000,60,5,0,0,12485,"2025-07-04 10:54:29"
25158358780,2025-07-04,CUSTOMER,FULL,1998-03-18,27,2001-06-08,24,689000,48,4,0,0,7399,"2025-07-04 10:54:27"
25158303955,2025-07-03,CUSTOMER,FULL,1990-08-12,34,1983-05-01,42,330000,48,4,0,0,3840,"2025-07-04 10:52:21"
25158038698,2025-07-02,CUSTOMER,FULL,1992-04-08,33,NULL,-1,1700000,84,7,0,0,31715,"2025-07-04 10:52:18"
25157586842,2025-06-19,CUSTOMER,"PARTIAL TENURE",1973-08-20,51,NULL,-1,658000,60,5,0,2,22331,"2025-07-04 10:52:01"
25158042758,2025-07-02,CUSTOMER,FULL,1974-03-20,51,1996-10-15,28,500000,24,2,0,0,16969,"2025-07-04 10:51:14"
25158043112,2025-07-02,CUSTOMER,FULL,2007-01-01,18,1974-01-01,51,265000,36,3,0,0,1964,"2025-07-04 10:51:00"
8800260668,2025-07-04,CUSTOMER,FULL,1996-06-27,29,NULL,0,700000,42,4,0,0,7707,"2025-07-04 10:50:26"
8800384306,2025-07-04,CUSTOMER,FULL,1997-01-01,28,NULL,0,425000,36,3,0,0,3802,"2025-07-04 10:50:10"
8800317877,2025-06-14,CUSTOMER,FULL,1998-08-15,26,1962-08-04,62,150000,36,3,0,0,1321,"2025-07-04 10:49:18"
8800178793,2025-07-04,CUSTOMER,FULL,1990-08-08,34,1992-05-04,33,270000,36,3,0,0,2925,"2025-07-04 10:49:09"
25158661803,2025-07-04,CUSTOMER,FULL,1996-09-09,28,NULL,0,950000,60,5,0,0,11031,"2025-07-04 10:49:01"
8800250253,2025-07-03,CUSTOMER,FULL,1996-10-10,28,NULL,-1,540000,60,5,0,0,6940,"2025-07-04 10:48:35"
25158661805,2025-07-04,CUSTOMER,FULL,1999-06-16,26,1995-05-08,30,280000,36,3,0,0,2465,"2025-07-04 10:48:31"
8800087804,2025-07-04,CUSTOMER,FULL,1990-01-30,35,NULL,0,150000,24,2,0,0,1328,"2025-07-04 10:48:24"
25157619570,2025-06-21,CUSTOMER,FULL,2001-11-01,23,2001-01-24,24,1450000,60,5,0,0,15468,"2025-07-04 10:47:45"
25158662173,2025-07-04,CUSTOMER,FULL,1990-02-20,35,NULL,0,710000,60,5,0,0,9987,"2025-07-04 10:47:36"
25157674137,2025-06-26,CUSTOMER,FULL,1991-09-05,33,1968-05-03,57,4000000,47,4,0,0,49749,"2025-07-04 10:47:22"
25158661918,2025-07-04,CUSTOMER,FULL,1978-11-24,46,NULL,0,500000,24,2,0,0,8290,"2025-07-04 10:46:57"
25158442251,2025-07-03,CUSTOMER,FULL,1974-07-06,50,NULL,-1,170000,12,1,0,0,2859,"2025-07-04 10:46:30"
8800217170,2025-06-24,CUSTOMER,FULL,1999-01-01,26,2004-12-07,20,930000,84,7,0,0,14826,"2025-07-04 10:46:28"
8800372536,2025-07-03,CUSTOMER,FULL,1994-12-07,30,NULL,-1,1200000,84,7,0,0,20405,"2025-07-04 10:45:52"
8800062687,2025-06-23,CUSTOMER,FULL,1982-01-01,43,NULL,-1,390000,36,3,0,0,7709,"2025-07-04 10:45:12"
25158656802,2025-07-04,CUSTOMER,FULL,1978-01-01,47,1978-01-01,47,870000,60,5,0,0,36414,"2025-07-04 10:44:55"
8800328934,2025-07-04,CUSTOMER,FULL,1982-08-09,42,NULL,0,100000,18,2,0,0,1404,"2025-07-04 10:44:44"
25157930325,2025-06-30,CUSTOMER,FULL,1996-01-05,29,1978-06-20,47,160000,24,2,0,0,1171,"2025-07-04 10:44:42"
8800125624,2025-06-30,CUSTOMER,FULL,1982-07-20,42,NULL,-1,200000,24,2,0,0,2491,"2025-07-04 10:44:33"
25158070284,2025-07-02,CUSTOMER,FULL,1994-09-26,30,NULL,-1,949600,84,7,0,0,16147,"2025-07-04 10:43:20"
8800192847,2025-07-02,CUSTOMER,FULL,1970-07-09,54,NULL,-1,798047,60,5,0,0,65524,"2025-07-04 10:43:13"
25158041726,2025-07-03,CUSTOMER,FULL,1988-09-07,36,NULL,-1,570000,48,4,0,0,8469,"2025-07-04 10:42:12"
25157822746,2025-06-29,CUSTOMER,FULL,1997-04-01,28,1968-01-01,57,350000,48,4,0,0,3779,"2025-07-04 10:41:32"
25158332799,2025-07-03,CUSTOMER,FULL,1994-05-10,31,NULL,-1,550000,48,4,0,0,6452,"2025-07-04 10:41:19"
25158281682,2025-07-03,CUSTOMER,FULL,1984-01-01,41,1987-01-01,38,525000,48,4,0,0,10966,"2025-07-04 10:40:21"
25157671135,2025-06-26,CUSTOMER,FULL,1994-02-14,31,1988-01-01,37,860000,48,4,0,0,9164,"2025-07-04 10:40:08"
25158661107,2025-07-04,CUSTOMER,FULL,1996-09-17,28,1977-12-07,47,727000,84,7,0,0,12302,"2025-07-04 10:39:56"
8800356482,2025-07-04,CUSTOMER,FULL,1974-06-01,51,NULL,0,465000,47,4,0,0,24687,"2025-07-04 10:39:42"
25157375345,2025-06-09,CUSTOMER,FULL,1992-05-24,33,1984-12-03,40,165000,36,3,0,0,1716,"2025-07-04 10:39:36"
25157929244,2025-07-03,CUSTOMER,FULL,2001-05-13,24,2000-01-01,25,475000,60,5,0,0,5931,"2025-07-04 10:38:55"
25158063250,2025-07-02,CUSTOMER,FULL,1994-10-10,30,1990-12-17,34,1500000,36,3,0,0,13966,"2025-07-04 10:38:37"
8800089488,2025-06-30,CUSTOMER,FULL,1984-08-01,40,1985-02-09,40,240000,36,3,0,0,3722,"2025-07-04 10:37:29"
25158661290,2025-07-04,CUSTOMER,FULL,1990-06-30,35,NULL,0,260000,36,3,0,0,2952,"2025-07-04 10:37:26"
25158341010,2025-07-03,CUSTOMER,FULL,1987-06-15,38,1980-03-13,45,1015000,47,4,0,0,15822,"2025-07-04 10:36:46"
25157687363,2025-06-27,CUSTOMER,FULL,1989-07-01,35,NULL,-1,258000,30,3,0,0,2643,"2025-07-04 10:36:21"
25158084180,2025-07-02,CUSTOMER,FULL,1993-06-30,32,NULL,-1,300000,24,2,0,0,2319,"2025-07-04 10:35:36"
25157931983,2025-06-30,CUSTOMER,FULL,1993-01-01,32,1968-01-01,57,750000,59,5,0,0,10868,"2025-07-04 10:35:05"
25157684294,2025-06-27,CUSTOMER,FULL,2003-05-01,22,1978-01-01,47,540000,48,4,0,0,5748,"2025-07-04 10:34:59"
25157610738,2025-06-20,CUSTOMER,FULL,1993-10-10,31,1973-01-01,52,600000,36,3,0,0,5749,"2025-07-04 10:34:41"
8800290503,2025-07-04,CUSTOMER,FULL,1966-10-15,58,NULL,0,200000,24,2,0,0,12055,"2025-07-04 10:34:24"
8800235666,2025-07-03,CUSTOMER,FULL,1987-03-01,38,NULL,-1,600000,60,5,0,0,11583,"2025-07-04 10:33:35"
8800369435,2025-07-04,CUSTOMER,FULL,1984-01-12,41,NULL,0,950000,60,5,0,0,23934,"2025-07-04 10:32:54"
25157486575,2025-06-12,CUSTOMER,FULL,1981-01-01,44,1979-01-01,46,160000,12,1,0,0,1375,"2025-07-04 10:32:25"
25158167175,2025-07-02,CUSTOMER,FULL,1990-08-26,34,1994-06-06,31,860000,84,7,0,0,18419,"2025-07-04 10:30:52"
8800364183,2025-06-28,CUSTOMER,FULL,1982-04-15,43,NULL,-1,350000,48,4,0,0,8488,"2025-07-04 10:30:40"
25158659681,2025-07-04,CUSTOMER,FULL,1994-01-01,31,NULL,0,170000,24,2,0,0,1284,"2025-07-04 10:30:38"
25157934407,2025-07-01,CUSTOMER,FULL,1997-01-01,28,NULL,-1,600000,60,5,0,0,7711,"2025-07-04 10:30:22"
25158134179,2025-07-03,CUSTOMER,FULL,1988-11-16,36,NULL,-1,110000,18,2,0,0,1082,"2025-07-04 10:30:18"
25158656711,2025-07-04,CUSTOMER,FULL,1995-07-01,30,1973-01-01,52,486000,47,4,0,0,5523,"2025-07-04 10:29:33"
25158661380,2025-07-04,CUSTOMER,FULL,1999-10-09,25,NULL,0,750000,60,5,0,0,8125,"2025-07-04 10:29:32"
8800351402,2025-07-03,CUSTOMER,FULL,1999-09-10,25,NULL,-1,410000,60,5,0,0,5119,"2025-07-04 10:29:19"
25158332554,2025-07-03,CUSTOMER,FULL,1987-06-01,38,1988-01-01,37,285000,36,3,0,0,3881,"2025-07-04 10:29:11"
25158042823,2025-07-02,CUSTOMER,FULL,1988-06-01,37,NULL,-1,595000,48,4,0,0,9395,"2025-07-04 10:29:07"
25157679713,2025-06-30,CUSTOMER,FULL,2000-10-06,24,1977-09-21,47,600000,60,5,0,0,7491,"2025-07-04 10:28:48"
25158281189,2025-07-03,CUSTOMER,FULL,1987-08-22,37,NULL,-1,868000,72,6,0,0,18918,"2025-07-04 10:28:21"
25158556719,2025-07-04,CUSTOMER,FULL,1995-05-01,30,NULL,0,400000,48,4,0,0,4546,"2025-07-04 10:28:02"
8800019794,2025-07-03,CUSTOMER,FULL,1991-08-18,33,1981-08-03,43,200000,24,2,0,0,1580,"2025-07-04 10:27:44"
8800095599,2025-07-04,CUSTOMER,FULL,1974-06-01,51,NULL,0,650000,48,4,0,0,34063,"2025-07-04 10:25:09"
25158656831,2025-07-04,CO-APPLICANT,FULL,2000-01-01,25,2003-09-08,21,711000,48,4,0,0,7568,"2025-07-04 10:24:50"
25158659200,2025-07-04,CUSTOMER,FULL,1991-01-01,34,1983-01-01,42,250000,30,3,0,0,2706,"2025-07-04 10:24:33"
25157574054,2025-06-18,CUSTOMER,FULL,1980-01-01,45,NULL,-1,150000,24,2,0,0,2728,"2025-07-04 10:23:43"
8800195670,2025-07-03,CUSTOMER,FULL,1996-01-27,29,NULL,-1,490000,60,5,0,0,6268,"2025-07-04 10:23:38"
25158385683,2025-07-03,CUSTOMER,FULL,1985-01-01,40,NULL,-1,865000,60,5,0,0,17873,"2025-07-04 10:23:33"
25158126339,2025-07-02,CUSTOMER,FULL,1988-02-17,37,NULL,-1,700000,60,5,0,0,12647,"2025-07-04 10:23:27"
25157929890,2025-06-30,CUSTOMER,FULL,1997-07-07,27,2002-07-21,22,614000,60,5,0,0,7775,"2025-07-04 10:22:32"
25157518911,2025-06-14,CUSTOMER,FULL,1994-05-09,31,NULL,-1,1500000,60,5,0,0,20904,"2025-07-04 10:21:57"
25157681009,2025-06-27,CUSTOMER,FULL,1996-01-01,29,NULL,-1,300000,24,2,0,0,2211,"2025-07-04 10:21:52"
8800382826,2025-07-03,CUSTOMER,FULL,1987-01-01,38,NULL,-1,300000,30,3,0,0,4086,"2025-07-04 10:21:48"
25158282001,2025-07-03,CUSTOMER,FULL,1989-01-01,36,NULL,-1,360000,36,3,0,0,4282,"2025-07-04 10:21:40"
25157928928,2025-06-30,CUSTOMER,FULL,1985-01-01,40,1981-05-31,44,523000,48,4,0,0,10128,"2025-07-04 10:21:29"
25157577119,2025-06-18,CUSTOMER,FULL,1992-08-13,32,2001-02-03,24,480000,47,4,0,0,5840,"2025-07-04 10:21:25"
25158314877,2025-07-03,CUSTOMER,FULL,1995-07-20,29,2000-04-29,25,4470000,47,4,0,0,49213,"2025-07-04 10:20:17"
25158577313,2025-07-03,CUSTOMER,FULL,1995-09-25,29,1998-04-15,27,600000,36,3,0,0,5459,"2025-07-04 10:20:08"
25158489140,2025-07-03,CUSTOMER,FULL,1982-01-01,43,NULL,-1,460000,36,3,0,0,9092,"2025-07-04 10:19:58"
25158660010,2025-07-04,CO-APPLICANT,FULL,1972-01-01,53,1997-05-22,28,400000,12,1,0,0,1638,"2025-07-04 10:19:24"
25157962233,2025-07-03,CUSTOMER,FULL,1985-06-15,40,NULL,-1,800000,34,3,0,0,12499,"2025-07-04 10:17:39"
25157596726,2025-06-20,CUSTOMER,FULL,1977-01-01,48,1955-01-01,70,900000,60,5,0,0,41461,"2025-07-04 10:17:26"
8800332753,2025-06-26,CUSTOMER,FULL,1991-05-10,34,NULL,-1,600000,60,5,0,0,9544,"2025-07-04 10:16:36"
25158660175,2025-07-04,CUSTOMER,FULL,2007-05-07,18,1957-01-01,68,800000,60,5,0,0,7883,"2025-07-04 10:16:19"
8800256457,2025-07-03,CUSTOMER,FULL,1986-05-29,39,NULL,-1,75000,30,3,0,0,1093,"2025-07-04 10:16:00"
8800229940,2025-07-04,CUSTOMER,FULL,1974-01-01,51,NULL,0,190000,30,3,0,0,8280,"2025-07-04 10:15:59"
25157630548,2025-06-23,CUSTOMER,FULL,2003-01-01,22,NULL,-1,250000,36,3,0,0,2201,"2025-07-04 10:14:34"
25158070739,2025-07-02,CUSTOMER,FULL,1987-01-01,38,NULL,-1,750000,60,5,0,0,15169,"2025-07-04 10:14:29"
8800268083,2025-07-04,CUSTOMER,FULL,1999-01-01,26,NULL,0,440000,51,5,0,0,5364,"2025-07-04 10:11:54"
25157670485,2025-06-26,CUSTOMER,FULL,2004-01-01,21,NULL,-1,555000,55,5,0,0,6929,"2025-07-04 10:11:24"
25158116365,2025-07-02,CUSTOMER,FULL,1992-09-02,32,1989-10-09,35,985000,60,5,0,0,12414,"2025-07-04 10:11:23"
25158281703,2025-07-03,CUSTOMER,FULL,1979-01-01,46,1994-06-15,31,1300000,60,5,0,0,49564,"2025-07-04 10:11:12"
8800376830,2025-07-03,CUSTOMER,FULL,1986-05-27,39,1992-07-10,32,850000,60,5,0,0,17623,"2025-07-04 10:10:46"
8800088339,2025-07-02,CUSTOMER,FULL,2000-06-25,25,NULL,-1,400000,48,4,0,0,4258,"2025-07-04 10:10:13"
25158659941,2025-07-04,CUSTOMER,FULL,2001-06-01,24,NULL,0,450000,45,4,0,0,4790,"2025-07-04 10:09:35"
8800366282,2025-07-01,CUSTOMER,FULL,1993-12-29,31,NULL,-1,300000,60,5,0,0,4181,"2025-07-04 10:08:17"
25158068497,2025-07-02,CUSTOMER,FULL,1986-12-01,38,NULL,-1,110000,18,2,0,0,1161,"2025-07-04 10:07:18"
8800092261,2025-07-02,CUSTOMER,FULL,1995-04-18,30,1967-06-01,58,100000,12,1,0,0,740,"2025-07-04 10:07:17"
8800377004,2025-06-29,CUSTOMER,FULL,1998-10-11,26,NULL,-1,810000,71,6,0,0,11709,"2025-07-04 10:07:15"
25157697243,2025-06-28,CUSTOMER,FULL,1987-08-20,37,2000-01-01,25,1000000,84,7,0,0,24710,"2025-07-04 10:06:11"
25158525751,2025-07-03,CUSTOMER,FULL,2000-12-10,24,NULL,-1,500000,60,5,0,0,6243,"2025-07-04 10:05:29"
8800294480,2025-07-03,CUSTOMER,FULL,1995-01-02,30,1972-01-01,53,370000,30,3,0,0,3502,"2025-07-04 10:04:48"
8800206917,2025-07-03,CUSTOMER,FULL,1999-05-19,26,1974-01-05,51,800000,60,5,0,0,10035,"2025-07-04 10:04:21"
8800161082,2025-07-03,CUSTOMER,FULL,1980-05-16,45,2002-02-16,23,200000,24,2,0,0,3055,"2025-07-04 10:04:13"
8800194608,2025-07-04,CUSTOMER,FULL,1990-04-21,35,NULL,0,330000,60,5,0,0,5538,"2025-07-04 10:04:04"
8800206528,2025-07-04,CO-APPLICANT,FULL,1971-01-01,54,2001-07-05,23,400000,48,4,0,0,4258,"2025-07-04 10:02:51"
25157670762,2025-06-26,CUSTOMER,FULL,2000-02-20,25,1970-11-30,54,1360000,72,6,0,0,19515,"2025-07-04 10:02:44"
25158364375,2025-07-03,CUSTOMER,FULL,1992-08-07,32,1968-10-01,56,150000,30,3,0,0,1505,"2025-07-04 10:00:49"
25157655571,2025-06-24,CUSTOMER,FULL,2003-08-08,21,1998-12-29,26,325000,60,5,0,0,3398,"2025-07-04 10:00:15"
25157932910,2025-07-02,CUSTOMER,FULL,2002-08-15,22,1982-01-01,43,500000,60,5,0,0,6243,"2025-07-04 09:59:03"
8800009268,2025-06-28,CUSTOMER,FULL,1985-05-16,40,NULL,-1,140000,24,2,0,0,1690,"2025-07-04 09:56:29"
25158660004,2025-07-04,CUSTOMER,FULL,1997-10-27,27,NULL,0,300000,42,4,0,0,3017,"2025-07-04 09:55:38"
8800220471,2025-07-03,CUSTOMER,FULL,1995-12-15,29,NULL,-1,170000,24,2,0,0,1253,"2025-07-04 09:54:47"
25158660098,2025-07-04,CUSTOMER,FULL,2002-08-09,22,1975-01-01,50,152000,24,2,0,0,1016,"2025-07-04 09:54:22"
25157494347,2025-06-12,CUSTOMER,FULL,1988-10-11,36,NULL,-1,600000,54,5,0,0,10677,"2025-07-04 09:51:54"
25158280771,2025-07-03,CUSTOMER,FULL,1991-03-29,34,1965-07-01,60,1750000,45,4,0,0,23294,"2025-07-04 09:49:03"
8800369717,2025-07-02,CUSTOMER,FULL,1985-10-10,39,NULL,-1,105837,60,5,0,0,2054,"2025-07-04 09:48:20"
25158064913,2025-07-02,CUSTOMER,FULL,1975-07-09,49,NULL,-1,130000,24,2,0,0,2812,"2025-07-04 09:47:51"
8800150643,2025-07-04,CUSTOMER,FULL,1986-10-03,38,NULL,0,450000,48,4,0,0,7578,"2025-07-04 09:47:40"
25157624078,2025-06-21,CUSTOMER,FULL,2002-05-06,23,NULL,-1,320000,36,3,0,0,2587,"2025-07-04 09:46:31"
25158547814,2025-07-03,CUSTOMER,FULL,1983-01-01,42,NULL,-1,1049500,60,5,0,0,25128,"2025-07-04 09:44:33"
8800263341,2025-07-02,CUSTOMER,FULL,2000-06-03,25,1999-10-10,25,665000,48,4,0,0,7078,"2025-07-04 09:44:04"
8800086371,2025-07-04,CUSTOMER,FULL,1996-07-20,28,1975-06-02,50,550000,47,4,0,0,5575,"2025-07-04 09:43:57"
8800248760,2025-07-04,CUSTOMER,FULL,1982-01-01,43,NULL,0,1050000,60,5,0,0,31298,"2025-07-04 09:43:42"
25158646013,2025-07-03,CUSTOMER,FULL,1995-07-19,29,1972-01-01,53,500000,54,5,0,0,6396,"2025-07-04 09:41:36"
25157927235,2025-06-30,CUSTOMER,FULL,1991-08-27,33,NULL,-1,350000,24,2,0,0,2764,"2025-07-04 09:39:44"
25158659261,2025-07-04,CUSTOMER,FULL,1997-05-05,28,1965-01-01,60,700000,60,5,0,0,8996,"2025-07-04 09:35:19"
25157619438,2025-06-24,CUSTOMER,FULL,1980-03-16,45,1980-03-16,45,650000,48,4,0,0,19252,"2025-07-04 09:26:12"
8800281391,2025-07-02,CUSTOMER,FULL,1982-05-12,43,1991-07-12,33,200000,12,1,0,0,1695,"2025-07-04 09:25:32"
25157673118,2025-06-26,CUSTOMER,FULL,1984-01-01,41,1988-01-01,37,680000,60,5,0,0,17132,"2025-07-04 09:21:02"
25158658339,2025-07-04,CUSTOMER,FULL,1975-10-01,49,NULL,0,1700000,84,7,0,0,117071,"2025-07-04 09:14:17"
8800262782,2025-07-04,CUSTOMER,FULL,1995-04-01,30,NULL,0,300000,35,3,0,0,2794,"2025-07-04 09:13:00"
25158656890,2025-07-04,CUSTOMER,FULL,1994-01-01,31,NULL,0,950000,60,5,0,0,11636,"2025-07-04 09:12:59"
25158068685,2025-07-02,CUSTOMER,FULL,1993-01-01,32,1991-01-01,34,650000,48,4,0,0,7103,"2025-07-04 09:12:36"
25158316941,2025-07-03,CUSTOMER,FULL,1989-09-30,35,NULL,-1,675000,72,6,0,0,13270,"2025-07-04 09:09:14"
8800395362,2025-07-04,CUSTOMER,FULL,1996-01-01,29,2002-01-01,23,580000,60,5,0,0,7611,"2025-07-04 09:06:57"
25157694625,2025-06-28,CUSTOMER,FULL,1995-01-01,30,1975-01-01,50,260000,36,3,0,0,2421,"2025-07-04 09:05:43"
8800223464,2025-07-03,CUSTOMER,FULL,1979-03-10,46,NULL,-1,640000,36,3,0,0,16743,"2025-07-04 09:05:09"
25157838297,2025-06-29,CUSTOMER,FULL,2003-01-01,22,1982-01-01,43,490000,48,4,0,0,5216,"2025-07-04 09:02:50"
25158658210,2025-07-04,CUSTOMER,FULL,1989-05-01,36,1993-08-01,31,145000,24,2,0,0,1426,"2025-07-04 09:01:46"
25158658009,2025-07-04,CUSTOMER,FULL,1988-04-04,37,1962-07-14,62,955000,72,6,0,0,21243,"2025-07-04 09:00:34"
25158656875,2025-07-04,CUSTOMER,FULL,1988-01-01,37,1985-01-01,40,600000,48,4,0,0,8872,"2025-07-04 08:57:44"
25158656588,2025-07-03,CUSTOMER,FULL,1989-09-03,35,NULL,-1,590000,36,3,0,0,6044,"2025-07-04 08:51:15"
25157923028,2025-06-30,CUSTOMER,FULL,1997-12-01,27,NULL,-1,970000,72,6,0,0,14045,"2025-07-04 08:50:59"
8800222067,2025-07-02,CUSTOMER,FULL,1999-12-07,25,NULL,-1,275000,18,2,0,0,1915,"2025-07-04 08:47:35"
25157685603,2025-06-27,CUSTOMER,FULL,2000-04-20,25,NULL,-1,450000,60,5,0,0,5618,"2025-07-04 08:46:26"
25157685515,2025-06-27,CUSTOMER,FULL,1995-01-08,30,NULL,-1,620000,50,5,0,0,8363,"2025-07-04 08:42:37"
25157680738,2025-06-27,CUSTOMER,FULL,1992-01-01,33,NULL,-1,650000,60,5,0,0,9841,"2025-07-04 08:42:17"
25158276819,2025-07-03,CUSTOMER,FULL,1998-07-04,26,NULL,-1,130000,18,2,0,0,952,"2025-07-04 08:42:17"
25158656975,2025-07-04,CUSTOMER,FULL,1995-02-02,30,NULL,0,147000,36,3,0,0,1392,"2025-07-04 08:41:40"
8800202080,2025-06-27,CUSTOMER,FULL,1991-05-11,34,NULL,-1,1850000,84,7,0,0,35998,"2025-07-04 08:41:35"
8800307504,2025-07-04,CUSTOMER,FULL,1971-01-05,54,1970-07-08,54,230000,36,3,0,0,12634,"2025-07-04 08:40:33"
8800251541,2025-07-04,CUSTOMER,FULL,2002-01-27,23,NULL,0,329000,60,5,0,0,3510,"2025-07-04 08:40:08"
25158042567,2025-07-02,CUSTOMER,FULL,1996-04-09,29,1987-06-02,38,110000,18,2,0,0,805,"2025-07-04 08:39:21"
8800235883,2025-07-04,CUSTOMER,FULL,1997-07-19,27,NULL,0,900000,48,4,0,0,9590,"2025-07-04 08:38:39"
8800389615,2025-07-02,CUSTOMER,FULL,2004-11-10,20,1989-06-12,36,923000,48,4,0,0,8332,"2025-07-04 08:38:26"
25157370495,2025-07-03,CUSTOMER,FULL,1987-05-09,38,NULL,-1,100000,24,2,0,0,1001,"2025-07-04 08:36:58"
25158597902,2025-07-03,CUSTOMER,FULL,2001-05-18,24,1999-10-31,25,800000,60,5,0,0,8610,"2025-07-04 08:36:52"
25158657181,2025-07-04,CUSTOMER,FULL,2002-10-25,22,1980-11-06,44,550000,60,5,0,0,6867,"2025-07-04 08:31:04"
25158656884,2025-07-04,CUSTOMER,FULL,2004-01-01,21,1976-01-01,49,200000,36,3,0,0,1697,"2025-07-04 08:29:38"
25158656873,2025-07-04,CUSTOMER,FULL,1976-01-01,49,NULL,0,140000,24,2,0,0,3028,"2025-07-04 08:29:35"
8800111295,2025-06-30,CUSTOMER,FULL,1991-08-21,33,1993-01-01,32,960000,60,5,0,0,14534,"2025-07-04 08:28:34"
25158656755,2025-07-04,CUSTOMER,FULL,2000-01-10,25,2003-05-07,22,290000,36,3,0,0,2379,"2025-07-04 08:27:56"
25158656784,2025-07-04,CUSTOMER,FULL,1998-01-01,27,1989-01-01,36,400000,48,4,0,0,4263,"2025-07-04 08:26:36"
25158484226,2025-07-03,CUSTOMER,FULL,1995-07-25,29,1991-05-14,34,757000,84,7,0,0,13140,"2025-07-04 08:25:37"
25158187836,2025-07-02,CUSTOMER,FULL,1986-01-01,39,1994-03-13,31,315000,36,3,0,0,4546,"2025-07-04 08:19:34"
8800280670,2025-07-04,CUSTOMER,FULL,1993-01-01,32,NULL,0,325000,12,1,0,0,1439,"2025-07-04 08:17:50"
25158311182,2025-07-03,CUSTOMER,FULL,1996-05-04,29,NULL,-1,510000,84,7,0,0,8853,"2025-07-04 08:17:23"
25158277858,2025-07-03,CUSTOMER,"PARTIAL FINANCE AMOUNT",1978-12-31,46,1976-06-01,49,303000,42,4,151500,0,4834,"2025-07-04 08:14:43"
25158034129,2025-07-02,CUSTOMER,FULL,1994-01-01,31,1976-01-01,49,980000,60,5,0,0,12004,"2025-07-04 08:12:14"
8800198509,2025-06-21,CO-APPLICANT,FULL,1995-06-08,30,1993-06-10,32,280000,42,4,0,0,3060,"2025-07-04 08:12:09"
25158038417,2025-07-02,CUSTOMER,FULL,1995-01-01,30,NULL,-1,300000,33,3,0,0,2840,"2025-07-04 08:09:26"
8800178617,2025-07-04,CUSTOMER,FULL,1982-04-08,43,NULL,0,160000,36,3,0,0,3176,"2025-07-04 08:08:28"
25158450745,2025-07-03,CUSTOMER,FULL,1990-07-27,34,NULL,-1,500000,60,5,0,0,7954,"2025-07-04 08:06:57"
25158042761,2025-07-02,CUSTOMER,FULL,1985-01-01,40,NULL,-1,400000,36,3,0,0,6250,"2025-07-04 08:05:30"
8800202895,2025-07-02,CUSTOMER,FULL,1995-07-25,29,1998-01-01,27,1150000,60,5,0,0,14710,"2025-07-04 08:03:35"
8800331065,2025-07-03,CUSTOMER,FULL,1992-08-08,32,1978-04-24,47,750000,72,6,0,0,12665,"2025-07-04 08:02:26"
8800310072,2025-07-04,CUSTOMER,FULL,1992-11-08,32,NULL,0,100000,18,2,0,0,767,"2025-07-04 07:58:39"
25158059308,2025-07-02,CUSTOMER,FULL,2001-01-10,24,NULL,-1,555000,36,3,0,0,4886,"2025-07-04 07:58:13"
25158327826,2025-07-03,CUSTOMER,FULL,1996-05-10,29,1965-04-10,60,215000,36,3,0,0,1901,"2025-07-04 07:47:18"
25157802812,2025-06-29,CUSTOMER,FULL,1998-11-12,26,NULL,-1,272000,35,3,0,0,2424,"2025-07-04 07:44:11"
8800407851,2025-07-04,CUSTOMER,FULL,1991-01-01,34,NULL,0,500000,48,4,0,0,6656,"2025-07-04 07:42:59"
25158506447,2025-07-03,CUSTOMER,FULL,1981-06-10,44,NULL,-1,830000,60,5,0,0,27110,"2025-07-04 07:39:21"
8800334951,2025-06-28,CUSTOMER,FULL,1982-12-23,42,NULL,-1,380000,36,3,0,0,6915,"2025-07-04 07:30:40"
25158043194,2025-07-02,CUSTOMER,FULL,1999-07-02,26,1961-01-01,64,600000,48,4,0,0,6394,"2025-07-04 07:28:06"
8800254208,2025-06-26,CUSTOMER,FULL,1982-06-01,43,NULL,-1,446759,36,3,0,0,8831,"2025-07-04 07:27:10"
25158124175,2025-07-03,CUSTOMER,FULL,1976-06-08,49,NULL,-1,690000,60,5,0,0,36045,"2025-07-04 07:25:47"
25157921041,2025-06-30,CUSTOMER,FULL,1984-01-01,41,NULL,-1,525000,47,4,0,0,10966,"2025-07-04 07:24:11"
25157487052,2025-06-12,CUSTOMER,FULL,1998-01-01,27,NULL,-1,320000,36,3,0,0,2776,"2025-07-04 07:21:40"
25158656729,2025-07-04,CUSTOMER,FULL,1975-01-01,50,NULL,0,800000,60,5,0,0,44274,"2025-07-04 07:21:13"
25157697928,2025-07-03,CUSTOMER,FULL,1990-12-10,34,NULL,-1,770000,48,4,0,0,10250,"2025-07-04 07:20:44"
25158499534,2025-07-03,CUSTOMER,FULL,1975-06-10,50,NULL,-1,870000,36,3,0,0,32841,"2025-07-04 07:20:35"
8800144789,2025-07-04,CUSTOMER,FULL,1986-06-17,39,1993-06-24,32,290000,36,3,0,0,4186,"2025-07-04 07:19:34"
25158656710,2025-07-04,CUSTOMER,FULL,1992-01-01,33,NULL,0,220000,36,3,0,0,2275,"2025-07-04 07:17:36"
25158404930,2025-07-03,CUSTOMER,FULL,2003-01-01,22,1974-01-01,51,757000,60,5,0,0,8022,"2025-07-04 07:11:56"
8800424726,2025-07-04,CUSTOMER,FULL,1992-05-05,33,NULL,0,600000,60,5,0,0,9084,"2025-07-04 07:09:38"
25158322068,2025-07-03,CO-APPLICANT,FULL,1978-06-01,47,2003-01-01,22,500000,36,3,0,0,4402,"2025-07-04 07:09:02"
25157686497,2025-06-27,CUSTOMER,FULL,1985-11-01,39,NULL,-1,331000,48,4,0,0,5465,"2025-07-04 07:06:42"
8800039264,2025-06-05,CUSTOMER,FULL,2001-01-01,24,1974-01-01,51,785000,60,5,0,0,9801,"2025-07-04 07:05:37"
25157674619,2025-06-26,CUSTOMER,FULL,1988-05-20,37,NULL,-1,80000,23,2,0,0,793,"2025-07-04 07:04:12"
25158438756,2025-07-03,CUSTOMER,FULL,1974-01-01,51,1995-04-06,30,155000,30,3,0,0,6389,"2025-07-04 06:59:44"
25158012695,2025-07-01,CUSTOMER,FULL,1991-01-01,34,NULL,-1,160000,24,2,0,0,1311,"2025-07-04 06:54:48"
8800396355,2025-07-03,CUSTOMER,FULL,1999-07-23,25,NULL,-1,337000,48,4,0,0,3202,"2025-07-04 06:54:44"
8800088970,2025-06-25,CUSTOMER,FULL,1987-06-06,38,NULL,-1,120000,36,3,0,0,1620,"2025-07-04 06:54:01"
8800362385,2025-06-30,CUSTOMER,"PARTIAL TENURE",1978-01-01,47,1966-01-13,59,400000,48,4,0,2,8879,"2025-07-04 06:43:07"
25157679625,2025-06-26,CUSTOMER,FULL,1990-04-15,35,NULL,-1,450000,34,3,0,0,5125,"2025-07-04 06:39:06"
8800321699,2025-06-27,CUSTOMER,FULL,1993-01-01,32,NULL,-1,267000,36,3,0,0,2493,"2025-07-04 06:35:18"
25157677687,2025-06-26,CUSTOMER,FULL,1989-01-01,36,NULL,-1,757000,60,5,0,0,12408,"2025-07-04 06:33:29"
25158067736,2025-07-02,CUSTOMER,FULL,2003-01-01,22,1974-01-01,51,675000,48,4,0,0,7185,"2025-07-04 06:27:51"
8800257138,2025-06-29,CUSTOMER,FULL,1990-09-10,34,NULL,-1,313500,36,3,0,0,3108,"2025-07-04 06:26:24"
25158130394,2025-07-02,CUSTOMER,FULL,1995-03-21,30,NULL,-1,620000,60,5,0,0,8363,"2025-07-04 06:11:56"
8800011800,2025-07-03,CUSTOMER,FULL,2000-07-10,24,1981-05-05,44,350000,36,3,0,0,3069,"2025-07-04 05:54:12"
8800398281,2025-07-01,CUSTOMER,FULL,1998-02-16,27,1997-12-02,27,1000000,60,5,0,0,12662,"2025-07-04 05:46:06"
25158656647,2025-07-03,CUSTOMER,FULL,1990-02-17,35,NULL,-1,590000,72,6,0,0,11599,"2025-07-04 05:45:45"
25157512693,2025-06-13,CUSTOMER,FULL,2004-04-12,21,1980-01-01,45,320000,42,4,0,0,2934,"2025-07-04 05:23:03"
8800333253,2025-06-28,CUSTOMER,FULL,1991-05-25,34,1985-01-01,40,400000,60,5,0,0,6363,"2025-07-04 05:02:20"
8800210208,2025-06-14,CUSTOMER,FULL,1995-12-30,29,NULL,-1,500000,36,3,0,0,4638,"2025-07-04 02:09:03"
25158132396,2025-07-02,CUSTOMER,FULL,1994-01-01,31,NULL,-1,575000,60,5,0,0,7043,"2025-07-04 01:28:22"
25157932318,2025-06-30,CUSTOMER,FULL,1980-05-11,45,NULL,-1,631000,72,6,0,0,26493,"2025-07-04 00:29:02"
25158067593,2025-07-02,CUSTOMER,FULL,1994-02-26,31,1959-01-10,66,700000,36,3,0,0,6807,"2025-07-04 00:25:51"
25158406979,2025-07-03,CUSTOMER,FULL,1985-01-01,40,NULL,-1,466000,35,3,0,0,7281,"2025-07-04 00:25:03"
25157920247,2025-06-30,CUSTOMER,FULL,1994-11-11,30,NULL,-1,300000,36,3,0,0,2691,"2025-07-04 00:24:42"
25158653050,2025-07-03,CUSTOMER,FULL,1994-10-27,30,NULL,-1,700000,60,5,0,0,8401,"2025-07-04 00:05:00"
25158622041,2025-07-03,CUSTOMER,FULL,2004-04-01,21,1988-02-10,37,285000,36,3,0,0,2257,"2025-07-03 23:58:02"
25158568438,2025-07-03,CUSTOMER,FULL,2001-01-01,24,NULL,0,565000,50,5,0,0,7054,"2025-07-03 23:53:07"
25157682776,2025-06-27,CUSTOMER,FULL,1986-01-01,39,1990-01-01,35,600000,48,4,0,0,10819,"2025-07-03 23:46:57"
25158449320,2025-07-03,CUSTOMER,FULL,1980-08-07,44,NULL,0,350000,36,3,0,0,7554,"2025-07-03 23:46:22"
25158044463,2025-07-02,CUSTOMER,FULL,1982-06-21,43,1953-01-01,72,737000,84,7,0,0,29986,"2025-07-03 23:43:13"
25158124193,2025-07-02,CUSTOMER,FULL,1979-12-20,45,1959-06-15,66,400000,24,2,0,0,7274,"2025-07-03 23:26:26"
8800198111,2025-07-03,CUSTOMER,FULL,1986-01-05,39,NULL,0,360000,35,3,0,0,5196,"2025-07-03 23:20:04"
25156142329,2025-06-20,CUSTOMER,FULL,1988-01-01,37,1993-09-20,31,350000,36,3,0,0,4428,"2025-07-03 23:19:32"
8800319185,2025-07-03,CUSTOMER,FULL,1995-03-10,30,1988-10-24,36,200000,24,2,0,0,1459,"2025-07-03 23:17:54"
25158346674,2025-07-03,CUSTOMER,FULL,1999-08-26,25,NULL,0,320000,35,3,0,0,2625,"2025-07-03 23:17:33"
25158429664,2025-07-03,CUSTOMER,FULL,1982-07-12,42,NULL,0,690000,60,5,0,0,18866,"2025-07-03 23:17:11"
25158494623,2025-07-03,CUSTOMER,FULL,1988-03-06,37,1987-07-30,37,956100,48,4,0,0,15096,"2025-07-03 23:14:48"
8800242786,2025-07-03,CUSTOMER,FULL,1997-03-11,28,NULL,0,492000,60,5,0,0,6323,"2025-07-03 23:13:32"
8800323286,2025-07-03,CUSTOMER,FULL,1982-08-15,42,NULL,0,450000,36,3,0,0,8183,"2025-07-03 23:11:38"
8800350008,2025-07-02,CUSTOMER,FULL,1982-05-01,43,NULL,-1,750000,84,7,0,0,30515,"2025-07-03 23:11:34"
25157931135,2025-06-30,CUSTOMER,FULL,1986-01-01,39,1958-03-01,67,1300000,72,6,0,0,33196,"2025-07-03 23:02:48"
25157628380,2025-06-22,CUSTOMER,FULL,1997-01-01,28,NULL,-1,313000,36,3,0,0,2730,"2025-07-03 23:02:09"
25158339455,2025-07-03,CUSTOMER,FULL,1998-10-28,26,1970-09-16,54,890000,72,6,0,0,12865,"2025-07-03 23:00:17"
25158332673,2025-07-03,CUSTOMER,FULL,1988-11-09,36,NULL,0,255000,84,7,0,0,6145,"2025-07-03 22:54:54"
25158136884,2025-07-02,CUSTOMER,"PARTIAL TENURE",1979-01-01,46,1981-01-01,44,1000000,48,4,0,3,26161,"2025-07-03 22:54:20"
25158357253,2025-07-03,CUSTOMER,FULL,1993-07-16,31,NULL,0,300000,60,5,0,0,4054,"2025-07-03 22:52:18"
25158608252,2025-07-03,CUSTOMER,FULL,2004-06-14,21,1984-01-01,41,180000,36,3,0,0,1426,"2025-07-03 22:46:37"
25158575298,2025-07-03,CUSTOMER,FULL,1978-01-26,47,NULL,0,120000,36,3,0,0,3511,"2025-07-03 22:44:37"
25158582169,2025-07-03,CUSTOMER,FULL,1999-12-22,25,NULL,0,295000,36,3,0,0,2420,"2025-07-03 22:43:56"
8800138988,2025-07-02,CUSTOMER,FULL,1997-01-01,28,1960-03-11,65,970000,59,5,0,0,11263,"2025-07-03 22:43:13"
25158038544,2025-07-02,CUSTOMER,FULL,1997-05-05,28,1980-01-01,45,300000,36,3,0,0,2684,"2025-07-03 22:39:35"
25158560147,2025-07-03,CUSTOMER,FULL,2001-07-02,24,1977-01-01,48,870000,60,5,0,0,10862,"2025-07-03 22:36:55"
8800134030,2025-07-03,CUSTOMER,FULL,2002-10-24,22,1981-01-01,44,710000,60,5,0,0,8864,"2025-07-03 22:35:38"
25158522289,2025-07-03,CUSTOMER,FULL,2002-07-24,22,NULL,0,300000,36,3,0,0,2401,"2025-07-03 22:34:42"
25158570449,2025-07-03,CUSTOMER,FULL,2002-01-01,23,NULL,0,565000,48,4,0,0,6014,"2025-07-03 22:32:54"
25157932805,2025-06-30,CUSTOMER,FULL,1995-01-01,30,NULL,-1,500000,35,3,0,0,4656,"2025-07-03 22:32:11"
8800363353,2025-07-03,CUSTOMER,FULL,1971-04-25,54,NULL,0,200000,48,4,0,0,13379,"2025-07-03 22:31:40"
25158051451,2025-07-02,CUSTOMER,FULL,1990-01-15,35,1999-11-10,25,700000,60,5,0,0,11746,"2025-07-03 22:30:23"
25158515370,2025-07-03,CUSTOMER,FULL,1996-02-27,29,1966-02-07,59,965000,72,6,0,0,14371,"2025-07-03 22:29:33"
8800294528,2025-07-03,CUSTOMER,FULL,1988-07-13,36,NULL,0,300000,36,3,0,0,3587,"2025-07-03 22:29:29"
25158414027,2025-07-03,CUSTOMER,FULL,1989-06-12,36,1963-04-17,62,580000,84,7,0,0,13976,"2025-07-03 22:27:36"
25157930010,2025-06-30,CUSTOMER,FULL,1990-08-01,34,1962-06-01,63,275000,36,3,0,0,2726,"2025-07-03 22:27:21"
25157739868,2025-06-28,CUSTOMER,FULL,1985-01-01,40,1982-07-21,42,575000,48,4,0,0,11135,"2025-07-03 22:24:09"
25158584175,2025-07-03,CUSTOMER,FULL,1998-05-17,27,1975-01-01,50,980000,59,5,0,0,11241,"2025-07-03 22:20:41"
25158580743,2025-07-03,CO-APPLICANT,FULL,1964-01-01,61,1994-02-22,31,550000,60,5,0,0,7665,"2025-07-03 22:19:15"
8800272132,2025-07-03,CUSTOMER,FULL,1973-05-25,52,1976-01-01,49,280000,36,3,0,0,13098,"2025-07-03 22:19:02"
8800358679,2025-06-29,CUSTOMER,FULL,1992-05-16,33,NULL,-1,310000,36,3,0,0,3223,"2025-07-03 22:18:44"
25158351638,2025-07-03,CUSTOMER,FULL,1982-01-01,43,NULL,0,350000,36,3,0,0,6918,"2025-07-03 22:16:16"
25158449287,2025-07-03,CUSTOMER,FULL,2001-06-09,24,2001-12-31,23,510000,48,4,0,0,5429,"2025-07-03 22:15:10"
25157668489,2025-06-25,CUSTOMER,FULL,1991-01-01,34,1952-01-01,73,460000,36,3,0,0,4978,"2025-07-03 22:13:55"
25157607548,2025-06-20,CUSTOMER,FULL,1989-05-02,36,NULL,-1,425000,47,4,0,0,6314,"2025-07-03 22:13:46"
25158577306,2025-07-03,CUSTOMER,FULL,1985-07-12,39,NULL,0,750000,60,5,0,0,16258,"2025-07-03 22:12:48"
25158553271,2025-07-03,CUSTOMER,FULL,1987-03-16,38,NULL,0,825000,60,5,0,0,16686,"2025-07-03 22:11:05"
25158350187,2025-07-03,CUSTOMER,FULL,2003-01-01,22,1973-01-01,52,500000,47,4,0,0,4644,"2025-07-03 22:09:27"
8800011223,2025-06-26,CUSTOMER,FULL,1988-05-23,37,NULL,-1,350000,36,3,0,0,4358,"2025-07-03 22:07:46"
25158394257,2025-07-03,CUSTOMER,FULL,1987-01-01,38,NULL,0,600000,60,5,0,0,12136,"2025-07-03 22:06:58"
25158575304,2025-07-03,CUSTOMER,FULL,1978-01-26,47,NULL,0,150000,36,3,0,0,4388,"2025-07-03 22:04:21"
25158568437,2025-07-03,CUSTOMER,FULL,1983-05-02,42,NULL,0,700000,36,3,0,0,12737,"2025-07-03 22:03:13"
8800381278,2025-07-01,CUSTOMER,FULL,1994-07-01,31,NULL,-1,235000,36,3,0,0,2285,"2025-07-03 22:02:32"
8800400726,2025-07-02,CUSTOMER,FULL,1976-03-14,49,1981-06-20,44,2500000,36,3,0,0,89975,"2025-07-03 21:58:40"
25157451772,2025-06-11,CUSTOMER,FULL,1993-07-05,31,NULL,-1,240000,24,2,0,0,1799,"2025-07-03 21:55:59"
25158333504,2025-07-03,CUSTOMER,FULL,1987-03-01,38,1992-07-10,32,620000,48,4,0,0,10440,"2025-07-03 21:49:46"
25157964915,2025-07-01,CO-APPLICANT,FULL,1969-01-01,56,2001-10-25,23,700000,60,5,0,0,8740,"2025-07-03 21:47:46"
25157381784,2025-06-09,CUSTOMER,FULL,1991-07-24,33,NULL,-1,265000,42,4,0,0,2984,"2025-07-03 21:47:23"
8800381629,2025-07-03,CUSTOMER,FULL,1992-09-19,32,1969-08-04,55,1065000,84,7,0,0,20636,"2025-07-03 21:45:47"
25158565002,2025-07-03,CUSTOMER,FULL,2004-03-25,21,NULL,0,580000,59,5,0,0,7241,"2025-07-03 21:45:34"
25158148047,2025-07-02,CUSTOMER,FULL,1996-04-04,29,1989-06-04,36,400000,60,5,0,0,5249,"2025-07-03 21:42:24"
25158560153,2025-07-03,CUSTOMER,FULL,1998-01-01,27,1985-03-01,40,600000,36,3,0,0,5303,"2025-07-03 21:40:58"
25157920208,2025-06-30,CUSTOMER,FULL,1998-01-15,27,2000-09-02,24,180000,36,3,0,0,1562,"2025-07-03 21:40:07"
25158135051,2025-07-02,CUSTOMER,"PARTIAL FINANCE AMOUNT",1975-12-11,49,NULL,-1,330000,24,2,247500,0,6811,"2025-07-03 21:39:42"
8800164432,2025-07-03,CUSTOMER,FULL,1965-01-01,60,1988-01-10,37,200000,24,2,0,0,11156,"2025-07-03 21:39:07"
25158333354,2025-07-03,CUSTOMER,FULL,1987-01-10,38,NULL,0,250000,18,2,0,0,2638,"2025-07-03 21:39:03"
25158563586,2025-07-03,CUSTOMER,FULL,1978-02-06,47,1999-07-28,25,750000,59,5,0,0,32400,"2025-07-03 21:34:39"
8800255890,2025-07-03,CUSTOMER,FULL,1989-12-25,35,NULL,0,165000,48,4,0,0,2251,"2025-07-03 21:30:13"
25158494633,2025-07-03,CUSTOMER,FULL,1975-05-15,50,2001-07-23,23,300000,24,2,0,0,7125,"2025-07-03 21:27:34"
25158565006,2025-07-03,CUSTOMER,FULL,1985-03-01,40,1986-06-24,39,900000,36,3,0,0,14061,"2025-07-03 21:26:41"
25158287911,2025-07-03,CUSTOMER,FULL,1998-06-10,27,1971-01-23,54,600000,48,4,0,0,6443,"2025-07-03 21:25:13"
25157673414,2025-06-28,CUSTOMER,FULL,1976-01-01,49,1970-01-01,55,580000,59,5,0,0,30299,"2025-07-03 21:24:49"
25157745432,2025-06-28,CUSTOMER,FULL,1995-01-01,30,NULL,-1,610000,59,5,0,0,8228,"2025-07-03 21:24:19"
25157943261,2025-07-01,CUSTOMER,FULL,1990-02-15,35,NULL,-1,930000,54,5,0,0,13082,"2025-07-03 21:23:49"
8800189945,2025-07-02,CUSTOMER,FULL,1999-01-01,26,1975-01-01,50,499000,60,5,0,0,6260,"2025-07-03 21:22:11"
25157802719,2025-06-29,CUSTOMER,FULL,1990-02-01,35,1996-01-31,29,331000,42,4,0,0,4004,"2025-07-03 21:21:45"
25157667318,2025-06-25,CUSTOMER,FULL,1994-01-01,31,1994-04-01,31,200000,18,2,0,0,1500,"2025-07-03 21:19:57"
25156749889,2025-05-30,CUSTOMER,FULL,1990-01-01,35,NULL,-1,295000,36,3,0,0,3022,"2025-07-03 21:19:05"
25157562645,2025-07-03,CUSTOMER,FULL,1986-04-19,39,NULL,0,200000,23,2,0,0,2129,"2025-07-03 21:17:41"
25158281945,2025-07-03,CUSTOMER,FULL,2001-09-13,23,1975-02-12,50,900000,60,5,0,0,11236,"2025-07-03 21:17:16"
8800413551,2025-07-03,CUSTOMER,FULL,1999-03-11,26,NULL,0,580000,48,4,0,0,6181,"2025-07-03 21:16:14"
25158313347,2025-07-03,CUSTOMER,FULL,1997-06-19,28,1993-06-17,32,550000,36,3,0,0,4998,"2025-07-03 21:15:18"
8800198993,2025-06-27,CUSTOMER,FULL,1998-08-09,26,1978-10-02,46,480000,48,4,0,0,5064,"2025-07-03 21:14:50"
25157830080,2025-06-29,CUSTOMER,FULL,2001-08-09,23,NULL,-1,300000,36,3,0,0,2606,"2025-07-03 21:12:11"
8800394013,2025-07-03,CUSTOMER,FULL,2005-02-04,20,NULL,0,318000,36,3,0,0,2481,"2025-07-03 21:09:00"
25158213185,2025-07-02,CUSTOMER,FULL,1984-06-24,41,NULL,-1,1100000,59,5,0,0,26700,"2025-07-03 21:06:18"
25158042364,2025-07-02,CUSTOMER,FULL,1984-10-10,40,1993-01-02,32,592671,48,4,0,0,11477,"2025-07-03 21:05:14"
25158477278,2025-07-03,CUSTOMER,FULL,1991-01-18,34,NULL,0,830000,60,5,0,0,13203,"2025-07-03 21:04:13"
25158537499,2025-07-03,CUSTOMER,FULL,1999-01-01,26,1959-01-01,66,670000,60,5,0,0,8405,"2025-07-03 21:03:40"
25158496070,2025-07-03,CUSTOMER,FULL,1988-01-01,37,NULL,0,550000,42,4,0,0,8684,"2025-07-03 21:03:20"
25158355203,2025-07-03,CUSTOMER,FULL,1992-02-23,33,1971-02-02,54,450000,36,3,0,0,4652,"2025-07-03 21:01:01"
25157965885,2025-07-03,CUSTOMER,FULL,1990-06-01,35,NULL,0,180000,18,2,0,0,1593,"2025-07-03 21:00:33"
8800193653,2025-07-03,CUSTOMER,FULL,1980-01-01,45,1979-01-01,46,455000,48,4,0,0,13359,"2025-07-03 20:54:09"
25157514995,2025-06-28,CUSTOMER,FULL,1981-03-31,44,NULL,-1,300000,48,4,0,0,8082,"2025-07-03 20:52:45"
25158509914,2025-07-03,CUSTOMER,FULL,1995-03-01,30,NULL,0,300000,48,4,0,0,3378,"2025-07-03 20:51:59"
8800179525,2025-06-27,CUSTOMER,FULL,1999-12-10,25,NULL,-1,420000,36,3,0,0,3708,"2025-07-03 20:51:19"
8800370977,2025-07-03,CUSTOMER,FULL,1991-12-18,33,NULL,0,900000,60,5,0,0,13626,"2025-07-03 20:42:48"
8800368768,2025-07-03,CUSTOMER,FULL,1999-12-25,25,1999-08-04,25,692000,84,7,0,0,11245,"2025-07-03 20:40:28"
25158284135,2025-07-03,CUSTOMER,FULL,1984-07-16,40,1949-05-10,76,550000,47,4,0,0,10651,"2025-07-03 20:39:58"
25158452781,2025-07-03,CO-APPLICANT,FULL,1976-08-10,48,2003-01-01,22,520000,60,5,0,0,6492,"2025-07-03 20:39:42"
25158540954,2025-07-03,CUSTOMER,FULL,1983-01-01,42,NULL,0,500000,60,5,0,0,13671,"2025-07-03 20:38:17"
25158318443,2025-07-03,CUSTOMER,FULL,1993-03-06,32,NULL,0,420000,84,7,0,0,8138,"2025-07-03 20:35:50"
25158527190,2025-07-03,CUSTOMER,FULL,1989-01-01,36,NULL,0,894000,60,5,0,0,14653,"2025-07-03 20:33:54"
25158369410,2025-07-03,CUSTOMER,FULL,1998-01-01,27,NULL,0,585000,59,5,0,0,7407,"2025-07-03 20:33:11"
25158059353,2025-07-02,CUSTOMER,FULL,2001-08-30,23,NULL,-1,1170000,60,5,0,0,12481,"2025-07-03 20:29:08"
25157571238,2025-06-18,CUSTOMER,FULL,1981-05-27,44,1995-06-12,30,513000,48,4,0,0,12180,"2025-07-03 20:28:26"
8800303493,2025-06-27,CUSTOMER,FULL,1988-01-01,37,NULL,-1,565000,60,5,0,0,10701,"2025-07-03 20:26:58"
25158136185,2025-07-02,CUSTOMER,FULL,1977-03-27,48,NULL,-1,920000,84,7,0,0,58883,"2025-07-03 20:25:50"
25155905232,2025-07-01,CO-APPLICANT,FULL,1971-02-02,54,1992-02-23,33,500000,36,3,0,0,5169,"2025-07-03 20:25:46"
25158390737,2025-07-03,CUSTOMER,FULL,2003-04-15,22,1974-01-01,51,933000,71,6,0,0,12276,"2025-07-03 20:23:24"
25157961884,2025-07-01,CUSTOMER,FULL,1987-01-26,38,NULL,-1,325000,48,4,0,0,5067,"2025-07-03 20:22:14"
25157945085,2025-07-01,CUSTOMER,FULL,1995-08-06,29,1998-11-27,26,500000,35,3,0,0,4638,"2025-07-03 20:19:44"
25158498096,2025-07-03,CUSTOMER,"PARTIAL FINANCE AMOUNT",1980-05-03,45,1966-01-01,59,700000,60,5,525000,0,18889,"2025-07-03 20:16:58"
8800371134,2025-07-03,CUSTOMER,FULL,2001-04-06,24,1974-01-01,51,900000,60,5,0,0,9686,"2025-07-03 20:10:29"
25158438770,2025-07-03,CO-APPLICANT,FULL,1985-10-20,39,1993-01-01,32,590000,48,4,0,0,7178,"2025-07-03 20:07:04"
25157695839,2025-06-28,CUSTOMER,FULL,1962-01-01,63,1995-04-12,30,240000,42,4,0,0,30796,"2025-07-03 20:03:38"
25158038910,2025-07-02,CUSTOMER,FULL,1989-01-01,36,1998-01-03,27,1000000,60,5,0,0,16391,"2025-07-03 20:02:50"
8800190360,2025-07-03,CUSTOMER,FULL,1980-03-15,45,NULL,0,480000,36,3,0,0,11504,"2025-07-03 20:02:46"
25158520275,2025-07-03,CUSTOMER,FULL,2000-08-15,24,NULL,0,400000,35,3,0,0,3522,"2025-07-03 19:58:27"
25158470334,2025-07-03,CUSTOMER,FULL,2002-03-17,23,1990-01-01,35,260000,30,3,0,0,2259,"2025-07-03 19:56:37"
25158126308,2025-07-02,CUSTOMER,FULL,1994-07-24,30,NULL,-1,200000,24,2,0,0,1480,"2025-07-03 19:55:51"
25158457775,2025-07-03,CUSTOMER,FULL,1964-01-01,61,NULL,0,350000,36,3,0,0,32334,"2025-07-03 19:52:16"
8800004092,2025-07-03,CUSTOMER,FULL,1984-05-08,41,1964-01-01,61,1500000,60,5,0,0,37790,"2025-07-03 19:49:10"
25158412000,2025-07-03,CUSTOMER,FULL,1980-01-01,45,1998-02-03,27,590000,48,4,0,0,17475,"2025-07-03 19:48:11"
25158296784,2025-07-03,CUSTOMER,FULL,1995-08-15,29,NULL,0,1600000,60,5,0,0,18862,"2025-07-03 19:46:32"
25157977195,2025-07-03,CUSTOMER,FULL,1980-01-01,45,NULL,0,620000,60,5,0,0,22307,"2025-07-03 19:44:22"
25158067143,2025-07-02,CUSTOMER,FULL,1974-03-20,51,1996-10-15,28,500000,24,2,0,0,16969,"2025-07-03 19:42:32"
8800236069,2025-06-27,CUSTOMER,FULL,1992-01-01,33,1990-06-18,35,410000,36,3,0,0,4263,"2025-07-03 19:41:55"
8800129792,2025-06-29,CUSTOMER,FULL,2002-07-04,22,2001-07-01,23,510000,48,4,0,0,5429,"2025-07-03 19:41:54"
25157918472,2025-06-30,CUSTOMER,FULL,1975-11-12,49,NULL,-1,120000,18,2,0,0,2596,"2025-07-03 19:38:23"
8800343209,2025-07-01,CUSTOMER,FULL,1991-02-15,34,1968-12-10,56,410000,48,4,0,0,5327,"2025-07-03 19:36:34"
25157697672,2025-06-28,CUSTOMER,FULL,1988-01-01,37,2006-08-26,18,950000,60,5,0,0,16401,"2025-07-03 19:35:35"
25158132210,2025-07-02,CUSTOMER,FULL,2000-06-27,25,NULL,-1,550000,59,5,0,0,6867,"2025-07-03 19:34:20"
8800269711,2025-07-02,CUSTOMER,FULL,1980-03-05,45,NULL,-1,400000,48,4,0,0,11848,"2025-07-03 19:33:06"
25158284148,2025-07-03,CUSTOMER,FULL,1997-07-08,27,1977-01-01,48,600000,48,4,0,0,6443,"2025-07-03 19:31:36"
8800385702,2025-06-29,CUSTOMER,FULL,1988-09-17,36,NULL,-1,600000,60,5,0,0,10677,"2025-07-03 19:31:16"
8800174557,2025-07-03,CUSTOMER,FULL,2001-01-01,24,1998-11-22,26,579000,60,5,0,0,7229,"2025-07-03 19:30:48"
25157725339,2025-06-29,CUSTOMER,FULL,2003-04-25,22,1978-07-07,46,800000,72,6,0,0,11461,"2025-07-03 19:30:34"
8800170599,2025-07-03,CUSTOMER,FULL,1982-01-01,43,NULL,0,583000,36,3,0,0,11572,"2025-07-03 19:30:27"
25158498104,2025-07-03,CUSTOMER,FULL,1987-01-01,38,1991-01-01,34,600000,60,5,0,0,12136,"2025-07-03 19:29:05"
8800245113,2025-07-03,CUSTOMER,FULL,1981-05-18,44,2002-06-30,23,300000,36,3,0,0,6532,"2025-07-03 19:28:58"
8800211559,2025-06-28,CUSTOMER,FULL,1999-04-24,26,NULL,-1,630000,60,5,0,0,7903,"2025-07-03 19:25:06"
25158277667,2025-07-03,CUSTOMER,FULL,1993-08-23,31,NULL,0,290000,48,4,0,0,3357,"2025-07-03 19:25:03"
25158411990,2025-07-03,CUSTOMER,FULL,1994-07-19,30,NULL,0,940000,84,7,0,0,15984,"2025-07-03 19:23:31"
25157937374,2025-07-01,CUSTOMER,FULL,1984-10-18,40,1989-06-01,36,699000,48,4,0,0,13536,"2025-07-03 19:23:11"
25158442276,2025-07-03,CUSTOMER,FULL,1989-01-10,36,1966-04-03,59,699000,48,4,0,0,10385,"2025-07-03 19:22:35"
25157694730,2025-06-28,CUSTOMER,FULL,2005-01-01,20,1975-01-01,50,313000,48,4,0,0,2826,"2025-07-03 19:22:32"
25158041734,2025-07-02,CUSTOMER,FULL,1982-01-01,43,NULL,-1,275000,30,3,0,0,5436,"2025-07-03 19:21:34"
8800272975,2025-07-03,CUSTOMER,FULL,1986-07-01,39,NULL,0,100000,36,3,0,0,1457,"2025-07-03 19:20:57"
25158335708,2025-07-03,CUSTOMER,FULL,1976-02-01,49,NULL,0,1056000,84,7,0,0,72722,"2025-07-03 19:20:44"
8800358588,2025-06-29,CUSTOMER,FULL,1987-01-01,38,2003-06-01,22,350000,48,4,0,0,5708,"2025-07-03 19:20:11"
8800329181,2025-06-27,CUSTOMER,FULL,1968-01-01,57,NULL,-1,350000,36,3,0,0,23971,"2025-07-03 19:18:43"
8800177490,2025-07-03,CUSTOMER,FULL,2002-03-04,23,2003-02-14,22,337000,60,5,0,0,3595,"2025-07-03 19:16:06"
8800310932,2025-06-28,CUSTOMER,FULL,1994-04-20,31,NULL,-1,798500,48,4,0,0,8509,"2025-07-03 19:14:05"
25157945933,2025-07-01,CUSTOMER,FULL,1986-03-20,39,1996-04-23,29,985000,60,5,0,0,19109,"2025-07-03 19:10:30"
25158038877,2025-07-02,CUSTOMER,FULL,2002-01-04,23,1971-01-01,54,400000,48,4,0,0,4258,"2025-07-03 19:09:33"
25157314294,2025-06-05,CUSTOMER,FULL,2004-01-02,21,1983-05-10,42,220000,36,3,0,0,1867,"2025-07-03 19:08:01"
8800193196,2025-07-02,CO-APPLICANT,FULL,1969-01-01,56,1996-09-20,28,540000,48,4,0,0,5875,"2025-07-03 19:07:10"
25157597293,2025-06-20,CUSTOMER,FULL,1998-08-02,26,NULL,-1,400000,36,3,0,0,3522,"2025-07-03 19:05:37"
25158298891,2025-07-03,CUSTOMER,FULL,1980-05-24,45,NULL,0,200000,36,3,0,0,4794,"2025-07-03 19:04:42"
25158484230,2025-07-03,CUSTOMER,FULL,1996-02-16,29,NULL,0,580000,60,5,0,0,7611,"2025-07-03 19:03:48"
8800123893,2025-07-03,CUSTOMER,FULL,1975-04-15,50,1986-10-03,38,330000,48,4,0,0,15810,"2025-07-03 19:03:05"
25158484171,2025-07-03,CUSTOMER,FULL,1984-10-10,40,1988-07-22,36,650000,72,6,0,0,17887,"2025-07-03 19:01:56"
25158478740,2025-07-03,CUSTOMER,FULL,1998-12-01,26,NULL,0,268000,36,3,0,0,2303,"2025-07-03 19:00:48"
25158129818,2025-07-02,CUSTOMER,FULL,1981-08-10,43,NULL,-1,550000,48,4,0,0,13545,"2025-07-03 19:00:39"
25157629571,2025-06-23,CUSTOMER,FULL,2002-07-01,22,1970-02-02,55,882000,60,5,0,0,9347,"2025-07-03 19:00:26"
25155863755,2025-07-03,CUSTOMER,FULL,2000-07-02,25,NULL,0,600000,40,4,0,0,6266,"2025-07-03 18:59:04"
25158311210,2025-07-03,CUSTOMER,FULL,1996-01-01,29,NULL,0,295000,36,3,0,0,2608,"2025-07-03 18:57:32"
25158331357,2025-07-03,CUSTOMER,FULL,1994-01-01,31,NULL,0,300000,18,2,0,0,2248,"2025-07-03 18:56:20"
25158281150,2025-07-03,CUSTOMER,FULL,1983-12-14,41,NULL,0,405990,60,5,0,0,10229,"2025-07-03 18:56:11"
25158485684,2025-07-03,CUSTOMER,FULL,1977-12-31,47,1985-08-13,39,940000,60,5,0,0,40409,"2025-07-03 18:55:34"
25158459800,2025-07-03,CUSTOMER,FULL,2000-07-12,24,1982-08-28,42,620000,60,5,0,0,6673,"2025-07-03 18:54:39"
8800116221,2025-06-30,CUSTOMER,FULL,1973-04-01,52,NULL,-1,120000,36,3,0,0,5614,"2025-07-03 18:50:42"
8800364686,2025-07-03,CUSTOMER,FULL,1999-12-10,25,NULL,0,680000,60,5,0,0,8490,"2025-07-03 18:49:52"
25158471763,2025-07-03,CUSTOMER,FULL,1986-12-09,38,NULL,0,500000,72,6,0,0,11895,"2025-07-03 18:49:20"
8800236866,2025-07-03,CUSTOMER,FULL,2000-03-11,25,NULL,0,550000,48,4,0,0,5854,"2025-07-03 18:48:22"
25157663984,2025-06-25,CUSTOMER,FULL,1988-01-01,37,1984-01-01,41,400000,15,2,0,0,3776,"2025-07-03 18:48:01"
25157699464,2025-07-03,CUSTOMER,FULL,1979-03-10,46,NULL,0,1000000,60,5,0,0,39436,"2025-07-03 18:47:59"
25158337349,2025-07-03,CUSTOMER,FULL,1994-08-10,30,NULL,0,890000,60,5,0,0,10681,"2025-07-03 18:46:56"
25158396343,2025-07-03,CUSTOMER,FULL,1993-01-01,32,1975-01-01,50,330000,47,4,0,0,3949,"2025-07-03 18:46:38"
25158295238,2025-07-03,CUSTOMER,FULL,1970-01-01,55,NULL,0,400000,36,3,0,0,24582,"2025-07-03 18:46:10"
8800315814,2025-07-02,CUSTOMER,FULL,1984-04-17,41,NULL,-1,550000,48,4,0,0,11488,"2025-07-03 18:45:48"
25157929704,2025-06-30,CUSTOMER,FULL,1979-07-05,45,1980-01-11,45,340000,36,3,0,0,7226,"2025-07-03 18:45:33"
25157980528,2025-07-01,CUSTOMER,FULL,1999-06-09,26,NULL,-1,542000,47,4,0,0,5776,"2025-07-03 18:45:00"
25158449269,2025-07-03,CUSTOMER,FULL,1991-01-01,34,NULL,0,900000,60,5,0,0,12150,"2025-07-03 18:44:09"
25158333419,2025-07-03,CUSTOMER,FULL,1978-04-05,47,NULL,0,1600000,60,5,0,0,66968,"2025-07-03 18:42:26"
25158047339,2025-07-02,CUSTOMER,FULL,1984-12-25,40,NULL,-1,200000,12,1,0,0,2254,"2025-07-03 18:41:21"
25158438767,2025-07-03,CUSTOMER,FULL,1983-07-04,41,1978-11-10,46,850000,48,4,0,0,15998,"2025-07-03 18:41:09"
25158438737,2025-07-03,CUSTOMER,FULL,1990-01-01,35,1994-01-01,31,300000,30,3,0,0,3073,"2025-07-03 18:40:35"
25158307620,2025-07-03,CUSTOMER,FULL,1990-06-08,35,NULL,0,810000,84,7,0,0,18361,"2025-07-03 18:40:32"
25158419042,2025-07-03,CUSTOMER,FULL,2001-03-04,24,NULL,0,932000,48,4,0,0,9920,"2025-07-03 18:38:59"
25158353751,2025-07-03,CUSTOMER,FULL,1985-11-16,39,1987-10-11,37,500000,30,3,0,0,6915,"2025-07-03 18:37:33"
25158322064,2025-07-03,CUSTOMER,FULL,2004-02-10,21,1979-01-01,46,730000,48,4,0,0,7770,"2025-07-03 18:36:45"
8800272974,2025-07-03,CUSTOMER,FULL,1986-07-01,39,NULL,0,650000,60,5,0,0,14090,"2025-07-03 18:34:18"
8800205970,2025-07-03,CUSTOMER,FULL,1994-06-02,31,NULL,0,250000,36,3,0,0,2431,"2025-07-03 18:34:04"
25157669552,2025-06-25,CUSTOMER,FULL,1980-01-01,45,1981-01-01,44,1548900,58,5,0,0,54521,"2025-07-03 18:32:58"
8800346220,2025-07-02,CUSTOMER,FULL,1997-01-01,28,NULL,-1,225000,36,3,0,0,1963,"2025-07-03 18:32:57"
25158344587,2025-07-03,CUSTOMER,FULL,1981-01-01,44,NULL,0,350000,48,4,0,0,9429,"2025-07-03 18:32:48"
25157694973,2025-06-28,CUSTOMER,FULL,1975-01-01,50,NULL,-1,990000,72,6,0,0,64660,"2025-07-03 18:32:08"
8800025338,2025-06-05,CUSTOMER,FULL,1994-09-24,30,NULL,-1,565000,60,5,0,0,7621,"2025-07-03 18:30:44"
25158464746,2025-07-03,CUSTOMER,FULL,1997-08-22,27,NULL,0,300000,24,2,0,0,2205,"2025-07-03 18:30:13"
25158459822,2025-07-03,CUSTOMER,FULL,1986-01-01,39,2003-01-01,22,900000,72,6,0,0,22111,"2025-07-03 18:30:07"
25158436710,2025-07-03,CO-APPLICANT,FULL,1997-01-01,28,1986-03-13,39,1200000,59,5,0,0,23280,"2025-07-03 18:29:59"
8800271396,2025-06-17,CUSTOMER,FULL,1984-01-01,41,1986-01-01,39,635000,60,5,0,0,15998,"2025-07-03 18:29:22"
25158309659,2025-07-03,CUSTOMER,"PARTIAL FINANCE AMOUNT",1970-01-01,55,2006-11-01,18,610000,60,5,305000,0,27083,"2025-07-03 18:28:59"
8800351748,2025-07-03,CUSTOMER,FULL,1995-05-05,30,1997-01-29,28,1030000,60,5,0,0,12361,"2025-07-03 18:27:42"
8800172435,2025-07-03,CUSTOMER,FULL,1992-07-27,32,NULL,0,585000,48,4,0,0,7117,"2025-07-03 18:27:33"
25157626758,2025-06-22,CUSTOMER,FULL,1985-01-01,40,1984-01-01,41,500000,48,4,0,0,9682,"2025-07-03 18:27:22"
25157606803,2025-06-20,CUSTOMER,"PARTIAL FINANCE AMOUNT",1971-09-05,53,1978-01-01,47,250000,36,3,125000,0,6520,"2025-07-03 18:26:35"
8800298288,2025-07-03,CUSTOMER,FULL,1988-11-08,36,NULL,0,450000,36,3,0,0,5417,"2025-07-03 18:26:21"
8800332699,2025-06-28,CUSTOMER,FULL,1988-10-07,36,NULL,-1,1550000,60,5,0,0,25405,"2025-07-03 18:26:19"
8800403901,2025-07-02,CUSTOMER,FULL,1991-10-28,33,1965-08-09,59,518000,36,3,0,0,5355,"2025-07-03 18:26:14"
25158461264,2025-07-03,CUSTOMER,FULL,1997-04-10,28,NULL,0,693000,60,5,0,0,8906,"2025-07-03 18:25:44"
8800364884,2025-07-02,CUSTOMER,FULL,2005-12-05,19,NULL,-1,560000,54,5,0,0,6912,"2025-07-03 18:25:30"
25158470330,2025-07-03,CUSTOMER,FULL,2000-05-05,25,1983-01-01,42,760000,60,5,0,0,9489,"2025-07-03 18:24:36"
25157544656,2025-06-16,CUSTOMER,FULL,1995-03-15,30,NULL,-1,289000,48,4,0,0,3015,"2025-07-03 18:24:01"
25158332583,2025-07-03,CUSTOMER,FULL,1993-07-27,31,NULL,0,680000,84,7,0,0,12630,"2025-07-03 18:23:49"
8800254210,2025-06-27,CUSTOMER,FULL,2002-07-12,22,1985-01-01,40,700000,48,4,0,0,7451,"2025-07-03 18:23:46"
25157970407,2025-07-01,CUSTOMER,FULL,2002-01-01,23,NULL,-1,824000,59,5,0,0,8790,"2025-07-03 18:22:30"
8800023744,2025-07-03,CUSTOMER,FULL,1987-05-15,38,1990-11-27,34,230000,36,3,0,0,3105,"2025-07-03 18:22:21"
25157932751,2025-07-02,CUSTOMER,FULL,1996-01-29,29,1966-07-01,59,570000,58,5,0,0,7480,"2025-07-03 18:21:39"
8800272218,2025-07-03,CUSTOMER,FULL,2001-12-01,23,1968-01-01,57,600000,60,5,0,0,7491,"2025-07-03 18:21:29"
25158457757,2025-07-03,CUSTOMER,FULL,2001-03-08,24,1980-01-01,45,700000,84,7,0,0,10392,"2025-07-03 18:19:45"
8800266662,2025-07-03,CUSTOMER,FULL,1999-06-16,26,NULL,0,563000,48,4,0,0,5999,"2025-07-03 18:19:34"
8800276960,2025-06-29,CUSTOMER,FULL,2003-01-01,22,NULL,-1,500000,60,5,0,0,6243,"2025-07-03 18:18:29"
8800385704,2025-07-03,CUSTOMER,FULL,1966-01-01,59,NULL,0,500000,60,5,0,0,58558,"2025-07-03 18:18:04"
8800261228,2025-07-03,CUSTOMER,FULL,2000-02-10,25,NULL,0,200000,23,2,0,0,1456,"2025-07-03 18:17:41"
25158332261,2025-07-03,CUSTOMER,FULL,1996-01-01,29,NULL,0,295000,36,3,0,0,2608,"2025-07-03 18:16:16"
8800222727,2025-07-03,CUSTOMER,FULL,1994-01-01,31,NULL,0,330000,48,4,0,0,3517,"2025-07-03 18:15:42"
25157688800,2025-06-28,CUSTOMER,FULL,2000-02-11,25,1999-05-01,26,600000,60,5,0,0,7491,"2025-07-03 18:14:27"
25158078609,2025-07-02,CUSTOMER,FULL,1999-04-10,26,NULL,-1,950000,60,5,0,0,11917,"2025-07-03 18:13:26"
8800216061,2025-06-21,CUSTOMER,FULL,1980-03-05,45,NULL,-1,330000,48,4,0,0,8556,"2025-07-03 18:12:30"
8800239272,2025-07-02,CUSTOMER,FULL,1998-11-09,26,NULL,-1,200000,24,2,0,0,1465,"2025-07-03 18:10:06"
25158325703,2025-07-03,CUSTOMER,FULL,1982-01-01,43,NULL,0,1300000,55,5,0,0,33748,"2025-07-03 18:08:34"
25158344577,2025-07-03,CUSTOMER,FULL,2004-12-25,20,1975-01-01,50,650000,48,4,0,0,6888,"2025-07-03 18:07:17"
8800088630,2025-07-03,CUSTOMER,FULL,1997-04-10,28,NULL,0,130000,36,3,0,0,1182,"2025-07-03 18:06:27"
25158436696,2025-07-03,CUSTOMER,"PARTIAL FINANCE AMOUNT",1975-06-26,50,NULL,0,425000,30,3,318750,0,12657,"2025-07-03 18:06:17"
25158104348,2025-07-02,CUSTOMER,FULL,1985-01-01,40,NULL,-1,350000,30,3,0,0,5130,"2025-07-03 18:06:14"
25158419078,2025-07-03,CUSTOMER,FULL,1989-06-14,36,1992-01-10,33,720000,84,7,0,0,17349,"2025-07-03 18:05:32"
25158452823,2025-07-03,CUSTOMER,FULL,1976-01-01,49,NULL,0,700000,60,5,0,0,36568,"2025-07-03 18:04:27"
25158447251,2025-07-03,CUSTOMER,FULL,1994-07-04,30,1995-07-01,30,449000,48,4,0,0,4684,"2025-07-03 18:03:45"
25157683756,2025-06-27,CUSTOMER,FULL,1975-03-24,50,2000-03-11,25,503000,72,6,0,0,33826,"2025-07-03 18:03:44"
25158128489,2025-07-02,CUSTOMER,FULL,1978-01-01,47,NULL,-1,280000,36,3,0,0,8003,"2025-07-03 18:03:12"
8800079239,2025-07-02,CUSTOMER,FULL,1980-05-15,45,NULL,-1,930000,59,5,0,0,33460,"2025-07-03 18:03:10"
25158456295,2025-07-03,CUSTOMER,FULL,1995-04-30,30,NULL,0,350000,30,3,0,0,3259,"2025-07-03 18:02:57"
25157954139,2025-07-01,CUSTOMER,FULL,1995-02-15,30,1993-09-07,31,1000000,36,3,0,0,8968,"2025-07-03 18:02:20"
25158063304,2025-07-02,CUSTOMER,FULL,2005-10-17,19,1987-01-01,38,152000,24,2,0,0,964,"2025-07-03 18:01:50"
8800276579,2025-07-03,CUSTOMER,FULL,1975-08-02,49,NULL,0,1200000,20,2,0,0,25954,"2025-07-03 18:01:17"
25158201537,2025-07-02,CUSTOMER,FULL,1993-12-03,31,1994-01-01,31,850000,48,4,0,0,9970,"2025-07-03 18:01:15"
25158456287,2025-07-03,CUSTOMER,FULL,1992-02-28,33,NULL,0,420000,35,3,0,0,4342,"2025-07-03 18:00:13"
25158291576,2025-07-03,CUSTOMER,FULL,1972-01-01,53,2000-03-03,25,1400000,84,7,0,0,134506,"2025-07-03 17:59:30"
25158443738,2025-07-03,CUSTOMER,FULL,1982-01-01,43,NULL,0,610000,60,5,0,0,18183,"2025-07-03 17:59:24"
25158287934,2025-07-03,CUSTOMER,FULL,1989-07-30,35,NULL,0,870000,72,6,0,0,15666,"2025-07-03 17:59:07"
25157301342,2025-06-09,CUSTOMER,FULL,2002-12-19,22,1987-01-01,38,1150000,72,6,0,0,15131,"2025-07-03 17:58:54"
25157444858,2025-06-10,CUSTOMER,FULL,2003-05-11,22,1986-05-01,39,480000,59,5,0,0,5087,"2025-07-03 17:58:23"
25158052894,2025-07-03,CUSTOMER,FULL,1998-10-30,26,1998-03-04,27,350000,60,5,0,0,4391,"2025-07-03 17:58:02"
8800140744,2025-07-02,CUSTOMER,FULL,1985-01-01,40,NULL,-1,599000,48,4,0,0,11599,"2025-07-03 17:57:30"
8800142045,2025-07-02,CUSTOMER,FULL,1997-11-16,27,1966-08-20,58,800000,48,4,0,0,8525,"2025-07-03 17:57:12"
25157673641,2025-06-26,CUSTOMER,FULL,1996-01-01,29,2004-03-20,21,577836,60,5,0,0,7583,"2025-07-03 17:56:45"
25157932852,2025-06-30,CUSTOMER,FULL,1989-05-17,36,1994-01-01,31,585000,36,3,0,0,7042,"2025-07-03 17:56:33"
25158124110,2025-07-02,CUSTOMER,FULL,1997-12-31,27,2001-04-15,24,420000,60,5,0,0,5170,"2025-07-03 17:55:57"
25158332988,2025-07-03,CUSTOMER,FULL,1995-01-01,30,NULL,0,638000,59,5,0,0,7657,"2025-07-03 17:55:34"
25157302075,2025-06-04,CUSTOMER,FULL,1984-08-12,40,1988-09-12,36,428000,48,4,0,0,8288,"2025-07-03 17:54:26"
8800297496,2025-07-03,CUSTOMER,FULL,1979-01-01,46,NULL,0,780000,60,5,0,0,30760,"2025-07-03 17:54:24"
25157801318,2025-06-29,CUSTOMER,FULL,2000-04-17,25,1994-03-13,31,681422,60,5,0,0,7382,"2025-07-03 17:54:10"
25157501228,2025-06-13,CUSTOMER,FULL,1999-02-11,26,NULL,-1,500000,48,4,0,0,5328,"2025-07-03 17:53:34"
25158304021,2025-07-03,CUSTOMER,FULL,2001-04-27,24,1980-01-01,45,295000,36,3,0,0,2409,"2025-07-03 17:52:51"
8800155270,2025-07-02,CUSTOMER,FULL,1982-01-01,43,1985-08-10,39,330000,36,3,0,0,6550,"2025-07-03 17:52:27"
25157981915,2025-07-01,CUSTOMER,FULL,1989-01-05,36,NULL,-1,180000,24,2,0,0,1613,"2025-07-03 17:51:07"
8800154163,2025-06-26,CUSTOMER,FULL,1994-02-06,31,NULL,-1,135000,36,3,0,0,1313,"2025-07-03 17:50:10"
25157970429,2025-07-01,CUSTOMER,FULL,1985-03-05,40,NULL,-1,325000,48,4,0,0,5707,"2025-07-03 17:49:42"
25158114670,2025-07-02,CUSTOMER,FULL,1991-10-14,33,NULL,-1,500000,42,4,0,0,6219,"2025-07-03 17:49:00"
25158372961,2025-07-03,CUSTOMER,FULL,1992-09-12,32,NULL,0,656000,60,5,0,0,9506,"2025-07-03 17:48:20"
25157669561,2025-06-25,CUSTOMER,FULL,1985-04-30,40,NULL,-1,180000,36,3,0,0,2791,"2025-07-03 17:48:02"
8800258401,2025-06-16,CUSTOMER,FULL,1992-10-08,32,1970-10-08,54,4700000,58,5,0,0,65776,"2025-07-03 17:47:50"
25157633708,2025-06-25,CUSTOMER,FULL,1980-02-25,45,1984-10-20,40,929914,60,5,0,0,33457,"2025-07-03 17:47:07"
8800105813,2025-06-26,CUSTOMER,FULL,2003-01-02,22,1975-11-30,49,950000,60,5,0,0,10067,"2025-07-03 17:46:58"
8800362467,2025-07-03,CUSTOMER,FULL,1997-06-05,28,NULL,0,1000000,60,5,0,0,11612,"2025-07-03 17:46:53"
8800321689,2025-06-19,CUSTOMER,FULL,1995-01-01,30,NULL,-1,215000,36,3,0,0,1929,"2025-07-03 17:46:36"
8800267571,2025-06-28,CUSTOMER,FULL,1998-01-01,27,NULL,-1,960000,60,5,0,0,11011,"2025-07-03 17:46:06"
25158333029,2025-07-03,CUSTOMER,FULL,2003-01-01,22,1979-01-01,46,1200000,36,3,0,0,9601,"2025-07-03 17:45:52"
8800108482,2025-06-30,CUSTOMER,FULL,1975-01-01,50,1999-07-13,25,320000,46,4,0,0,15331,"2025-07-03 17:45:49"
25158447237,2025-07-03,CUSTOMER,FULL,1996-02-12,29,NULL,0,335000,42,4,0,0,3444,"2025-07-03 17:44:27"
25158307588,2025-07-03,CUSTOMER,FULL,1977-07-01,48,NULL,0,600000,36,3,0,0,19371,"2025-07-03 17:43:36"
25158343082,2025-07-03,CUSTOMER,FULL,2002-01-01,23,NULL,0,299000,36,3,0,0,2417,"2025-07-03 17:43:28"
25158445753,2025-07-03,CUSTOMER,FULL,2002-12-31,22,NULL,0,550000,59,5,0,0,6867,"2025-07-03 17:42:18"
25157681144,2025-06-27,CUSTOMER,FULL,1988-12-31,36,NULL,-1,520000,35,3,0,0,6259,"2025-07-03 17:41:53"
25158080392,2025-07-02,CUSTOMER,FULL,1999-10-02,25,1973-01-01,52,730000,60,5,0,0,7908,"2025-07-03 17:41:47"
8800400879,2025-07-03,CUSTOMER,FULL,1998-01-01,27,1971-01-01,54,350000,36,3,0,0,3152,"2025-07-03 17:41:34"
8800222515,2025-07-03,CUSTOMER,FULL,1984-04-30,41,1985-08-17,39,474966,54,5,0,0,11966,"2025-07-03 17:40:47"
25157922537,2025-06-30,CUSTOMER,FULL,1997-01-20,28,NULL,-1,670000,48,4,0,0,6792,"2025-07-03 17:40:45"
25158367958,2025-07-03,CUSTOMER,FULL,1993-11-17,31,NULL,0,958000,72,6,0,0,14922,"2025-07-03 17:39:57"
8800029119,2025-06-29,CUSTOMER,FULL,1979-12-02,45,NULL,-1,500000,36,3,0,0,11848,"2025-07-03 17:39:47"
25158131069,2025-07-02,CUSTOMER,FULL,1980-03-15,45,2002-12-29,22,600000,48,4,0,0,17616,"2025-07-03 17:39:39"
25158112142,2025-07-02,CUSTOMER,FULL,1979-09-30,45,NULL,-1,616000,60,5,0,0,19052,"2025-07-03 17:39:28"
8800069488,2025-06-18,CUSTOMER,FULL,1983-06-01,42,NULL,-1,600000,35,3,0,0,10911,"2025-07-03 17:38:18"
8800247198,2025-06-30,CUSTOMER,FULL,1986-08-30,38,NULL,-1,856000,60,5,0,0,17313,"2025-07-03 17:37:07"
25158443731,2025-07-03,CUSTOMER,FULL,1981-04-10,44,1997-07-01,28,327000,36,3,0,0,6375,"2025-07-03 17:37:00"
25158041197,2025-07-02,CUSTOMER,FULL,1992-07-01,33,1988-02-17,37,868000,84,7,0,0,17638,"2025-07-03 17:35:29"
8800357262,2025-07-02,CUSTOMER,FULL,1986-12-06,38,1959-07-31,65,1670000,36,3,0,0,21854,"2025-07-03 17:35:18"
25157588434,2025-06-19,CUSTOMER,FULL,2000-12-31,24,1997-04-02,28,246000,36,3,0,0,2009,"2025-07-03 17:35:03"
25157698914,2025-06-28,CUSTOMER,FULL,2002-05-12,23,NULL,-1,1300000,60,5,0,0,13868,"2025-07-03 17:34:32"
25158419109,2025-07-03,CUSTOMER,FULL,1998-01-01,27,1996-10-05,28,1400000,60,5,0,0,17726,"2025-07-03 17:33:47"
25158038090,2025-07-02,CUSTOMER,FULL,1988-05-30,37,NULL,-1,750000,72,6,0,0,16346,"2025-07-03 17:33:36"
25158396337,2025-07-03,CUSTOMER,FULL,1970-05-25,55,1958-07-01,67,880000,60,5,0,0,72720,"2025-07-03 17:33:12"
8800355764,2025-07-02,CUSTOMER,FULL,1982-01-01,43,NULL,-1,310000,48,4,0,0,6771,"2025-07-03 17:33:10"
25157845932,2025-06-29,CUSTOMER,FULL,2000-04-15,25,2004-02-23,21,600000,48,4,0,0,6266,"2025-07-03 17:32:54"
25158088138,2025-07-02,CUSTOMER,FULL,2000-08-05,24,1979-01-01,46,329000,36,3,0,0,2687,"2025-07-03 17:32:11"
25158449300,2025-07-03,CUSTOMER,FULL,1975-01-01,50,NULL,0,400000,36,3,0,0,15883,"2025-07-03 17:32:02"
25158042524,2025-07-02,CUSTOMER,FULL,1986-08-15,38,NULL,-1,562000,60,5,0,0,10260,"2025-07-03 17:31:51"
25157337851,2025-06-06,CUSTOMER,FULL,2003-01-01,22,NULL,-1,545000,60,5,0,0,6804,"2025-07-03 17:31:43"
8800311766,2025-07-03,CUSTOMER,FULL,1997-05-12,28,1997-05-12,28,750000,60,5,0,0,9399,"2025-07-03 17:31:42"
25158047197,2025-07-02,CUSTOMER,FULL,1994-10-09,30,NULL,-1,766000,48,4,0,0,7991,"2025-07-03 17:30:45"
25158447227,2025-07-03,CUSTOMER,FULL,2001-05-07,24,NULL,0,2060000,84,7,0,0,30580,"2025-07-03 17:30:14"
25158167235,2025-07-02,CUSTOMER,FULL,2002-07-02,23,1970-01-01,55,570000,60,5,0,0,7117,"2025-07-03 17:29:57"
8800011797,2025-06-29,CUSTOMER,FULL,1985-03-10,40,NULL,-1,210000,30,3,0,0,3257,"2025-07-03 17:29:54"
25158415523,2025-07-03,CUSTOMER,FULL,1994-02-25,31,1991-07-15,33,290000,48,4,0,0,3091,"2025-07-03 17:29:51"
25157582294,2025-06-19,CUSTOMER,FULL,1991-01-01,34,1996-01-01,29,470000,48,4,0,0,6256,"2025-07-03 17:29:35"
8800260026,2025-07-02,CUSTOMER,FULL,1999-08-05,25,1977-01-01,48,500000,60,5,0,0,6243,"2025-07-03 17:28:44"
25158436668,2025-07-03,CUSTOMER,FULL,1997-01-01,28,NULL,0,750000,60,5,0,0,9638,"2025-07-03 17:28:37"
8800186898,2025-07-03,CUSTOMER,FULL,2001-03-15,24,NULL,0,1000000,60,5,0,0,10762,"2025-07-03 17:28:27"
25157808939,2025-06-29,CO-APPLICANT,FULL,1979-05-12,46,2000-01-18,25,835000,57,5,0,0,10425,"2025-07-03 17:28:20"
8800332276,2025-07-03,CUSTOMER,FULL,1980-10-20,44,NULL,0,150000,24,2,0,0,2123,"2025-07-03 17:28:03"
25158435200,2025-07-03,CUSTOMER,FULL,1989-04-15,36,NULL,0,220000,30,3,0,0,2630,"2025-07-03 17:27:29"
25158039660,2025-07-02,CUSTOMER,FULL,1981-07-01,44,NULL,-1,550000,60,5,0,0,15538,"2025-07-03 17:27:23"
25157910499,2025-06-30,CUSTOMER,FULL,2005-11-21,19,1986-02-05,39,350000,23,2,0,0,2384,"2025-07-03 17:27:05"
8800008051,2025-06-09,CUSTOMER,FULL,1992-08-02,32,NULL,-1,102900,12,1,0,0,458,"2025-07-03 17:26:25"
25157982465,2025-07-01,CUSTOMER,FULL,1986-07-26,38,NULL,-1,1215000,84,7,0,0,31929,"2025-07-03 17:25:48"
25157549229,2025-06-16,CUSTOMER,"PARTIAL TENURE",1975-01-01,50,NULL,-1,703000,60,5,0,2,21585,"2025-07-03 17:25:36"
8800251655,2025-07-03,CUSTOMER,FULL,1980-01-01,45,2000-07-17,24,200000,24,2,0,0,3637,"2025-07-03 17:24:47"
25158041898,2025-07-02,CUSTOMER,FULL,1994-01-05,31,1985-07-26,39,510000,60,5,0,0,7108,"2025-07-03 17:24:34"
25157829252,2025-06-29,CUSTOMER,FULL,2002-05-28,23,1977-01-01,48,700000,48,4,0,0,7451,"2025-07-03 17:24:18"
8800140438,2025-07-03,CUSTOMER,FULL,1979-01-01,46,2005-08-27,19,300000,25,3,0,0,7941,"2025-07-03 17:24:15"
25158365893,2025-07-03,CUSTOMER,FULL,1988-02-01,37,NULL,0,450000,48,4,0,0,7105,"2025-07-03 17:23:59"
8800291112,2025-07-03,CUSTOMER,FULL,1992-01-01,33,NULL,0,667000,60,5,0,0,10098,"2025-07-03 17:23:47"
8800330927,2025-07-02,CUSTOMER,FULL,1994-05-01,31,NULL,-1,781000,60,5,0,0,9567,"2025-07-03 17:22:29"
25158337354,2025-07-03,CUSTOMER,FULL,1966-02-28,59,NULL,0,700000,60,5,0,0,81981,"2025-07-03 17:22:05"
8800396805,2025-07-03,CUSTOMER,FULL,1994-05-06,31,NULL,0,348000,48,4,0,0,3709,"2025-07-03 17:21:18"
8800324161,2025-06-24,CUSTOMER,FULL,1991-01-01,34,1990-10-01,34,313000,48,4,0,0,3642,"2025-07-03 17:20:37"
25158438729,2025-07-03,CUSTOMER,FULL,1984-09-07,40,NULL,0,320000,42,4,0,0,5619,"2025-07-03 17:19:01"
25158369405,2025-07-03,CUSTOMER,FULL,1992-01-01,33,NULL,0,200000,24,2,0,0,1612,"2025-07-03 17:18:53"
25158383627,2025-07-03,CUSTOMER,FULL,1978-01-01,47,NULL,0,160000,24,2,0,0,3552,"2025-07-03 17:18:28"
25157667947,2025-06-25,CUSTOMER,FULL,1973-06-13,52,NULL,-1,300000,24,2,0,0,8577,"2025-07-03 17:18:12"
8800396952,2025-07-02,CUSTOMER,FULL,1989-04-01,36,NULL,-1,329000,48,4,0,0,4632,"2025-07-03 17:17:49"
25157699289,2025-06-28,CUSTOMER,FULL,1975-01-07,50,NULL,-1,630000,60,5,0,0,36063,"2025-07-03 17:17:21"
25158076354,2025-07-02,CUSTOMER,FULL,1996-07-28,28,1975-01-01,50,570000,60,5,0,0,7325,"2025-07-03 17:17:12"
25157618959,2025-06-21,CUSTOMER,FULL,1984-01-01,41,1988-01-01,37,70000,24,2,0,0,910,"2025-07-03 17:17:07"
25158442250,2025-07-03,CUSTOMER,FULL,1997-07-17,27,NULL,0,500000,60,5,0,0,6331,"2025-07-03 17:16:30"
25158280279,2025-07-03,CUSTOMER,FULL,1988-01-01,37,NULL,0,1380000,60,5,0,0,23824,"2025-07-03 17:16:29"
25158421131,2025-07-03,CUSTOMER,FULL,1990-01-01,35,NULL,0,500000,48,4,0,0,6821,"2025-07-03 17:15:43"
25158433174,2025-07-03,CUSTOMER,FULL,1988-01-17,37,NULL,0,608000,48,4,0,0,9600,"2025-07-03 17:15:24"
8800169382,2025-06-30,CUSTOMER,FULL,1996-01-01,29,1969-01-01,56,110000,24,2,0,0,811,"2025-07-03 17:15:24"
25158436676,2025-07-03,CUSTOMER,FULL,1985-10-14,39,NULL,0,1000000,60,5,0,0,19400,"2025-07-03 17:14:52"
25158369413,2025-07-03,CUSTOMER,FULL,1998-01-01,27,1997-03-01,28,630000,60,5,0,0,7977,"2025-07-03 17:14:50"
25158401388,2025-07-03,CUSTOMER,FULL,1992-01-01,33,2000-01-01,25,779419,72,6,0,0,13778,"2025-07-03 17:14:31"
8800007815,2025-06-12,CUSTOMER,FULL,1987-06-24,37,NULL,-1,500000,60,5,0,0,9033,"2025-07-03 17:14:09"
25157831293,2025-06-29,CUSTOMER,FULL,1995-06-05,30,NULL,-1,983000,60,5,0,0,11797,"2025-07-03 17:13:40"
8800118762,2025-07-03,CUSTOMER,FULL,1980-01-01,45,NULL,0,607000,60,5,0,0,18774,"2025-07-03 17:11:48"
8800303513,2025-06-30,CUSTOMER,FULL,1995-12-25,29,NULL,-1,325000,48,4,0,0,3341,"2025-07-03 17:11:06"
25158417567,2025-07-03,CUSTOMER,FULL,1976-01-01,49,NULL,0,1000000,60,5,0,0,50552,"2025-07-03 17:10:58"
25157639883,2025-06-24,CUSTOMER,FULL,1982-01-01,43,1993-10-09,31,620000,48,4,0,0,15269,"2025-07-03 17:10:39"
25158394238,2025-07-03,CUSTOMER,FULL,1995-01-01,30,1991-05-01,34,147000,24,2,0,0,1093,"2025-07-03 17:10:26"
25158280856,2025-07-03,CUSTOMER,FULL,1999-08-09,25,NULL,0,750000,60,5,0,0,9364,"2025-07-03 17:10:24"
25157690139,2025-07-03,CUSTOMER,FULL,2001-08-19,23,NULL,0,612000,60,5,0,0,7641,"2025-07-03 17:09:45"
8800390405,2025-07-02,CUSTOMER,FULL,1988-01-01,37,1986-03-15,39,900000,60,5,0,0,17046,"2025-07-03 17:09:39"
25158333150,2025-07-03,CUSTOMER,FULL,1980-03-20,45,NULL,0,700000,30,3,0,0,14877,"2025-07-03 17:09:21"
25157618930,2025-06-21,CUSTOMER,FULL,1985-01-01,40,NULL,-1,540000,48,4,0,0,10457,"2025-07-03 17:08:59"
25157796814,2025-06-29,CUSTOMER,FULL,1984-03-03,41,NULL,-1,400000,36,3,0,0,6731,"2025-07-03 17:08:25"
25158372954,2025-07-03,CUSTOMER,FULL,1987-08-02,37,1990-07-13,34,668000,60,5,0,0,12652,"2025-07-03 17:07:57"
25157447573,2025-06-11,CUSTOMER,FULL,1992-09-26,32,NULL,-1,295000,60,5,0,0,4275,"2025-07-03 17:07:43"
8800385292,2025-07-02,CUSTOMER,FULL,1987-01-01,38,NULL,-1,575000,48,4,0,0,9683,"2025-07-03 17:06:48"
8800366027,2025-07-03,CUSTOMER,FULL,1999-12-23,25,NULL,0,705000,48,4,0,0,7504,"2025-07-03 17:06:47"
25157941143,2025-07-01,CUSTOMER,FULL,1984-06-12,41,1992-02-02,33,410000,48,4,0,0,8564,"2025-07-03 17:06:25"
25158293116,2025-07-03,CUSTOMER,FULL,1973-01-01,52,2002-10-21,22,950000,60,5,0,0,62395,"2025-07-03 17:06:06"
8800007557,2025-07-02,CUSTOMER,FULL,2003-06-18,22,1997-03-23,28,587685,60,5,0,0,7337,"2025-07-03 17:06:05"
8800222911,2025-07-02,CUSTOMER,FULL,1999-08-12,25,1971-01-05,54,600000,60,5,0,0,7243,"2025-07-03 17:05:53"
25158397842,2025-07-03,CUSTOMER,FULL,1996-03-20,29,NULL,0,225000,36,3,0,0,1989,"2025-07-03 17:05:22"
25157826281,2025-06-29,CUSTOMER,FULL,1985-01-01,40,NULL,-1,325000,36,3,0,0,4764,"2025-07-03 17:04:58"
25158136208,2025-07-02,CUSTOMER,FULL,1996-12-28,28,1959-09-04,65,1417000,60,5,0,0,16454,"2025-07-03 17:04:48"
25158333524,2025-07-03,CUSTOMER,FULL,1987-07-15,37,NULL,0,610000,60,5,0,0,10531,"2025-07-03 17:04:33"
25158376526,2025-07-03,CUSTOMER,FULL,1996-01-26,29,NULL,0,1440000,72,6,0,0,21903,"2025-07-03 17:04:24"
8800310068,2025-07-01,CUSTOMER,FULL,2000-03-03,25,1975-01-01,50,500000,48,4,0,0,5222,"2025-07-03 17:04:14"
25158410530,2025-07-03,CUSTOMER,FULL,1975-02-15,50,NULL,0,150000,36,3,0,0,5877,"2025-07-03 17:03:08"
25158421172,2025-07-03,CUSTOMER,FULL,1990-01-01,35,1993-07-01,32,1000000,60,5,0,0,16780,"2025-07-03 17:03:00"
8800185360,2025-07-02,CUSTOMER,FULL,1982-09-04,42,1981-01-01,44,465000,60,5,0,0,12313,"2025-07-03 17:02:20"
25158298884,2025-07-03,CUSTOMER,FULL,1996-04-09,29,1989-04-20,36,740000,60,5,0,0,9710,"2025-07-03 17:01:37"
25158042943,2025-07-02,CUSTOMER,FULL,1984-07-02,41,NULL,-1,390000,35,3,0,0,6531,"2025-07-03 17:01:31"
25158422630,2025-07-03,CUSTOMER,FULL,1989-05-27,36,1990-05-03,35,320000,48,4,0,0,4505,"2025-07-03 17:01:31"
25158333552,2025-07-03,CUSTOMER,FULL,1989-01-01,36,NULL,0,450000,59,5,0,0,8008,"2025-07-03 17:01:14"
25157815677,2025-07-02,CUSTOMER,FULL,1978-12-08,46,1982-07-02,43,858000,48,4,0,0,28096,"2025-07-03 17:01:13"
25157932488,2025-06-30,CUSTOMER,FULL,1978-08-20,46,1985-04-13,40,1020000,60,5,0,0,38889,"2025-07-03 17:01:13"
25158041212,2025-07-02,CUSTOMER,FULL,1986-05-05,39,NULL,-1,480000,36,3,0,0,6990,"2025-07-03 17:00:07"
8800381852,2025-06-30,CUSTOMER,FULL,1999-08-22,25,1981-11-17,43,581000,36,3,0,0,5115,"2025-07-03 16:59:37"
8800127450,2025-07-02,CUSTOMER,FULL,1974-07-05,50,NULL,-1,450000,36,3,0,0,17630,"2025-07-03 16:59:32"
8800398030,2025-07-03,CUSTOMER,FULL,1973-01-01,52,NULL,0,400000,42,4,0,0,23275,"2025-07-03 16:58:58"
25157672651,2025-06-26,CUSTOMER,FULL,1999-01-01,26,NULL,-1,500000,36,3,0,0,4402,"2025-07-03 16:58:21"
8800152344,2025-07-02,CUSTOMER,FULL,1986-08-15,38,1988-12-09,36,600000,59,5,0,0,12136,"2025-07-03 16:57:37"
25158382112,2025-07-03,CUSTOMER,FULL,2002-08-11,22,1980-06-15,45,550000,60,5,0,0,6867,"2025-07-03 16:57:26"
8800374278,2025-07-02,CUSTOMER,FULL,1978-06-19,47,1974-01-01,51,300000,24,2,0,0,6659,"2025-07-03 16:57:21"
25157652777,2025-06-24,CUSTOMER,FULL,1976-01-01,49,NULL,-1,90000,24,2,0,0,2477,"2025-07-03 16:57:06"
25157927874,2025-06-30,CUSTOMER,FULL,2004-07-15,20,1971-01-01,54,1100000,84,7,0,0,15680,"2025-07-03 16:56:40"
25158360824,2025-07-03,CUSTOMER,FULL,1973-03-05,52,1988-09-12,36,750000,48,4,0,0,43640,"2025-07-03 16:56:27"
25158401726,2025-07-03,CUSTOMER,FULL,1996-04-12,29,NULL,0,767000,60,5,0,0,10065,"2025-07-03 16:56:13"
25157631595,2025-06-23,CO-APPLICANT,"PARTIAL TENURE",1970-10-22,54,1975-03-17,50,565000,60,5,0,2,17348,"2025-07-03 16:56:05"
25158417583,2025-07-03,CUSTOMER,FULL,1997-04-09,28,NULL,0,800000,60,5,0,0,10281,"2025-07-03 16:55:22"
8800287267,2025-07-03,CUSTOMER,FULL,1982-03-11,43,NULL,0,530000,60,5,0,0,15798,"2025-07-03 16:55:22"
8800309218,2025-07-03,CUSTOMER,FULL,1996-10-07,28,NULL,0,300000,36,3,0,0,2726,"2025-07-03 16:55:02"
8800250640,2025-07-02,CUSTOMER,FULL,1983-01-01,42,NULL,-1,160000,36,3,0,0,2910,"2025-07-03 16:54:46"
25158428154,2025-07-03,CUSTOMER,FULL,1991-08-05,33,NULL,0,998000,60,5,0,0,15110,"2025-07-03 16:54:04"
25157929514,2025-06-30,CUSTOMER,FULL,2001-03-29,24,1975-01-26,50,1050000,60,5,0,0,13109,"2025-07-03 16:53:41"
25158415545,2025-07-03,CUSTOMER,FULL,1990-01-01,35,1998-07-06,26,580000,48,4,0,0,8138,"2025-07-03 16:52:49"
8800191108,2025-07-03,CUSTOMER,FULL,1978-07-15,46,NULL,0,300000,36,3,0,0,7941,"2025-07-03 16:52:28"
8800103793,2025-06-30,CUSTOMER,FULL,1989-06-11,36,NULL,-1,200000,30,3,0,0,2391,"2025-07-03 16:52:07"
25157674079,2025-06-26,CUSTOMER,FULL,1995-09-21,29,1991-06-05,34,400000,48,4,0,0,4404,"2025-07-03 16:52:02"
25158329244,2025-07-03,CUSTOMER,FULL,1988-12-24,36,NULL,0,850000,72,6,0,0,17744,"2025-07-03 16:51:34"
25158039489,2025-07-02,CUSTOMER,FULL,1997-01-02,28,1996-07-10,28,315000,36,3,0,0,2747,"2025-07-03 16:50:49"
25158419086,2025-07-03,CUSTOMER,FULL,1975-01-01,50,NULL,0,335000,35,3,0,0,13302,"2025-07-03 16:50:47"
25157873138,2025-06-29,CUSTOMER,FULL,1974-01-01,51,NULL,-1,365000,36,3,0,0,15906,"2025-07-03 16:50:44"
8800280756,2025-06-28,CUSTOMER,FULL,2003-12-28,21,1984-09-07,40,636000,60,5,0,0,7941,"2025-07-03 16:50:21"
25158306107,2025-07-03,CUSTOMER,FULL,1984-07-02,41,NULL,0,500000,36,3,0,0,8373,"2025-07-03 16:50:19"
8800369902,2025-07-03,CUSTOMER,FULL,1985-12-21,39,NULL,0,450000,36,3,0,0,6495,"2025-07-03 16:49:09"
25157683447,2025-06-27,CUSTOMER,"PARTIAL TENURE",1980-05-25,45,1975-06-11,50,850000,60,5,0,2,15457,"2025-07-03 16:49:06"
25158378560,2025-07-03,CO-APPLICANT,FULL,1980-01-01,45,2007-01-01,18,719000,60,5,0,0,8731,"2025-07-03 16:48:10"
25157919185,2025-06-30,CO-APPLICANT,FULL,1977-11-11,47,2001-07-22,23,830000,60,5,0,0,10363,"2025-07-03 16:47:59"
8800047988,2025-06-26,CUSTOMER,FULL,1968-07-24,56,1993-06-25,32,100000,24,2,0,0,5248,"2025-07-03 16:47:57"
8800129607,2025-07-03,CUSTOMER,FULL,1976-10-12,48,NULL,0,900000,60,5,0,0,42714,"2025-07-03 16:47:49"
25158279409,2025-07-03,CUSTOMER,FULL,1996-03-15,29,NULL,0,535000,60,5,0,0,7021,"2025-07-03 16:47:39"
25158244587,2025-07-02,CUSTOMER,FULL,1985-10-28,39,1963-01-01,62,415000,60,5,0,0,8996,"2025-07-03 16:47:34"
25158428156,2025-07-03,CUSTOMER,FULL,2001-05-07,24,NULL,0,300000,29,3,0,0,2641,"2025-07-03 16:47:11"
25157675275,2025-06-26,CUSTOMER,FULL,2004-09-19,20,1975-03-11,50,380000,47,4,0,0,3749,"2025-07-03 16:46:58"
8800338616,2025-07-01,CUSTOMER,FULL,1989-05-06,36,1959-05-18,66,75000,24,2,0,0,673,"2025-07-03 16:46:41"
8800052338,2025-07-03,CUSTOMER,FULL,1995-07-02,30,NULL,0,810000,72,6,0,0,12684,"2025-07-03 16:46:34"
25157912646,2025-07-02,CUSTOMER,FULL,1984-01-19,41,NULL,-1,700000,24,2,0,0,8289,"2025-07-03 16:46:17"
25157930004,2025-06-30,CUSTOMER,FULL,1991-07-05,33,1992-08-28,32,250000,60,5,0,0,3644,"2025-07-03 16:45:35"
8800176136,2025-06-23,CUSTOMER,FULL,1990-05-21,35,NULL,-1,300000,35,3,0,0,3417,"2025-07-03 16:45:31"
25158367931,2025-07-03,CUSTOMER,FULL,2004-06-26,21,1976-01-23,49,610000,36,3,0,0,4830,"2025-07-03 16:45:13"
25158324115,2025-07-03,CUSTOMER,FULL,1992-11-19,32,NULL,0,300000,36,3,0,0,2978,"2025-07-03 16:44:25"
25157562498,2025-06-17,CUSTOMER,FULL,1970-09-26,54,NULL,-1,300000,30,3,0,0,17021,"2025-07-03 16:44:16"
8800405302,2025-07-03,CUSTOMER,FULL,1971-05-28,54,NULL,0,266000,31,3,0,0,14612,"2025-07-03 16:44:03"
25158397824,2025-07-03,CUSTOMER,FULL,1979-12-30,45,NULL,0,520000,42,4,0,0,15267,"2025-07-03 16:43:04"
25158392805,2025-07-03,CUSTOMER,FULL,1986-01-01,39,NULL,0,965000,60,5,0,0,18721,"2025-07-03 16:42:52"
8800381602,2025-07-03,CUSTOMER,FULL,1974-06-30,51,1974-07-10,50,500000,48,4,0,0,26202,"2025-07-03 16:42:47"
25158421159,2025-07-03,CUSTOMER,FULL,2007-04-07,18,NULL,0,403000,48,4,0,0,4147,"2025-07-03 16:42:15"
25158411980,2025-07-03,CUSTOMER,FULL,2000-05-02,25,1999-09-20,25,424000,60,5,0,0,5294,"2025-07-03 16:42:11"
25158367930,2025-07-03,CUSTOMER,FULL,2000-05-20,25,1973-08-10,51,780000,60,5,0,0,9738,"2025-07-03 16:40:44"
8800387304,2025-07-03,CUSTOMER,FULL,1979-01-23,46,NULL,0,378000,48,4,0,0,12061,"2025-07-03 16:39:45"
25157802101,2025-06-29,CUSTOMER,FULL,1995-01-01,30,NULL,-1,460000,60,5,0,0,6205,"2025-07-03 16:39:44"
25158346676,2025-07-03,CUSTOMER,FULL,1989-09-04,35,1989-06-18,36,900000,83,7,0,0,20402,"2025-07-03 16:39:18"
25157688244,2025-06-27,CUSTOMER,FULL,1981-06-03,44,NULL,-1,2550000,60,5,0,0,81364,"2025-07-03 16:39:06"
8800380303,2025-07-02,CUSTOMER,FULL,2001-12-18,23,1974-12-23,50,485000,48,4,0,0,5163,"2025-07-03 16:38:28"
8800145840,2025-07-01,CUSTOMER,FULL,1995-04-16,30,1987-11-09,37,580000,47,4,0,0,6591,"2025-07-03 16:37:48"
25158039724,2025-07-02,CUSTOMER,FULL,1994-06-01,31,NULL,-1,380000,36,3,0,0,3642,"2025-07-03 16:36:04"
25158419082,2025-07-03,CUSTOMER,FULL,2001-10-02,23,NULL,0,209000,24,2,0,0,1331,"2025-07-03 16:36:02"
8800283915,2025-07-02,CUSTOMER,FULL,1995-05-15,30,NULL,-1,820000,48,4,0,0,9231,"2025-07-03 16:35:55"
8800121465,2025-07-03,CUSTOMER,FULL,2002-12-14,22,NULL,0,602000,84,7,0,0,9725,"2025-07-03 16:35:45"
25158220808,2025-07-02,CUSTOMER,FULL,1979-01-12,46,1972-01-01,53,700000,60,5,0,0,26689,"2025-07-03 16:35:37"
25157434030,2025-06-10,CUSTOMER,FULL,1986-07-11,38,NULL,-1,730000,60,5,0,0,14765,"2025-07-03 16:35:25"
25157997940,2025-07-01,CUSTOMER,FULL,2001-07-10,23,NULL,-1,800000,60,5,0,0,8534,"2025-07-03 16:34:09"
25157827191,2025-06-29,CUSTOMER,FULL,2004-06-08,21,1969-01-01,56,500000,60,5,0,0,6243,"2025-07-03 16:33:45"
8800095597,2025-07-03,CUSTOMER,FULL,1994-12-29,30,1972-06-23,53,465000,48,4,0,0,5235,"2025-07-03 16:33:45"
8800194831,2025-06-24,CUSTOMER,FULL,1990-07-20,34,NULL,-1,300000,36,3,0,0,3250,"2025-07-03 16:33:05"
8800243330,2025-06-18,CUSTOMER,FULL,1994-01-12,31,1965-08-24,59,170000,48,4,0,0,1968,"2025-07-03 16:32:33"
25158372925,2025-07-03,CUSTOMER,FULL,1991-01-09,34,1986-07-01,39,785000,36,3,0,0,7781,"2025-07-03 16:32:11"
25157663610,2025-06-25,CUSTOMER,FULL,1977-09-08,47,1999-01-01,26,252000,36,3,0,0,7203,"2025-07-03 16:31:57"
25158120317,2025-07-03,CUSTOMER,FULL,1983-10-15,41,1978-01-30,47,940000,48,4,0,0,19633,"2025-07-03 16:31:39"
25158333207,2025-07-03,CUSTOMER,FULL,2001-10-04,23,NULL,0,740000,60,5,0,0,7894,"2025-07-03 16:31:38"
8800299805,2025-07-03,CUSTOMER,FULL,1982-03-14,43,NULL,0,200000,36,3,0,0,3970,"2025-07-03 16:31:00"
8800321082,2025-06-17,CUSTOMER,FULL,1975-02-06,50,NULL,-1,330000,36,3,0,0,12457,"2025-07-03 16:30:38"
8800128586,2025-06-14,CUSTOMER,FULL,1990-08-02,34,NULL,-1,280000,48,4,0,0,3638,"2025-07-03 16:30:19"
25158129243,2025-07-02,CUSTOMER,FULL,1993-06-11,32,NULL,-1,400000,48,4,0,0,4787,"2025-07-03 16:29:57"
25158280036,2025-07-03,CUSTOMER,FULL,1992-12-27,32,1994-11-26,30,520000,48,4,0,0,6222,"2025-07-03 16:29:56"
25158415521,2025-07-03,CUSTOMER,FULL,2002-01-01,23,1973-01-01,52,460000,48,4,0,0,4897,"2025-07-03 16:29:39"
25158064935,2025-07-02,CUSTOMER,FULL,1983-01-01,42,1988-05-11,37,570000,60,5,0,0,15585,"2025-07-03 16:29:32"
25157633904,2025-06-23,CUSTOMER,FULL,1970-01-01,55,NULL,-1,200000,18,2,0,0,9735,"2025-07-03 16:29:27"
25157507694,2025-06-13,CUSTOMER,FULL,1987-01-01,38,NULL,-1,100000,24,2,0,0,1055,"2025-07-03 16:29:11"
8800277664,2025-06-30,CUSTOMER,FULL,1980-05-10,45,1978-05-25,47,600000,72,6,0,0,25191,"2025-07-03 16:29:09"
25158042874,2025-07-02,CUSTOMER,FULL,1995-09-25,29,1996-07-12,28,790000,84,7,0,0,13713,"2025-07-03 16:29:01"
25158042788,2025-07-02,CUSTOMER,FULL,1982-01-01,43,NULL,-1,200000,30,3,0,0,3953,"2025-07-03 16:28:55"
25157924053,2025-06-30,CUSTOMER,FULL,2002-06-15,23,1988-05-06,37,515000,48,4,0,0,5482,"2025-07-03 16:28:49"
8800323477,2025-07-03,CUSTOMER,FULL,1993-01-01,32,NULL,0,980000,84,7,0,0,18989,"2025-07-03 16:28:37"
25158133870,2025-07-02,CUSTOMER,FULL,1994-05-01,31,NULL,-1,600000,12,1,0,0,2599,"2025-07-03 16:28:18"
25158149695,2025-07-02,CUSTOMER,FULL,2003-01-01,22,1977-01-01,48,405000,48,4,0,0,4311,"2025-07-03 16:28:12"
25157813442,2025-06-29,CUSTOMER,FULL,2003-05-15,22,1975-01-01,50,210000,48,4,0,0,2236,"2025-07-03 16:27:54"
25158126455,2025-07-02,CUSTOMER,FULL,1983-05-27,42,1990-01-29,35,400000,23,2,0,0,5613,"2025-07-03 16:27:26"
8800353589,2025-07-02,CUSTOMER,FULL,1986-01-01,39,NULL,-1,793000,72,6,0,0,19483,"2025-07-03 16:26:20"
25158369411,2025-07-03,CUSTOMER,FULL,1993-08-05,31,1967-05-20,58,910000,48,4,0,0,9697,"2025-07-03 16:26:19"
25158298951,2025-07-03,CUSTOMER,FULL,2002-07-08,22,NULL,0,568000,36,3,0,0,5000,"2025-07-03 16:26:12"
25157930840,2025-06-30,CUSTOMER,FULL,1999-07-01,25,1968-01-01,57,805000,60,5,0,0,10050,"2025-07-03 16:25:43"
25157928637,2025-06-30,CUSTOMER,FULL,1988-03-10,37,NULL,-1,300000,23,2,0,0,2974,"2025-07-03 16:25:20"
25158041861,2025-07-02,CUSTOMER,FULL,1997-01-01,28,1984-01-01,41,626000,60,5,0,0,8045,"2025-07-03 16:25:13"
25158358757,2025-07-03,CUSTOMER,FULL,1972-01-01,53,NULL,0,250000,36,3,0,0,13039,"2025-07-03 16:23:59"
8800380760,2025-07-03,CUSTOMER,FULL,1997-05-20,28,1970-01-01,55,700000,60,5,0,0,8996,"2025-07-03 16:23:41"
25158279037,2025-07-03,CUSTOMER,FULL,1987-05-03,38,1991-01-01,34,980000,48,4,0,0,15277,"2025-07-03 16:22:58"
8800198997,2025-07-02,CUSTOMER,FULL,1985-10-06,39,NULL,-1,250000,36,3,0,0,3608,"2025-07-03 16:21:06"
25157619128,2025-06-21,CUSTOMER,FULL,1989-01-01,36,NULL,-1,600000,48,4,0,0,8447,"2025-07-03 16:21:04"
8800174795,2025-06-25,CUSTOMER,FULL,1992-12-20,32,1973-01-25,52,420000,36,3,0,0,4213,"2025-07-03 16:20:59"
25158369438,2025-07-03,CUSTOMER,FULL,1993-01-01,32,NULL,0,310000,36,3,0,0,3077,"2025-07-03 16:20:46"
25158039398,2025-07-03,CUSTOMER,FULL,1980-01-01,45,NULL,0,450000,60,5,0,0,16191,"2025-07-03 16:20:45"
25158080345,2025-07-02,CUSTOMER,FULL,1984-01-01,41,1953-01-01,72,550000,60,5,0,0,13857,"2025-07-03 16:20:37"
25158043412,2025-07-02,CUSTOMER,FULL,1994-10-16,30,1968-09-05,56,153000,24,2,0,0,1138,"2025-07-03 16:19:56"
25158362337,2025-07-03,CUSTOMER,FULL,1975-02-09,50,NULL,0,900000,60,5,0,0,49808,"2025-07-03 16:19:43"
25157932552,2025-06-30,CUSTOMER,FULL,1988-01-01,37,NULL,-1,295000,42,4,0,0,4362,"2025-07-03 16:19:21"
8800155866,2025-07-03,CUSTOMER,FULL,2001-08-06,23,1993-01-01,32,500000,36,3,0,0,4343,"2025-07-03 16:19:08"
25157629467,2025-06-23,CUSTOMER,FULL,2000-08-22,24,1971-08-03,53,750000,60,5,0,0,9364,"2025-07-03 16:18:57"
25158280352,2025-07-03,CUSTOMER,FULL,1990-04-20,35,NULL,0,1700000,83,7,0,0,34584,"2025-07-03 16:18:53"
25158042819,2025-07-02,CUSTOMER,FULL,2005-03-07,20,1979-05-10,46,960000,60,5,0,0,9879,"2025-07-03 16:18:45"
8800292173,2025-06-28,CUSTOMER,FULL,1992-05-15,33,1963-01-01,62,425000,48,4,0,0,5286,"2025-07-03 16:18:42"
25157663803,2025-06-25,CUSTOMER,FULL,2003-07-01,21,1981-01-01,44,100000,24,2,0,0,696,"2025-07-03 16:18:40"
25157697873,2025-06-28,CUSTOMER,FULL,2004-02-02,21,1980-08-09,44,800000,83,7,0,0,12924,"2025-07-03 16:18:27"
25158070355,2025-07-02,CUSTOMER,FULL,1989-01-01,36,NULL,-1,268000,35,3,0,0,3188,"2025-07-03 16:18:10"
8800262512,2025-07-03,CUSTOMER,FULL,1989-06-14,36,NULL,0,945000,72,6,0,0,19727,"2025-07-03 16:17:06"
8800218843,2025-06-14,CUSTOMER,FULL,1996-01-01,29,2002-03-25,23,996000,60,5,0,0,11742,"2025-07-03 16:16:54"
25157933148,2025-06-30,CUSTOMER,FULL,1972-03-14,53,NULL,-1,568000,36,3,0,0,29625,"2025-07-03 16:16:33"
25158408462,2025-07-03,CUSTOMER,FULL,2005-02-16,20,1967-01-01,58,1400000,48,4,0,0,14835,"2025-07-03 16:16:26"
25158296872,2025-07-03,CUSTOMER,FULL,1993-02-04,32,1997-03-08,28,100000,18,2,0,0,776,"2025-07-03 16:16:02"
25157687777,2025-06-27,CUSTOMER,FULL,1992-01-20,33,1992-07-17,32,160000,24,2,0,0,1269,"2025-07-03 16:15:27"
25157595332,2025-06-20,CUSTOMER,FULL,2002-09-12,22,NULL,-1,550000,60,5,0,0,6867,"2025-07-03 16:14:55"
25157799510,2025-06-29,CUSTOMER,FULL,1992-04-01,33,NULL,-1,810000,60,5,0,0,10553,"2025-07-03 16:14:36"
25157684556,2025-06-27,CUSTOMER,FULL,1983-06-30,41,NULL,-1,200000,24,2,0,0,2369,"2025-07-03 16:13:02"
25158364353,2025-07-03,CUSTOMER,FULL,1987-01-01,38,1998-09-10,26,625000,60,5,0,0,12641,"2025-07-03 16:12:46"
8800255889,2025-07-02,CUSTOMER,FULL,1997-06-30,28,NULL,-1,250000,36,3,0,0,2272,"2025-07-03 16:12:21"
25158348150,2025-07-03,CUSTOMER,FULL,1982-01-01,43,NULL,0,370000,30,3,0,0,7344,"2025-07-03 16:11:10"
25157935365,2025-07-01,CUSTOMER,FULL,2004-06-14,21,1984-01-01,41,180000,36,3,0,0,1426,"2025-07-03 16:10:13"
25158335899,2025-07-03,CUSTOMER,FULL,1995-02-09,30,NULL,0,270000,35,3,0,0,2514,"2025-07-03 16:10:02"
25157638420,2025-06-23,CUSTOMER,FULL,1976-01-01,49,NULL,-1,1100000,60,5,0,0,55607,"2025-07-03 16:08:44"
8800368261,2025-07-02,CUSTOMER,FULL,1986-06-01,39,NULL,-1,630000,48,4,0,0,11360,"2025-07-03 16:07:57"
8800187627,2025-07-03,CUSTOMER,FULL,1977-07-01,48,NULL,0,200000,24,2,0,0,4938,"2025-07-03 16:07:51"
8800331576,2025-07-03,CUSTOMER,FULL,1982-12-31,42,NULL,0,290000,48,4,0,0,6560,"2025-07-03 16:07:18"
25158387157,2025-07-03,CUSTOMER,FULL,2004-01-01,21,1982-03-07,43,800000,59,5,0,0,9988,"2025-07-03 16:06:29"
25158380042,2025-07-03,CUSTOMER,FULL,2000-12-17,24,1997-06-05,28,590000,59,5,0,0,7366,"2025-07-03 16:06:22"
8800184595,2025-07-03,CUSTOMER,FULL,2002-06-06,23,2000-06-21,25,790000,60,5,0,0,8428,"2025-07-03 16:06:06"
25158063214,2025-07-02,CUSTOMER,FULL,1990-03-02,35,NULL,-1,280000,36,3,0,0,2868,"2025-07-03 16:05:49"
8800327021,2025-07-02,CUSTOMER,"PARTIAL TENURE",1979-01-01,46,NULL,-1,625000,60,5,0,2,12523,"2025-07-03 16:05:44"
25158333102,2025-07-03,CUSTOMER,FULL,1978-07-25,46,NULL,0,1000000,72,6,0,0,45914,"2025-07-03 16:05:34"
8800327458,2025-06-21,CUSTOMER,FULL,1993-06-30,31,NULL,-1,295000,48,4,0,0,3144,"2025-07-03 16:05:03"
8800397451,2025-07-03,CUSTOMER,FULL,1996-02-28,29,1985-05-14,40,217000,36,3,0,0,2013,"2025-07-03 16:04:05"
8800236844,2025-07-03,CUSTOMER,FULL,2004-04-05,21,1977-06-01,48,300000,36,3,0,0,2546,"2025-07-03 16:03:30"
25157928969,2025-06-30,CUSTOMER,FULL,1997-01-01,28,NULL,-1,680000,60,5,0,0,8739,"2025-07-03 16:03:15"
25158392808,2025-07-03,CUSTOMER,FULL,2003-08-08,21,1975-07-13,49,300000,47,4,0,0,3009,"2025-07-03 16:03:05"
8800379933,2025-07-02,CUSTOMER,FULL,1985-01-01,40,NULL,-1,900000,36,3,0,0,14061,"2025-07-03 16:02:54"
25158064976,2025-07-02,CUSTOMER,FULL,1967-05-10,58,1992-06-10,33,660000,48,4,0,0,61136,"2025-07-03 16:02:52"
25158367918,2025-07-03,CUSTOMER,FULL,1996-03-08,29,NULL,0,280000,24,2,0,0,2064,"2025-07-03 16:02:42"
25157692002,2025-06-27,CUSTOMER,FULL,1987-02-04,38,1985-08-01,39,500000,48,4,0,0,8420,"2025-07-03 16:02:41"
25157666520,2025-06-25,CUSTOMER,FULL,1986-01-01,39,1990-12-05,34,1550000,72,6,0,0,38080,"2025-07-03 16:02:35"
25158389204,2025-07-03,CUSTOMER,FULL,1985-01-01,40,1962-01-01,63,680000,48,4,0,0,13168,"2025-07-03 16:02:32"
25158039027,2025-07-02,CUSTOMER,FULL,1989-11-09,35,1985-04-01,40,155000,24,2,0,0,1321,"2025-07-03 16:02:16"
25157726745,2025-06-28,CUSTOMER,FULL,1989-07-08,35,NULL,-1,210000,60,5,0,0,3368,"2025-07-03 16:01:53"
8800140748,2025-07-03,CUSTOMER,FULL,1988-11-28,36,1987-07-15,37,1000000,84,7,0,0,24096,"2025-07-03 16:01:39"
25158350189,2025-07-03,CUSTOMER,FULL,1997-07-08,27,NULL,0,450000,48,4,0,0,4833,"2025-07-03 16:01:04"
25157566757,2025-06-18,CUSTOMER,FULL,2005-01-12,20,1980-01-01,45,1670000,84,7,0,0,23805,"2025-07-03 16:00:55"
25157567564,2025-06-18,CUSTOMER,FULL,1992-01-01,33,NULL,-1,465000,60,5,0,0,7040,"2025-07-03 16:00:47"
25157690453,2025-06-27,CUSTOMER,FULL,1985-09-05,39,NULL,-1,1250000,60,5,0,0,24249,"2025-07-03 16:00:25"
25157929963,2025-06-30,CUSTOMER,FULL,1994-10-08,30,1986-08-22,38,288000,36,3,0,0,2583,"2025-07-03 16:00:14"
8800395703,2025-07-03,CUSTOMER,FULL,1995-07-15,29,NULL,0,290000,48,4,0,0,2981,"2025-07-03 15:59:14"
25158378567,2025-07-03,CUSTOMER,FULL,1999-10-19,25,1971-05-16,54,552000,84,7,0,0,8970,"2025-07-03 15:58:59"
8800193552,2025-06-09,CUSTOMER,FULL,1992-02-05,33,1959-07-15,65,220000,36,3,0,0,2288,"2025-07-03 15:58:05"
8800393476,2025-07-03,CUSTOMER,FULL,1980-01-01,45,NULL,0,500000,36,3,0,0,11848,"2025-07-03 15:57:29"
8800360825,2025-07-03,CUSTOMER,FULL,2004-05-06,21,NULL,0,169000,36,3,0,0,1339,"2025-07-03 15:57:22"
25158390692,2025-07-03,CUSTOMER,FULL,1995-01-01,30,NULL,0,330000,35,3,0,0,2960,"2025-07-03 15:56:56"
25158126316,2025-07-02,CUSTOMER,FULL,1983-01-10,42,1980-01-01,45,800000,48,4,0,0,16171,"2025-07-03 15:56:51"
8800321684,2025-06-16,CUSTOMER,FULL,2000-01-01,25,NULL,-1,320000,36,3,0,0,2625,"2025-07-03 15:56:49"
8800183362,2025-06-23,CUSTOMER,FULL,1995-02-05,30,NULL,-1,250000,36,3,0,0,2366,"2025-07-03 15:56:34"
25157618800,2025-06-21,CUSTOMER,FULL,1991-01-01,34,1994-01-01,31,900000,60,5,0,0,14316,"2025-07-03 15:56:14"
8800222914,2025-07-03,CUSTOMER,FULL,1985-11-16,39,NULL,0,100000,36,3,0,0,1444,"2025-07-03 15:55:43"
25158401348,2025-07-03,CUSTOMER,FULL,2000-11-23,24,NULL,0,300000,36,3,0,0,2641,"2025-07-03 15:55:36"
25158372966,2025-07-03,CUSTOMER,FULL,2000-09-07,24,1981-08-05,43,1058000,60,5,0,0,11386,"2025-07-03 15:54:51"
8800216108,2025-06-29,CUSTOMER,FULL,1980-07-01,44,NULL,-1,730000,60,5,0,0,23293,"2025-07-03 15:54:51"
25157324574,2025-06-05,CUSTOMER,FULL,1983-01-01,42,NULL,-1,920000,48,4,0,0,20811,"2025-07-03 15:54:37"
8800002943,2025-07-03,CUSTOMER,FULL,1989-01-01,36,1991-01-01,34,300000,36,3,0,0,3611,"2025-07-03 15:54:18"
8800368231,2025-06-30,CUSTOMER,FULL,1998-10-28,26,NULL,-1,500000,54,5,0,0,6095,"2025-07-03 15:54:15"
8800276964,2025-07-03,CUSTOMER,FULL,1995-01-01,30,NULL,0,570000,60,5,0,0,7688,"2025-07-03 15:54:02"
25157979390,2025-07-01,CUSTOMER,FULL,1980-01-17,45,NULL,-1,250000,36,3,0,0,5992,"2025-07-03 15:53:51"
25157634144,2025-06-23,CUSTOMER,FULL,1979-11-16,45,NULL,-1,300000,35,3,0,0,7109,"2025-07-03 15:53:35"
25157638878,2025-06-23,CUSTOMER,FULL,1990-10-22,34,1962-07-26,62,1100000,60,5,0,0,17498,"2025-07-03 15:53:26"
25157928988,2025-06-30,CUSTOMER,FULL,1998-03-15,27,1976-01-01,49,337000,36,3,0,0,2923,"2025-07-03 15:53:11"
8800257745,2025-07-03,CUSTOMER,FULL,1991-07-07,33,NULL,0,350000,48,4,0,0,4354,"2025-07-03 15:53:01"
25157714458,2025-06-28,CUSTOMER,FULL,1997-08-04,27,1968-03-13,57,700000,60,5,0,0,8863,"2025-07-03 15:52:46"
25158382150,2025-07-03,CUSTOMER,FULL,2001-07-10,23,1979-06-13,46,774000,36,3,0,0,6814,"2025-07-03 15:52:20"
8800387014,2025-06-30,CUSTOMER,FULL,1981-01-01,44,NULL,-1,535000,59,5,0,0,17475,"2025-07-03 15:52:11"
8800361483,2025-07-03,CUSTOMER,FULL,1987-01-01,38,NULL,0,300000,36,3,0,0,4050,"2025-07-03 15:52:05"
25158329300,2025-07-03,CUSTOMER,FULL,1980-09-10,44,2002-12-31,22,479000,60,5,0,0,15646,"2025-07-03 15:51:52"
8800352164,2025-07-03,CUSTOMER,FULL,1982-11-24,42,NULL,0,1150000,60,5,0,0,31442,"2025-07-03 15:51:06"
25158041962,2025-07-02,CUSTOMER,FULL,2001-01-01,24,1983-01-01,42,620000,60,5,0,0,7741,"2025-07-03 15:51:01"
25158383615,2025-07-03,CUSTOMER,FULL,1980-04-03,45,1979-06-01,46,700000,48,4,0,0,20733,"2025-07-03 15:50:56"
25158399875,2025-07-03,CUSTOMER,FULL,1989-01-03,36,NULL,0,500000,48,4,0,0,7039,"2025-07-03 15:50:53"
8800163303,2025-06-27,CUSTOMER,FULL,1987-04-02,38,NULL,-1,350000,36,3,0,0,4725,"2025-07-03 15:50:03"
25157978278,2025-07-01,CUSTOMER,FULL,1985-01-01,40,1968-01-01,57,650000,60,5,0,0,15164,"2025-07-03 15:49:24"
8800221256,2025-07-03,CUSTOMER,FULL,1980-09-10,44,NULL,0,500000,48,4,0,0,13317,"2025-07-03 15:48:51"
8800373956,2025-07-03,CUSTOMER,FULL,2003-01-24,22,1977-01-01,48,660000,60,5,0,0,8240,"2025-07-03 15:48:21"
25157700130,2025-07-03,CUSTOMER,FULL,1998-05-31,27,1998-05-09,27,396000,72,6,0,0,5790,"2025-07-03 15:48:20"
25158397829,2025-07-03,CUSTOMER,FULL,1994-04-09,31,NULL,0,1400000,48,4,0,0,14918,"2025-07-03 15:47:55"
25158055289,2025-07-02,CUSTOMER,FULL,1998-05-30,27,NULL,-1,200000,24,2,0,0,1393,"2025-07-03 15:47:49"
8800229848,2025-07-03,CUSTOMER,FULL,1991-01-01,34,1949-01-01,76,206000,24,2,0,0,1688,"2025-07-03 15:47:22"
25157796310,2025-06-29,CUSTOMER,FULL,1991-01-01,34,NULL,-1,570000,60,5,0,0,9067,"2025-07-03 15:47:03"
25157695640,2025-06-28,CUSTOMER,FULL,1997-07-01,27,NULL,-1,400000,36,3,0,0,3536,"2025-07-03 15:46:27"
25158385654,2025-07-03,CUSTOMER,FULL,1988-08-06,36,NULL,0,216000,23,2,0,0,2019,"2025-07-03 15:45:55"
25157682680,2025-06-27,CUSTOMER,FULL,1990-07-20,34,NULL,-1,330000,48,4,0,0,3840,"2025-07-03 15:44:57"
25157571648,2025-06-18,CUSTOMER,FULL,1996-09-15,28,1995-07-31,29,550000,48,4,0,0,5984,"2025-07-03 15:44:51"
25158043749,2025-07-02,CUSTOMER,FULL,1988-08-07,36,NULL,-1,785000,60,5,0,0,12867,"2025-07-03 15:44:43"
25158043007,2025-07-02,CUSTOMER,FULL,1983-06-16,42,1984-07-22,40,2284225,59,5,0,0,60485,"2025-07-03 15:44:31"
25158392747,2025-07-03,CUSTOMER,"PARTIAL TENURE",1974-01-01,51,NULL,0,300000,36,3,0,2,10266,"2025-07-03 15:43:36"
25158369431,2025-07-03,CUSTOMER,FULL,2004-06-06,21,NULL,0,270000,36,3,0,0,2138,"2025-07-03 15:42:32"
25157354546,2025-06-07,CUSTOMER,FULL,1991-01-01,34,NULL,-1,230000,18,2,0,0,1938,"2025-07-03 15:41:25"
25158357273,2025-07-03,CUSTOMER,FULL,1988-12-23,36,1985-01-01,40,1350000,60,5,0,0,22127,"2025-07-03 15:40:48"
25158387151,2025-07-03,CUSTOMER,FULL,2004-08-10,20,1993-04-04,32,820000,72,6,0,0,10528,"2025-07-03 15:40:42"
8800367152,2025-07-03,CUSTOMER,FULL,2001-04-28,24,1974-01-01,51,620000,60,5,0,0,7741,"2025-07-03 15:40:15"
25157571301,2025-06-18,CUSTOMER,FULL,1985-03-15,40,NULL,-1,286000,60,5,0,0,5910,"2025-07-03 15:39:58"
8800155051,2025-07-03,CUSTOMER,FULL,1985-02-05,40,NULL,0,400000,36,3,0,0,6203,"2025-07-03 15:39:25"
25158289418,2025-07-03,CUSTOMER,FULL,1982-04-02,43,1987-01-01,38,400000,48,4,0,0,9851,"2025-07-03 15:38:16"
8800372930,2025-07-03,CUSTOMER,FULL,1968-04-10,57,NULL,0,960000,36,3,0,0,68308,"2025-07-03 15:37:17"
25157656261,2025-06-24,CUSTOMER,FULL,1989-01-01,36,1995-01-01,30,285000,42,4,0,0,4013,"2025-07-03 15:37:03"
8800180602,2025-07-02,CUSTOMER,FULL,1993-11-26,31,2002-02-02,23,780000,84,7,0,0,14488,"2025-07-03 15:36:53"
8800364777,2025-07-03,CUSTOMER,FULL,1991-01-01,34,1993-07-20,31,400000,48,4,0,0,5325,"2025-07-03 15:35:44"
25157358247,2025-06-08,CUSTOMER,FULL,2000-06-03,25,NULL,-1,495000,60,5,0,0,6180,"2025-07-03 15:35:20"
8800396201,2025-07-01,CUSTOMER,FULL,1981-08-20,43,NULL,-1,150000,36,3,0,0,2978,"2025-07-03 15:35:12"
25158332264,2025-07-03,CUSTOMER,FULL,2007-01-01,18,1981-02-01,44,1000000,60,5,0,0,9853,"2025-07-03 15:34:43"
25158367905,2025-07-03,CUSTOMER,"PARTIAL TENURE",1976-01-01,49,1995-01-01,30,625000,59,5,0,2,17199,"2025-07-03 15:34:18"
8800313533,2025-06-30,CUSTOMER,FULL,2001-05-25,24,1980-01-01,45,150000,30,3,0,0,1316,"2025-07-03 15:34:00"
8800291820,2025-07-01,CUSTOMER,FULL,1994-05-27,31,1971-05-09,54,300000,30,3,0,0,2917,"2025-07-03 15:33:59"
25158134850,2025-07-02,CUSTOMER,FULL,1996-07-11,28,1989-07-10,35,650000,60,5,0,0,8353,"2025-07-03 15:33:49"
8800272216,2025-07-03,CUSTOMER,FULL,1997-08-01,27,1955-01-01,70,500000,42,4,0,0,5369,"2025-07-03 15:33:38"
8800014364,2025-06-24,CUSTOMER,FULL,1976-05-11,49,NULL,-1,230000,48,4,0,0,10037,"2025-07-03 15:33:25"
8800372056,2025-06-30,CUSTOMER,FULL,2002-02-03,23,1986-08-04,38,335000,48,4,0,0,3135,"2025-07-03 15:32:30"
8800384305,2025-07-03,CUSTOMER,FULL,1983-10-10,41,NULL,0,530000,48,4,0,0,11070,"2025-07-03 15:32:15"
25157681976,2025-06-27,CUSTOMER,FULL,1992-04-26,33,NULL,-1,331500,42,4,0,0,3732,"2025-07-03 15:32:04"
8800419576,2025-07-03,CUSTOMER,FULL,1983-09-05,41,NULL,0,310000,23,2,0,0,3671,"2025-07-03 15:31:29"
8800236594,2025-07-03,CUSTOMER,FULL,1989-07-01,36,NULL,0,121500,20,2,0,0,1089,"2025-07-03 15:30:51"
8800070978,2025-06-21,CUSTOMER,FULL,1997-01-05,28,NULL,-1,450000,42,4,0,0,4896,"2025-07-03 15:30:39"
8800297548,2025-06-29,CUSTOMER,FULL,1992-04-14,33,NULL,-1,990000,48,4,0,0,12570,"2025-07-03 15:30:32"
25158332430,2025-07-03,CUSTOMER,FULL,1985-05-01,40,NULL,0,300000,36,3,0,0,4687,"2025-07-03 15:30:06"
8800009542,2025-07-02,CUSTOMER,FULL,1987-01-01,38,1983-01-01,42,460800,48,4,0,0,7760,"2025-07-03 15:29:20"
25158364405,2025-07-03,CUSTOMER,FULL,1983-01-01,42,NULL,0,340000,36,3,0,0,6187,"2025-07-03 15:29:06"
25157958365,2025-07-01,CUSTOMER,FULL,1982-02-01,43,NULL,-1,400000,60,5,0,0,11923,"2025-07-03 15:28:22"
25155484632,2025-06-27,CUSTOMER,FULL,1978-01-01,47,NULL,-1,310000,48,4,0,0,11267,"2025-07-03 15:27:49"
8800023191,2025-06-11,CUSTOMER,FULL,1981-03-11,44,NULL,-1,303750,36,3,0,0,6556,"2025-07-03 15:27:30"
25158385657,2025-07-03,CUSTOMER,FULL,1993-07-01,32,NULL,0,990600,60,5,0,0,12484,"2025-07-03 15:27:22"
25157934301,2025-07-01,CUSTOMER,FULL,1996-01-01,29,1990-12-03,34,780000,60,5,0,0,10235,"2025-07-03 15:27:13"
25157929188,2025-07-03,CUSTOMER,FULL,1996-08-01,28,NULL,0,623050,60,5,0,0,8007,"2025-07-03 15:26:59"
25157691972,2025-06-27,CUSTOMER,FULL,1988-02-12,37,NULL,-1,400000,18,2,0,0,3776,"2025-07-03 15:26:12"
25158332833,2025-07-03,CUSTOMER,FULL,1996-06-20,29,NULL,0,780000,60,5,0,0,9195,"2025-07-03 15:26:09"
8800383732,2025-06-30,CUSTOMER,FULL,1998-07-19,26,1964-06-20,61,780000,72,6,0,0,11275,"2025-07-03 15:25:27"
25157821290,2025-06-29,CUSTOMER,FULL,1988-08-16,36,NULL,-1,250000,17,2,0,0,2337,"2025-07-03 15:25:12"
25158307621,2025-07-03,CUSTOMER,FULL,1984-05-20,41,NULL,0,350000,24,2,0,0,4145,"2025-07-03 15:24:16"
8800200781,2025-07-02,CUSTOMER,FULL,1987-12-04,37,NULL,-1,300000,36,3,0,0,3735,"2025-07-03 15:24:03"
25158281706,2025-07-03,CUSTOMER,FULL,1989-04-18,36,1996-01-01,29,999900,36,3,0,0,11894,"2025-07-03 15:21:40"
25157928185,2025-06-30,CUSTOMER,FULL,2001-12-04,23,1975-08-16,49,815000,36,3,0,0,6588,"2025-07-03 15:21:25"
8800363061,2025-07-03,CUSTOMER,FULL,2001-01-21,24,NULL,0,650000,60,5,0,0,8115,"2025-07-03 15:21:18"
8800272968,2025-07-01,CUSTOMER,FULL,1975-11-11,49,NULL,-1,620000,36,3,0,0,22314,"2025-07-03 15:20:28"
25157629327,2025-06-23,CUSTOMER,FULL,2001-02-02,24,NULL,-1,665000,48,4,0,0,7078,"2025-07-03 15:20:27"
8800329808,2025-06-30,CUSTOMER,FULL,1994-04-18,31,1964-04-01,61,850000,60,5,0,0,11846,"2025-07-03 15:19:35"
8800319758,2025-07-03,CUSTOMER,FULL,1990-06-01,35,NULL,0,490000,48,4,0,0,6875,"2025-07-03 15:19:31"
25157725757,2025-06-28,CUSTOMER,FULL,1991-02-03,34,NULL,-1,1000000,84,7,0,0,19459,"2025-07-03 15:18:57"
25158157277,2025-07-02,CUSTOMER,FULL,1998-01-01,27,NULL,-1,980000,59,5,0,0,11241,"2025-07-03 15:18:42"
25158333105,2025-07-03,CUSTOMER,FULL,1993-04-12,32,NULL,0,1050000,60,5,0,0,13233,"2025-07-03 15:18:42"
25158383508,2025-07-03,CUSTOMER,FULL,1999-08-20,25,NULL,0,800000,48,4,0,0,8515,"2025-07-03 15:18:34"
25157644963,2025-06-24,CUSTOMER,FULL,1995-07-15,29,NULL,-1,310000,35,3,0,0,2876,"2025-07-03 15:18:31"
25158333197,2025-07-03,CUSTOMER,FULL,1975-09-06,49,NULL,0,670000,60,5,0,0,35000,"2025-07-03 15:18:26"
25157662788,2025-07-03,CUSTOMER,FULL,1987-07-13,37,NULL,0,225000,30,3,0,0,2847,"2025-07-03 15:18:12"
25157686123,2025-06-27,CUSTOMER,FULL,2000-07-19,24,NULL,-1,250000,36,3,0,0,2201,"2025-07-03 15:17:52"
25158280919,2025-07-03,CUSTOMER,FULL,2001-01-01,24,NULL,0,315000,48,4,0,0,2970,"2025-07-03 15:17:49"
25158149783,2025-07-02,CUSTOMER,FULL,1997-01-01,28,NULL,-1,550000,36,3,0,0,4797,"2025-07-03 15:17:47"
25158044099,2025-07-02,CUSTOMER,FULL,1992-06-09,33,1994-07-09,30,970000,60,5,0,0,12637,"2025-07-03 15:17:38"
8800233706,2025-07-03,CUSTOMER,FULL,1991-04-10,34,NULL,0,400000,45,4,0,0,5197,"2025-07-03 15:17:33"
25158332777,2025-07-03,CUSTOMER,FULL,1977-01-01,48,1984-04-04,41,524000,72,6,0,0,29068,"2025-07-03 15:17:25"
25158376479,2025-07-03,CUSTOMER,FULL,1990-11-28,34,NULL,0,506000,60,5,0,0,8049,"2025-07-03 15:17:13"
8800080130,2025-07-03,CUSTOMER,FULL,1988-01-01,37,NULL,0,300000,36,3,0,0,3795,"2025-07-03 15:16:45"
25158332684,2025-07-03,CUSTOMER,FULL,1987-12-10,37,NULL,0,800000,84,7,0,0,19768,"2025-07-03 15:16:13"
8800372454,2025-06-29,CUSTOMER,FULL,2002-07-15,22,1978-01-01,47,650000,23,2,0,0,4526,"2025-07-03 15:15:31"
25157863244,2025-07-02,CUSTOMER,FULL,1998-03-16,27,NULL,-1,430000,48,4,0,0,4618,"2025-07-03 15:13:43"
8800226253,2025-07-03,CUSTOMER,FULL,1977-01-01,48,NULL,0,134000,24,2,0,0,3441,"2025-07-03 15:13:36"
8800358581,2025-06-25,CUSTOMER,FULL,1980-11-29,44,NULL,-1,300000,36,3,0,0,6532,"2025-07-03 15:13:23"
25157699531,2025-06-28,CUSTOMER,FULL,1992-10-08,32,2003-06-06,22,1020000,60,5,0,0,14781,"2025-07-03 15:12:23"
25158353712,2025-07-03,CUSTOMER,FULL,1998-09-08,26,NULL,0,600000,60,5,0,0,7527,"2025-07-03 15:12:17"
8800250857,2025-07-02,CUSTOMER,FULL,1985-07-05,39,1991-06-10,34,385000,36,3,0,0,5557,"2025-07-03 15:12:07"
25158280789,2025-07-03,CUSTOMER,FULL,1993-09-09,31,1990-08-17,34,400000,30,3,0,0,3833,"2025-07-03 15:12:05"
8800402901,2025-07-03,CUSTOMER,FULL,1987-01-01,38,NULL,0,400000,48,4,0,0,6736,"2025-07-03 15:11:56"
25158380051,2025-07-03,CUSTOMER,FULL,1988-01-01,37,NULL,0,535000,60,5,0,0,10133,"2025-07-03 15:11:48"
25158130546,2025-07-02,CUSTOMER,FULL,2002-08-10,22,1975-08-25,49,850000,60,5,0,0,10612,"2025-07-03 15:11:30"
25158287942,2025-07-03,CUSTOMER,FULL,1995-09-10,29,NULL,0,930000,60,5,0,0,12204,"2025-07-03 15:10:58"
25157933108,2025-06-30,CUSTOMER,FULL,1994-07-07,30,NULL,-1,300000,30,3,0,0,2840,"2025-07-03 15:09:57"
25157929465,2025-06-30,CUSTOMER,FULL,1996-01-01,29,1973-01-01,52,900000,60,5,0,0,10610,"2025-07-03 15:09:34"
25157670119,2025-06-26,CUSTOMER,FULL,1974-05-16,51,NULL,-1,800000,60,5,0,0,48286,"2025-07-03 15:09:32"
25157923777,2025-06-30,CUSTOMER,FULL,1998-12-20,26,1972-01-01,53,400000,47,4,0,0,4220,"2025-07-03 15:09:09"
8800024624,2025-07-03,CUSTOMER,FULL,1994-06-22,31,NULL,0,397333,23,2,0,0,2978,"2025-07-03 15:09:01"
25157851977,2025-06-29,CUSTOMER,FULL,1979-09-17,45,NULL,-1,290000,42,4,0,0,7519,"2025-07-03 15:07:25"
8800305260,2025-07-02,CUSTOMER,FULL,1991-09-25,33,NULL,-1,1020000,60,5,0,0,13288,"2025-07-03 15:07:22"
8800190037,2025-07-01,CUSTOMER,FULL,1984-06-12,41,1994-02-27,31,400000,48,4,0,0,7529,"2025-07-03 15:07:15"
25158376511,2025-07-03,CUSTOMER,FULL,1993-01-01,32,NULL,0,245000,36,3,0,0,2287,"2025-07-03 15:07:13"
8800307353,2025-06-13,CUSTOMER,FULL,1998-12-31,26,NULL,-1,290000,42,4,0,0,2896,"2025-07-03 15:07:12"
25158279095,2025-07-03,CUSTOMER,FULL,2001-02-17,24,1960-01-01,65,1300000,84,7,0,0,19298,"2025-07-03 15:06:42"
25157666907,2025-07-02,CUSTOMER,FULL,1988-01-05,37,NULL,-1,350000,48,4,0,0,5526,"2025-07-03 15:06:40"
25157697354,2025-06-28,CUSTOMER,FULL,1995-06-20,30,NULL,-1,395000,36,3,0,0,3739,"2025-07-03 15:06:23"
25158042494,2025-07-02,CUSTOMER,FULL,1992-04-11,33,1993-03-04,32,250000,24,2,0,0,2015,"2025-07-03 15:06:10"
25158281772,2025-07-03,CUSTOMER,FULL,2003-08-02,21,1979-01-01,46,370000,48,4,0,0,3939,"2025-07-03 15:06:05"
25157821884,2025-06-29,CUSTOMER,FULL,2002-01-31,23,1984-06-11,41,1024000,60,5,0,0,10924,"2025-07-03 15:06:04"
25158365830,2025-07-03,CUSTOMER,FULL,2000-01-01,25,NULL,0,80000,24,2,0,0,557,"2025-07-03 15:05:57"
25158360815,2025-07-03,CUSTOMER,FULL,2000-04-12,25,NULL,0,840000,60,5,0,0,10487,"2025-07-03 15:05:36"
8800034382,2025-07-02,CUSTOMER,FULL,1998-09-28,26,1976-12-10,48,331000,48,4,0,0,3305,"2025-07-03 15:05:26"
25158281586,2025-07-03,CUSTOMER,FULL,1992-09-18,32,1983-02-16,42,450000,60,5,0,0,6298,"2025-07-03 15:05:05"
25157923431,2025-06-30,CUSTOMER,FULL,1988-01-01,37,1986-01-01,39,200000,30,3,0,0,2556,"2025-07-03 15:04:58"
25158350190,2025-07-03,CUSTOMER,FULL,1983-08-08,41,1990-07-31,34,290000,36,3,0,0,4531,"2025-07-03 15:04:54"
25158314793,2025-07-03,CUSTOMER,FULL,1991-03-31,34,NULL,0,300000,30,3,0,0,3247,"2025-07-03 15:04:26"
8800311765,2025-07-02,CUSTOMER,FULL,1992-01-15,33,NULL,-1,320000,36,3,0,0,3327,"2025-07-03 15:04:16"
8800213201,2025-07-03,CUSTOMER,FULL,1997-08-12,27,NULL,0,300000,36,3,0,0,2652,"2025-07-03 15:04:06"
8800293365,2025-07-03,CUSTOMER,FULL,1979-01-01,46,NULL,0,70000,12,1,0,0,1161,"2025-07-03 15:03:25"
25158071428,2025-07-02,CUSTOMER,FULL,1984-01-21,41,1990-01-25,35,1100000,36,3,0,0,17186,"2025-07-03 15:02:55"
8800366883,2025-06-27,CUSTOMER,FULL,1996-08-16,28,1969-08-10,55,635000,48,4,0,0,6909,"2025-07-03 15:02:49"
8800356454,2025-06-25,CUSTOMER,FULL,1993-05-15,32,NULL,-1,530000,48,4,0,0,5792,"2025-07-03 15:01:44"
25158357271,2025-07-03,CUSTOMER,FULL,1994-03-07,31,NULL,0,1000000,36,3,0,0,9134,"2025-07-03 15:01:18"
25158041231,2025-07-02,CUSTOMER,FULL,2004-01-01,21,1993-01-01,32,800000,36,3,0,0,6335,"2025-07-03 14:59:56"
8800114311,2025-07-02,CUSTOMER,FULL,2001-06-06,24,1973-07-01,52,1250000,48,4,0,0,11786,"2025-07-03 14:59:40"
25158365858,2025-07-03,CUSTOMER,FULL,1992-05-31,33,NULL,0,290000,36,3,0,0,2998,"2025-07-03 14:59:23"
25158367952,2025-07-03,CUSTOMER,FULL,2001-02-25,24,NULL,0,480000,60,5,0,0,5166,"2025-07-03 14:59:16"
25158360860,2025-07-03,CUSTOMER,FULL,1987-03-25,38,NULL,0,675000,57,5,0,0,13653,"2025-07-03 14:58:27"
8800244810,2025-06-26,CUSTOMER,FULL,1985-01-01,40,1989-09-27,35,292000,42,4,0,0,5128,"2025-07-03 14:58:13"
25158142010,2025-07-02,CUSTOMER,FULL,1981-07-21,43,NULL,-1,700000,36,3,0,0,12614,"2025-07-03 14:58:11"
25158281144,2025-07-03,CUSTOMER,FULL,2000-03-07,25,1973-01-01,52,460000,60,5,0,0,5743,"2025-07-03 14:58:05"
8800187302,2025-06-19,CUSTOMER,FULL,1996-03-11,29,NULL,-1,985441,60,5,0,0,12931,"2025-07-03 14:57:55"
25158041356,2025-07-02,CUSTOMER,FULL,1990-02-02,35,NULL,-1,395000,48,4,0,0,5542,"2025-07-03 14:57:51"
25157955547,2025-07-01,CUSTOMER,FULL,1990-01-01,35,NULL,-1,330000,48,4,0,0,3992,"2025-07-03 14:57:45"
8800165315,2025-07-02,CUSTOMER,FULL,1993-01-01,32,1989-01-01,36,445000,30,3,0,0,4464,"2025-07-03 14:57:26"
25158365895,2025-07-03,CUSTOMER,FULL,2003-12-12,21,NULL,0,280000,36,3,0,0,2465,"2025-07-03 14:57:11"
8800357263,2025-07-03,CUSTOMER,FULL,1989-10-07,35,NULL,0,570000,48,4,0,0,6895,"2025-07-03 14:57:06"
8800328840,2025-07-03,CUSTOMER,FULL,1997-12-06,27,1959-05-15,66,700000,84,7,0,0,11622,"2025-07-03 14:56:57"
8800349668,2025-06-30,CUSTOMER,FULL,1996-12-19,28,NULL,-1,328000,36,3,0,0,2861,"2025-07-03 14:56:52"
8800372431,2025-07-02,CUSTOMER,FULL,1996-06-01,29,NULL,-1,1390000,60,5,0,0,16386,"2025-07-03 14:56:44"
25158355171,2025-07-03,CUSTOMER,"PARTIAL FINANCE AMOUNT",1978-04-05,47,NULL,0,500000,48,4,375000,0,13629,"2025-07-03 14:56:44"
25158296843,2025-07-03,CUSTOMER,FULL,2000-01-04,25,NULL,0,350000,48,4,0,0,3726,"2025-07-03 14:56:41"
8800034438,2025-06-04,CUSTOMER,FULL,1996-02-28,29,1974-01-01,51,720000,60,5,0,0,9448,"2025-07-03 14:56:06"
25157695333,2025-06-28,CUSTOMER,FULL,2003-04-30,22,1980-01-01,45,1030000,60,5,0,0,12859,"2025-07-03 14:55:58"
25158218556,2025-07-02,CUSTOMER,FULL,1998-01-30,27,NULL,-1,280000,36,3,0,0,2429,"2025-07-03 14:55:12"
8800355040,2025-07-02,CUSTOMER,FULL,1987-07-27,37,NULL,-1,925000,72,6,0,0,20575,"2025-07-03 14:55:11"
8800321737,2025-06-25,CUSTOMER,FULL,1981-07-07,43,1990-03-02,35,330000,42,4,0,0,7208,"2025-07-03 14:54:27"
25158344611,2025-07-03,CUSTOMER,FULL,2002-10-22,22,1982-03-20,43,840000,60,5,0,0,8901,"2025-07-03 14:53:33"
25157616677,2025-06-21,CUSTOMER,FULL,1976-01-01,49,NULL,-1,250000,35,3,0,0,8909,"2025-07-03 14:53:22"
8800399547,2025-07-03,CUSTOMER,FULL,1989-06-01,36,NULL,0,300000,24,2,0,0,2689,"2025-07-03 14:52:24"
25158044952,2025-07-02,CUSTOMER,FULL,1982-05-12,43,NULL,-1,175000,18,2,0,0,2313,"2025-07-03 14:52:00"
25158339454,2025-07-03,CUSTOMER,FULL,1973-05-13,52,NULL,0,400000,36,3,0,0,18711,"2025-07-03 14:51:54"
25157673938,2025-06-26,CUSTOMER,FULL,1981-10-31,43,NULL,-1,300000,24,2,0,0,3964,"2025-07-03 14:51:08"
25158333400,2025-07-03,CUSTOMER,FULL,1986-12-01,38,NULL,0,520000,60,5,0,0,10518,"2025-07-03 14:50:52"
25158362292,2025-07-03,CUSTOMER,FULL,1992-11-25,32,NULL,0,200000,36,3,0,0,2006,"2025-07-03 14:50:18"
25157703710,2025-06-28,CUSTOMER,FULL,1968-12-12,56,1996-09-10,28,520000,48,4,0,0,41934,"2025-07-03 14:49:17"
25158128129,2025-07-02,CUSTOMER,FULL,1987-01-01,38,1982-04-09,43,600000,48,4,0,0,10104,"2025-07-03 14:49:00"
25158364387,2025-07-03,CUSTOMER,FULL,1998-01-12,27,NULL,0,240000,60,5,0,0,2753,"2025-07-03 14:49:00"
25157931030,2025-06-30,CUSTOMER,FULL,1992-07-02,32,1992-07-11,32,600000,36,3,0,0,5601,"2025-07-03 14:48:43"
8800145469,2025-07-03,CUSTOMER,FULL,1986-04-12,39,NULL,0,200000,24,2,0,0,2254,"2025-07-03 14:47:36"
8800303643,2025-06-30,CUSTOMER,FULL,1988-01-02,37,NULL,-1,940000,60,5,0,0,16228,"2025-07-03 14:47:29"
25157928999,2025-06-30,CUSTOMER,FULL,1983-01-01,42,NULL,-1,891000,72,6,0,0,27242,"2025-07-03 14:47:28"
25157687821,2025-06-29,CUSTOMER,FULL,1999-07-15,25,1971-08-10,53,640000,60,5,0,0,7991,"2025-07-03 14:46:46"
25158041774,2025-07-02,CUSTOMER,FULL,1993-01-01,32,1955-01-01,70,647600,72,6,0,0,10936,"2025-07-03 14:46:01"
25157565683,2025-06-18,CUSTOMER,FULL,1996-01-01,29,2003-10-10,21,790000,60,5,0,0,9313,"2025-07-03 14:45:28"
25157695174,2025-06-30,CUSTOMER,FULL,1998-10-07,26,1984-01-01,41,520000,59,5,0,0,6523,"2025-07-03 14:45:05"
8800297203,2025-07-03,CUSTOMER,FULL,1986-10-27,38,NULL,0,900000,84,7,0,0,24777,"2025-07-03 14:44:56"
8800366334,2025-06-29,CUSTOMER,FULL,1995-01-01,30,2000-01-01,25,155000,24,2,0,0,1153,"2025-07-03 14:44:15"
25157562550,2025-06-17,CUSTOMER,FULL,1997-05-06,28,1969-11-14,55,658000,36,3,0,0,5886,"2025-07-03 14:44:05"
8800373954,2025-07-03,CUSTOMER,FULL,2000-09-29,24,1967-01-01,58,660000,60,5,0,0,8240,"2025-07-03 14:43:17"
25158343071,2025-07-03,CUSTOMER,FULL,1988-01-21,37,NULL,0,1300000,60,5,0,0,22443,"2025-07-03 14:42:35"
25158042161,2025-07-02,CUSTOMER,FULL,1973-06-02,52,NULL,-1,250000,48,4,0,0,14267,"2025-07-03 14:42:29"
25158284198,2025-07-03,CUSTOMER,FULL,1992-11-15,32,NULL,0,745000,54,5,0,0,10427,"2025-07-03 14:42:16"
25158332193,2025-07-03,CUSTOMER,FULL,2002-07-24,22,NULL,0,300000,36,3,0,0,2401,"2025-07-03 14:41:57"
8800361312,2025-06-29,CUSTOMER,FULL,1993-03-18,32,NULL,-1,1030000,36,3,0,0,9614,"2025-07-03 14:41:53"
8800129410,2025-06-25,CUSTOMER,FULL,1993-10-30,31,NULL,-1,170000,36,3,0,0,1653,"2025-07-03 14:41:31"
25158353740,2025-07-03,CUSTOMER,FULL,1995-10-10,29,NULL,0,100000,18,2,0,0,714,"2025-07-03 14:40:40"
8800390063,2025-07-02,CUSTOMER,FULL,1987-06-04,38,NULL,-1,400000,24,2,0,0,4002,"2025-07-03 14:40:39"
25158041205,2025-07-02,CUSTOMER,FULL,1988-11-20,36,1989-03-24,36,870000,59,5,0,0,15482,"2025-07-03 14:40:25"
25157680451,2025-06-27,CUSTOMER,FULL,1996-11-05,28,1978-01-01,47,370000,40,4,0,0,3995,"2025-07-03 14:40:19"
8800257068,2025-06-27,CUSTOMER,FULL,1987-02-10,38,NULL,-1,630000,60,5,0,0,11501,"2025-07-03 14:40:18"
25158333406,2025-07-03,CUSTOMER,FULL,1993-04-17,32,NULL,0,900000,59,5,0,0,13042,"2025-07-03 14:39:56"
25157694850,2025-06-28,CUSTOMER,FULL,1986-01-01,39,1986-01-01,39,620000,60,5,0,0,13440,"2025-07-03 14:39:38"
25158100597,2025-07-02,CUSTOMER,FULL,2000-12-18,24,1998-09-29,26,265000,36,3,0,0,2164,"2025-07-03 14:39:22"
25157726655,2025-06-29,CUSTOMER,FULL,1985-11-17,39,NULL,-1,430000,60,5,0,0,9321,"2025-07-03 14:39:16"
25157697214,2025-06-28,CUSTOMER,FULL,1994-01-21,31,NULL,-1,460000,60,5,0,0,6216,"2025-07-03 14:39:06"
8800123892,2025-07-03,CUSTOMER,FULL,1975-04-15,50,1986-10-03,38,330000,48,4,0,0,15810,"2025-07-03 14:38:52"
25158335686,2025-07-03,CUSTOMER,FULL,1998-04-03,27,1968-01-01,57,450000,48,4,0,0,4795,"2025-07-03 14:38:35"
25158364365,2025-07-03,CUSTOMER,FULL,2000-11-20,24,NULL,0,275000,48,4,0,0,2593,"2025-07-03 14:38:25"
25158296813,2025-07-03,CUSTOMER,FULL,1989-03-20,36,NULL,0,905000,60,5,0,0,14834,"2025-07-03 14:38:10"
8800167101,2025-07-03,CUSTOMER,FULL,1986-01-01,39,NULL,0,500000,47,4,0,0,8738,"2025-07-03 14:38:10"
25157937129,2025-07-01,CO-APPLICANT,FULL,1965-01-01,60,1992-03-06,33,480000,60,5,0,0,7267,"2025-07-03 14:38:07"
25158365851,2025-07-03,CUSTOMER,FULL,1996-03-25,29,NULL,0,300000,24,2,0,0,2142,"2025-07-03 14:36:59"
25157925587,2025-06-30,CUSTOMER,FULL,2001-02-17,24,1995-04-21,30,280000,41,4,0,0,2640,"2025-07-03 14:36:19"
8800239869,2025-07-03,CUSTOMER,"PARTIAL FINANCE AMOUNT",1977-08-15,47,NULL,0,180000,24,2,90000,0,1998,"2025-07-03 14:36:16"
8800132459,2025-06-28,CUSTOMER,FULL,1982-09-22,42,NULL,-1,280000,35,3,0,0,5095,"2025-07-03 14:36:08"
25158128845,2025-07-02,CUSTOMER,FULL,1993-06-10,32,1967-11-09,57,810000,60,5,0,0,10208,"2025-07-03 14:36:05"
25157932416,2025-06-30,CUSTOMER,FULL,1986-01-30,39,1988-06-11,37,950000,84,7,0,0,26602,"2025-07-03 14:35:55"
25157563883,2025-06-17,CUSTOMER,FULL,2002-03-01,23,1976-01-01,49,330000,48,4,0,0,3088,"2025-07-03 14:35:52"
8800250663,2025-07-03,CUSTOMER,FULL,1990-03-23,35,NULL,0,1000000,60,5,0,0,16037,"2025-07-03 14:35:42"
25158067440,2025-07-02,CUSTOMER,FULL,1985-09-02,39,NULL,-1,640000,60,5,0,0,13874,"2025-07-03 14:34:36"
25158333521,2025-07-03,CUSTOMER,FULL,1998-10-05,26,1975-01-01,50,600000,48,4,0,0,6330,"2025-07-03 14:34:14"
8800088974,2025-07-03,CUSTOMER,FULL,1998-01-31,27,NULL,0,495000,48,4,0,0,5275,"2025-07-03 14:34:12"
8800127767,2025-07-03,CUSTOMER,FULL,1988-01-01,37,NULL,0,720000,48,4,0,0,10646,"2025-07-03 14:33:12"
8800334167,2025-06-30,CUSTOMER,FULL,2001-01-30,24,1975-01-01,50,282000,42,4,0,0,2659,"2025-07-03 14:33:07"
8800360824,2025-07-03,CUSTOMER,FULL,1989-05-03,36,NULL,0,349000,48,4,0,0,4914,"2025-07-03 14:32:53"
25158353728,2025-07-03,CUSTOMER,"PARTIAL TENURE",1972-04-21,53,NULL,0,450000,42,4,0,2,18612,"2025-07-03 14:32:37"
25157897110,2025-06-30,CUSTOMER,FULL,1990-06-02,35,NULL,-1,450000,36,3,0,0,5125,"2025-07-03 14:32:16"
8800327417,2025-07-01,CUSTOMER,FULL,1994-05-02,31,NULL,-1,700000,48,4,0,0,8211,"2025-07-03 14:31:56"
8800372054,2025-06-28,CUSTOMER,FULL,1994-01-01,31,NULL,-1,160000,24,2,0,0,1209,"2025-07-03 14:31:50"
25157665554,2025-06-25,CUSTOMER,FULL,1996-10-25,28,NULL,-1,200000,36,3,0,0,1745,"2025-07-03 14:31:42"
25157717413,2025-06-28,CUSTOMER,FULL,1989-01-01,36,NULL,-1,500000,36,3,0,0,5977,"2025-07-03 14:31:25"
25158343047,2025-07-03,CUSTOMER,FULL,1997-07-02,28,NULL,0,844000,60,5,0,0,9800,"2025-07-03 14:31:24"
25157680438,2025-06-27,CUSTOMER,FULL,1985-01-02,40,NULL,-1,850000,60,5,0,0,19830,"2025-07-03 14:31:22"
25158324223,2025-07-03,CUSTOMER,FULL,1979-06-01,46,NULL,0,750000,48,4,0,0,23931,"2025-07-03 14:31:11"
25158357272,2025-07-03,CUSTOMER,FULL,1997-07-10,27,NULL,0,780000,48,4,0,0,7842,"2025-07-03 14:31:11"
25158280724,2025-07-03,CUSTOMER,FULL,1990-01-01,35,NULL,0,699000,60,5,0,0,9832,"2025-07-03 14:30:51"
25158148198,2025-07-03,CUSTOMER,FULL,1999-08-10,25,NULL,0,570000,60,5,0,0,7117,"2025-07-03 14:30:37"
8800107533,2025-06-05,CUSTOMER,FULL,1978-06-10,46,1972-08-07,52,800000,48,4,0,0,26196,"2025-07-03 14:30:31"
25158048971,2025-07-02,CUSTOMER,FULL,1999-11-07,25,NULL,-1,138000,30,3,0,0,1132,"2025-07-03 14:29:32"
25157930477,2025-06-30,CUSTOMER,FULL,1999-06-02,26,1983-01-01,42,440000,60,5,0,0,5520,"2025-07-03 14:29:18"
8800258484,2025-07-03,CUSTOMER,FULL,1984-10-18,40,NULL,0,600000,60,5,0,0,13998,"2025-07-03 14:29:05"
25158303968,2025-07-03,CUSTOMER,FULL,1990-01-01,35,NULL,0,1200000,60,5,0,0,16879,"2025-07-03 14:28:32"
25157931907,2025-06-30,CUSTOMER,FULL,1981-01-01,44,1985-01-01,40,999000,72,6,0,0,36249,"2025-07-03 14:27:50"
25157689750,2025-06-27,CUSTOMER,FULL,1996-09-19,28,NULL,-1,158000,24,2,0,0,1142,"2025-07-03 14:27:43"
25157608205,2025-06-20,CUSTOMER,FULL,1987-07-15,37,1988-02-02,37,230000,30,3,0,0,2940,"2025-07-03 14:27:39"
25158333466,2025-07-03,CUSTOMER,FULL,2003-09-29,21,NULL,0,215000,36,3,0,0,1703,"2025-07-03 14:27:28"
25158047430,2025-07-03,CUSTOMER,FULL,1998-08-15,26,NULL,0,600000,48,4,0,0,6394,"2025-07-03 14:27:01"
25157917887,2025-06-30,CUSTOMER,FULL,1991-04-10,34,1987-05-13,38,690000,48,4,0,0,9185,"2025-07-03 14:26:49"
25157929342,2025-06-30,CUSTOMER,FULL,1994-08-28,30,1967-05-15,58,665000,72,6,0,0,10413,"2025-07-03 14:26:49"
25158339489,2025-07-03,CUSTOMER,FULL,1998-01-01,27,NULL,0,530000,36,3,0,0,4597,"2025-07-03 14:26:39"
25158038268,2025-07-02,CUSTOMER,FULL,1997-03-06,28,NULL,-1,530000,60,5,0,0,6811,"2025-07-03 14:26:29"
25158313325,2025-07-03,CUSTOMER,FULL,1978-05-15,47,NULL,0,621000,48,4,0,0,22570,"2025-07-03 14:26:29"
25158332472,2025-07-03,CUSTOMER,FULL,2006-02-01,19,1978-01-11,47,169000,24,2,0,0,1071,"2025-07-03 14:26:22"
25158157306,2025-07-02,CUSTOMER,FULL,2002-01-29,23,1999-04-05,26,715000,60,5,0,0,8927,"2025-07-03 14:26:07"
25158332644,2025-07-03,CUSTOMER,FULL,1988-07-27,36,NULL,0,890000,60,5,0,0,14588,"2025-07-03 14:25:00"
25158309745,2025-07-03,CUSTOMER,FULL,1997-06-08,28,NULL,0,660000,60,5,0,0,8482,"2025-07-03 14:24:50"
8800102617,2025-07-01,CUSTOMER,FULL,1995-03-17,30,1999-01-01,26,600000,60,5,0,0,8093,"2025-07-03 14:24:13"
8800269514,2025-06-26,CUSTOMER,FULL,1984-01-01,41,NULL,-1,200000,36,3,0,0,3349,"2025-07-03 14:23:58"
25158122419,2025-07-02,CUSTOMER,"PARTIAL TENURE",1980-01-01,45,NULL,-1,345837,60,5,0,2,6134,"2025-07-03 14:23:57"
8800349928,2025-06-24,CUSTOMER,FULL,2002-01-01,23,NULL,-1,331000,60,5,0,0,3531,"2025-07-03 14:23:40"
8800383855,2025-07-02,CUSTOMER,FULL,1988-09-22,36,NULL,-1,615000,60,5,0,0,10080,"2025-07-03 14:22:50"
25158309667,2025-07-03,CUSTOMER,FULL,1989-09-11,35,NULL,0,330000,48,4,0,0,3992,"2025-07-03 14:22:30"
8800357711,2025-07-02,CUSTOMER,FULL,1997-04-23,28,NULL,-1,330000,48,4,0,0,3345,"2025-07-03 14:21:58"
8800177049,2025-07-02,CUSTOMER,FULL,2002-07-25,22,1978-06-20,47,1000000,84,7,0,0,14597,"2025-07-03 14:21:31"
25157969981,2025-07-01,CUSTOMER,FULL,1998-03-04,27,1974-03-02,51,160000,17,2,0,0,1176,"2025-07-03 14:21:20"
8800370681,2025-07-02,CUSTOMER,FULL,1978-04-09,47,NULL,-1,174000,23,2,0,0,3145,"2025-07-03 14:20:56"
25157652778,2025-06-24,CUSTOMER,FULL,2002-03-31,23,1977-01-09,48,480000,55,5,0,0,5993,"2025-07-03 14:20:00"
25157941366,2025-07-01,CUSTOMER,FULL,1978-08-17,46,2005-07-01,20,392700,36,3,0,0,10274,"2025-07-03 14:19:42"
25157674791,2025-06-26,CUSTOMER,FULL,1964-01-01,61,NULL,-1,80000,24,2,0,0,5839,"2025-07-03 14:19:22"
25158333182,2025-07-03,CUSTOMER,FULL,1996-08-26,28,1978-01-01,47,295000,48,4,0,0,2991,"2025-07-03 14:19:10"
8800403251,2025-07-03,CUSTOMER,FULL,1988-01-01,37,NULL,0,990000,71,6,0,0,22021,"2025-07-03 14:18:41"
8800212696,2025-07-03,CUSTOMER,FULL,1983-06-10,42,NULL,0,550000,48,4,0,0,11118,"2025-07-03 14:18:32"
8800135306,2025-07-02,CUSTOMER,FULL,1998-11-26,26,1977-06-15,48,300000,36,3,0,0,2673,"2025-07-03 14:18:16"
8800390901,2025-07-02,CUSTOMER,FULL,1991-10-06,33,NULL,-1,265000,36,3,0,0,2540,"2025-07-03 14:18:15"
25157929427,2025-06-30,CUSTOMER,FULL,1981-01-01,44,NULL,-1,320000,36,3,0,0,6238,"2025-07-03 14:17:40"
25158037156,2025-07-02,CUSTOMER,FULL,2003-10-10,21,1996-03-08,29,730000,60,5,0,0,7633,"2025-07-03 14:17:09"
25158333294,2025-07-03,CUSTOMER,FULL,1999-04-24,26,1975-08-07,49,450000,60,5,0,0,5645,"2025-07-03 14:16:45"
8800170540,2025-07-03,CUSTOMER,"PARTIAL FINANCE AMOUNT",1979-09-07,45,1968-02-01,57,300000,36,3,150000,0,3555,"2025-07-03 14:16:18"
25158332691,2025-07-03,CUSTOMER,FULL,1996-02-09,29,1967-01-05,58,680000,48,4,0,0,7535,"2025-07-03 14:16:12"
25158122414,2025-07-02,CUSTOMER,FULL,1986-03-28,39,NULL,-1,700000,48,4,0,0,12622,"2025-07-03 14:15:53"
8800004384,2025-07-03,CUSTOMER,FULL,1988-08-17,36,NULL,0,350000,36,3,0,0,4164,"2025-07-03 14:15:44"
25158348135,2025-07-03,CUSTOMER,FULL,1991-05-03,34,1974-01-01,51,825000,60,5,0,0,13123,"2025-07-03 14:15:31"
25158313333,2025-07-03,CUSTOMER,FULL,1989-05-25,36,1989-03-13,36,650000,60,5,0,0,11567,"2025-07-03 14:15:18"
25158333128,2025-07-03,CUSTOMER,FULL,1995-06-07,30,NULL,0,517181,41,4,0,0,5877,"2025-07-03 14:14:54"
25158298924,2025-07-03,CUSTOMER,FULL,1969-03-03,56,NULL,0,610000,84,7,0,0,77545,"2025-07-03 14:14:31"
25157928168,2025-06-30,CUSTOMER,FULL,1992-05-05,33,NULL,-1,500000,48,4,0,0,6349,"2025-07-03 14:14:26"
25158346664,2025-07-03,CUSTOMER,FULL,2000-01-01,25,1973-08-01,51,1800000,84,7,0,0,26912,"2025-07-03 14:14:13"
8800370335,2025-06-30,CUSTOMER,FULL,1993-01-08,32,NULL,-1,330000,36,3,0,0,3081,"2025-07-03 14:13:53"
25158280028,2025-07-03,CUSTOMER,FULL,1983-01-01,42,1985-01-01,40,330000,36,3,0,0,6005,"2025-07-03 14:13:39"
25157722670,2025-06-28,CUSTOMER,FULL,1982-08-04,42,1975-10-03,49,200000,36,3,0,0,3347,"2025-07-03 14:13:30"
8800166634,2025-06-20,CUSTOMER,FULL,1992-11-22,32,NULL,-1,850000,60,5,0,0,12317,"2025-07-03 14:12:54"
25158049105,2025-07-02,CUSTOMER,FULL,1990-09-12,34,NULL,-1,540000,48,4,0,0,7188,"2025-07-03 14:12:43"
25158351647,2025-07-03,CUSTOMER,FULL,1998-04-18,27,NULL,0,70000,24,2,0,0,488,"2025-07-03 14:12:35"
25157678219,2025-07-02,CUSTOMER,"PARTIAL TENURE",1978-03-06,47,1999-05-01,26,638000,60,5,0,2,14161,"2025-07-03 14:11:54"
8800185387,2025-07-03,CUSTOMER,FULL,1995-11-11,29,1994-10-20,30,2000000,47,4,0,0,22019,"2025-07-03 14:11:54"
25158276753,2025-07-03,CUSTOMER,FULL,2001-07-05,23,1966-01-01,59,450000,48,4,0,0,4790,"2025-07-03 14:11:12"
25158049067,2025-07-02,CUSTOMER,FULL,1980-01-01,45,1984-01-01,41,486000,60,5,0,0,17107,"2025-07-03 14:09:28"
25157686435,2025-06-27,CUSTOMER,FULL,1987-01-01,38,NULL,-1,800000,60,5,0,0,14604,"2025-07-03 14:09:15"
25158344578,2025-07-03,CUSTOMER,FULL,1997-07-25,27,1961-01-20,64,1100000,84,7,0,0,17731,"2025-07-03 14:09:04"
25158090688,2025-07-02,CUSTOMER,FULL,1994-04-15,31,NULL,-1,470000,35,3,0,0,4293,"2025-07-03 14:08:48"
25158339523,2025-07-03,CUSTOMER,FULL,1998-03-17,27,NULL,0,175000,36,3,0,0,1576,"2025-07-03 14:08:25"
25157694375,2025-06-28,CUSTOMER,FULL,1990-05-15,35,NULL,-1,310000,42,4,0,0,3750,"2025-07-03 14:08:18"
25158295328,2025-07-03,CUSTOMER,FULL,1985-07-09,39,1990-05-20,35,950000,60,5,0,0,18430,"2025-07-03 14:08:03"
8800279158,2025-07-03,CUSTOMER,FULL,1997-03-23,28,NULL,0,320000,60,5,0,0,4011,"2025-07-03 14:07:57"
25157809463,2025-06-29,CUSTOMER,FULL,1982-12-18,42,1955-01-01,70,450000,47,4,0,0,9978,"2025-07-03 14:07:49"
25158130483,2025-07-02,CUSTOMER,FULL,1994-01-01,31,1974-12-20,50,590000,60,5,0,0,7227,"2025-07-03 14:07:31"
25158322083,2025-07-03,CUSTOMER,FULL,1997-01-01,28,NULL,0,100000,18,2,0,0,704,"2025-07-03 14:07:26"
8800292235,2025-07-03,CUSTOMER,FULL,1985-05-10,40,NULL,0,550000,60,5,0,0,12831,"2025-07-03 14:07:00"
8800352136,2025-06-30,CUSTOMER,FULL,1983-01-01,42,NULL,-1,710000,60,5,0,0,19412,"2025-07-03 14:06:48"
25157544569,2025-06-16,CUSTOMER,FULL,2003-01-01,22,1975-01-01,50,580000,60,5,0,0,6146,"2025-07-03 14:06:44"
8800258915,2025-06-21,CUSTOMER,FULL,2000-05-10,25,1977-04-03,48,669000,60,5,0,0,8353,"2025-07-03 14:06:37"
8800293241,2025-07-03,CUSTOMER,FULL,1990-07-01,35,NULL,0,650000,24,2,0,0,5753,"2025-07-03 14:06:17"
25158335923,2025-07-03,CUSTOMER,FULL,1998-01-01,27,1980-01-01,45,560000,48,4,0,0,6014,"2025-07-03 14:06:10"
25158333604,2025-07-03,CUSTOMER,FULL,2003-03-01,22,NULL,0,591000,60,5,0,0,6263,"2025-07-03 14:06:05"
25158344547,2025-07-03,CUSTOMER,FULL,1993-01-01,32,NULL,0,570000,60,5,0,0,8260,"2025-07-03 14:05:30"
25158333398,2025-07-03,CUSTOMER,FULL,1979-11-01,45,1977-05-01,48,180000,24,2,0,0,3274,"2025-07-03 14:05:23"
8800012541,2025-07-02,CUSTOMER,FULL,1967-03-05,58,1997-01-16,28,589000,36,3,0,0,42967,"2025-07-03 14:05:16"
25157918273,2025-06-30,CUSTOMER,FULL,1997-05-25,28,1965-01-01,60,730000,60,5,0,0,9381,"2025-07-03 14:05:04"
25157954133,2025-07-01,CUSTOMER,FULL,1981-01-06,44,1952-01-01,73,950000,84,7,0,0,41982,"2025-07-03 14:04:58"
25158341004,2025-07-03,CUSTOMER,FULL,2002-05-10,23,NULL,0,595000,48,4,0,0,6333,"2025-07-03 14:04:34"
25158108382,2025-07-02,CUSTOMER,FULL,2003-05-06,22,1977-07-14,47,485000,60,5,0,0,6055,"2025-07-03 14:04:15"
25158316953,2025-07-03,CUSTOMER,FULL,1981-01-01,44,NULL,0,550000,48,4,0,0,14817,"2025-07-03 14:03:56"
25157689990,2025-06-27,CUSTOMER,FULL,2003-07-31,21,NULL,-1,867500,72,6,0,0,11291,"2025-07-03 14:02:56"
25158069094,2025-07-02,CUSTOMER,FULL,1999-06-17,26,NULL,-1,495000,60,5,0,0,6209,"2025-07-03 14:02:38"
8800153581,2025-06-28,CUSTOMER,FULL,2000-01-01,25,1991-01-01,34,550000,33,3,0,0,4842,"2025-07-03 14:02:31"
25158339484,2025-07-03,CUSTOMER,FULL,1981-12-07,43,NULL,0,635766,72,6,0,0,22477,"2025-07-03 14:02:21"
25158340984,2025-07-03,CUSTOMER,FULL,2003-07-05,21,2002-07-20,22,710000,48,4,0,0,7557,"2025-07-03 14:02:18"
25157931143,2025-06-30,CUSTOMER,FULL,2000-12-20,24,NULL,-1,862000,59,5,0,0,9277,"2025-07-03 14:02:13"
8800322712,2025-06-30,CUSTOMER,FULL,1980-02-12,45,NULL,-1,590000,60,5,0,0,21228,"2025-07-03 14:02:10"
25158333559,2025-07-03,CUSTOMER,FULL,1975-01-01,50,NULL,0,450000,36,3,0,0,17869,"2025-07-03 14:01:41"
25157623558,2025-06-21,CUSTOMER,FULL,2001-11-12,23,NULL,-1,1000000,48,4,0,0,9358,"2025-07-03 14:00:43"
25158333426,2025-07-03,CUSTOMER,FULL,1985-09-04,39,NULL,0,640000,48,4,0,0,11540,"2025-07-03 14:00:34"
25158339528,2025-07-03,CUSTOMER,FULL,1993-07-07,31,NULL,0,740000,60,5,0,0,9999,"2025-07-03 14:00:17"
8800396804,2025-07-03,CUSTOMER,FULL,1992-12-20,32,NULL,0,338000,48,4,0,0,3694,"2025-07-03 14:00:02"
25157696063,2025-06-28,CUSTOMER,FULL,1992-12-22,32,NULL,-1,769000,84,7,0,0,13839,"2025-07-03 14:00:00"
25158333470,2025-07-03,CUSTOMER,FULL,1995-11-20,29,NULL,0,760000,60,5,0,0,9973,"2025-07-03 13:59:40"
25158084315,2025-07-02,CO-APPLICANT,FULL,1971-09-12,53,1998-03-16,27,530000,48,4,0,0,5692,"2025-07-03 13:59:29"
25156454359,2025-06-19,CUSTOMER,FULL,1998-09-10,26,1971-01-01,54,1300000,60,5,0,0,14773,"2025-07-03 13:59:17"
25157716424,2025-06-28,CUSTOMER,FULL,1992-07-20,32,1988-01-01,37,331000,36,3,0,0,3090,"2025-07-03 13:59:04"
25157585907,2025-06-19,CUSTOMER,FULL,2000-05-05,25,1963-01-01,62,1070000,60,5,0,0,11591,"2025-07-03 13:58:22"
8800371208,2025-07-03,CUSTOMER,FULL,1977-06-30,48,NULL,0,700000,60,5,0,0,33206,"2025-07-03 13:57:35"
25157809515,2025-06-29,CUSTOMER,FULL,1996-06-20,29,1993-02-10,32,200000,18,2,0,0,1474,"2025-07-03 13:57:29"
25158126574,2025-07-02,CUSTOMER,FULL,1996-01-01,29,NULL,-1,305000,48,4,0,0,3135,"2025-07-03 13:57:18"
25158104549,2025-07-02,CUSTOMER,FULL,1986-05-03,39,NULL,-1,1580000,72,6,0,0,38817,"2025-07-03 13:57:16"
8800133533,2025-07-03,CUSTOMER,FULL,1982-09-13,42,NULL,0,500000,42,4,0,0,11311,"2025-07-03 13:57:07"
8800303499,2025-07-02,CUSTOMER,FULL,1988-01-01,37,NULL,-1,600000,48,4,0,0,9474,"2025-07-03 13:56:29"
25157968810,2025-07-01,CUSTOMER,FULL,1989-01-01,36,NULL,-1,1000000,60,5,0,0,16391,"2025-07-03 13:56:12"
25158335691,2025-07-03,CUSTOMER,FULL,1986-10-12,38,NULL,0,820000,60,5,0,0,16585,"2025-07-03 13:56:01"
8800312441,2025-07-03,CUSTOMER,FULL,1977-09-05,47,NULL,0,621000,60,5,0,0,26828,"2025-07-03 13:55:51"
25158124039,2025-07-02,CUSTOMER,FULL,1994-01-01,31,NULL,-1,800000,48,4,0,0,9261,"2025-07-03 13:55:44"
8800002200,2025-07-03,CUSTOMER,FULL,1981-01-01,44,NULL,0,200000,24,2,0,0,3316,"2025-07-03 13:55:39"
25158038942,2025-07-02,CUSTOMER,FULL,1980-10-12,44,1991-08-12,33,1000000,72,6,0,0,36285,"2025-07-03 13:55:38"
8800352706,2025-06-26,CUSTOMER,FULL,1996-01-11,29,1969-10-15,55,290000,60,5,0,0,3419,"2025-07-03 13:55:30"
8800395227,2025-07-03,CUSTOMER,FULL,1992-01-01,33,1961-01-01,64,400000,36,3,0,0,4159,"2025-07-03 13:55:27"
25158333614,2025-07-03,CUSTOMER,FULL,1984-04-19,41,NULL,0,150000,36,3,0,0,2512,"2025-07-03 13:55:25"
8800385683,2025-07-03,CUSTOMER,FULL,1994-12-25,30,1990-02-25,35,548000,60,5,0,0,7392,"2025-07-03 13:54:57"
8800353652,2025-06-24,CUSTOMER,FULL,1990-01-01,35,NULL,-1,400000,24,2,0,0,3540,"2025-07-03 13:54:35"
8800177189,2025-06-18,CUSTOMER,FULL,1989-01-01,36,NULL,-1,610000,60,5,0,0,9999,"2025-07-03 13:54:30"
25158304010,2025-07-03,CUSTOMER,FULL,1977-06-20,48,NULL,0,300000,36,3,0,0,9697,"2025-07-03 13:54:01"
25158295261,2025-07-03,CUSTOMER,FULL,1979-08-14,45,NULL,0,1530000,84,7,0,0,70176,"2025-07-03 13:53:48"
25158295338,2025-07-03,CUSTOMER,"PARTIAL FINANCE AMOUNT",1979-01-01,46,NULL,0,250000,30,3,125000,0,3271,"2025-07-03 13:53:45"
25158281633,2025-07-03,CUSTOMER,FULL,1988-10-02,36,NULL,0,450000,36,3,0,0,5353,"2025-07-03 13:53:39"
25158343044,2025-07-03,CUSTOMER,FULL,1981-01-01,44,NULL,0,500000,30,3,0,0,9747,"2025-07-03 13:53:36"
25158036492,2025-07-02,CUSTOMER,FULL,1966-01-13,59,2000-12-18,24,400000,48,4,0,0,39559,"2025-07-03 13:53:32"
25158332418,2025-07-03,CUSTOMER,FULL,2000-01-01,25,1980-06-02,45,600000,48,4,0,0,6387,"2025-07-03 13:52:45"
25158076300,2025-07-02,CUSTOMER,FULL,1979-01-01,46,NULL,-1,350000,36,3,0,0,9157,"2025-07-03 13:52:18"
25157651132,2025-06-24,CUSTOMER,FULL,1987-04-05,38,NULL,-1,2250000,48,4,0,0,36693,"2025-07-03 13:51:10"
25158313324,2025-07-03,CUSTOMER,FULL,1992-03-17,33,1990-10-21,34,67000,35,3,0,0,693,"2025-07-03 13:51:00"
8800359017,2025-06-30,CUSTOMER,FULL,1992-01-01,33,NULL,-1,270000,48,4,0,0,3040,"2025-07-03 13:50:50"
8800203357,2025-06-16,CUSTOMER,FULL,1974-11-12,50,NULL,-1,1500000,60,5,0,0,86253,"2025-07-03 13:50:37"
25158333575,2025-07-03,CUSTOMER,FULL,1991-06-12,34,1959-05-08,66,435000,48,4,0,0,5652,"2025-07-03 13:50:31"
25158287901,2025-07-03,CUSTOMER,FULL,1977-04-17,48,NULL,0,240000,36,3,0,0,7519,"2025-07-03 13:50:18"
25157583774,2025-06-19,CUSTOMER,FULL,1984-01-01,41,NULL,-1,590000,42,4,0,0,12323,"2025-07-03 13:50:12"
25158307595,2025-07-03,CUSTOMER,FULL,1984-01-01,41,1992-01-01,33,620000,10,1,0,0,4507,"2025-07-03 13:49:54"
8800359605,2025-06-28,CUSTOMER,FULL,1984-07-26,40,1972-03-07,53,500000,60,5,0,0,11665,"2025-07-03 13:49:32"
25158309678,2025-07-03,CUSTOMER,FULL,1996-12-12,28,NULL,0,670000,60,5,0,0,7780,"2025-07-03 13:49:12"
25157356740,2025-06-07,CUSTOMER,FULL,2002-06-05,23,NULL,-1,300000,36,3,0,0,2641,"2025-07-03 13:49:04"
25158332323,2025-07-03,CUSTOMER,FULL,1997-08-27,27,NULL,0,865000,47,4,0,0,8697,"2025-07-03 13:48:51"
8800270627,2025-07-03,CUSTOMER,FULL,1987-11-15,37,1982-01-01,43,275000,36,3,0,0,3515,"2025-07-03 13:48:29"
25158309674,2025-07-03,CUSTOMER,FULL,1983-02-04,42,NULL,0,600000,72,6,0,0,19414,"2025-07-03 13:47:47"
25157798124,2025-06-29,CUSTOMER,FULL,1987-10-20,37,NULL,-1,150000,30,3,0,0,1898,"2025-07-03 13:46:43"
25158316904,2025-07-03,CUSTOMER,FULL,1986-06-01,39,1960-01-01,65,710000,60,5,0,0,15391,"2025-07-03 13:46:22"
8800210083,2025-06-22,CUSTOMER,FULL,1996-09-08,28,NULL,-1,350000,36,3,0,0,3131,"2025-07-03 13:46:01"
25158320557,2025-07-03,CUSTOMER,FULL,1990-05-17,35,NULL,0,440000,60,5,0,0,7384,"2025-07-03 13:45:30"
25158332856,2025-07-03,CO-APPLICANT,FULL,1974-01-01,51,1991-05-03,34,825000,60,5,0,0,13123,"2025-07-03 13:45:13"
8800005176,2025-06-14,CUSTOMER,FULL,1992-05-11,33,NULL,-1,230000,24,2,0,0,1854,"2025-07-03 13:45:12"
25158335702,2025-07-03,CUSTOMER,FULL,1993-01-01,32,NULL,0,300000,42,4,0,0,3279,"2025-07-03 13:45:03"
8800364885,2025-07-03,CUSTOMER,FULL,1983-09-30,41,NULL,0,175000,24,2,0,0,2274,"2025-07-03 13:44:32"
25158281702,2025-07-03,CUSTOMER,FULL,1983-01-01,42,1948-01-01,77,500000,60,5,0,0,13671,"2025-07-03 13:44:15"
8800362351,2025-07-01,CUSTOMER,FULL,1973-05-05,52,NULL,-1,150000,24,2,0,0,5688,"2025-07-03 13:43:56"
8800113484,2025-06-28,CUSTOMER,FULL,2000-06-08,25,1980-01-01,45,300000,48,4,0,0,3133,"2025-07-03 13:43:45"
8800297077,2025-06-14,CUSTOMER,FULL,1992-05-22,33,NULL,-1,300000,36,3,0,0,2875,"2025-07-03 13:43:34"
25157645804,2025-06-24,CUSTOMER,FULL,2000-02-06,25,NULL,-1,350000,48,4,0,0,3726,"2025-07-03 13:43:33"
25157937682,2025-07-01,CUSTOMER,FULL,1982-06-01,43,1981-01-01,44,630000,84,7,0,0,25633,"2025-07-03 13:43:29"
25158070687,2025-07-03,CUSTOMER,FULL,1998-12-10,26,NULL,0,625949,60,5,0,0,7852,"2025-07-03 13:43:02"
25157931930,2025-06-30,CO-APPLICANT,FULL,2000-01-01,25,1979-07-15,45,606000,48,4,0,0,17949,"2025-07-03 13:43:00"
25158332440,2025-07-03,CUSTOMER,FULL,1988-12-13,36,NULL,0,450000,60,5,0,0,8008,"2025-07-03 13:42:50"
25158080226,2025-07-03,CUSTOMER,FULL,1975-01-01,50,NULL,0,480885,59,5,0,0,27652,"2025-07-03 13:42:47"
25158067873,2025-07-02,CUSTOMER,FULL,2004-06-13,21,1983-03-19,42,850000,36,3,0,0,7483,"2025-07-03 13:42:31"
8800207499,2025-06-24,CUSTOMER,FULL,1993-07-10,31,1995-02-02,30,1028000,48,4,0,0,12058,"2025-07-03 13:42:25"
25157492146,2025-06-12,CUSTOMER,FULL,1988-05-08,37,NULL,-1,165000,23,2,0,0,1636,"2025-07-03 13:42:23"
8800108315,2025-06-15,CUSTOMER,FULL,1995-02-10,30,2002-07-05,22,730000,60,5,0,0,9846,"2025-07-03 13:41:48"
25157927012,2025-06-30,CUSTOMER,FULL,1986-06-27,39,NULL,-1,700000,60,5,0,0,13580,"2025-07-03 13:41:44"
25157988152,2025-07-01,CUSTOMER,FULL,1993-01-01,32,NULL,-1,600000,42,4,0,0,7300,"2025-07-03 13:41:31"
25157683814,2025-06-27,CUSTOMER,FULL,1999-11-20,25,NULL,-1,300000,36,3,0,0,2648,"2025-07-03 13:40:53"
8800276531,2025-07-03,CUSTOMER,FULL,1999-02-15,26,1992-08-15,32,700000,36,3,0,0,6237,"2025-07-03 13:40:49"
25158124140,2025-07-02,CUSTOMER,FULL,1986-01-01,39,NULL,-1,260000,24,2,0,0,2973,"2025-07-03 13:40:35"
25158332875,2025-07-03,CUSTOMER,FULL,1982-05-02,43,1984-03-05,41,590000,36,3,0,0,11662,"2025-07-03 13:40:13"
25158281413,2025-07-03,CUSTOMER,FULL,1999-04-15,26,NULL,0,840000,71,6,0,0,12034,"2025-07-03 13:40:06"
25157824901,2025-06-29,CUSTOMER,FULL,1988-06-10,37,1991-02-05,34,200000,48,4,0,0,3052,"2025-07-03 13:39:50"
25158320605,2025-07-03,CUSTOMER,FULL,1981-07-10,43,NULL,0,900000,48,4,0,0,22164,"2025-07-03 13:39:32"
25158039158,2025-07-02,CUSTOMER,FULL,1972-01-01,53,1999-09-04,25,400000,48,4,0,0,25422,"2025-07-03 13:39:14"
25158133551,2025-07-02,CUSTOMER,FULL,2001-03-20,24,1974-07-11,50,500000,30,3,0,0,4402,"2025-07-03 13:39:05"
25157637623,2025-06-23,CUSTOMER,FULL,1994-02-14,31,1971-10-22,53,800000,60,5,0,0,11149,"2025-07-03 13:39:03"
25157588663,2025-06-19,CUSTOMER,FULL,1993-01-01,32,NULL,-1,200000,24,2,0,0,1533,"2025-07-03 13:38:25"
25157960205,2025-07-01,CUSTOMER,FULL,1978-07-15,46,1977-06-01,48,270000,60,5,0,0,10502,"2025-07-03 13:38:25"
25157681240,2025-06-27,CUSTOMER,FULL,2000-01-01,25,1964-01-01,61,630000,60,5,0,0,6825,"2025-07-03 13:38:23"
25158042795,2025-07-02,CUSTOMER,FULL,1991-01-01,34,1997-09-19,27,460000,60,5,0,0,7317,"2025-07-03 13:38:08"
25158067572,2025-07-02,CUSTOMER,FULL,1990-06-10,35,NULL,-1,264000,36,3,0,0,2704,"2025-07-03 13:37:48"
25157619911,2025-06-21,CUSTOMER,FULL,1997-03-11,28,NULL,-1,820000,59,5,0,0,10538,"2025-07-03 13:36:16"
8800387021,2025-07-03,CUSTOMER,FULL,1993-01-01,32,NULL,0,450000,59,5,0,0,6521,"2025-07-03 13:36:09"
25158324149,2025-07-03,CUSTOMER,FULL,1989-05-19,36,NULL,0,200000,12,1,0,0,1060,"2025-07-03 13:36:08"
8800245417,2025-07-03,CUSTOMER,FULL,1997-06-03,28,NULL,0,300000,36,3,0,0,2684,"2025-07-03 13:35:59"
25158039556,2025-07-02,CUSTOMER,"PARTIAL TENURE",1974-02-25,51,NULL,-1,328000,48,4,0,2,11132,"2025-07-03 13:35:46"
25158332909,2025-07-03,CUSTOMER,FULL,1978-05-10,47,NULL,0,204000,36,3,0,0,5831,"2025-07-03 13:35:27"
25158293112,2025-07-03,CUSTOMER,FULL,1983-05-16,42,1987-06-12,38,850000,60,5,0,0,20351,"2025-07-03 13:35:15"
25157697593,2025-06-28,CUSTOMER,FULL,1996-10-07,28,NULL,-1,330000,42,4,0,0,3345,"2025-07-03 13:35:07"
25158074638,2025-07-02,CUSTOMER,FULL,1988-01-01,37,NULL,-1,350000,36,3,0,0,4428,"2025-07-03 13:34:28"
25158332329,2025-07-03,CUSTOMER,FULL,1986-07-08,38,NULL,0,300000,36,3,0,0,4086,"2025-07-03 13:34:13"
8800319900,2025-06-24,CUSTOMER,FULL,1982-02-12,43,NULL,-1,520000,48,4,0,0,12610,"2025-07-03 13:34:13"
25158332198,2025-07-03,CUSTOMER,FULL,1998-10-08,26,NULL,0,406000,36,3,0,0,3574,"2025-07-03 13:34:11"
25157666977,2025-06-25,CUSTOMER,FULL,1985-12-20,39,1992-12-12,32,300000,48,4,0,0,4953,"2025-07-03 13:33:54"
25157622562,2025-06-21,CUSTOMER,FULL,2006-07-18,18,1999-11-26,25,270000,36,3,0,0,2001,"2025-07-03 13:33:45"
25157686619,2025-07-02,CUSTOMER,FULL,1996-07-15,28,NULL,-1,100000,24,2,0,0,704,"2025-07-03 13:33:45"
25158279708,2025-07-03,CUSTOMER,FULL,1991-06-01,34,NULL,0,950000,48,4,0,0,11054,"2025-07-03 13:33:35"
25157573126,2025-06-18,CUSTOMER,FULL,2005-04-08,20,1978-02-25,47,620000,60,5,0,0,7719,"2025-07-03 13:32:47"
25158333066,2025-07-03,CUSTOMER,FULL,2004-05-05,21,1970-01-01,55,590000,59,5,0,0,7366,"2025-07-03 13:32:45"
25157928606,2025-06-30,CUSTOMER,FULL,1987-06-02,38,NULL,-1,350000,36,3,0,0,4767,"2025-07-03 13:32:23"
25158002455,2025-07-01,CUSTOMER,FULL,2003-03-04,22,1969-01-01,56,840000,72,6,0,0,11052,"2025-07-03 13:32:01"
8800220393,2025-07-02,CUSTOMER,FULL,2004-04-08,21,NULL,-1,313000,35,3,0,0,2479,"2025-07-03 13:31:38"
25157810114,2025-06-29,CUSTOMER,FULL,1981-06-06,44,NULL,-1,770000,60,5,0,0,25151,"2025-07-03 13:31:13"
25158063977,2025-07-02,CUSTOMER,FULL,1973-03-21,52,1978-01-01,47,817000,71,6,0,0,63195,"2025-07-03 13:31:05"
25157355671,2025-06-07,CUSTOMER,FULL,1999-01-01,26,NULL,-1,600000,60,5,0,0,7527,"2025-07-03 13:31:02"
25157691026,2025-06-27,CUSTOMER,FULL,1987-01-01,38,1969-01-01,56,625000,48,4,0,0,10525,"2025-07-03 13:30:43"
8800353714,2025-07-03,CO-APPLICANT,FULL,2000-01-01,25,1986-11-14,38,711000,48,4,0,0,11973,"2025-07-03 13:29:58"
25158042282,2025-07-02,CUSTOMER,FULL,1995-01-05,30,NULL,-1,1000000,60,5,0,0,12001,"2025-07-03 13:29:07"
25157857067,2025-06-29,CUSTOMER,FULL,1988-01-01,37,NULL,-1,846000,60,5,0,0,14605,"2025-07-03 13:28:57"
8800139750,2025-07-03,CUSTOMER,FULL,1987-01-04,38,NULL,0,480000,30,3,0,0,6480,"2025-07-03 13:28:49"
25157935928,2025-07-01,CUSTOMER,FULL,1982-02-18,43,NULL,-1,900000,60,5,0,0,26104,"2025-07-03 13:28:40"
8800250507,2025-07-01,CUSTOMER,FULL,1997-03-09,28,NULL,-1,500000,55,5,0,0,6426,"2025-07-03 13:28:39"
25158316984,2025-07-03,CUSTOMER,FULL,1984-05-03,41,NULL,0,515000,35,3,0,0,8046,"2025-07-03 13:28:09"
25158332646,2025-07-03,CUSTOMER,FULL,1994-01-01,31,NULL,0,400000,35,3,0,0,3833,"2025-07-03 13:28:05"
25157584237,2025-06-19,CUSTOMER,FULL,1985-01-01,40,NULL,-1,450000,48,4,0,0,8470,"2025-07-03 13:27:38"
25158332867,2025-07-03,CUSTOMER,FULL,1989-03-03,36,NULL,0,2200000,84,7,0,0,51453,"2025-07-03 13:27:18"
25158332735,2025-07-03,CUSTOMER,FULL,1998-07-02,27,NULL,0,160000,18,2,0,0,1114,"2025-07-03 13:27:11"
25157931416,2025-06-30,CUSTOMER,FULL,1993-12-22,31,1965-03-02,60,700000,72,6,0,0,10904,"2025-07-03 13:26:55"
25158084186,2025-07-02,CUSTOMER,FULL,1981-06-03,44,NULL,-1,1065000,48,4,0,0,28691,"2025-07-03 13:26:29"
25157920617,2025-06-30,CUSTOMER,FULL,2001-12-12,23,1960-08-31,64,240000,35,3,0,0,2085,"2025-07-03 13:26:10"
25158332765,2025-07-03,CUSTOMER,"PARTIAL TENURE",1980-01-01,45,NULL,0,335500,48,4,0,2,6101,"2025-07-03 13:24:22"
25158041230,2025-07-02,CUSTOMER,FULL,2000-06-12,25,1981-02-15,44,795000,60,5,0,0,8612,"2025-07-03 13:24:21"
8800139253,2025-07-03,CUSTOMER,FULL,1980-01-01,45,NULL,0,400000,48,4,0,0,11848,"2025-07-03 13:24:14"
25157795725,2025-06-29,CUSTOMER,FULL,1985-01-01,40,NULL,-1,260000,36,3,0,0,4063,"2025-07-03 13:24:08"
8800011799,2025-07-02,CUSTOMER,FULL,1988-05-22,37,NULL,-1,360000,36,3,0,0,4554,"2025-07-03 13:24:06"
25157473408,2025-06-25,CUSTOMER,FULL,1996-10-07,28,1970-01-01,55,530000,48,4,0,0,5767,"2025-07-03 13:23:32"
25157989698,2025-07-01,CUSTOMER,FULL,2001-06-24,24,NULL,-1,1000000,60,5,0,0,10762,"2025-07-03 13:22:53"
25158325677,2025-07-03,CUSTOMER,FULL,1999-12-21,25,1997-09-22,27,1390000,72,6,0,0,18748,"2025-07-03 13:22:35"
8800234263,2025-07-03,CUSTOMER,FULL,1975-12-25,49,NULL,0,300000,48,4,0,0,13091,"2025-07-03 13:22:31"
25157352446,2025-06-07,CO-APPLICANT,FULL,1968-03-18,57,2002-12-18,22,510000,48,4,0,0,5429,"2025-07-03 13:22:25"
8800207249,2025-07-02,CUSTOMER,FULL,1993-01-02,32,1990-09-17,34,587000,36,3,0,0,5479,"2025-07-03 13:22:09"
25158039671,2025-07-02,CUSTOMER,FULL,1996-03-01,29,NULL,-1,4200000,59,5,0,0,53724,"2025-07-03 13:21:29"
25158332648,2025-07-03,CUSTOMER,FULL,2001-01-01,24,1971-01-01,54,581000,48,4,0,0,6184,"2025-07-03 13:20:46"
25157747502,2025-06-28,CUSTOMER,FULL,1979-01-01,46,NULL,-1,160000,18,2,0,0,3206,"2025-07-03 13:20:27"
8800272634,2025-06-24,CUSTOMER,FULL,1989-03-10,36,NULL,-1,640000,48,4,0,0,9508,"2025-07-03 13:19:51"
25157686185,2025-06-27,CUSTOMER,FULL,1997-01-01,28,NULL,-1,330000,42,4,0,0,3345,"2025-07-03 13:19:26"
25158332586,2025-07-03,CUSTOMER,FULL,1995-05-03,30,NULL,0,650000,60,5,0,0,7801,"2025-07-03 13:19:05"
8800233112,2025-07-01,CUSTOMER,FULL,1987-02-27,38,NULL,-1,648000,48,4,0,0,10101,"2025-07-03 13:18:47"
8800123317,2025-07-01,CUSTOMER,FULL,1971-11-05,53,NULL,-1,500000,72,6,0,0,44062,"2025-07-03 13:18:34"
25158108431,2025-07-02,CUSTOMER,FULL,1994-01-01,31,NULL,-1,800000,60,5,0,0,9799,"2025-07-03 13:18:34"
25157643937,2025-06-24,CUSTOMER,FULL,1999-01-01,26,1972-05-27,53,325000,47,4,0,0,3429,"2025-07-03 13:18:29"
25157631970,2025-06-23,CUSTOMER,FULL,1982-12-12,42,NULL,-1,258000,24,2,0,0,3590,"2025-07-03 13:18:21"
25158333106,2025-07-03,CUSTOMER,FULL,2001-01-16,24,NULL,0,538000,60,5,0,0,5790,"2025-07-03 13:18:12"
8800311664,2025-07-03,CUSTOMER,FULL,1972-04-01,53,NULL,0,500000,48,4,0,0,30946,"2025-07-03 13:18:12"
8800144466,2025-07-03,CUSTOMER,FULL,2001-10-08,23,1967-01-01,58,930000,60,5,0,0,11611,"2025-07-03 13:18:04"
25157677538,2025-06-26,CUSTOMER,FULL,1992-07-17,32,1992-07-11,32,196000,36,3,0,0,1830,"2025-07-03 13:18:01"
8800213611,2025-06-25,CUSTOMER,FULL,1994-02-05,31,1988-06-08,37,350000,35,3,0,0,3404,"2025-07-03 13:17:54"
25158036656,2025-07-02,CUSTOMER,FULL,2004-02-02,21,1974-01-01,51,770000,60,5,0,0,8051,"2025-07-03 13:17:53"
25158332359,2025-07-03,CUSTOMER,FULL,1988-07-01,37,1978-07-01,47,970000,60,5,0,0,16746,"2025-07-03 13:17:44"
25158307575,2025-07-03,CUSTOMER,FULL,1981-06-05,44,NULL,0,569600,60,5,0,0,18605,"2025-07-03 13:17:13"
25157927469,2025-06-30,CO-APPLICANT,FULL,1985-01-01,40,1997-05-14,28,690000,60,5,0,0,8867,"2025-07-03 13:16:48"
25158063249,2025-07-02,CUSTOMER,FULL,1989-10-18,35,1993-01-02,32,310000,36,3,0,0,3176,"2025-07-03 13:16:39"
25157595840,2025-06-20,CUSTOMER,FULL,1997-07-01,27,1971-01-01,54,550000,48,4,0,0,5861,"2025-07-03 13:16:25"
25158332468,2025-07-03,CUSTOMER,FULL,1976-10-01,48,NULL,0,380000,36,3,0,0,12269,"2025-07-03 13:16:11"
25158280634,2025-07-03,CUSTOMER,FULL,1992-10-21,32,1975-08-24,49,870000,60,5,0,0,12607,"2025-07-03 13:15:31"
25157937452,2025-07-01,CUSTOMER,FULL,1982-11-01,42,1983-09-22,41,1050000,72,6,0,0,32103,"2025-07-03 13:15:26"
25157652336,2025-06-24,CUSTOMER,FULL,1991-06-04,34,1969-03-04,56,650000,60,5,0,0,10340,"2025-07-03 13:15:21"
25157807431,2025-06-29,CUSTOMER,FULL,1996-11-08,28,1966-01-01,59,450000,48,4,0,0,4896,"2025-07-03 13:15:19"
8800276963,2025-07-03,CUSTOMER,FULL,1973-01-01,52,NULL,0,750000,60,5,0,0,51923,"2025-07-03 13:14:58"
25157932345,2025-06-30,CUSTOMER,FULL,1997-11-22,27,NULL,-1,315000,24,2,0,0,2257,"2025-07-03 13:14:31"
25158333031,2025-07-03,CUSTOMER,FULL,1996-12-17,28,NULL,0,500000,24,2,0,0,3611,"2025-07-03 13:14:04"
25157626147,2025-06-22,CO-APPLICANT,FULL,1975-01-01,50,2003-01-01,22,545000,60,5,0,0,6804,"2025-07-03 13:13:51"
8800198403,2025-06-17,CUSTOMER,FULL,1995-03-20,30,NULL,-1,300000,60,5,0,0,3933,"2025-07-03 13:13:25"
8800125833,2025-07-02,CUSTOMER,FULL,1991-02-02,34,NULL,-1,660000,60,5,0,0,10499,"2025-07-03 13:13:08"
25158311195,2025-07-03,CUSTOMER,FULL,1998-01-01,27,NULL,0,225000,30,3,0,0,1989,"2025-07-03 13:13:06"
25158071248,2025-07-02,CUSTOMER,FULL,1985-11-05,39,NULL,-1,900000,60,5,0,0,19509,"2025-07-03 13:12:58"
25157568081,2025-06-18,CUSTOMER,FULL,1988-04-29,37,1989-06-08,36,731000,60,5,0,0,12620,"2025-07-03 13:12:52"
25158041210,2025-07-02,CUSTOMER,FULL,1993-03-10,32,1963-06-19,62,1050000,36,3,0,0,9801,"2025-07-03 13:12:51"
8800233471,2025-07-02,CUSTOMER,FULL,2005-02-12,20,NULL,-1,424000,20,2,0,0,2467,"2025-07-03 13:12:02"
8800393452,2025-07-02,CUSTOMER,FULL,2004-12-27,20,1975-01-01,50,1070000,72,6,0,0,13738,"2025-07-03 13:11:56"
25158331352,2025-07-03,CUSTOMER,FULL,1987-05-10,38,NULL,0,250000,36,3,0,0,3375,"2025-07-03 13:11:50"
8800043029,2025-06-19,CUSTOMER,FULL,2005-07-20,19,1980-01-25,45,185000,36,3,0,0,1409,"2025-07-03 13:11:26"
25158092466,2025-07-02,CUSTOMER,FULL,2000-06-05,25,NULL,-1,400000,48,4,0,0,4258,"2025-07-03 13:11:25"
8800111702,2025-06-30,CUSTOMER,FULL,1999-08-12,25,1981-01-01,44,1000000,54,5,0,0,10833,"2025-07-03 13:11:01"
8800178616,2025-07-03,CUSTOMER,FULL,1991-08-27,33,NULL,0,350000,36,3,0,0,3639,"2025-07-03 13:10:50"
8800132481,2025-07-02,CUSTOMER,FULL,1988-06-01,37,NULL,-1,400000,36,3,0,0,5060,"2025-07-03 13:10:17"
8800351009,2025-06-30,CUSTOMER,FULL,1993-06-20,32,1986-09-18,38,700000,60,5,0,0,10144,"2025-07-03 13:10:17"
25158281037,2025-07-03,CUSTOMER,FULL,1997-01-01,28,NULL,0,700000,60,5,0,0,8128,"2025-07-03 13:10:07"
25158044496,2025-07-02,CUSTOMER,FULL,1997-03-22,28,NULL,-1,300000,36,3,0,0,2726,"2025-07-03 13:09:48"
25157816608,2025-06-29,CUSTOMER,FULL,1993-02-02,32,NULL,-1,598000,36,3,0,0,5935,"2025-07-03 13:09:36"
8800373906,2025-07-03,CUSTOMER,FULL,1991-06-05,34,1965-06-03,60,400000,36,3,0,0,4329,"2025-07-03 13:08:54"
8800188514,2025-07-01,CUSTOMER,FULL,1990-11-30,34,1986-02-26,39,290000,36,3,0,0,2875,"2025-07-03 13:08:47"
25158313299,2025-07-03,CUSTOMER,FULL,1997-01-01,28,1970-01-01,55,200000,18,2,0,0,1407,"2025-07-03 13:08:33"
8800357260,2025-07-01,CUSTOMER,FULL,1981-01-01,44,NULL,-1,1390000,60,5,0,0,39267,"2025-07-03 13:08:21"
8800346487,2025-07-03,CUSTOMER,FULL,2003-01-01,22,NULL,0,400000,47,4,0,0,4258,"2025-07-03 13:07:56"
25158332680,2025-07-03,CUSTOMER,FULL,1985-01-20,40,NULL,0,500000,36,3,0,0,7812,"2025-07-03 13:07:38"
25157608834,2025-06-20,CUSTOMER,FULL,1989-01-01,36,1977-01-01,48,570000,60,5,0,0,10143,"2025-07-03 13:07:25"
25158041351,2025-07-02,CUSTOMER,FULL,1981-09-11,43,NULL,-1,945000,60,5,0,0,24533,"2025-07-03 13:06:35"
8800387278,2025-07-03,CUSTOMER,FULL,1992-09-03,32,1985-05-07,40,620000,58,5,0,0,8677,"2025-07-03 13:06:35"
25158277500,2025-07-03,CUSTOMER,FULL,1996-04-03,29,NULL,0,428000,48,4,0,0,4743,"2025-07-03 13:06:25"
25157933081,2025-06-30,CUSTOMER,"PARTIAL FINANCE AMOUNT",1970-04-04,55,NULL,-1,330000,48,4,247500,0,17185,"2025-07-03 13:06:14"
25158042643,2025-07-02,CUSTOMER,FULL,1998-03-05,27,NULL,-1,553300,48,4,0,0,5942,"2025-07-03 13:06:08"
25158134490,2025-07-02,CUSTOMER,FULL,1984-04-15,41,1988-01-01,37,1200000,60,5,0,0,26650,"2025-07-03 13:05:59"
25158325723,2025-07-03,CUSTOMER,FULL,1994-01-01,31,1984-03-28,41,670000,60,5,0,0,9337,"2025-07-03 13:05:20"
25158277387,2025-07-03,CUSTOMER,FULL,1996-02-10,29,NULL,0,275000,36,3,0,0,2431,"2025-07-03 13:05:13"
25158311209,2025-07-03,CUSTOMER,FULL,2001-12-05,23,1977-11-02,47,600000,60,5,0,0,7102,"2025-07-03 13:05:07"
8800157231,2025-06-26,CUSTOMER,FULL,1986-01-01,39,NULL,-1,670000,60,5,0,0,14524,"2025-07-03 13:04:27"
8800349319,2025-07-03,CUSTOMER,FULL,2000-01-01,25,1975-01-01,50,614700,60,5,0,0,7675,"2025-07-03 13:04:22"
25158059257,2025-07-02,CUSTOMER,FULL,1981-06-01,44,NULL,-1,450000,48,4,0,0,11985,"2025-07-03 13:04:21"
25157934658,2025-07-01,CUSTOMER,FULL,1986-01-01,39,1994-01-01,31,500000,47,4,0,0,9016,"2025-07-03 13:04:19"
25157663897,2025-06-25,CUSTOMER,FULL,2001-03-07,24,1975-05-21,50,798000,60,5,0,0,9963,"2025-07-03 13:04:14"
8800392752,2025-07-02,CUSTOMER,FULL,1983-04-16,42,NULL,-1,555000,60,5,0,0,15175,"2025-07-03 13:03:40"
25157710502,2025-06-28,CUSTOMER,FULL,1996-06-07,29,NULL,-1,509000,36,3,0,0,4631,"2025-07-03 13:03:34"
8800359011,2025-06-27,CUSTOMER,FULL,1985-01-01,40,1981-03-19,44,330000,48,4,0,0,5795,"2025-07-03 13:03:25"
8800348216,2025-06-28,CUSTOMER,FULL,1985-02-02,40,NULL,-1,250000,36,3,0,0,3877,"2025-07-03 13:02:23"
25158284101,2025-07-03,CUSTOMER,FULL,1990-02-21,35,NULL,0,750000,60,5,0,0,12585,"2025-07-03 13:01:20"
8800199747,2025-07-03,CUSTOMER,FULL,2002-01-01,23,1968-01-01,57,990000,60,5,0,0,10561,"2025-07-03 13:01:14"
25158135317,2025-07-02,CUSTOMER,FULL,1998-06-15,27,NULL,-1,696522,84,7,0,0,11565,"2025-07-03 13:00:57"
25157698112,2025-06-28,CUSTOMER,FULL,1987-07-10,37,NULL,-1,315000,48,4,0,0,4658,"2025-07-03 13:00:44"
25157409341,2025-07-03,CUSTOMER,FULL,1987-01-01,38,NULL,0,125000,24,2,0,0,1251,"2025-07-03 13:00:38"
8800360823,2025-07-03,CUSTOMER,FULL,1996-05-01,29,NULL,0,350000,48,4,0,0,3598,"2025-07-03 13:00:36"
8800151295,2025-07-02,CUSTOMER,FULL,2000-03-18,25,1975-03-15,50,530000,35,3,0,0,4678,"2025-07-03 13:00:34"
8800386056,2025-07-03,CUSTOMER,FULL,1988-01-05,37,1992-11-27,32,2100000,84,7,0,0,51890,"2025-07-03 13:00:33"
25157668724,2025-06-25,CUSTOMER,FULL,2005-08-05,19,1984-10-09,40,620000,48,4,0,0,5985,"2025-07-03 13:00:20"
8800385010,2025-07-03,CUSTOMER,FULL,1984-01-01,41,NULL,0,340000,24,2,0,0,4026,"2025-07-03 13:00:03"
25157806924,2025-06-29,CUSTOMER,FULL,1983-06-01,42,NULL,-1,800000,60,5,0,0,21873,"2025-07-03 12:59:54"
25158043713,2025-07-02,CO-APPLICANT,FULL,1985-08-12,39,2004-08-05,20,425000,36,3,0,0,3722,"2025-07-03 12:59:37"
25158277793,2025-07-03,CUSTOMER,FULL,2002-08-16,22,1975-01-01,50,1000000,60,5,0,0,11718,"2025-07-03 12:59:35"
25158332241,2025-07-03,CUSTOMER,FULL,1997-07-08,27,NULL,0,400000,48,4,0,0,4263,"2025-07-03 12:59:26"
8800272215,2025-07-03,CUSTOMER,FULL,2001-12-01,23,1968-01-01,57,700000,60,5,0,0,8740,"2025-07-03 12:58:34"
25157639800,2025-06-23,CO-APPLICANT,FULL,1995-04-19,30,2004-04-17,21,1450000,72,6,0,0,18873,"2025-07-03 12:58:21"
8800147421,2025-07-03,CUSTOMER,FULL,1990-01-15,35,NULL,0,310000,48,4,0,0,4229,"2025-07-03 12:57:52"
25158287923,2025-07-03,CUSTOMER,FULL,1995-01-02,30,NULL,0,700000,60,5,0,0,9442,"2025-07-03 12:57:47"
25158042260,2025-07-02,CUSTOMER,FULL,1982-08-09,42,NULL,-1,100000,18,2,0,0,1404,"2025-07-03 12:57:38"
8800236075,2025-07-02,CUSTOMER,FULL,1990-02-01,35,1997-01-01,28,200000,48,4,0,0,2729,"2025-07-03 12:57:15"
8800009340,2025-07-02,CUSTOMER,FULL,1996-12-17,28,1998-04-02,27,312000,36,3,0,0,2721,"2025-07-03 12:57:12"
25157922575,2025-06-30,CUSTOMER,FULL,2003-10-15,21,1965-01-01,60,823000,60,5,0,0,8605,"2025-07-03 12:57:02"
25157377461,2025-07-03,CUSTOMER,"PARTIAL FINANCE AMOUNT",1979-03-16,46,1986-06-25,39,425000,48,4,318750,0,10438,"2025-07-03 12:57:01"
8800011731,2025-06-26,CUSTOMER,FULL,1990-01-01,35,NULL,-1,157000,24,2,0,0,1338,"2025-07-03 12:56:51"
25157683023,2025-06-27,CUSTOMER,FULL,1982-01-01,43,NULL,-1,840000,72,6,0,0,27913,"2025-07-03 12:56:50"
8800252628,2025-07-03,CUSTOMER,FULL,1992-07-24,32,1999-09-24,25,1316000,60,5,0,0,16585,"2025-07-03 12:56:36"
25158276565,2025-07-03,CUSTOMER,FULL,2002-09-02,22,1968-07-01,57,510000,48,4,0,0,5429,"2025-07-03 12:56:31"
8800369727,2025-06-28,CUSTOMER,FULL,1993-04-09,32,NULL,-1,370000,24,2,0,0,2836,"2025-07-03 12:55:54"
25157932055,2025-07-03,CUSTOMER,FULL,1991-01-01,34,NULL,0,750000,58,5,0,0,11930,"2025-07-03 12:55:44"
8800295342,2025-07-03,CUSTOMER,FULL,1993-05-05,32,NULL,0,550000,60,5,0,0,7698,"2025-07-03 12:55:31"
25157682977,2025-07-02,CUSTOMER,FULL,1978-08-19,46,NULL,-1,790000,60,5,0,0,31155,"2025-07-03 12:55:26"
8800281720,2025-06-17,CUSTOMER,FULL,2001-05-02,24,NULL,-1,158000,24,2,0,0,1073,"2025-07-03 12:55:18"
8800210630,2025-07-03,CUSTOMER,FULL,1997-06-20,28,NULL,0,270000,48,4,0,0,2916,"2025-07-03 12:55:06"
25158316932,2025-07-03,CUSTOMER,FULL,1993-08-14,31,1988-10-18,36,263000,36,3,0,0,2403,"2025-07-03 12:54:36"
8800262409,2025-07-01,CUSTOMER,FULL,1991-08-21,33,NULL,-1,130000,24,2,0,0,1027,"2025-07-03 12:54:35"
25158332289,2025-07-03,CUSTOMER,FULL,1999-01-01,26,1973-01-01,52,550000,60,5,0,0,6899,"2025-07-03 12:53:59"
25158074558,2025-07-02,CUSTOMER,"PARTIAL TENURE",1980-05-31,45,1982-01-01,43,850000,60,5,0,2,15457,"2025-07-03 12:53:58"
8800369901,2025-06-30,CUSTOMER,FULL,2000-09-09,24,1982-07-02,42,200000,36,3,0,0,1754,"2025-07-03 12:53:52"
25158309658,2025-07-03,CUSTOMER,"PARTIAL FINANCE AMOUNT",1975-03-01,50,1983-01-10,42,540000,48,4,270000,0,13047,"2025-07-03 12:53:30"
25157988465,2025-07-01,CUSTOMER,FULL,1998-01-01,27,1970-01-01,55,570000,59,5,0,0,7217,"2025-07-03 12:53:16"
8800292254,2025-06-17,CUSTOMER,FULL,1979-03-16,46,NULL,-1,250000,36,3,0,0,6541,"2025-07-03 12:52:53"
25158065016,2025-07-02,CUSTOMER,FULL,1995-01-01,30,NULL,-1,290000,36,3,0,0,2601,"2025-07-03 12:52:52"
25158296853,2025-07-03,CUSTOMER,FULL,1982-10-31,42,1974-07-30,50,480000,59,5,0,0,13124,"2025-07-03 12:52:51"
25158043132,2025-07-02,CUSTOMER,FULL,2000-12-30,24,1973-01-01,52,513000,36,3,0,0,4189,"2025-07-03 12:52:36"
8800345631,2025-06-27,CUSTOMER,FULL,1993-07-06,31,NULL,-1,350000,36,3,0,0,3354,"2025-07-03 12:52:31"
8800360760,2025-07-02,CUSTOMER,FULL,1986-02-11,39,NULL,-1,200000,18,2,0,0,2254,"2025-07-03 12:51:54"
8800236608,2025-07-03,CUSTOMER,FULL,1992-01-01,33,NULL,0,100000,23,2,0,0,790,"2025-07-03 12:51:53"
25158282015,2025-07-03,CUSTOMER,FULL,2004-04-11,21,1986-12-01,38,330000,48,4,0,0,3026,"2025-07-03 12:51:31"
25157634185,2025-06-23,CUSTOMER,FULL,1995-10-01,29,1988-09-03,36,230000,36,3,0,0,2033,"2025-07-03 12:51:16"
25157928208,2025-06-30,CUSTOMER,FULL,1979-01-01,46,NULL,-1,350000,24,2,0,0,7013,"2025-07-03 12:50:59"
8800357334,2025-06-30,CUSTOMER,FULL,1994-09-22,30,1958-01-01,67,200000,48,4,0,0,2252,"2025-07-03 12:50:12"
25158298883,2025-07-03,CUSTOMER,FULL,1995-06-28,30,NULL,0,400000,48,4,0,0,4546,"2025-07-03 12:50:02"
25158086633,2025-07-02,CUSTOMER,FULL,1987-01-01,38,NULL,-1,430000,36,3,0,0,5856,"2025-07-03 12:49:26"
25157657648,2025-06-25,CUSTOMER,FULL,1991-04-12,34,1990-07-09,34,700000,84,7,0,0,14992,"2025-07-03 12:49:21"
25158325727,2025-07-03,CUSTOMER,FULL,2003-07-25,21,NULL,0,90000,22,2,0,0,626,"2025-07-03 12:49:21"
8800374358,2025-07-03,CUSTOMER,FULL,1987-11-20,37,NULL,0,350000,24,2,0,0,3304,"2025-07-03 12:49:05"
8800371767,2025-07-03,CUSTOMER,FULL,1981-02-12,44,NULL,0,624900,72,6,0,0,24106,"2025-07-03 12:48:55"
25158306078,2025-07-03,CUSTOMER,FULL,1986-06-01,39,NULL,0,920000,48,4,0,0,15188,"2025-07-03 12:48:29"
25157929255,2025-06-30,CUSTOMER,FULL,1993-01-01,32,1965-10-01,59,500000,60,5,0,0,7246,"2025-07-03 12:48:20"
8800372761,2025-07-01,CUSTOMER,FULL,1985-07-06,39,1996-08-08,28,1380000,60,5,0,0,26771,"2025-07-03 12:48:00"
25157691289,2025-06-27,CUSTOMER,FULL,2004-01-24,21,1962-07-17,62,400000,36,3,0,0,3522,"2025-07-03 12:47:57"
8800230017,2025-07-03,CUSTOMER,FULL,2000-01-15,25,1980-06-12,45,600000,48,4,0,0,6387,"2025-07-03 12:47:30"
25157667604,2025-06-25,CUSTOMER,FULL,2005-01-01,20,1966-01-01,59,620000,54,5,0,0,7719,"2025-07-03 12:47:24"
8800212777,2025-07-02,CUSTOMER,FULL,1991-11-17,33,NULL,-1,700000,48,4,0,0,8888,"2025-07-03 12:46:40"
25158329266,2025-07-03,CO-APPLICANT,FULL,1977-01-01,48,1999-11-02,25,600000,60,5,0,0,7491,"2025-07-03 12:46:31"
8800225037,2025-06-27,CUSTOMER,FULL,1985-01-10,40,NULL,-1,305000,42,4,0,0,5356,"2025-07-03 12:46:07"
25157680944,2025-06-27,CUSTOMER,FULL,2000-07-15,24,1975-05-14,50,600000,60,5,0,0,7491,"2025-07-03 12:45:07"
8800227679,2025-06-16,CUSTOMER,FULL,1983-06-05,42,NULL,-1,1400000,84,7,0,0,52716,"2025-07-03 12:45:06"
25157512951,2025-06-13,CUSTOMER,FULL,1997-10-12,27,1964-07-05,60,614500,45,4,0,0,6599,"2025-07-03 12:43:52"
8800136230,2025-06-29,CUSTOMER,FULL,1999-12-05,25,1967-06-01,58,480000,48,4,0,0,5109,"2025-07-03 12:43:29"
25157688792,2025-06-27,CUSTOMER,FULL,1972-03-11,53,1998-05-12,27,300000,11,1,0,0,6942,"2025-07-03 12:43:19"
8800376302,2025-06-30,CUSTOMER,FULL,2000-01-01,25,1970-01-01,55,950000,60,5,0,0,11861,"2025-07-03 12:42:37"
25158059496,2025-07-02,CUSTOMER,FULL,2002-07-15,22,NULL,-1,310000,36,3,0,0,2481,"2025-07-03 12:42:32"
25157928737,2025-06-30,CUSTOMER,FULL,1981-01-01,44,NULL,-1,2500000,72,6,0,0,90713,"2025-07-03 12:42:31"
25158320578,2025-07-03,CUSTOMER,FULL,2001-03-18,24,1975-01-01,50,900000,60,5,0,0,11236,"2025-07-03 12:42:01"
25157674710,2025-06-26,CUSTOMER,FULL,1982-02-08,43,1985-10-09,39,907000,72,6,0,0,32065,"2025-07-03 12:41:41"
25158104555,2025-07-02,CUSTOMER,FULL,1997-02-02,28,1964-01-01,61,570000,60,5,0,0,7325,"2025-07-03 12:41:29"
8800106759,2025-07-03,CUSTOMER,FULL,1983-03-03,42,2004-04-28,21,370000,48,4,0,0,8370,"2025-07-03 12:40:57"
25158134291,2025-07-02,CUSTOMER,FULL,1987-02-16,38,1992-08-15,32,115000,36,3,0,0,1553,"2025-07-03 12:40:36"
25157624065,2025-06-21,CUSTOMER,FULL,1966-07-05,58,2000-03-01,25,300000,24,2,0,0,17874,"2025-07-03 12:40:15"
25158086621,2025-07-02,CUSTOMER,FULL,2004-02-15,21,2002-01-28,23,813438,60,5,0,0,8505,"2025-07-03 12:39:36"
25157680710,2025-06-27,CUSTOMER,FULL,1993-02-25,32,NULL,-1,300000,47,4,0,0,3650,"2025-07-03 12:39:21"
8800397377,2025-07-03,CUSTOMER,FULL,1992-05-28,33,NULL,0,150000,36,3,0,0,1560,"2025-07-03 12:39:12"
25158306110,2025-07-03,CUSTOMER,FULL,1994-07-05,30,1993-10-15,31,700000,48,4,0,0,7955,"2025-07-03 12:37:55"
25158084164,2025-07-02,CUSTOMER,FULL,1990-01-01,35,1989-02-02,36,1450000,84,7,0,0,29498,"2025-07-03 12:37:23"
25157642860,2025-06-23,CUSTOMER,FULL,1991-02-20,34,1964-01-26,61,1300000,60,5,0,0,17549,"2025-07-03 12:37:12"
25157930381,2025-06-30,CUSTOMER,FULL,1993-01-01,32,NULL,-1,315000,48,4,0,0,3442,"2025-07-03 12:36:33"
25158043071,2025-07-02,CUSTOMER,FULL,1993-01-01,32,NULL,-1,970000,54,5,0,0,12225,"2025-07-03 12:34:23"
25158300373,2025-07-03,CUSTOMER,FULL,1995-07-06,29,NULL,0,400000,36,3,0,0,3710,"2025-07-03 12:33:45"
25158041433,2025-07-02,CUSTOMER,FULL,2001-06-16,24,1980-01-01,45,500000,36,3,0,0,4402,"2025-07-03 12:33:42"
25157620644,2025-06-21,CUSTOMER,FULL,1992-02-04,33,NULL,-1,675000,60,5,0,0,10220,"2025-07-03 12:33:34"
25158074517,2025-07-02,CUSTOMER,FULL,1998-09-20,26,NULL,-1,863000,60,5,0,0,9807,"2025-07-03 12:33:16"
8800172242,2025-07-03,CUSTOMER,FULL,1970-07-15,54,NULL,0,640000,40,4,0,0,42813,"2025-07-03 12:32:55"
25158006332,2025-07-01,CUSTOMER,FULL,2004-01-24,21,NULL,-1,225000,36,3,0,0,1782,"2025-07-03 12:32:47"
25157538137,2025-06-16,CUSTOMER,FULL,1997-08-25,27,NULL,-1,900000,36,3,0,0,7806,"2025-07-03 12:32:27"
25157934899,2025-07-01,CUSTOMER,FULL,1989-01-01,36,NULL,-1,900000,60,5,0,0,14752,"2025-07-03 12:31:38"
25158322051,2025-07-03,CUSTOMER,FULL,1996-10-14,28,NULL,0,150000,30,3,0,0,1309,"2025-07-03 12:31:29"
25157986247,2025-07-01,CUSTOMER,FULL,1986-01-01,39,NULL,-1,400000,30,3,0,0,5825,"2025-07-03 12:31:24"
25157806373,2025-06-29,CUSTOMER,FULL,2000-05-12,25,1980-01-01,45,860000,60,5,0,0,9316,"2025-07-03 12:30:47"
25157788887,2025-06-29,CUSTOMER,"PARTIAL FINANCE AMOUNT",1974-01-01,51,NULL,-1,300000,24,2,225000,0,7700,"2025-07-03 12:30:33"
25157939062,2025-07-01,CO-APPLICANT,FULL,1970-01-01,55,1996-01-01,29,750000,42,4,0,0,8311,"2025-07-03 12:30:13"
8800264290,2025-06-29,CUSTOMER,FULL,1977-02-23,48,NULL,-1,290000,36,3,0,0,9373,"2025-07-03 12:29:54"
25158289414,2025-07-03,CUSTOMER,FULL,1985-03-14,40,NULL,0,450000,24,2,0,0,5433,"2025-07-03 12:29:53"
25158055419,2025-07-02,CUSTOMER,FULL,1990-11-28,34,NULL,-1,606000,60,5,0,0,9640,"2025-07-03 12:29:28"
25157688872,2025-06-27,CUSTOMER,FULL,1972-01-01,53,1965-01-01,60,550000,48,4,0,0,34956,"2025-07-03 12:29:19"
8800200965,2025-07-03,CUSTOMER,FULL,1994-10-22,30,1993-03-10,32,700000,60,5,0,0,8401,"2025-07-03 12:29:01"
25157639846,2025-06-23,CUSTOMER,FULL,1988-01-01,37,NULL,-1,330000,48,4,0,0,4880,"2025-07-03 12:29:00"
25158041341,2025-07-02,CUSTOMER,FULL,2000-06-17,25,1967-01-01,58,500000,48,4,0,0,4750,"2025-07-03 12:28:54"
25158295319,2025-07-03,CUSTOMER,FULL,1993-01-13,32,NULL,0,1300000,48,4,0,0,14205,"2025-07-03 12:28:29"
25157657393,2025-06-25,CUSTOMER,FULL,1999-01-01,26,NULL,-1,221000,24,2,0,0,1570,"2025-07-03 12:28:26"
8800258859,2025-07-03,CUSTOMER,FULL,1981-06-24,44,NULL,0,800000,60,5,0,0,26130,"2025-07-03 12:28:22"
25158304017,2025-07-03,CUSTOMER,FULL,1985-07-02,40,NULL,0,360000,48,4,0,0,6776,"2025-07-03 12:28:10"
25158324159,2025-07-03,CUSTOMER,FULL,1979-06-06,46,NULL,0,340000,48,4,0,0,10849,"2025-07-03 12:27:45"
25157835857,2025-06-29,CUSTOMER,FULL,1994-01-01,31,NULL,-1,157000,24,2,0,0,1186,"2025-07-03 12:27:39"
25158320555,2025-07-03,CUSTOMER,FULL,2002-03-18,23,NULL,0,950000,60,5,0,0,11861,"2025-07-03 12:27:10"
25158277170,2025-07-03,CUSTOMER,FULL,2000-08-16,24,NULL,0,400000,48,4,0,0,4258,"2025-07-03 12:27:03"
8800172433,2025-07-03,CUSTOMER,FULL,1992-07-27,32,NULL,0,580000,48,4,0,0,7057,"2025-07-03 12:26:54"
25158322044,2025-07-03,CUSTOMER,FULL,1988-01-01,37,NULL,0,500000,48,4,0,0,7895,"2025-07-03 12:26:37"
8800303640,2025-06-27,CUSTOMER,FULL,2004-04-03,21,1971-01-01,54,858000,72,6,0,0,11168,"2025-07-03 12:26:36"
25158048908,2025-07-02,CUSTOMER,FULL,1992-01-12,33,NULL,-1,300000,24,2,0,0,2369,"2025-07-03 12:26:35"
25158313334,2025-07-03,CUSTOMER,FULL,1976-12-13,48,NULL,0,400000,36,3,0,0,12914,"2025-07-03 12:26:28"
8800223655,2025-06-26,CUSTOMER,FULL,1983-04-10,42,1987-05-01,38,340000,36,3,0,0,6183,"2025-07-03 12:26:13"
25158316928,2025-07-03,CUSTOMER,FULL,1976-01-26,49,NULL,0,350000,20,2,0,0,9632,"2025-07-03 12:26:01"
8800390406,2025-07-03,CUSTOMER,FULL,1995-10-10,29,NULL,0,990000,60,5,0,0,12991,"2025-07-03 12:25:45"
25157594281,2025-06-20,CUSTOMER,FULL,1977-06-01,48,NULL,-1,230000,48,4,0,0,9196,"2025-07-03 12:25:43"
25158316957,2025-07-03,CUSTOMER,FULL,1998-01-01,27,NULL,0,330000,48,4,0,0,3318,"2025-07-03 12:25:29"
8800279156,2025-06-30,CUSTOMER,FULL,2001-11-08,23,1970-01-08,55,415000,36,3,0,0,3605,"2025-07-03 12:25:27"
25157631240,2025-06-23,CUSTOMER,FULL,1987-11-21,37,1993-01-23,32,957999,48,4,0,0,14165,"2025-07-03 12:25:25"
8800315238,2025-06-27,CUSTOMER,FULL,1976-01-01,49,NULL,-1,800000,72,6,0,0,48871,"2025-07-03 12:25:17"
25158295349,2025-07-03,CUSTOMER,FULL,1992-11-18,32,NULL,0,140000,30,3,0,0,1307,"2025-07-03 12:24:52"
25157710890,2025-06-28,CUSTOMER,FULL,1985-10-10,39,1983-01-01,42,851000,60,5,0,0,16509,"2025-07-03 12:24:43"
25158004346,2025-07-01,CUSTOMER,FULL,1980-08-01,44,2002-05-08,23,600000,48,4,0,0,16164,"2025-07-03 12:24:21"
25158132089,2025-07-02,CUSTOMER,FULL,2001-08-22,23,1988-12-20,36,983000,84,7,0,0,14453,"2025-07-03 12:24:11"
25157340260,2025-06-08,CUSTOMER,FULL,1994-02-15,31,1972-06-20,52,800000,60,5,0,0,11149,"2025-07-03 12:23:34"
25157584233,2025-06-19,CUSTOMER,FULL,1982-01-23,43,1975-11-09,49,1640000,84,7,0,0,62740,"2025-07-03 12:23:12"
25157788901,2025-06-29,CUSTOMER,FULL,1994-01-01,31,1971-01-01,54,601000,48,4,0,0,7050,"2025-07-03 12:23:08"
25157736968,2025-06-28,CUSTOMER,FULL,1989-11-15,35,1989-01-01,36,260000,36,3,0,0,2664,"2025-07-03 12:23:04"
25158137078,2025-07-02,CUSTOMER,FULL,1999-07-04,25,NULL,-1,270000,35,3,0,0,2215,"2025-07-03 12:23:03"
25157671871,2025-06-26,CUSTOMER,FULL,1999-01-06,26,NULL,-1,925000,71,6,0,0,13251,"2025-07-03 12:22:48"
25158318505,2025-07-03,CUSTOMER,FULL,2001-01-01,24,1957-01-01,68,605000,60,5,0,0,7554,"2025-07-03 12:22:47"
25157596037,2025-06-20,CUSTOMER,FULL,1992-01-01,33,NULL,-1,331000,42,4,0,0,3727,"2025-07-03 12:22:37"
8800224362,2025-06-24,CUSTOMER,FULL,1999-05-09,26,1968-01-01,57,545000,46,4,0,0,5808,"2025-07-03 12:22:12"
8800399502,2025-06-29,CUSTOMER,FULL,1984-10-26,40,NULL,-1,250000,60,5,0,0,5594,"2025-07-03 12:21:14"
25157583744,2025-06-19,CUSTOMER,FULL,1979-05-25,46,NULL,-1,300000,24,2,0,0,4974,"2025-07-03 12:20:56"
25158316905,2025-07-03,CUSTOMER,FULL,2001-08-04,23,1972-01-01,53,500000,60,5,0,0,5918,"2025-07-03 12:20:36"
25157631127,2025-06-23,CUSTOMER,FULL,1998-03-12,27,1996-01-01,29,920000,60,5,0,0,11649,"2025-07-03 12:20:31"
25158088317,2025-07-02,CUSTOMER,FULL,1998-06-23,27,1986-01-01,39,338500,36,3,0,0,2936,"2025-07-03 12:19:58"
25158133398,2025-07-02,CUSTOMER,FULL,1994-01-05,31,1991-01-01,34,4150000,58,5,0,0,56071,"2025-07-03 12:19:58"
25157650680,2025-06-24,CUSTOMER,FULL,1980-01-01,45,1979-01-01,46,440000,48,4,0,0,13032,"2025-07-03 12:19:49"
25157847371,2025-06-29,CUSTOMER,FULL,1983-03-02,42,1988-04-05,37,260000,36,3,0,0,4728,"2025-07-03 12:19:29"
8800347809,2025-06-23,CUSTOMER,FULL,1993-01-01,32,NULL,-1,264000,36,3,0,0,2465,"2025-07-03 12:19:28"
25157688251,2025-06-28,CUSTOMER,FULL,1997-10-24,27,1973-07-01,51,500000,60,5,0,0,6331,"2025-07-03 12:19:20"
25158041596,2025-07-02,CUSTOMER,FULL,1991-01-01,34,NULL,-1,250000,36,3,0,0,2706,"2025-07-03 12:19:16"
8800126023,2025-07-02,CUSTOMER,FULL,1998-03-24,27,1973-06-15,52,635000,60,5,0,0,8040,"2025-07-03 12:19:13"
8800379855,2025-07-03,CUSTOMER,FULL,1996-09-20,28,NULL,0,420000,36,3,0,0,3817,"2025-07-03 12:18:53"
25157690206,2025-06-27,CUSTOMER,FULL,1989-10-12,35,NULL,-1,350000,23,2,0,0,2991,"2025-07-03 12:18:12"
25157698161,2025-06-28,CUSTOMER,FULL,2000-05-21,25,1976-08-17,48,400000,60,5,0,0,4829,"2025-07-03 12:18:03"
25157669112,2025-06-25,CUSTOMER,FULL,1990-07-26,34,1970-12-12,54,230000,42,4,0,0,2989,"2025-07-03 12:17:46"
25158314828,2025-07-03,CUSTOMER,FULL,1989-11-18,35,1968-12-10,56,470000,60,5,0,0,7887,"2025-07-03 12:17:06"
8800140985,2025-06-13,CUSTOMER,FULL,1999-03-07,26,1970-04-27,55,610000,48,4,0,0,6500,"2025-07-03 12:16:45"
8800082868,2025-07-02,CUSTOMER,FULL,1990-01-01,35,1983-06-20,42,270000,48,4,0,0,3684,"2025-07-03 12:16:08"
25158298888,2025-07-03,CUSTOMER,FULL,1992-11-27,32,1956-07-04,68,750000,60,5,0,0,10868,"2025-07-03 12:15:15"
25158314878,2025-07-03,CUSTOMER,FULL,1977-07-01,48,NULL,0,200000,36,3,0,0,6457,"2025-07-03 12:15:05"
25158144259,2025-07-03,CUSTOMER,FULL,2000-01-01,25,NULL,0,535000,48,4,0,0,5695,"2025-07-03 12:14:14"
25158281873,2025-07-03,CUSTOMER,FULL,1985-01-01,40,NULL,0,330000,48,4,0,0,5795,"2025-07-03 12:13:54"
25157673369,2025-06-26,CUSTOMER,"PARTIAL FINANCE AMOUNT",1973-01-01,52,NULL,-1,130000,36,3,65000,0,3104,"2025-07-03 12:13:49"
25158311253,2025-07-03,CUSTOMER,FULL,2004-05-26,21,1974-02-02,51,500000,60,5,0,0,6243,"2025-07-03 12:13:34"
25156773282,2025-06-03,CUSTOMER,FULL,1989-12-10,35,NULL,-1,730000,84,7,0,0,16548,"2025-07-03 12:13:07"
25158302466,2025-07-03,CUSTOMER,FULL,1993-02-02,32,1954-01-01,71,550000,60,5,0,0,7970,"2025-07-03 12:13:02"
25157690898,2025-06-27,CUSTOMER,FULL,1999-12-06,25,NULL,-1,273000,48,4,0,0,2906,"2025-07-03 12:12:46"
25158313294,2025-07-03,CUSTOMER,FULL,2003-02-04,22,1973-01-01,52,535000,60,5,0,0,6680,"2025-07-03 12:12:25"
25158311268,2025-07-03,CUSTOMER,FULL,1995-09-16,29,NULL,0,200000,42,4,0,0,2056,"2025-07-03 12:11:59"
25157644503,2025-06-24,CUSTOMER,FULL,1995-04-09,30,1999-12-02,25,540000,36,3,0,0,5028,"2025-07-03 12:11:02"
25157977203,2025-07-01,CUSTOMER,FULL,1995-08-05,29,1965-02-15,60,540000,60,5,0,0,7086,"2025-07-03 12:08:55"
25157669408,2025-06-25,CUSTOMER,FULL,2004-04-04,21,1977-01-01,48,590000,60,5,0,0,7366,"2025-07-03 12:08:36"
8800310070,2025-07-03,CUSTOMER,FULL,1986-07-13,38,NULL,0,420000,48,4,0,0,6850,"2025-07-03 12:08:36"
25157688095,2025-06-27,CO-APPLICANT,FULL,2000-01-01,25,1988-04-06,37,929000,60,5,0,0,16038,"2025-07-03 12:08:20"
8800345734,2025-07-02,CUSTOMER,FULL,1982-05-05,43,1988-07-29,36,300000,36,3,0,0,5406,"2025-07-03 12:08:04"
25158042857,2025-07-02,CUSTOMER,FULL,1994-01-01,31,NULL,-1,680000,60,5,0,0,9477,"2025-07-03 12:07:34"
25158279514,2025-07-03,CUSTOMER,FULL,1991-01-01,34,NULL,0,585000,60,5,0,0,9306,"2025-07-03 12:07:17"
25158280287,2025-07-03,CUSTOMER,FULL,2000-08-03,24,NULL,0,265000,36,3,0,0,2164,"2025-07-03 12:07:08"
25158281595,2025-07-03,CUSTOMER,FULL,1981-05-20,44,NULL,0,250000,36,3,0,0,5396,"2025-07-03 12:06:33"
8800118487,2025-07-02,CUSTOMER,FULL,2001-02-05,24,1980-01-01,45,810000,48,4,0,0,7637,"2025-07-03 12:06:28"
25158086555,2025-07-02,CUSTOMER,FULL,2003-10-08,21,2002-01-01,23,450000,48,4,0,0,4790,"2025-07-03 12:06:25"
25158043302,2025-07-02,CUSTOMER,FULL,2000-05-15,25,NULL,-1,280000,42,4,0,0,2660,"2025-07-03 12:06:22"
25157689392,2025-06-27,CUSTOMER,FULL,1990-01-01,35,1998-05-26,27,150000,30,3,0,0,1703,"2025-07-03 12:05:55"
25158289480,2025-07-03,CUSTOMER,FULL,2002-05-15,23,1976-01-01,49,610000,48,4,0,0,6493,"2025-07-03 12:05:37"
25158281406,2025-07-03,CUSTOMER,FULL,1989-04-08,36,1952-04-11,73,2270000,58,5,0,0,38492,"2025-07-03 12:04:41"
8800316757,2025-07-03,CUSTOMER,FULL,1981-04-06,44,NULL,0,300000,30,3,0,0,6532,"2025-07-03 12:04:25"
8800405326,2025-07-01,CUSTOMER,FULL,1996-01-01,29,2004-04-22,21,1230000,60,5,0,0,14500,"2025-07-03 12:04:16"
8800339831,2025-06-21,CUSTOMER,FULL,1993-01-01,32,NULL,-1,620000,60,5,0,0,7814,"2025-07-03 12:03:39"
25157590115,2025-06-19,CUSTOMER,FULL,1988-08-15,36,NULL,-1,330000,36,3,0,0,3926,"2025-07-03 12:03:11"
8800281338,2025-06-28,CUSTOMER,FULL,1984-06-20,41,1986-06-30,38,689790,48,4,0,0,12983,"2025-07-03 12:03:03"
25157804246,2025-06-29,CUSTOMER,FULL,1997-06-16,28,1975-01-01,50,250000,24,2,0,0,1759,"2025-07-03 12:02:56"
25158098772,2025-07-02,CUSTOMER,FULL,1989-07-12,35,NULL,-1,315000,36,3,0,0,3587,"2025-07-03 12:02:49"
25158120104,2025-07-02,CUSTOMER,FULL,1991-08-05,33,NULL,-1,105000,24,2,0,0,830,"2025-07-03 12:02:40"
8800362023,2025-07-02,CUSTOMER,FULL,1999-01-01,26,1976-01-01,49,720000,48,4,0,0,7188,"2025-07-03 12:02:23"
8800293987,2025-07-03,CUSTOMER,FULL,1975-07-01,50,NULL,0,200000,24,2,0,0,6141,"2025-07-03 12:02:16"
25157626926,2025-06-22,CUSTOMER,FULL,1998-02-08,27,NULL,-1,280000,36,3,0,0,2475,"2025-07-03 12:02:14"
25157929147,2025-06-30,CUSTOMER,FULL,1994-04-24,31,NULL,-1,726000,60,5,0,0,8893,"2025-07-03 12:02:09"
25158279319,2025-07-03,CO-APPLICANT,FULL,1965-01-01,60,1996-01-01,29,450000,23,2,0,0,3213,"2025-07-03 12:01:55"
8800272521,2025-07-02,CUSTOMER,FULL,1975-05-03,50,1969-10-30,55,830000,60,5,0,0,45934,"2025-07-03 12:01:35"
25158041258,2025-07-02,CUSTOMER,FULL,2002-02-08,23,NULL,-1,585000,48,4,0,0,6227,"2025-07-03 12:00:40"
25158078741,2025-07-02,CUSTOMER,FULL,2002-09-30,22,NULL,-1,200000,24,2,0,0,1336,"2025-07-03 12:00:18"
8800188766,2025-07-02,CUSTOMER,FULL,1982-04-07,43,NULL,-1,699448,72,6,0,0,24728,"2025-07-03 12:00:17"
25157696456,2025-06-28,CUSTOMER,FULL,1987-08-10,37,NULL,-1,150000,36,3,0,0,1898,"2025-07-03 12:00:16"
25158084187,2025-07-02,CUSTOMER,FULL,1990-01-26,35,NULL,-1,625000,60,5,0,0,10488,"2025-07-03 11:59:13"
25158302510,2025-07-03,CUSTOMER,FULL,1978-10-15,46,NULL,0,380000,36,3,0,0,9942,"2025-07-03 11:57:52"
25157806847,2025-06-29,CUSTOMER,FULL,2001-08-31,23,NULL,-1,630000,60,5,0,0,7866,"2025-07-03 11:57:49"
25157658559,2025-06-25,CUSTOMER,FULL,1994-01-01,31,NULL,-1,220000,35,3,0,0,2108,"2025-07-03 11:57:40"
25157550307,2025-06-16,CUSTOMER,FULL,2001-03-07,24,NULL,-1,260000,30,3,0,0,2280,"2025-07-03 11:57:26"
25158296871,2025-07-03,CUSTOMER,FULL,1994-01-02,31,NULL,0,675000,57,5,0,0,9407,"2025-07-03 11:57:13"
25158296846,2025-07-03,CUSTOMER,FULL,1995-01-01,30,1967-01-01,58,350000,48,4,0,0,3978,"2025-07-03 11:57:08"
8800373788,2025-07-02,CUSTOMER,FULL,2000-05-20,25,NULL,-1,747000,72,6,0,0,10076,"2025-07-03 11:55:47"
25157932948,2025-06-30,CUSTOMER,FULL,1973-10-10,51,NULL,-1,262000,36,3,0,0,10799,"2025-07-03 11:55:21"
8800329484,2025-07-02,CUSTOMER,FULL,1992-04-07,33,NULL,-1,1500000,59,5,0,0,22710,"2025-07-03 11:55:03"
25158108362,2025-07-02,CUSTOMER,FULL,1987-08-28,37,NULL,-1,800000,60,5,0,0,15152,"2025-07-03 11:54:43"
25157593822,2025-06-20,CUSTOMER,FULL,1993-03-20,32,1965-01-01,60,840000,59,5,0,0,12172,"2025-07-03 11:54:32"
8800178615,2025-07-02,CUSTOMER,FULL,1995-01-01,30,NULL,-1,220000,36,3,0,0,2082,"2025-07-03 11:54:31"
25158067486,2025-07-02,CUSTOMER,FULL,1993-06-01,32,NULL,-1,500000,35,3,0,0,4962,"2025-07-03 11:54:27"
8800039478,2025-07-03,CUSTOMER,FULL,1997-01-01,28,1995-03-15,30,890000,84,7,0,0,14546,"2025-07-03 11:53:55"
25158132952,2025-07-02,CUSTOMER,FULL,1996-01-01,29,NULL,-1,284000,36,3,0,0,2511,"2025-07-03 11:53:52"
25157747147,2025-06-28,CUSTOMER,FULL,1992-06-13,33,1962-10-27,62,870000,48,4,0,0,9794,"2025-07-03 11:53:46"
25157941548,2025-07-01,CUSTOMER,FULL,1996-01-20,29,1988-06-05,37,1480000,60,5,0,0,17447,"2025-07-03 11:53:23"
25158051408,2025-07-02,CUSTOMER,FULL,1992-04-20,33,1990-10-11,34,850000,72,6,0,0,15025,"2025-07-03 11:52:58"
8800272119,2025-06-28,CUSTOMER,FULL,2001-11-12,23,NULL,-1,288000,54,5,0,0,3073,"2025-07-03 11:52:55"
25157494709,2025-06-12,CUSTOMER,FULL,1990-03-01,35,NULL,-1,330000,48,4,0,0,3992,"2025-07-03 11:52:49"
8800384107,2025-07-03,CUSTOMER,FULL,1990-07-16,34,NULL,0,200000,36,3,0,0,2165,"2025-07-03 11:52:25"
25158131741,2025-07-02,CUSTOMER,FULL,1978-01-01,47,NULL,-1,130000,18,2,0,0,2350,"2025-07-03 11:52:00"
25158281837,2025-07-03,CUSTOMER,FULL,2003-07-14,21,1969-01-01,56,660000,48,4,0,0,7025,"2025-07-03 11:51:49"
25157594292,2025-06-20,CUSTOMER,FULL,1982-04-10,43,NULL,-1,1000000,60,5,0,0,25960,"2025-07-03 11:51:47"
25158041871,2025-07-02,CUSTOMER,FULL,1988-01-01,37,1986-01-01,39,331000,42,4,0,0,4894,"2025-07-03 11:51:24"
25157701926,2025-06-28,CUSTOMER,FULL,1991-10-15,33,1964-01-01,61,400000,48,4,0,0,5079,"2025-07-03 11:50:53"
25157653686,2025-06-24,CUSTOMER,FULL,2000-03-02,25,1969-06-22,56,1147000,84,7,0,0,17149,"2025-07-03 11:50:09"
25158280969,2025-07-03,CUSTOMER,FULL,1986-09-24,38,1988-06-22,37,800000,83,7,0,0,21023,"2025-07-03 11:49:31"
8800202460,2025-06-30,CUSTOMER,FULL,1988-03-10,37,NULL,-1,207000,12,1,0,0,1183,"2025-07-03 11:49:04"
25157695770,2025-06-28,CUSTOMER,FULL,1988-01-01,37,NULL,-1,862000,60,5,0,0,14882,"2025-07-03 11:49:01"
8800245133,2025-06-10,CUSTOMER,FULL,1976-01-01,49,NULL,-1,550000,41,4,0,0,24001,"2025-07-03 11:48:58"
25158295346,2025-07-03,CUSTOMER,FULL,1992-10-25,32,1994-10-10,30,850000,60,5,0,0,12317,"2025-07-03 11:48:28"
8800331058,2025-06-24,CUSTOMER,FULL,1997-11-07,27,1973-01-01,52,700000,72,6,0,0,10235,"2025-07-03 11:48:25"
25158303957,2025-07-03,CUSTOMER,FULL,1989-06-04,36,NULL,0,420000,48,4,0,0,6240,"2025-07-03 11:48:10"
25157615555,2025-06-24,CUSTOMER,FULL,1995-12-09,29,NULL,-1,365000,47,4,0,0,4045,"2025-07-03 11:47:28"
25157717321,2025-06-28,CUSTOMER,FULL,1989-04-17,36,NULL,-1,330000,23,2,0,0,3085,"2025-07-03 11:46:38"
25157930749,2025-06-30,CUSTOMER,FULL,1984-01-01,41,1989-01-01,36,985000,60,5,0,0,21875,"2025-07-03 11:46:35"
8800192525,2025-06-25,CUSTOMER,FULL,1985-05-11,40,NULL,-1,1050900,72,6,0,0,28919,"2025-07-03 11:45:55"
8800297676,2025-07-03,CUSTOMER,FULL,1993-01-01,32,NULL,0,170000,24,2,0,0,1318,"2025-07-03 11:45:50"
25157823538,2025-06-29,CUSTOMER,FULL,1992-01-01,33,NULL,-1,300000,25,3,0,0,2875,"2025-07-03 11:45:37"
25157645869,2025-06-24,CUSTOMER,FULL,1995-02-28,30,1975-07-01,49,750000,60,5,0,0,10116,"2025-07-03 11:45:27"
25157947037,2025-07-01,CUSTOMER,FULL,1994-12-20,30,NULL,-1,800000,60,5,0,0,9601,"2025-07-03 11:44:38"
25157931614,2025-06-30,CUSTOMER,FULL,1993-07-01,31,1966-07-09,58,600000,60,5,0,0,8362,"2025-07-03 11:44:06"
25158080240,2025-07-02,CO-APPLICANT,FULL,1977-01-01,48,2001-04-02,24,500000,36,3,0,0,4402,"2025-07-03 11:44:00"
25158284211,2025-07-03,CUSTOMER,FULL,2004-01-01,21,1954-01-03,71,690000,60,5,0,0,8615,"2025-07-03 11:43:52"
25157678319,2025-06-26,CUSTOMER,FULL,1983-01-01,42,NULL,-1,419500,48,4,0,0,9490,"2025-07-03 11:43:46"
25158280251,2025-07-03,CUSTOMER,FULL,2004-01-14,21,1968-04-15,57,1000000,60,5,0,0,10455,"2025-07-03 11:43:25"
25158041172,2025-07-02,CUSTOMER,FULL,1992-03-03,33,1990-06-16,35,750138,84,7,0,0,15243,"2025-07-03 11:43:08"
8800123096,2025-07-03,CUSTOMER,FULL,1980-01-01,45,2002-10-09,22,400000,32,3,0,0,9587,"2025-07-03 11:43:08"
25157695413,2025-06-28,CUSTOMER,FULL,2001-01-01,24,1957-01-01,68,604200,60,5,0,0,7544,"2025-07-03 11:42:32"
25158281354,2025-07-03,CUSTOMER,FULL,1990-12-25,34,NULL,0,1300000,60,5,0,0,17549,"2025-07-03 11:42:24"
25157482912,2025-06-11,CUSTOMER,FULL,1999-01-01,26,NULL,-1,170000,30,3,0,0,1461,"2025-07-03 11:42:09"
25157617629,2025-06-21,CUSTOMER,FULL,1986-01-01,39,2002-01-01,23,320000,36,3,0,0,4426,"2025-07-03 11:42:09"
25157690352,2025-06-27,CUSTOMER,FULL,1996-01-01,29,NULL,-1,185000,30,3,0,0,1684,"2025-07-03 11:42:09"
25158063220,2025-07-02,CUSTOMER,FULL,1987-02-03,38,NULL,-1,180000,48,4,0,0,2936,"2025-07-03 11:41:03"
25157560021,2025-06-17,CUSTOMER,FULL,1990-12-12,34,NULL,-1,670000,24,2,0,0,5488,"2025-07-03 11:40:16"
25157685378,2025-06-27,CUSTOMER,FULL,1999-01-02,26,NULL,-1,635000,60,5,0,0,7966,"2025-07-03 11:39:20"
25158298942,2025-07-03,CUSTOMER,FULL,1987-03-05,38,NULL,0,200000,18,2,0,0,2001,"2025-07-03 11:39:00"
25157676216,2025-06-26,CUSTOMER,FULL,1993-01-01,32,1970-01-01,55,550000,60,5,0,0,7970,"2025-07-03 11:38:45"
25158291610,2025-07-03,CUSTOMER,FULL,1981-08-25,43,NULL,0,300000,36,3,0,0,5406,"2025-07-03 11:38:24"
25158070349,2025-07-02,CUSTOMER,FULL,1971-03-07,54,1978-01-12,47,410000,48,4,0,0,26435,"2025-07-03 11:38:13"
8800386816,2025-07-03,CUSTOMER,FULL,1992-01-01,33,NULL,0,550000,60,5,0,0,8327,"2025-07-03 11:38:05"
25158284157,2025-07-03,CUSTOMER,FULL,1987-08-15,37,NULL,0,310000,36,3,0,0,3860,"2025-07-03 11:37:52"
8800101243,2025-06-02,CUSTOMER,FULL,1991-01-01,34,NULL,-1,750000,60,5,0,0,11930,"2025-07-03 11:37:33"
25158296817,2025-07-03,CUSTOMER,"PARTIAL TENURE",1978-04-02,47,1988-01-01,37,455000,42,4,0,2,10100,"2025-07-03 11:37:28"
25158296854,2025-07-03,CUSTOMER,FULL,1985-02-02,40,NULL,0,315000,36,3,0,0,4922,"2025-07-03 11:37:15"
25157959319,2025-07-01,CUSTOMER,FULL,1992-09-19,32,2000-09-18,24,540000,48,4,0,0,6570,"2025-07-03 11:37:14"
25158282028,2025-07-03,CUSTOMER,FULL,1992-02-10,33,1986-08-26,38,1440000,84,7,0,0,26865,"2025-07-03 11:36:48"
25157642485,2025-06-23,CUSTOMER,FULL,2003-01-01,22,NULL,-1,65000,12,1,0,0,265,"2025-07-03 11:36:13"
8800396232,2025-07-02,CUSTOMER,FULL,1984-07-07,40,NULL,-1,315000,48,4,0,0,5929,"2025-07-03 11:36:08"
8800199543,2025-06-21,CUSTOMER,FULL,1986-09-24,38,1970-02-10,55,690000,48,4,0,0,11619,"2025-07-03 11:36:07"
8800113757,2025-06-26,CUSTOMER,FULL,1982-01-01,43,NULL,-1,750000,48,4,0,0,16382,"2025-07-03 11:36:00"
8800364126,2025-07-03,CUSTOMER,FULL,1969-01-01,56,NULL,0,445000,60,5,0,0,42544,"2025-07-03 11:35:47"
25158289408,2025-07-03,CUSTOMER,FULL,1992-01-01,33,NULL,0,800000,60,5,0,0,10422,"2025-07-03 11:35:38"
8800031639,2025-06-27,CUSTOMER,FULL,2000-11-21,24,NULL,-1,256900,36,3,0,0,2098,"2025-07-03 11:35:30"
25157652674,2025-06-24,CUSTOMER,FULL,2005-06-03,20,NULL,-1,250000,35,3,0,0,2189,"2025-07-03 11:35:29"
25158128886,2025-07-03,CUSTOMER,FULL,1998-11-24,26,1991-01-05,34,620000,60,5,0,0,7777,"2025-07-03 11:35:20"
25158282051,2025-07-03,CUSTOMER,FULL,1979-10-06,45,NULL,0,200000,35,3,0,0,4739,"2025-07-03 11:35:05"
25158063216,2025-07-02,CUSTOMER,FULL,1970-05-03,55,NULL,-1,500000,36,3,0,0,29618,"2025-07-03 11:35:03"
8800331064,2025-07-02,CUSTOMER,FULL,1994-08-21,30,NULL,-1,1200000,72,6,0,0,18791,"2025-07-03 11:34:56"
8800175873,2025-07-03,CUSTOMER,FULL,1986-10-31,38,NULL,0,990000,72,6,0,0,23551,"2025-07-03 11:34:08"
8800245866,2025-06-24,CUSTOMER,FULL,1999-07-27,25,1988-01-01,37,450000,48,4,0,0,4790,"2025-07-03 11:34:03"
25158278034,2025-07-03,CUSTOMER,FULL,1991-09-12,33,1991-05-21,34,1800000,84,7,0,0,33581,"2025-07-03 11:34:01"
25158281617,2025-07-03,CUSTOMER,FULL,1995-01-01,30,1971-01-01,54,500000,36,3,0,0,4732,"2025-07-03 11:33:55"
25158295293,2025-07-03,CUSTOMER,FULL,2000-01-01,25,NULL,0,450000,36,3,0,0,3962,"2025-07-03 11:33:06"
25158291598,2025-07-03,CUSTOMER,FULL,2004-10-10,20,NULL,0,450000,36,3,0,0,3941,"2025-07-03 11:33:01"
25158295321,2025-07-03,CUSTOMER,FULL,2004-11-17,20,NULL,0,725000,48,4,0,0,7683,"2025-07-03 11:32:58"
25158039608,2025-07-02,CUSTOMER,FULL,2000-08-18,24,1974-05-06,51,1100000,60,5,0,0,11838,"2025-07-03 11:32:38"
8800212161,2025-06-14,CUSTOMER,FULL,1979-11-30,45,1991-12-20,33,183750,60,5,0,0,6468,"2025-07-03 11:32:35"
8800297364,2025-07-02,CUSTOMER,FULL,1980-08-05,44,NULL,-1,170000,30,3,0,0,3669,"2025-07-03 11:32:23"
25157930508,2025-06-30,CUSTOMER,FULL,1995-05-11,30,1999-01-01,26,980000,60,5,0,0,11761,"2025-07-03 11:32:21"
25158302472,2025-07-03,CUSTOMER,FULL,1979-05-28,46,NULL,0,300000,36,3,0,0,7941,"2025-07-03 11:31:55"
25157676453,2025-06-26,CUSTOMER,FULL,1989-12-16,35,NULL,-1,1000000,60,5,0,0,16780,"2025-07-03 11:31:50"
25157674133,2025-06-26,CUSTOMER,FULL,1991-10-25,33,NULL,-1,1350000,36,3,0,0,12936,"2025-07-03 11:31:43"
8800263670,2025-07-03,CUSTOMER,FULL,1983-06-05,42,NULL,0,530000,48,4,0,0,11989,"2025-07-03 11:31:43"
8800378963,2025-07-03,CUSTOMER,FULL,1981-04-10,44,NULL,0,800000,72,6,0,0,30860,"2025-07-03 11:31:26"
25158285710,2025-07-03,CUSTOMER,FULL,1983-04-22,42,NULL,0,153000,36,3,0,0,2561,"2025-07-03 11:30:39"
8800381580,2025-07-03,CUSTOMER,FULL,1994-09-23,30,NULL,0,400000,72,6,0,0,6264,"2025-07-03 11:30:25"
25157518953,2025-06-14,CUSTOMER,FULL,2000-07-16,24,NULL,-1,775000,60,5,0,0,8341,"2025-07-03 11:30:14"
25158281051,2025-07-03,CUSTOMER,FULL,1982-07-06,42,NULL,0,300000,30,3,0,0,5459,"2025-07-03 11:29:55"
25158287787,2025-07-03,CUSTOMER,FULL,1991-01-01,34,NULL,0,660000,60,5,0,0,10499,"2025-07-03 11:29:07"
25158287806,2025-07-03,CUSTOMER,FULL,2004-11-23,20,1988-06-07,37,350000,48,4,0,0,3453,"2025-07-03 11:27:34"
25157693908,2025-06-27,CUSTOMER,FULL,2000-07-10,24,NULL,-1,140000,30,3,0,0,1228,"2025-07-03 11:27:26"
8800368889,2025-07-03,CUSTOMER,FULL,1983-01-06,42,1981-01-01,44,350000,36,3,0,0,6365,"2025-07-03 11:27:19"
25157952965,2025-07-01,CUSTOMER,FULL,1992-09-01,32,NULL,-1,305000,47,4,0,0,3333,"2025-07-03 11:26:52"
25158281008,2025-07-03,CUSTOMER,"PARTIAL TENURE",1977-08-01,47,NULL,0,300000,36,3,0,2,6659,"2025-07-03 11:26:43"
25158289441,2025-07-03,CUSTOMER,"PARTIAL FINANCE AMOUNT",1977-05-02,48,1998-01-22,27,550000,24,2,412500,0,10183,"2025-07-03 11:26:10"
8800372058,2025-07-03,CUSTOMER,FULL,2003-03-02,22,1979-01-01,46,300000,48,4,0,0,2786,"2025-07-03 11:26:07"
8800355765,2025-07-02,CUSTOMER,FULL,1993-01-01,32,NULL,-1,305000,36,3,0,0,2847,"2025-07-03 11:25:56"
8800140169,2025-07-02,CUSTOMER,FULL,1996-11-25,28,NULL,-1,470000,36,3,0,0,4271,"2025-07-03 11:25:55"
8800320339,2025-07-03,CUSTOMER,FULL,2001-06-20,24,2000-03-18,25,990000,84,7,0,0,16017,"2025-07-03 11:25:40"
25157570174,2025-06-18,CUSTOMER,FULL,2003-09-20,21,1970-03-05,55,595000,35,3,0,0,4712,"2025-07-03 11:25:25"
25157663156,2025-06-25,CUSTOMER,FULL,1991-10-04,33,2000-07-13,24,978000,45,4,0,0,11010,"2025-07-03 11:25:24"
25158136025,2025-07-02,CUSTOMER,FULL,2003-03-16,22,1981-01-01,44,320000,42,4,0,0,2972,"2025-07-03 11:24:51"
25158293180,2025-07-03,CUSTOMER,FULL,2000-07-29,24,NULL,0,800000,60,5,0,0,8610,"2025-07-03 11:24:50"
25158118585,2025-07-02,CUSTOMER,FULL,2002-04-17,23,1986-05-15,39,300000,36,3,0,0,2425,"2025-07-03 11:24:28"
8800155801,2025-06-28,CUSTOMER,FULL,1999-11-13,25,1979-03-20,46,750000,29,3,0,0,6620,"2025-07-03 11:24:24"
8800398028,2025-07-02,CUSTOMER,FULL,1989-01-01,36,1991-01-01,34,300000,48,4,0,0,4457,"2025-07-03 11:23:50"
25157585904,2025-06-19,CUSTOMER,FULL,1999-03-04,26,NULL,-1,600000,36,3,0,0,5282,"2025-07-03 11:23:43"
8800388952,2025-07-02,CUSTOMER,FULL,1992-03-02,33,1990-01-01,35,275000,36,3,0,0,2635,"2025-07-03 11:22:53"
8800346895,2025-06-29,CUSTOMER,FULL,1986-01-01,39,NULL,-1,550000,60,5,0,0,11923,"2025-07-03 11:22:24"
8800214184,2025-06-20,CUSTOMER,FULL,1990-07-10,34,NULL,-1,160000,18,2,0,0,1311,"2025-07-03 11:22:10"
25157695745,2025-06-28,CUSTOMER,FULL,1997-01-07,28,1978-01-01,47,900000,60,5,0,0,10451,"2025-07-03 11:21:27"
25157851208,2025-06-29,CUSTOMER,FULL,2004-12-11,20,NULL,-1,320000,36,3,0,0,2670,"2025-07-03 11:20:43"
25157919297,2025-06-30,CUSTOMER,FULL,1977-01-01,48,NULL,-1,300000,36,3,0,0,9399,"2025-07-03 11:19:35"
25158051290,2025-07-02,CUSTOMER,FULL,1993-07-11,31,1992-03-02,33,675000,60,5,0,0,8268,"2025-07-03 11:19:04"
25158282010,2025-07-03,CUSTOMER,FULL,1993-06-10,32,NULL,0,327000,36,3,0,0,3053,"2025-07-03 11:18:57"
25158064937,2025-07-02,CUSTOMER,FULL,1984-05-14,41,NULL,-1,590000,84,7,0,0,20434,"2025-07-03 11:18:35"
8800123369,2025-06-28,CUSTOMER,FULL,1985-12-26,39,NULL,-1,150000,36,3,0,0,2185,"2025-07-03 11:18:23"
25158284082,2025-07-03,CUSTOMER,FULL,1990-01-01,35,1996-10-18,28,350000,36,3,0,0,3585,"2025-07-03 11:18:17"
25158041169,2025-07-02,CUSTOMER,FULL,1994-02-19,31,NULL,-1,190000,36,3,0,0,1736,"2025-07-03 11:17:58"
8800249511,2025-07-03,CUSTOMER,FULL,1979-07-01,46,NULL,0,160000,24,2,0,0,3206,"2025-07-03 11:17:36"
25158042052,2025-07-02,CUSTOMER,FULL,1996-07-20,28,NULL,-1,300000,36,3,0,0,2726,"2025-07-03 11:17:13"
25157933244,2025-06-30,CUSTOMER,FULL,1997-02-27,28,NULL,-1,2200000,84,7,0,0,35955,"2025-07-03 11:16:38"
8800138985,2025-06-28,CUSTOMER,FULL,2000-09-06,24,1970-01-01,55,730000,59,5,0,0,9114,"2025-07-03 11:16:21"
25157577919,2025-06-18,CUSTOMER,FULL,1995-03-04,30,NULL,-1,331000,59,5,0,0,3973,"2025-07-03 11:15:58"
25158043783,2025-07-02,CO-APPLICANT,FULL,2000-01-01,25,1992-04-10,33,711000,48,4,0,0,9028,"2025-07-03 11:15:47"
8800310552,2025-06-29,CUSTOMER,FULL,1972-11-01,52,2001-11-20,23,7500000,41,4,0,0,427986,"2025-07-03 11:15:45"
25157899797,2025-06-30,CUSTOMER,FULL,2002-01-01,23,1966-01-01,59,340000,36,3,0,0,2749,"2025-07-03 11:15:31"
25157573843,2025-06-18,CUSTOMER,FULL,1982-07-03,42,NULL,-1,315000,42,4,0,0,6368,"2025-07-03 11:15:27"
25158039314,2025-07-02,CUSTOMER,FULL,1990-10-10,34,1965-07-10,59,550000,60,5,0,0,8749,"2025-07-03 11:15:25"
25157680815,2025-06-27,CUSTOMER,FULL,1985-05-04,40,NULL,-1,660000,48,4,0,0,12781,"2025-07-03 11:14:50"
25158282040,2025-07-03,CUSTOMER,FULL,1988-07-01,37,NULL,0,272000,36,3,0,0,3387,"2025-07-03 11:14:15"
25157926353,2025-06-30,CUSTOMER,FULL,1997-02-08,28,NULL,-1,400000,18,2,0,0,2889,"2025-07-03 11:13:22"
25158043518,2025-07-02,CUSTOMER,FULL,1983-12-01,41,1988-10-03,36,754000,60,5,0,0,16745,"2025-07-03 11:13:18"
25157932138,2025-06-30,CUSTOMER,FULL,1983-12-23,41,NULL,-1,660000,36,3,0,0,11106,"2025-07-03 11:13:00"
8800041507,2025-06-18,CUSTOMER,FULL,1988-06-15,37,NULL,-1,300000,36,3,0,0,3834,"2025-07-03 11:13:00"
8800127766,2025-07-02,CUSTOMER,FULL,1983-10-06,41,NULL,-1,780000,60,5,0,0,17322,"2025-07-03 11:12:58"
8800226658,2025-07-03,CUSTOMER,FULL,1988-07-31,36,1994-01-01,31,367000,35,3,0,0,4418,"2025-07-03 11:12:23"
8800199797,2025-07-01,CUSTOMER,FULL,1992-01-01,33,1993-09-30,31,620000,60,5,0,0,9387,"2025-07-03 11:12:20"
25158096516,2025-07-02,CUSTOMER,FULL,1991-02-05,34,1970-01-01,55,1000000,60,5,0,0,15907,"2025-07-03 11:12:19"
25157574564,2025-06-18,CUSTOMER,FULL,1982-01-01,43,NULL,-1,900000,59,5,0,0,23364,"2025-07-03 11:12:17"
25158285665,2025-07-03,CUSTOMER,FULL,1985-01-01,40,NULL,0,765000,60,5,0,0,15807,"2025-07-03 11:11:45"
8800009544,2025-07-03,CUSTOMER,FULL,1992-06-03,33,NULL,0,600000,42,4,0,0,7619,"2025-07-03 11:11:31"
8800214668,2025-06-26,CUSTOMER,FULL,1966-10-01,58,1961-02-12,64,560000,60,5,0,0,59532,"2025-07-03 11:11:24"
25158291508,2025-07-03,CUSTOMER,FULL,1998-01-11,27,NULL,0,1150000,60,5,0,0,13191,"2025-07-03 11:11:23"
25158071315,2025-07-02,CUSTOMER,FULL,1967-01-01,58,2001-04-10,24,220000,24,2,0,0,13108,"2025-07-03 11:11:03"
25157650151,2025-06-24,CUSTOMER,FULL,1981-03-28,44,1995-08-24,29,412500,60,5,0,0,13162,"2025-07-03 11:10:44"
8800150231,2025-06-05,CUSTOMER,FULL,1991-09-05,33,1967-05-04,58,1813000,60,5,0,0,27448,"2025-07-03 11:10:35"
25158090771,2025-07-02,CUSTOMER,FULL,2002-12-29,22,1973-05-10,52,791500,84,7,0,0,12787,"2025-07-03 11:10:33"
25157668704,2025-06-25,CUSTOMER,FULL,1973-01-05,52,1993-09-15,31,708000,60,5,0,0,49016,"2025-07-03 11:10:31"
25157684621,2025-06-27,CUSTOMER,FULL,1988-01-01,37,NULL,-1,165000,36,3,0,0,2055,"2025-07-03 11:08:50"
25158042664,2025-07-02,CUSTOMER,FULL,1988-02-09,37,1991-10-21,33,716000,42,4,0,0,10587,"2025-07-03 11:08:07"
25158108287,2025-07-02,CUSTOMER,FULL,1991-01-25,34,NULL,-1,880000,48,4,0,0,11714,"2025-07-03 11:07:47"
25158277864,2025-07-03,CUSTOMER,FULL,1976-01-01,49,NULL,0,250000,20,2,0,0,5408,"2025-07-03 11:07:40"
25157486819,2025-06-12,CUSTOMER,FULL,1992-01-01,33,1960-01-01,65,1680000,35,3,0,0,17465,"2025-07-03 11:07:30"
25157665635,2025-06-25,CO-APPLICANT,FULL,1967-02-01,58,1999-01-01,26,70000,24,2,0,0,488,"2025-07-03 11:07:00"
25158034094,2025-07-02,CUSTOMER,FULL,1989-01-01,36,1966-01-01,59,300000,36,3,0,0,3611,"2025-07-03 11:06:25"
25157991979,2025-07-01,CUSTOMER,FULL,1971-01-01,54,1994-01-01,31,900000,48,4,0,0,62212,"2025-07-03 11:05:05"
25158281558,2025-07-03,CUSTOMER,FULL,1991-01-01,34,NULL,0,590000,59,5,0,0,9385,"2025-07-03 11:05:04"
25158129176,2025-07-02,CUSTOMER,FULL,1988-08-14,36,NULL,-1,100000,12,1,0,0,530,"2025-07-03 11:04:06"
25158281763,2025-07-03,CUSTOMER,FULL,1979-03-12,46,2002-08-16,22,1300000,84,7,0,0,67727,"2025-07-03 11:03:32"
8800365080,2025-07-02,CUSTOMER,FULL,1976-01-01,49,NULL,-1,472000,48,4,0,0,19962,"2025-07-03 11:03:27"
25158284155,2025-07-03,CUSTOMER,FULL,1990-06-09,35,NULL,0,475000,48,4,0,0,6480,"2025-07-03 11:03:16"
25158041874,2025-07-02,CUSTOMER,FULL,1996-10-21,28,NULL,-1,540000,60,5,0,0,6940,"2025-07-03 11:02:43"
25157682542,2025-06-27,CUSTOMER,FULL,1979-01-01,46,2003-07-05,21,430000,60,5,0,0,16958,"2025-07-03 11:02:00"
8800304777,2025-07-01,CUSTOMER,FULL,1990-01-01,35,1960-01-01,65,700000,60,5,0,0,11746,"2025-07-03 11:01:43"
25158129022,2025-07-02,CUSTOMER,FULL,1988-01-06,37,NULL,-1,400000,24,2,0,0,3965,"2025-07-03 11:01:38"
25157630629,2025-06-23,CUSTOMER,FULL,1996-05-01,29,NULL,-1,403673,36,3,0,0,3673,"2025-07-03 11:01:24"
25157850450,2025-06-29,CUSTOMER,FULL,1974-01-01,51,NULL,-1,250000,36,3,0,0,10305,"2025-07-03 11:01:22"
25158281941,2025-07-03,CUSTOMER,FULL,1991-11-27,33,1964-03-15,61,1050000,60,5,0,0,13679,"2025-07-03 11:00:50"
25158281214,2025-07-03,CUSTOMER,FULL,1961-02-26,64,1963-04-14,62,671900,48,4,0,0,92367,"2025-07-03 11:00:42"
25157596755,2025-06-20,CUSTOMER,FULL,1982-05-15,43,NULL,-1,960000,60,5,0,0,24922,"2025-07-03 11:00:18"
25158136377,2025-07-02,CUSTOMER,FULL,2003-10-21,21,1971-01-01,54,310000,36,3,0,0,2455,"2025-07-03 11:00:17"
25158276549,2025-07-03,CUSTOMER,FULL,1981-01-01,44,NULL,0,635000,54,5,0,0,20741,"2025-07-03 11:00:11"
25157681580,2025-06-27,CUSTOMER,FULL,1980-06-10,45,NULL,-1,170000,12,1,0,0,1710,"2025-07-03 10:58:31"
8800363213,2025-07-03,CUSTOMER,FULL,1997-02-01,28,NULL,0,338000,48,4,0,0,3427,"2025-07-03 10:56:51"
25158280560,2025-07-03,CUSTOMER,FULL,1993-01-01,32,1965-01-01,60,600000,60,5,0,0,8695,"2025-07-03 10:56:14"
25156827653,2025-06-03,CUSTOMER,FULL,1980-01-01,45,1980-01-01,45,650000,60,5,0,0,23386,"2025-07-03 10:56:01"
25157661254,2025-06-25,CUSTOMER,FULL,1995-01-01,30,1966-01-01,59,190000,36,3,0,0,1704,"2025-07-03 10:55:34"
8800224108,2025-06-27,CUSTOMER,FULL,1993-02-01,32,NULL,-1,621000,60,5,0,0,8691,"2025-07-03 10:55:27"
25157987584,2025-07-01,CUSTOMER,FULL,1999-04-16,26,1957-04-22,68,610000,48,4,0,0,6090,"2025-07-03 10:53:24"
8800392304,2025-06-29,CUSTOMER,FULL,1998-08-09,26,1960-12-01,64,285000,36,3,0,0,2449,"2025-07-03 10:53:04"
8800380876,2025-07-03,CUSTOMER,FULL,2000-04-16,25,NULL,0,574000,84,7,0,0,9327,"2025-07-03 10:52:47"
8800052336,2025-07-02,CUSTOMER,FULL,1999-03-23,26,1984-01-01,41,450000,60,5,0,0,5645,"2025-07-03 10:52:43"
25157666647,2025-06-25,CUSTOMER,FULL,2004-08-05,20,1981-04-04,44,324000,60,5,0,0,4034,"2025-07-03 10:52:38"
8800398827,2025-07-03,CUSTOMER,FULL,1990-01-05,35,NULL,0,75000,24,2,0,0,641,"2025-07-03 10:51:53"
25157932287,2025-06-30,CUSTOMER,FULL,1993-01-01,32,1975-01-01,50,350000,59,5,0,0,4899,"2025-07-03 10:51:50"
25158280843,2025-07-03,CUSTOMER,FULL,2005-01-01,20,1974-11-25,50,532000,60,5,0,0,6623,"2025-07-03 10:51:17"
8800303495,2025-06-27,CUSTOMER,FULL,1991-10-15,33,NULL,-1,800000,54,5,0,0,12112,"2025-07-03 10:51:04"
25158280814,2025-07-03,CUSTOMER,FULL,2002-01-01,23,NULL,0,255000,30,3,0,0,2245,"2025-07-03 10:51:02"
25158042568,2025-07-02,CO-APPLICANT,FULL,1974-11-01,50,1997-06-27,28,400000,48,4,0,0,4352,"2025-07-03 10:50:23"
8800221212,2025-07-03,CUSTOMER,FULL,1988-06-05,37,1964-01-01,61,550000,60,5,0,0,10417,"2025-07-03 10:50:21"
25157797361,2025-06-29,CUSTOMER,FULL,1996-06-04,29,1971-01-01,54,600000,60,5,0,0,7873,"2025-07-03 10:50:03"
25157672457,2025-06-26,CUSTOMER,FULL,1998-04-02,27,NULL,-1,320000,36,3,0,0,2776,"2025-07-03 10:49:50"
8800373452,2025-07-03,CUSTOMER,FULL,1989-12-21,35,NULL,0,250000,36,3,0,0,2838,"2025-07-03 10:49:22"
25158280893,2025-07-03,CUSTOMER,FULL,1984-09-09,40,NULL,0,400000,48,4,0,0,7746,"2025-07-03 10:49:17"
8800147420,2025-07-03,CUSTOMER,FULL,1990-01-15,35,NULL,0,310000,48,4,0,0,4229,"2025-07-03 10:48:53"
8800091582,2025-06-30,CUSTOMER,FULL,1988-05-04,37,1983-01-01,42,425000,36,3,0,0,5377,"2025-07-03 10:48:41"
25157586374,2025-06-19,CUSTOMER,FULL,1986-11-28,38,1978-07-06,46,1030000,60,5,0,0,18803,"2025-07-03 10:48:13"
25157618015,2025-06-21,CUSTOMER,FULL,1995-08-12,29,NULL,-1,949000,60,5,0,0,11188,"2025-07-03 10:48:13"
25158270095,2025-07-02,CUSTOMER,FULL,1978-01-01,47,1994-01-01,31,120000,24,2,0,0,2169,"2025-07-03 10:47:43"
25158145881,2025-07-02,CUSTOMER,FULL,1985-05-10,40,NULL,-1,325000,48,4,0,0,5707,"2025-07-03 10:44:48"
25158041900,2025-07-02,CUSTOMER,FULL,2000-01-01,25,1978-01-01,47,318500,36,3,0,0,2613,"2025-07-03 10:44:04"
25157685526,2025-06-27,CUSTOMER,FULL,1993-01-01,32,NULL,-1,1015000,72,6,0,0,16277,"2025-07-03 10:43:57"
8800214089,2025-06-28,CUSTOMER,FULL,1993-02-01,32,2005-01-01,20,1030000,60,5,0,0,12981,"2025-07-03 10:43:40"
25157925803,2025-06-30,CUSTOMER,FULL,1998-01-11,27,1970-03-01,55,894000,84,7,0,0,14411,"2025-07-03 10:42:41"
8800176747,2025-07-03,CUSTOMER,FULL,1984-01-01,41,NULL,0,500000,30,3,0,0,8373,"2025-07-03 10:42:23"
8800246903,2025-07-02,CUSTOMER,FULL,1998-07-21,26,2000-07-10,24,875000,60,5,0,0,9943,"2025-07-03 10:42:09"
25158043135,2025-07-02,CUSTOMER,FULL,1997-03-10,28,NULL,-1,60000,12,1,0,0,442,"2025-07-03 10:40:13"
25157929067,2025-06-30,CUSTOMER,FULL,2000-07-13,24,1972-01-01,53,980000,60,5,0,0,10547,"2025-07-03 10:39:29"
25158280258,2025-07-03,CUSTOMER,FULL,1986-04-10,39,NULL,0,500000,60,5,0,0,10367,"2025-07-03 10:38:36"
25158278865,2025-07-03,CUSTOMER,FULL,1988-01-01,37,NULL,0,371000,28,3,0,0,4694,"2025-07-03 10:38:30"
8800166134,2025-07-02,CUSTOMER,FULL,1996-03-30,29,1969-01-01,56,1214000,60,5,0,0,14311,"2025-07-03 10:38:02"
8800123588,2025-07-03,CUSTOMER,FULL,1994-06-02,31,NULL,0,110000,24,2,0,0,825,"2025-07-03 10:37:47"
25158279451,2025-07-03,CUSTOMER,FULL,2001-06-11,24,NULL,0,400000,60,5,0,0,4782,"2025-07-03 10:37:26"
25158037605,2025-07-02,CUSTOMER,FULL,1999-11-17,25,1975-05-01,50,750000,72,6,0,0,10762,"2025-07-03 10:37:04"
8800359777,2025-06-30,CUSTOMER,FULL,1990-01-01,35,NULL,-1,350000,24,2,0,0,2982,"2025-07-03 10:36:01"
8800385751,2025-07-02,CUSTOMER,FULL,1984-05-04,41,1995-07-21,29,495000,42,4,0,0,10082,"2025-07-03 10:35:54"
25158280866,2025-07-03,CUSTOMER,FULL,1984-11-24,40,NULL,0,200000,36,3,0,0,3125,"2025-07-03 10:35:46"
8800397976,2025-07-03,CUSTOMER,FULL,1981-01-01,44,NULL,0,230000,48,4,0,0,6126,"2025-07-03 10:34:47"
8800283384,2025-07-03,CUSTOMER,FULL,1997-07-20,27,NULL,0,340000,36,3,0,0,3005,"2025-07-03 10:32:44"
25158280394,2025-07-03,CUSTOMER,FULL,2003-05-02,22,NULL,0,444000,59,5,0,0,5544,"2025-07-03 10:31:36"
8800259078,2025-06-26,CUSTOMER,FULL,1994-06-17,31,1998-03-31,27,500000,60,5,0,0,6968,"2025-07-03 10:31:18"
8800151464,2025-07-03,CUSTOMER,FULL,1992-01-12,33,1995-01-01,30,1000000,60,5,0,0,13028,"2025-07-03 10:29:55"
25157955430,2025-07-03,CUSTOMER,FULL,1988-06-02,37,NULL,0,350000,35,3,0,0,4473,"2025-07-03 10:29:06"
25158280392,2025-07-03,CUSTOMER,FULL,2003-02-06,22,1998-11-12,26,315000,48,4,0,0,2926,"2025-07-03 10:27:53"
25157919774,2025-06-30,CUSTOMER,FULL,1977-01-01,48,NULL,-1,290000,42,4,0,0,11170,"2025-07-03 10:27:51"
8800360405,2025-07-03,CUSTOMER,FULL,2000-06-26,25,NULL,0,585000,60,5,0,0,6337,"2025-07-03 10:27:15"
25157635491,2025-06-23,CUSTOMER,FULL,1992-07-01,32,1973-01-01,52,490000,36,3,0,0,4863,"2025-07-03 10:26:53"
25157955101,2025-07-01,CUSTOMER,FULL,1973-01-10,52,NULL,-1,310000,36,3,0,0,13901,"2025-07-03 10:26:49"
8800179735,2025-07-03,CUSTOMER,FULL,1997-10-25,27,NULL,0,392000,36,3,0,0,3530,"2025-07-03 10:26:45"
25157937336,2025-07-01,CUSTOMER,FULL,1989-06-04,36,1997-01-01,28,737000,48,4,0,0,10950,"2025-07-03 10:25:09"
25158038913,2025-07-02,CUSTOMER,FULL,1971-04-20,54,1976-09-12,48,1056000,84,7,0,0,109332,"2025-07-03 10:24:43"
25158082560,2025-07-02,CUSTOMER,FULL,1984-01-01,41,1999-07-10,25,540000,48,4,0,0,11279,"2025-07-03 10:23:51"
25157533565,2025-06-15,CUSTOMER,FULL,1989-01-01,36,NULL,-1,380000,36,3,0,0,4574,"2025-07-03 10:23:49"
25158047239,2025-07-02,CUSTOMER,FULL,1994-10-20,30,1965-01-01,60,832001,72,6,0,0,12646,"2025-07-03 10:23:47"
8800403630,2025-07-03,CUSTOMER,FULL,1984-05-15,41,1991-10-20,33,1850000,48,4,0,0,37679,"2025-07-03 10:23:12"
8800255639,2025-07-03,CUSTOMER,FULL,1979-04-07,46,NULL,0,535000,53,5,0,0,20808,"2025-07-03 10:22:01"
25156701612,2025-06-14,CUSTOMER,FULL,1978-03-03,47,1986-12-07,38,320000,36,3,0,0,9282,"2025-07-03 10:21:25"
25158280043,2025-07-03,CUSTOMER,FULL,1989-01-01,36,1986-01-01,39,800000,60,5,0,0,14236,"2025-07-03 10:20:36"
8800219779,2025-07-02,CUSTOMER,FULL,1988-12-06,36,NULL,-1,285000,30,3,0,0,3390,"2025-07-03 10:19:48"
8800162554,2025-07-02,CUSTOMER,FULL,1988-06-02,37,1990-09-12,34,400000,36,3,0,0,5112,"2025-07-03 10:19:40"
8800289118,2025-06-30,CUSTOMER,FULL,2004-04-11,21,1965-01-01,60,820000,60,5,0,0,8573,"2025-07-03 10:19:14"
25158086576,2025-07-02,CUSTOMER,FULL,2002-07-05,22,NULL,-1,1000000,60,5,0,0,10597,"2025-07-03 10:18:17"
25157934249,2025-07-01,CUSTOMER,FULL,1984-01-01,41,1984-01-01,41,1060000,60,5,0,0,23541,"2025-07-03 10:16:57"
8800280480,2025-06-27,CUSTOMER,FULL,1984-03-12,41,1992-01-23,33,655000,60,5,0,0,15899,"2025-07-03 10:16:18"
25157631449,2025-06-23,CUSTOMER,FULL,1980-10-17,44,NULL,-1,3200000,58,5,0,0,102104,"2025-07-03 10:15:34"
25157515055,2025-06-13,CUSTOMER,FULL,1981-03-17,44,2005-07-18,19,1450000,84,7,0,0,60690,"2025-07-03 10:14:50"
8800171857,2025-07-03,CUSTOMER,FULL,1987-03-05,38,NULL,0,350000,36,3,0,0,4581,"2025-07-03 10:14:24"
25158039444,2025-07-02,CUSTOMER,FULL,2001-12-23,23,NULL,-1,800000,48,4,0,0,7486,"2025-07-03 10:13:57"
25157644322,2025-06-24,CUSTOMER,FULL,2002-01-01,23,1998-04-27,27,720000,48,4,0,0,7664,"2025-07-03 10:13:56"
25158048992,2025-07-02,CUSTOMER,FULL,1998-10-10,26,1971-11-30,53,80000,18,2,0,0,557,"2025-07-03 10:13:48"
25157624089,2025-06-21,CUSTOMER,FULL,1997-01-01,28,1972-01-01,53,1250000,84,7,0,0,20429,"2025-07-03 10:13:38"
25157814113,2025-06-29,CUSTOMER,FULL,1985-01-01,40,NULL,-1,343000,42,4,0,0,6023,"2025-07-03 10:12:01"
25158280215,2025-07-03,CUSTOMER,FULL,1997-09-01,27,NULL,0,1000000,60,5,0,0,11470,"2025-07-03 10:11:52"
8800267568,2025-06-27,CUSTOMER,FULL,1992-01-01,33,1986-01-01,39,160000,24,2,0,0,1269,"2025-07-03 10:11:19"
8800251096,2025-07-02,CUSTOMER,FULL,1992-11-15,32,NULL,-1,745000,52,5,0,0,10427,"2025-07-03 10:09:58"
25158137391,2025-07-02,CUSTOMER,FULL,2001-07-30,23,1977-05-01,48,940000,60,5,0,0,10028,"2025-07-03 10:08:46"
25158126832,2025-07-02,CUSTOMER,FULL,1995-08-09,29,2002-01-28,23,820000,60,5,0,0,9667,"2025-07-03 10:08:35"
25158279702,2025-07-03,CUSTOMER,FULL,1998-04-10,27,NULL,0,210000,24,2,0,0,1505,"2025-07-03 10:08:10"
25158042433,2025-07-02,CUSTOMER,FULL,1998-12-29,26,NULL,-1,500000,36,3,0,0,4455,"2025-07-03 10:07:11"
25158042506,2025-07-02,CUSTOMER,FULL,1983-07-02,42,1966-01-01,59,350000,24,2,0,0,4911,"2025-07-03 10:06:02"
25158106808,2025-07-02,CUSTOMER,FULL,2003-01-01,22,1982-01-01,43,930000,60,5,0,0,11611,"2025-07-03 10:05:52"
8800179895,2025-07-03,CUSTOMER,FULL,1987-02-22,38,NULL,0,250000,24,2,0,0,2501,"2025-07-03 10:05:12"
25158068839,2025-07-02,CUSTOMER,FULL,1993-07-10,31,1946-01-01,79,570000,60,5,0,0,7944,"2025-07-03 10:04:27"
8800082511,2025-06-23,CUSTOMER,FULL,1989-01-01,36,NULL,-1,620000,60,5,0,0,11033,"2025-07-03 10:03:24"
25157948182,2025-07-01,CUSTOMER,FULL,1998-09-10,26,NULL,-1,300000,36,3,0,0,2578,"2025-07-03 10:03:19"
25158217095,2025-07-02,CUSTOMER,FULL,1985-07-08,39,NULL,-1,410000,36,3,0,0,5971,"2025-07-03 10:01:18"
25158243343,2025-07-02,CUSTOMER,FULL,1996-03-15,29,1992-01-01,33,480000,57,5,0,0,6299,"2025-07-03 10:00:34"
25158214719,2025-07-02,CUSTOMER,FULL,1985-12-15,39,1990-08-06,34,620000,60,5,0,0,13440,"2025-07-03 09:59:30"
8800344882,2025-07-02,CUSTOMER,FULL,1984-01-25,41,NULL,-1,340000,48,4,0,0,6400,"2025-07-03 09:59:18"
25157813826,2025-06-29,CUSTOMER,FULL,1984-01-01,41,NULL,-1,2000000,60,5,0,0,48546,"2025-07-03 09:58:29"
25158278579,2025-07-03,CUSTOMER,FULL,1988-01-01,37,1967-01-01,58,550000,60,5,0,0,10417,"2025-07-03 09:56:22"
25157606925,2025-06-20,CUSTOMER,FULL,1985-05-16,40,NULL,-1,138500,23,2,0,0,1672,"2025-07-03 09:56:03"
8800225443,2025-06-21,CUSTOMER,FULL,1984-08-17,40,NULL,-1,280000,42,4,0,0,5270,"2025-07-03 09:54:14"
25158126623,2025-07-02,CO-APPLICANT,FULL,1979-05-25,46,2002-07-10,22,600000,60,5,0,0,7491,"2025-07-03 09:52:43"
25157666205,2025-06-25,CUSTOMER,FULL,2004-01-01,21,1968-01-01,57,696000,60,5,0,0,8690,"2025-07-03 09:52:25"
25157929457,2025-06-30,CUSTOMER,FULL,1996-08-01,28,NULL,-1,810000,60,5,0,0,9406,"2025-07-03 09:48:45"
25157669130,2025-06-25,CUSTOMER,FULL,2003-10-16,21,NULL,-1,400000,42,4,0,0,4258,"2025-07-03 09:46:38"
25158130587,2025-07-02,CUSTOMER,FULL,1995-07-15,29,NULL,-1,900000,72,6,0,0,13690,"2025-07-03 09:46:01"
25158084154,2025-07-02,CUSTOMER,FULL,1992-01-10,33,1960-06-01,65,350000,47,4,0,0,4354,"2025-07-03 09:44:43"
25157933739,2025-06-30,CUSTOMER,FULL,1980-03-05,45,NULL,-1,990000,60,5,0,0,30619,"2025-07-03 09:44:14"
8800162925,2025-07-03,CUSTOMER,FULL,1996-02-05,29,1998-05-16,27,544000,60,5,0,0,7139,"2025-07-03 09:43:02"
8800348864,2025-06-23,CUSTOMER,FULL,1999-07-20,25,NULL,-1,330000,48,4,0,0,3135,"2025-07-03 09:40:35"
25158078785,2025-07-02,CUSTOMER,FULL,1971-02-05,54,NULL,-1,580000,60,5,0,0,47621,"2025-07-03 09:38:42"
25158135373,2025-07-02,CUSTOMER,FULL,1986-10-02,38,1989-08-02,35,340000,60,5,0,0,6564,"2025-07-03 09:36:38"
25157690307,2025-06-27,CUSTOMER,FULL,1976-08-08,48,NULL,-1,290000,36,3,0,0,9086,"2025-07-03 09:35:59"
25158163269,2025-07-02,CUSTOMER,FULL,1993-07-15,31,1967-01-01,58,450000,36,3,0,0,4312,"2025-07-03 09:27:35"
25158278593,2025-07-03,CUSTOMER,FULL,1988-12-22,36,NULL,0,880000,48,4,0,0,12389,"2025-07-03 09:25:02"
25158067648,2025-07-02,CUSTOMER,FULL,1992-10-23,32,NULL,-1,800000,60,5,0,0,10082,"2025-07-03 09:21:16"
25158068085,2025-07-02,CUSTOMER,FULL,1995-07-19,29,1960-01-01,65,578000,48,4,0,0,6405,"2025-07-03 09:20:47"
25157692114,2025-06-27,CUSTOMER,FULL,1992-01-01,33,1963-01-01,62,505000,48,4,0,0,6412,"2025-07-03 09:20:13"
25158138091,2025-07-02,CUSTOMER,FULL,1985-05-01,40,NULL,-1,1000000,60,5,0,0,23329,"2025-07-03 09:18:21"
8800102184,2025-06-07,CUSTOMER,FULL,1982-02-26,43,1980-06-10,44,1900000,59,5,0,0,55109,"2025-07-03 09:18:21"
25157933170,2025-06-30,CUSTOMER,FULL,1994-03-08,31,1973-01-01,52,640000,60,5,0,0,8919,"2025-07-03 09:17:39"
25158277257,2025-07-03,CUSTOMER,FULL,1989-01-01,36,1995-07-15,29,210000,30,3,0,0,2511,"2025-07-03 09:14:54"
8800323963,2025-07-02,CUSTOMER,FULL,1970-03-02,55,NULL,-1,181000,36,3,0,0,10272,"2025-07-03 09:13:02"
25158276554,2025-07-03,CUSTOMER,FULL,1989-01-01,36,NULL,0,460000,48,4,0,0,6834,"2025-07-03 09:12:24"
8800024425,2025-07-02,CUSTOMER,FULL,1984-05-03,41,1973-12-25,51,400000,60,5,0,0,9710,"2025-07-03 09:12:21"
25157666259,2025-06-25,CUSTOMER,FULL,2001-01-05,24,NULL,-1,599000,44,4,0,0,6376,"2025-07-03 09:05:53"
25158067157,2025-07-02,CUSTOMER,FULL,1990-03-15,35,NULL,-1,310000,24,2,0,0,2650,"2025-07-03 09:05:39"
8800358014,2025-06-30,CUSTOMER,FULL,1994-04-29,31,NULL,-1,1042000,36,3,0,0,9985,"2025-07-03 09:01:30"
25157669375,2025-06-25,CUSTOMER,FULL,2004-11-15,20,1969-01-01,56,1200000,60,5,0,0,12348,"2025-07-03 09:00:51"
25157626423,2025-06-22,CUSTOMER,FULL,1994-01-01,31,NULL,-1,150000,30,3,0,0,1438,"2025-07-03 09:00:23"
25158277503,2025-07-03,CUSTOMER,"PARTIAL TENURE",1976-05-10,49,NULL,0,505000,60,5,0,2,13897,"2025-07-03 09:00:20"
25157696252,2025-06-28,CUSTOMER,FULL,1999-05-18,26,NULL,-1,420000,47,4,0,0,4476,"2025-07-03 08:54:00"
8800053361,2025-07-02,CUSTOMER,"PARTIAL TENURE",1976-01-01,49,1995-01-01,30,625000,59,5,0,2,17199,"2025-07-03 08:52:09"
25158108440,2025-07-02,CUSTOMER,FULL,1991-03-09,34,NULL,-1,510000,72,6,0,0,9491,"2025-07-03 08:51:48"
25158069357,2025-07-02,CUSTOMER,FULL,2003-04-04,22,1985-01-01,40,475000,48,4,0,0,5056,"2025-07-03 08:51:21"
25157682340,2025-06-27,CUSTOMER,FULL,1985-01-03,40,1987-01-01,38,300000,48,4,0,0,5268,"2025-07-03 08:51:13"
8800250384,2025-07-03,CUSTOMER,FULL,1998-02-21,27,1971-06-01,54,750000,30,3,0,0,6505,"2025-07-03 08:50:02"
25158277156,2025-07-03,CUSTOMER,FULL,1984-05-06,41,NULL,0,230000,24,2,0,0,2724,"2025-07-03 08:48:44"
8800319231,2025-07-03,CUSTOMER,FULL,1973-01-01,52,NULL,0,300000,24,2,0,0,11375,"2025-07-03 08:46:33"
25157689319,2025-06-27,CUSTOMER,FULL,1997-06-12,28,NULL,-1,620000,60,5,0,0,7199,"2025-07-03 08:46:02"
25157691032,2025-06-27,CUSTOMER,FULL,1972-02-01,53,NULL,-1,370000,36,3,0,0,19298,"2025-07-03 08:45:00"
25157929555,2025-06-30,CUSTOMER,FULL,1993-01-01,32,1965-01-01,60,600000,60,5,0,0,7562,"2025-07-03 08:42:39"
8800164021,2025-07-02,CUSTOMER,FULL,1976-01-01,49,NULL,-1,400000,24,2,0,0,11008,"2025-07-03 08:40:09"
25158276980,2025-07-03,CUSTOMER,FULL,1993-12-20,31,NULL,0,460000,47,4,0,0,5325,"2025-07-03 08:39:37"
8800012932,2025-07-03,CUSTOMER,FULL,1990-07-04,34,NULL,0,450000,36,3,0,0,4875,"2025-07-03 08:39:04"
25157950784,2025-07-01,CUSTOMER,FULL,1982-12-18,42,NULL,-1,1600000,84,7,0,0,56206,"2025-07-03 08:37:45"
25157687177,2025-06-27,CUSTOMER,FULL,1976-05-12,49,NULL,-1,330000,36,3,0,0,11363,"2025-07-03 08:36:02"
8800210629,2025-06-29,CUSTOMER,FULL,1997-06-20,28,1988-09-06,36,300000,48,4,0,0,3240,"2025-07-03 08:35:51"
25158226395,2025-07-02,CUSTOMER,FULL,1990-01-01,35,1994-01-11,31,300000,48,4,0,0,3629,"2025-07-03 08:32:09"
25158276542,2025-07-03,CUSTOMER,FULL,1994-10-01,30,NULL,0,815000,47,4,0,0,8502,"2025-07-03 08:31:18"
8800134562,2025-07-03,CUSTOMER,FULL,1991-01-01,34,NULL,0,100000,24,2,0,0,843,"2025-07-03 08:29:59"
25158038605,2025-07-02,CUSTOMER,FULL,1996-06-27,29,NULL,-1,699000,48,4,0,0,7746,"2025-07-03 08:27:21"
25157630450,2025-06-23,CUSTOMER,FULL,1991-06-23,34,NULL,-1,550000,36,3,0,0,5952,"2025-07-03 08:26:37"
25158076451,2025-07-02,CUSTOMER,"PARTIAL FINANCE AMOUNT",1979-01-01,46,NULL,-1,400000,48,4,300000,0,9824,"2025-07-03 08:25:27"
25158276559,2025-07-03,CUSTOMER,FULL,2003-04-18,22,2001-08-16,23,200000,36,3,0,0,1761,"2025-07-03 08:24:37"
8800383845,2025-07-02,CUSTOMER,FULL,2004-11-15,20,NULL,-1,1000000,48,4,0,0,9027,"2025-07-03 08:19:48"
8800345512,2025-07-01,CUSTOMER,FULL,1993-06-03,32,1961-07-19,63,500000,48,4,0,0,6083,"2025-07-03 08:19:01"
25158069562,2025-07-02,CUSTOMER,FULL,2003-01-01,22,1981-01-01,44,280000,36,3,0,0,2241,"2025-07-03 08:18:43"
8800197158,2025-07-03,CUSTOMER,FULL,1971-05-24,54,NULL,0,579000,60,5,0,0,47539,"2025-07-03 08:12:18"
25158033072,2025-07-02,CUSTOMER,FULL,1980-10-05,44,NULL,-1,58000,24,2,0,0,962,"2025-07-03 08:10:37"
8800264229,2025-07-03,CUSTOMER,FULL,1987-01-01,38,1970-01-01,55,500000,59,5,0,0,9653,"2025-07-03 08:07:35"
25157926687,2025-07-02,CUSTOMER,FULL,1996-02-05,29,1998-05-16,27,544000,60,5,0,0,7139,"2025-07-03 07:57:23"
8800364556,2025-07-01,CUSTOMER,FULL,1983-01-11,42,NULL,-1,800000,60,5,0,0,21184,"2025-07-03 07:52:13"
25158210857,2025-07-02,CUSTOMER,FULL,1985-01-01,40,1995-07-10,29,630000,48,4,0,0,12200,"2025-07-03 07:47:15"
8800284544,2025-07-03,CUSTOMER,FULL,1986-07-01,39,NULL,0,850000,59,5,0,0,17623,"2025-07-03 07:40:32"
25157847353,2025-06-29,CUSTOMER,FULL,1996-05-14,29,1994-05-28,31,485000,60,5,0,0,6364,"2025-07-03 07:37:35"
8800098432,2025-07-03,CUSTOMER,FULL,1981-01-01,44,NULL,0,660000,36,3,0,0,14245,"2025-07-03 07:36:06"
25158039137,2025-07-02,CUSTOMER,FULL,1996-04-22,29,1973-01-01,52,338000,48,4,0,0,3474,"2025-07-03 07:35:56"
8800105053,2025-05-21,CUSTOMER,FULL,2003-03-05,22,2003-01-03,22,625000,60,5,0,0,7803,"2025-07-03 07:35:47"
25157978700,2025-07-01,CUSTOMER,FULL,1985-12-20,39,1983-02-01,42,250000,24,2,0,0,2662,"2025-07-03 07:35:02"
25157551057,2025-06-16,CUSTOMER,FULL,1999-03-05,26,NULL,-1,320000,60,5,0,0,3637,"2025-07-03 07:31:28"
25158205379,2025-07-02,CUSTOMER,FULL,1991-07-06,33,NULL,-1,600000,42,4,0,0,7619,"2025-07-03 07:25:15"
25158084348,2025-07-02,CUSTOMER,FULL,1992-09-10,32,NULL,-1,400000,48,4,0,0,4787,"2025-07-03 07:24:41"
25158275581,2025-07-03,CUSTOMER,FULL,1972-07-25,52,NULL,0,205000,24,2,0,0,5861,"2025-07-03 07:24:29"
25157677944,2025-06-26,CUSTOMER,FULL,1991-01-01,34,NULL,-1,800000,36,3,0,0,8657,"2025-07-03 07:22:09"
25157506926,2025-06-13,CUSTOMER,FULL,1984-01-01,41,NULL,-1,300000,28,3,0,0,5024,"2025-07-03 07:15:11"
8800362176,2025-06-26,CUSTOMER,FULL,1985-07-15,39,1978-01-01,47,260000,36,3,0,0,3786,"2025-07-03 07:11:56"
25157933488,2025-06-30,CUSTOMER,FULL,1973-01-01,52,NULL,-1,1030000,84,7,0,0,91532,"2025-07-03 07:09:03"
8800274524,2025-07-02,CO-APPLICANT,FULL,2000-01-01,25,2000-06-17,25,615000,60,5,0,0,7678,"2025-07-03 07:06:06"
25157632190,2025-06-23,CUSTOMER,FULL,1990-09-01,34,NULL,-1,430000,48,4,0,0,5724,"2025-07-03 07:00:00"
25157618601,2025-06-21,CUSTOMER,FULL,1988-01-01,37,NULL,-1,625000,60,5,0,0,11837,"2025-07-03 06:59:11"
25158071239,2025-07-02,CUSTOMER,FULL,1985-01-01,40,NULL,-1,450000,48,4,0,0,8470,"2025-07-03 06:56:20"
25158203290,2025-07-02,CUSTOMER,FULL,1984-01-01,41,NULL,-1,300000,24,2,0,0,3898,"2025-07-03 06:52:21"
25158273103,2025-07-03,CUSTOMER,FULL,2005-05-05,20,1986-06-02,39,475000,48,4,0,0,4288,"2025-07-03 06:47:44"
8800145835,2025-06-29,CUSTOMER,FULL,1984-01-01,41,1988-10-18,36,600000,47,4,0,0,12532,"2025-07-03 06:46:58"
25158055498,2025-07-02,CUSTOMER,FULL,1987-06-15,38,1965-01-01,60,900000,60,5,0,0,18203,"2025-07-03 06:37:56"
8800361670,2025-07-02,CUSTOMER,FULL,2003-01-01,22,NULL,-1,331900,36,3,0,0,2656,"2025-07-03 06:23:19"
25157574137,2025-06-18,CUSTOMER,FULL,1995-01-01,30,NULL,-1,330000,36,3,0,0,2960,"2025-07-03 06:22:22"
8800349672,2025-06-30,CUSTOMER,FULL,2002-06-07,23,NULL,-1,240000,24,2,0,0,1618,"2025-07-03 06:04:52"
25157687932,2025-06-27,CUSTOMER,FULL,2001-07-01,23,1971-01-01,54,265000,36,3,0,0,2142,"2025-07-03 00:36:42"
25158244813,2025-07-02,CUSTOMER,FULL,1989-04-23,36,2001-01-01,24,290000,36,3,0,0,3450,"2025-07-03 00:03:52"
8800011217,2025-06-12,CUSTOMER,FULL,2001-06-25,23,NULL,-1,200000,48,4,0,0,2129,"2025-07-02 23:55:36"
25158245205,2025-07-02,CUSTOMER,FULL,1986-01-01,39,NULL,0,279000,36,3,0,0,3859,"2025-07-02 23:55:20"
25157667610,2025-06-25,CUSTOMER,FULL,2005-01-01,20,1966-01-01,59,120000,36,3,0,0,1051,"2025-07-02 23:51:22"
25158243779,2025-07-02,CUSTOMER,FULL,1997-01-12,28,NULL,0,340000,42,4,0,0,3447,"2025-07-02 23:49:24"
25157831486,2025-06-29,CUSTOMER,FULL,1983-01-01,42,NULL,-1,350000,36,3,0,0,6369,"2025-07-02 23:39:08"
25157341519,2025-07-02,CUSTOMER,FULL,1999-07-20,25,1971-01-09,54,665000,48,4,0,0,7078,"2025-07-02 23:38:51"
25158128785,2025-07-02,CUSTOMER,FULL,1996-01-01,29,1969-01-01,56,500000,24,2,0,0,3684,"2025-07-02 23:37:57"
25158070747,2025-07-02,CUSTOMER,FULL,2001-12-21,23,NULL,0,400000,48,4,0,0,4258,"2025-07-02 23:31:35"
25158055173,2025-07-02,CUSTOMER,FULL,1994-06-30,31,1970-01-01,55,690000,48,4,0,0,8094,"2025-07-02 23:27:47"
25158239646,2025-07-02,CUSTOMER,FULL,1988-04-02,37,1987-06-30,38,448000,60,5,0,0,8094,"2025-07-02 23:23:30"
8800294654,2025-07-02,CUSTOMER,FULL,1998-06-10,27,NULL,0,600000,48,4,0,0,6443,"2025-07-02 23:22:07"
25158084313,2025-07-02,CUSTOMER,FULL,2002-06-18,23,1971-01-01,54,325000,36,3,0,0,2627,"2025-07-02 23:09:19"
8800308440,2025-07-02,CUSTOMER,FULL,1983-01-01,42,1986-01-01,39,696000,60,5,0,0,19030,"2025-07-02 23:06:42"
25158228474,2025-07-02,CUSTOMER,"PARTIAL FINANCE AMOUNT",1972-12-10,52,1998-05-25,27,780000,24,2,390000,0,14419,"2025-07-02 23:05:32"
25158084157,2025-07-02,CUSTOMER,FULL,1973-05-31,52,NULL,0,86000,10,1,0,0,1796,"2025-07-02 23:04:52"
25157671578,2025-06-26,CUSTOMER,FULL,1999-01-01,26,1996-05-10,29,325000,36,3,0,0,2792,"2025-07-02 23:02:24"
25158238242,2025-07-02,CUSTOMER,FULL,1985-01-01,40,1986-01-01,39,660000,60,5,0,0,15397,"2025-07-02 22:59:48"
25158237162,2025-07-02,CUSTOMER,FULL,1991-03-13,34,NULL,0,704000,84,7,0,0,15078,"2025-07-02 22:53:34"
25158130629,2025-07-02,CUSTOMER,FULL,1976-01-01,49,NULL,0,400000,35,3,0,0,14255,"2025-07-02 22:51:45"
25158218595,2025-07-02,CUSTOMER,FULL,1986-11-08,38,NULL,0,700000,60,5,0,0,14158,"2025-07-02 22:49:40"
25158037946,2025-07-02,CUSTOMER,FULL,1986-05-03,39,NULL,0,987000,48,4,0,0,17797,"2025-07-02 22:49:36"
8800267567,2025-06-27,CUSTOMER,FULL,1995-07-22,29,NULL,-1,320000,42,4,0,0,3289,"2025-07-02 22:48:39"
25157928071,2025-06-30,CUSTOMER,FULL,1992-08-05,32,1978-05-16,47,540000,72,6,0,0,9119,"2025-07-02 22:44:38"
8800283917,2025-07-02,CUSTOMER,FULL,1993-07-10,31,NULL,0,400000,60,5,0,0,5405,"2025-07-02 22:41:57"
25158236713,2025-07-02,CUSTOMER,FULL,1988-01-01,37,NULL,0,300000,24,2,0,0,2974,"2025-07-02 22:39:20"
25157650185,2025-06-24,CUSTOMER,FULL,1993-12-06,31,NULL,-1,305000,35,3,0,0,2786,"2025-07-02 22:37:45"
25158237501,2025-07-02,CUSTOMER,"PARTIAL TENURE",1980-01-01,45,NULL,0,585000,60,5,0,2,10638,"2025-07-02 22:30:18"
25157625118,2025-06-22,CUSTOMER,FULL,1984-01-01,41,1989-01-01,36,506300,60,5,0,0,12756,"2025-07-02 22:27:16"
25158072412,2025-07-02,CUSTOMER,FULL,1996-01-01,29,NULL,0,325000,41,4,0,0,3341,"2025-07-02 22:26:40"
25158201744,2025-07-02,CUSTOMER,FULL,1993-03-12,32,1984-01-01,41,680000,48,4,0,0,8273,"2025-07-02 22:21:42"
25158003064,2025-07-01,CUSTOMER,FULL,1977-01-01,48,NULL,-1,912000,60,5,0,0,42014,"2025-07-02 22:21:15"
25158236151,2025-07-02,CUSTOMER,FULL,1999-01-01,26,NULL,0,310000,36,3,0,0,2664,"2025-07-02 22:20:00"
8800211014,2025-07-02,CUSTOMER,FULL,1988-06-02,37,1989-04-02,36,1800000,60,5,0,0,31075,"2025-07-02 22:17:26"
25156064776,2025-05-09,CUSTOMER,FULL,1993-01-01,32,NULL,-1,313000,36,3,0,0,2922,"2025-07-02 22:14:55"
8800135903,2025-07-02,CUSTOMER,FULL,1999-04-03,26,1964-01-01,61,300000,36,3,0,0,2673,"2025-07-02 22:14:26"
25158128738,2025-07-02,CUSTOMER,FULL,1994-08-25,30,1992-06-01,33,450000,60,5,0,0,6070,"2025-07-02 22:10:58"
25158230272,2025-07-02,CUSTOMER,FULL,2004-01-14,21,1969-09-23,55,1280000,84,7,0,0,20678,"2025-07-02 22:09:13"
25158224830,2025-07-02,CUSTOMER,FULL,2002-03-13,23,1978-01-01,47,780000,24,2,0,0,5256,"2025-07-02 22:07:27"
8800116222,2025-07-02,CUSTOMER,FULL,1979-01-26,46,NULL,0,455000,48,4,0,0,14760,"2025-07-02 22:06:34"
25157930820,2025-06-30,CUSTOMER,FULL,1981-01-01,44,1983-01-01,42,355000,60,5,0,0,11596,"2025-07-02 21:59:46"
25158152005,2025-07-02,CUSTOMER,FULL,1985-03-07,40,1988-04-14,37,420000,48,4,0,0,7375,"2025-07-02 21:59:42"
8800370942,2025-07-01,CUSTOMER,FULL,1980-01-01,45,1973-08-19,51,630000,60,5,0,0,22667,"2025-07-02 21:54:48"
8800219273,2025-07-02,CUSTOMER,FULL,1981-05-07,44,1989-04-02,36,480000,48,4,0,0,12784,"2025-07-02 21:44:41"
25158136914,2025-07-02,CUSTOMER,FULL,1982-01-11,43,1988-07-08,36,770000,60,5,0,0,19990,"2025-07-02 21:43:13"
8800005739,2025-06-27,CUSTOMER,FULL,1995-06-16,30,NULL,-1,330000,30,3,0,0,3123,"2025-07-02 21:39:46"
25158220921,2025-07-02,CUSTOMER,FULL,1987-07-05,37,NULL,0,200000,24,2,0,0,1983,"2025-07-02 21:39:24"
8800095972,2025-06-30,CUSTOMER,FULL,1971-01-01,54,NULL,-1,530000,48,4,0,0,36636,"2025-07-02 21:38:04"
25158220734,2025-07-02,CUSTOMER,FULL,1986-01-01,39,NULL,0,400000,48,4,0,0,7213,"2025-07-02 21:37:03"
25157972323,2025-07-02,CUSTOMER,FULL,1999-08-29,25,NULL,0,530000,48,4,0,0,5642,"2025-07-02 21:36:29"
8800362046,2025-07-02,CUSTOMER,FULL,2003-11-27,21,NULL,0,437000,48,4,0,0,4007,"2025-07-02 21:34:35"
25157665843,2025-06-25,CUSTOMER,FULL,1978-01-01,47,NULL,-1,330000,36,3,0,0,9432,"2025-07-02 21:34:10"
8800111296,2025-07-02,CUSTOMER,FULL,1978-05-08,47,NULL,0,500000,48,4,0,0,18172,"2025-07-02 21:31:55"
8800251981,2025-06-25,CUSTOMER,FULL,1992-07-25,32,NULL,-1,740000,60,5,0,0,10723,"2025-07-02 21:27:57"
25158129495,2025-07-02,CUSTOMER,FULL,1998-12-18,26,NULL,0,600000,48,4,0,0,6394,"2025-07-02 21:21:10"
25157927552,2025-06-30,CUSTOMER,FULL,1986-01-01,39,1986-01-01,39,480000,18,2,0,0,5410,"2025-07-02 21:18:19"
25157569176,2025-06-18,CUSTOMER,FULL,1994-03-31,31,NULL,-1,290000,48,4,0,0,3091,"2025-07-02 21:17:40"
25157996169,2025-07-01,CUSTOMER,FULL,1985-01-01,40,NULL,-1,365000,36,3,0,0,5660,"2025-07-02 21:13:58"
8800397028,2025-07-02,CUSTOMER,FULL,1992-05-06,33,1987-02-06,38,630000,60,5,0,0,9181,"2025-07-02 21:09:05"
25158044555,2025-07-02,CUSTOMER,FULL,1994-09-01,30,1971-01-12,54,620100,84,7,0,0,11101,"2025-07-02 21:08:22"
8800283916,2025-07-02,CUSTOMER,FULL,1981-07-01,44,NULL,0,300000,36,3,0,0,6532,"2025-07-02 21:07:59"
25158122404,2025-07-02,CUSTOMER,FULL,1990-11-01,34,1996-03-19,29,300000,18,2,0,0,2458,"2025-07-02 21:01:29"
25158039427,2025-07-02,CUSTOMER,FULL,1999-01-01,26,NULL,0,500000,60,5,0,0,6272,"2025-07-02 21:01:22"
8800369076,2025-06-25,CUSTOMER,FULL,1995-07-09,29,1981-01-01,44,650000,60,5,0,0,8530,"2025-07-02 21:01:19"
8800392484,2025-07-01,CUSTOMER,FULL,1968-01-01,57,NULL,-1,205000,36,3,0,0,14587,"2025-07-02 20:59:53"
25157924412,2025-06-30,CUSTOMER,FULL,1990-03-08,35,NULL,-1,870000,60,5,0,0,14599,"2025-07-02 20:59:41"
25158042624,2025-07-02,CUSTOMER,FULL,1999-05-14,26,NULL,0,600000,48,4,0,0,6394,"2025-07-02 20:59:37"
8800292234,2025-07-02,CO-APPLICANT,FULL,1973-01-01,52,1999-05-25,26,650000,60,5,0,0,8154,"2025-07-02 20:57:28"
8800382580,2025-07-01,CUSTOMER,FULL,2000-05-11,25,NULL,-1,268000,36,3,0,0,2198,"2025-07-02 20:55:26"
25158153620,2025-07-02,CUSTOMER,FULL,1998-02-06,27,NULL,0,1200000,60,5,0,0,15194,"2025-07-02 20:55:22"
25158135383,2025-07-02,CUSTOMER,FULL,1989-01-01,36,1988-11-11,36,360000,59,5,0,0,6105,"2025-07-02 20:52:50"
25158036859,2025-07-02,CUSTOMER,FULL,1992-07-03,32,NULL,0,1100000,57,5,0,0,15940,"2025-07-02 20:52:36"
8800394304,2025-07-02,CUSTOMER,FULL,1998-07-18,26,NULL,0,100000,24,2,0,0,733,"2025-07-02 20:51:30"
25158136111,2025-07-02,CUSTOMER,FULL,1991-01-04,34,1991-01-01,34,450000,48,4,0,0,5990,"2025-07-02 20:50:23"
8800364956,2025-07-02,CUSTOMER,FULL,1992-09-08,32,NULL,0,1100000,60,5,0,0,13863,"2025-07-02 20:50:19"
25158096353,2025-07-02,CUSTOMER,FULL,1989-02-08,36,NULL,0,525000,48,4,0,0,7800,"2025-07-02 20:48:11"
25158163427,2025-07-02,CUSTOMER,FULL,1996-02-04,29,NULL,0,964000,72,6,0,0,14356,"2025-07-02 20:46:08"
25158039079,2025-07-02,CUSTOMER,FULL,1999-03-22,26,2001-02-10,24,485000,35,3,0,0,4270,"2025-07-02 20:40:47"
8800273618,2025-06-29,CUSTOMER,FULL,1972-09-19,52,1996-02-17,29,500000,36,3,0,0,23388,"2025-07-02 20:38:06"
8800006039,2025-06-30,CUSTOMER,FULL,1992-03-17,33,NULL,-1,1050000,60,5,0,0,13679,"2025-07-02 20:37:07"
25157929016,2025-06-30,CUSTOMER,FULL,1999-01-01,26,NULL,-1,180000,36,3,0,0,1547,"2025-07-02 20:27:32"
8800365755,2025-07-02,CUSTOMER,FULL,1996-12-13,28,NULL,0,650000,48,4,0,0,7019,"2025-07-02 20:21:21"
25158043394,2025-07-02,CUSTOMER,FULL,1989-12-30,35,1989-04-20,36,510000,60,5,0,0,8558,"2025-07-02 20:21:02"
25157662458,2025-06-25,CUSTOMER,FULL,1989-01-01,36,NULL,-1,330000,48,4,0,0,4646,"2025-07-02 20:20:56"
8800359380,2025-06-26,CUSTOMER,FULL,1987-10-01,37,NULL,-1,357000,48,4,0,0,5447,"2025-07-02 20:17:14"
25158170951,2025-07-02,CUSTOMER,FULL,1981-01-01,44,1989-01-01,36,55000,18,2,0,0,897,"2025-07-02 20:16:23"
25158039598,2025-07-02,CUSTOMER,FULL,1995-06-05,30,NULL,0,600000,48,4,0,0,6819,"2025-07-02 20:16:22"
25157972402,2025-07-01,CUSTOMER,FULL,1994-10-11,30,NULL,-1,761000,60,5,0,0,10264,"2025-07-02 20:15:27"
8800198371,2025-06-27,CUSTOMER,FULL,1980-02-07,45,NULL,-1,295000,36,3,0,0,6270,"2025-07-02 20:11:59"
8800116166,2025-06-28,CUSTOMER,FULL,2003-06-20,22,1976-05-07,49,450000,48,4,0,0,4562,"2025-07-02 20:11:02"
25158133137,2025-07-02,CUSTOMER,FULL,1999-05-03,26,NULL,0,500000,60,5,0,0,6272,"2025-07-02 20:10:56"
25158151964,2025-07-02,CUSTOMER,FULL,2000-07-06,24,NULL,0,1500000,84,7,0,0,22267,"2025-07-02 20:09:56"
25157826609,2025-06-29,CUSTOMER,FULL,2000-02-18,25,1974-04-10,51,405000,60,5,0,0,5057,"2025-07-02 20:08:11"
25158172510,2025-07-02,CUSTOMER,FULL,1986-01-01,39,1988-06-01,37,650000,60,5,0,0,14090,"2025-07-02 20:05:51"
25157952183,2025-07-01,CUSTOMER,FULL,2000-11-15,24,NULL,-1,963000,84,7,0,0,15580,"2025-07-02 19:59:47"
25158167076,2025-07-02,CUSTOMER,FULL,1991-06-23,34,NULL,0,870000,60,5,0,0,13839,"2025-07-02 19:59:32"
8800202894,2025-07-02,CUSTOMER,FULL,2000-03-03,25,1973-03-03,52,1000000,60,5,0,0,12072,"2025-07-02 19:58:13"
8800294594,2025-07-02,CUSTOMER,FULL,1977-10-03,47,NULL,0,485000,48,4,0,0,17393,"2025-07-02 19:57:59"
8800264314,2025-07-02,CUSTOMER,FULL,1993-12-18,31,1992-04-10,33,900000,48,4,0,0,10557,"2025-07-02 19:57:10"
8800350291,2025-07-02,CUSTOMER,FULL,1995-07-07,29,NULL,0,724000,60,5,0,0,9501,"2025-07-02 19:55:59"
25157698713,2025-06-28,CUSTOMER,FULL,1980-09-25,44,1990-10-10,34,1200000,12,1,0,0,16980,"2025-07-02 19:55:17"
25158074605,2025-07-02,CUSTOMER,FULL,2000-01-01,25,NULL,0,933000,72,6,0,0,12584,"2025-07-02 19:54:33"
25157981693,2025-07-01,CO-APPLICANT,FULL,1974-01-01,51,1990-07-01,35,270000,36,3,0,0,3075,"2025-07-02 19:49:36"
25157667218,2025-06-25,CUSTOMER,FULL,1995-09-17,29,NULL,-1,200000,36,3,0,0,1768,"2025-07-02 19:49:23"
25158155789,2025-07-02,CUSTOMER,FULL,2002-12-12,22,NULL,0,740000,60,5,0,0,9239,"2025-07-02 19:45:44"
8800295982,2025-06-26,CUSTOMER,FULL,1996-07-11,28,NULL,-1,327000,42,4,0,0,3315,"2025-07-02 19:44:08"
25157731356,2025-06-28,CUSTOMER,FULL,1985-06-02,40,NULL,-1,365000,48,4,0,0,6870,"2025-07-02 19:42:05"
25158133348,2025-07-02,CUSTOMER,FULL,2002-05-18,23,1973-05-15,52,1100000,60,5,0,0,13733,"2025-07-02 19:41:51"
25157927665,2025-06-30,CUSTOMER,FULL,2002-12-25,22,1977-06-01,48,1000000,60,5,0,0,10597,"2025-07-02 19:41:27"
25158132591,2025-07-02,CUSTOMER,FULL,1981-08-20,43,NULL,0,210000,24,2,0,0,3195,"2025-07-02 19:25:25"
8800000943,2025-06-28,CUSTOMER,FULL,1994-08-15,30,NULL,-1,500000,48,4,0,0,5682,"2025-07-02 19:24:24"
25157652680,2025-06-24,CUSTOMER,FULL,1993-02-01,32,1980-01-06,45,947500,60,5,0,0,11941,"2025-07-02 19:21:07"
25157928582,2025-06-30,CUSTOMER,FULL,1982-01-01,43,NULL,-1,331000,42,4,0,0,7230,"2025-07-02 19:20:54"
25157917130,2025-06-30,CUSTOMER,FULL,1988-11-21,36,1965-08-25,59,620000,36,3,0,0,7463,"2025-07-02 19:18:59"
25157655299,2025-06-24,CUSTOMER,FULL,1986-08-19,38,NULL,-1,850000,60,5,0,0,15517,"2025-07-02 19:18:45"
25158042705,2025-07-02,CUSTOMER,FULL,1984-04-01,41,NULL,0,500000,48,4,0,0,10443,"2025-07-02 19:12:13"
25158053080,2025-07-02,CUSTOMER,FULL,1981-01-01,44,1989-02-01,36,55000,18,2,0,0,897,"2025-07-02 19:11:59"
25157833846,2025-06-29,CUSTOMER,FULL,1992-04-05,33,NULL,-1,200000,36,3,0,0,2080,"2025-07-02 19:11:27"
8800162680,2025-06-17,CUSTOMER,FULL,1988-01-01,37,1986-07-16,38,320000,36,3,0,0,4048,"2025-07-02 19:10:46"
8800379115,2025-06-27,CUSTOMER,FULL,1981-07-17,43,NULL,-1,315000,36,3,0,0,5676,"2025-07-02 19:09:56"
25158135697,2025-07-02,CUSTOMER,FULL,1973-01-01,52,1984-01-01,41,600000,48,4,0,0,34239,"2025-07-02 19:07:54"
25158136226,2025-07-02,CUSTOMER,FULL,1987-05-31,38,NULL,0,717000,60,5,0,0,13089,"2025-07-02 19:06:58"
25158047434,2025-07-02,CUSTOMER,FULL,1985-12-25,39,1988-01-01,37,757000,60,5,0,0,14686,"2025-07-02 19:06:38"
25158074626,2025-07-02,CUSTOMER,FULL,2003-06-23,22,NULL,0,1000000,60,5,0,0,12485,"2025-07-02 19:05:54"
25158042861,2025-07-02,CUSTOMER,FULL,1990-01-01,35,1988-01-01,37,650000,48,4,0,0,8867,"2025-07-02 19:05:40"
8800386360,2025-07-02,CUSTOMER,FULL,1999-10-22,25,1974-07-25,50,1000000,60,5,0,0,10833,"2025-07-02 19:03:04"
25158133211,2025-07-02,CUSTOMER,FULL,1997-11-16,27,NULL,0,1700000,84,7,0,0,27402,"2025-07-02 19:00:59"
25158042326,2025-07-02,CUSTOMER,FULL,1986-07-01,39,NULL,0,785000,60,5,0,0,15229,"2025-07-02 19:00:56"
25158059373,2025-07-02,CUSTOMER,FULL,1989-01-01,36,NULL,0,350000,42,4,0,0,4928,"2025-07-02 19:00:25"
25158137805,2025-07-02,CUSTOMER,FULL,1995-12-09,29,NULL,0,75000,12,1,0,0,553,"2025-07-02 18:59:10"
8800387244,2025-07-02,CUSTOMER,FULL,2001-03-08,24,1980-01-01,45,700000,84,7,0,0,10392,"2025-07-02 18:58:38"
8800370766,2025-06-30,CUSTOMER,FULL,2001-06-05,24,1973-10-01,51,287000,48,4,0,0,2706,"2025-07-02 18:58:36"
8800238646,2025-07-02,CUSTOMER,FULL,1970-08-01,54,NULL,0,400000,35,3,0,0,21972,"2025-07-02 18:53:43"
25158094475,2025-07-02,CUSTOMER,FULL,2003-02-16,22,1970-01-01,55,2000000,84,7,0,0,29194,"2025-07-02 18:50:36"
8800274884,2025-07-02,CUSTOMER,FULL,1982-01-01,43,2000-06-20,25,1210000,72,6,0,0,42777,"2025-07-02 18:50:25"
25158055360,2025-07-02,CUSTOMER,FULL,1973-05-10,52,NULL,0,337000,48,4,0,0,18563,"2025-07-02 18:50:11"
25158136194,2025-07-02,CUSTOMER,FULL,1996-05-07,29,NULL,0,500000,55,5,0,0,6561,"2025-07-02 18:49:46"
25158037378,2025-07-02,CUSTOMER,FULL,1991-04-04,34,1963-07-15,61,1280000,72,6,0,0,23820,"2025-07-02 18:47:35"
8800211648,2025-06-30,CUSTOMER,FULL,2003-01-01,22,1990-01-01,35,310000,47,4,0,0,3143,"2025-07-02 18:47:17"
8800198517,2025-06-30,CUSTOMER,FULL,2000-07-18,24,NULL,-1,616000,48,4,0,0,5808,"2025-07-02 18:46:56"
25157625587,2025-06-22,CUSTOMER,FULL,2001-09-28,23,NULL,-1,310000,42,4,0,0,2901,"2025-07-02 18:46:39"
25157970971,2025-07-01,CUSTOMER,FULL,1976-04-09,49,1979-01-01,46,1350000,84,7,0,0,92968,"2025-07-02 18:46:34"
25157663173,2025-06-25,CUSTOMER,FULL,2001-05-02,24,1998-02-14,27,677000,60,5,0,0,8093,"2025-07-02 18:44:13"
8800312167,2025-06-27,CUSTOMER,FULL,1967-01-01,58,2002-08-20,22,165000,24,2,0,0,9831,"2025-07-02 18:43:58"
25158133105,2025-07-02,CUSTOMER,FULL,1978-04-09,47,NULL,0,2100000,83,7,0,0,120109,"2025-07-02 18:41:29"
25158042286,2025-07-02,CUSTOMER,FULL,2007-01-01,18,1985-01-01,40,880000,72,6,0,0,10789,"2025-07-02 18:41:28"
25158064923,2025-07-02,CUSTOMER,FULL,1999-07-01,26,NULL,0,695000,60,5,0,0,7898,"2025-07-02 18:39:20"
25157986308,2025-07-01,CUSTOMER,FULL,1977-05-11,48,NULL,-1,950000,36,3,0,0,29763,"2025-07-02 18:38:59"
25157933640,2025-06-30,CUSTOMER,FULL,1994-06-04,31,1989-09-21,35,655000,60,5,0,0,9128,"2025-07-02 18:37:24"
25158082722,2025-07-02,CUSTOMER,FULL,1988-01-01,37,1985-02-05,40,990000,60,5,0,0,17091,"2025-07-02 18:37:20"
25158042949,2025-07-02,CUSTOMER,FULL,1981-01-01,44,2001-05-26,24,900000,60,5,0,0,28717,"2025-07-02 18:37:10"
8800261083,2025-06-26,CUSTOMER,FULL,1982-06-26,43,NULL,-1,500000,36,3,0,0,9924,"2025-07-02 18:37:03"
25158126393,2025-07-02,CUSTOMER,FULL,2001-09-13,23,NULL,0,300000,36,3,0,0,2425,"2025-07-02 18:35:32"
25157696864,2025-06-28,CUSTOMER,FULL,1981-07-15,43,NULL,-1,250000,24,2,0,0,3756,"2025-07-02 18:35:27"
8800361203,2025-07-02,CUSTOMER,FULL,1990-02-06,35,NULL,0,312000,48,4,0,0,3774,"2025-07-02 18:34:18"
8800346216,2025-06-28,CUSTOMER,FULL,1995-06-18,30,NULL,-1,330000,42,4,0,0,3443,"2025-07-02 18:33:49"
25158059455,2025-07-02,CUSTOMER,FULL,1983-08-15,41,1988-12-17,36,854100,84,7,0,0,29581,"2025-07-02 18:32:48"
25158038316,2025-07-02,CUSTOMER,FULL,2001-03-07,24,NULL,0,195001,24,2,0,0,1324,"2025-07-02 18:31:39"
25157968946,2025-07-01,CUSTOMER,FULL,1989-01-01,36,1994-06-01,31,500000,48,4,0,0,7429,"2025-07-02 18:31:00"
8800324169,2025-07-01,CUSTOMER,FULL,1991-05-06,34,1968-07-01,57,265000,42,4,0,0,3084,"2025-07-02 18:30:06"
8800398029,2025-07-02,CUSTOMER,FULL,1973-01-01,52,NULL,0,400000,42,4,0,0,23275,"2025-07-02 18:29:58"
25156763713,2025-06-01,CUSTOMER,FULL,2001-07-15,23,1981-01-01,44,560000,48,4,0,0,5961,"2025-07-02 18:27:35"
25157847618,2025-06-29,CUSTOMER,FULL,1996-06-30,28,NULL,-1,160000,36,3,0,0,1454,"2025-07-02 18:27:30"
25158126799,2025-07-02,CUSTOMER,FULL,1995-03-07,30,NULL,0,250000,30,3,0,0,2242,"2025-07-02 18:26:22"
8800217994,2025-06-27,CUSTOMER,"PARTIAL FINANCE AMOUNT",1979-04-05,46,1987-12-21,37,300000,36,3,225000,0,5887,"2025-07-02 18:25:37"
8800399537,2025-06-30,CUSTOMER,FULL,2000-10-20,24,NULL,-1,200000,30,3,0,0,1754,"2025-07-02 18:24:44"
8800378335,2025-07-02,CUSTOMER,FULL,1998-10-16,26,NULL,0,565000,60,5,0,0,7088,"2025-07-02 18:24:05"
25158134052,2025-07-02,CUSTOMER,FULL,1979-05-26,46,NULL,0,200000,23,2,0,0,3316,"2025-07-02 18:23:36"
25158042638,2025-07-02,CUSTOMER,FULL,1979-03-22,46,1980-06-01,45,1760000,47,4,0,0,57092,"2025-07-02 18:22:44"
25157925519,2025-06-30,CUSTOMER,FULL,1998-05-15,27,NULL,-1,78000,12,1,0,0,324,"2025-07-02 18:22:07"
25157666450,2025-06-25,CUSTOMER,FULL,1992-02-06,33,NULL,-1,530000,35,3,0,0,5479,"2025-07-02 18:22:00"
25158127060,2025-07-02,CUSTOMER,FULL,1966-01-01,59,1980-01-01,45,900000,60,5,0,0,105404,"2025-07-02 18:21:32"
8800116566,2025-06-28,CUSTOMER,FULL,1988-10-10,36,NULL,-1,570000,60,5,0,0,10143,"2025-07-02 18:21:23"
8800372030,2025-07-02,CUSTOMER,FULL,1992-12-16,32,NULL,0,935000,48,4,0,0,11376,"2025-07-02 18:21:13"
25158126389,2025-07-02,CUSTOMER,FULL,1975-01-01,50,NULL,0,331000,42,4,0,0,15327,"2025-07-02 18:19:55"
25158130898,2025-07-02,CUSTOMER,FULL,1986-01-01,39,NULL,0,994000,60,5,0,0,19283,"2025-07-02 18:17:52"
8800370818,2025-06-29,CUSTOMER,FULL,1991-03-20,34,NULL,-1,302000,48,4,0,0,3514,"2025-07-02 18:17:30"
25157927981,2025-06-30,CUSTOMER,FULL,1995-12-31,29,NULL,-1,200000,36,3,0,0,1820,"2025-07-02 18:17:15"
25158133287,2025-07-02,CUSTOMER,FULL,1992-08-16,32,1974-01-01,51,535000,60,5,0,0,7753,"2025-07-02 18:16:14"
25158070211,2025-07-02,CUSTOMER,FULL,1995-04-18,30,NULL,0,325000,35,3,0,0,3026,"2025-07-02 18:16:05"
25157822075,2025-06-29,CUSTOMER,FULL,1986-02-21,39,NULL,-1,314000,36,3,0,0,4343,"2025-07-02 18:15:49"
25158039322,2025-07-02,CUSTOMER,FULL,1986-06-11,39,NULL,0,300000,36,3,0,0,4330,"2025-07-02 18:15:42"
25158044380,2025-07-02,CUSTOMER,FULL,1988-01-21,37,1984-01-01,41,410000,60,5,0,0,7407,"2025-07-02 18:15:27"
8800290751,2025-06-12,CUSTOMER,FULL,1976-01-01,49,NULL,-1,75000,24,2,0,0,2064,"2025-07-02 18:15:24"
8800167892,2025-07-02,CUSTOMER,FULL,1988-07-15,36,1968-01-17,57,300000,48,4,0,0,4457,"2025-07-02 18:15:23"
8800274106,2025-06-26,CUSTOMER,FULL,1983-01-01,42,NULL,-1,185000,24,2,0,0,2596,"2025-07-02 18:13:52"
25157680039,2025-06-27,CUSTOMER,FULL,1984-02-05,41,NULL,-1,910000,84,7,0,0,31517,"2025-07-02 18:12:27"
25158070664,2025-07-02,CUSTOMER,FULL,1997-08-07,27,NULL,0,420000,36,3,0,0,3713,"2025-07-02 18:12:12"
8800327418,2025-07-02,CUSTOMER,FULL,1994-08-12,30,1997-06-28,28,790000,60,5,0,0,10656,"2025-07-02 18:11:48"
25157686408,2025-06-28,CUSTOMER,FULL,1998-10-18,26,NULL,-1,130000,24,2,0,0,952,"2025-07-02 18:11:35"
25157916743,2025-06-30,CUSTOMER,FULL,2005-08-23,19,NULL,-1,754000,48,4,0,0,6647,"2025-07-02 18:10:47"
8800349660,2025-06-25,CUSTOMER,FULL,2006-01-01,19,1983-01-01,42,320000,36,3,0,0,2436,"2025-07-02 18:10:43"
8800365078,2025-06-30,CUSTOMER,FULL,2000-10-11,24,NULL,-1,278000,48,4,0,0,2622,"2025-07-02 18:09:18"
8800284985,2025-06-19,CUSTOMER,FULL,1985-01-01,40,NULL,-1,321000,42,4,0,0,5637,"2025-07-02 18:08:52"
25158130920,2025-07-02,CUSTOMER,FULL,1991-01-01,34,1984-06-01,41,1030000,60,5,0,0,13905,"2025-07-02 18:08:36"
25157620750,2025-06-21,CUSTOMER,FULL,1980-07-06,44,1945-10-12,79,310000,36,3,0,0,6691,"2025-07-02 18:06:50"
25158071713,2025-07-02,CUSTOMER,FULL,1998-02-12,27,1970-07-09,54,930000,36,3,0,0,8066,"2025-07-02 18:06:48"
25158033722,2025-07-02,CUSTOMER,FULL,1987-11-07,37,1980-01-01,45,1300000,60,5,0,0,22443,"2025-07-02 18:05:58"
8800137044,2025-06-23,CUSTOMER,FULL,1988-03-08,37,NULL,-1,600000,60,5,0,0,11364,"2025-07-02 18:05:01"
25158127517,2025-07-02,CUSTOMER,FULL,2001-01-01,24,NULL,0,366000,36,3,0,0,2989,"2025-07-02 18:03:17"
8800327022,2025-07-02,CUSTOMER,FULL,1988-01-01,37,NULL,0,650000,60,5,0,0,12311,"2025-07-02 18:02:47"
8800118528,2025-07-02,CUSTOMER,FULL,1969-01-01,56,NULL,0,150000,24,2,0,0,6040,"2025-07-02 18:01:05"
8800189516,2025-07-02,CUSTOMER,FULL,1986-02-10,39,NULL,0,500000,36,3,0,0,7216,"2025-07-02 18:00:25"
25157499910,2025-06-12,CUSTOMER,FULL,1980-09-08,44,NULL,-1,1000000,48,4,0,0,26940,"2025-07-02 17:59:43"
25158043037,2025-07-02,CUSTOMER,FULL,1995-07-15,29,1967-07-15,57,700000,60,5,0,0,9186,"2025-07-02 17:59:19"
8800372562,2025-07-02,CUSTOMER,FULL,1995-08-26,29,NULL,0,580000,60,5,0,0,7611,"2025-07-02 17:57:22"
8800123103,2025-07-02,CUSTOMER,FULL,1978-01-01,47,NULL,0,283000,36,3,0,0,8279,"2025-07-02 17:56:17"
25158044337,2025-07-02,CUSTOMER,FULL,1990-05-05,35,NULL,0,1400000,60,5,0,0,23492,"2025-07-02 17:55:05"
25157930780,2025-06-30,CUSTOMER,FULL,2001-03-08,24,1980-01-01,45,700000,84,7,0,0,10392,"2025-07-02 17:54:40"
25157667158,2025-06-25,CO-APPLICANT,FULL,1964-04-15,61,1991-08-06,33,264000,36,3,0,0,2530,"2025-07-02 17:54:34"
25158067611,2025-07-02,CUSTOMER,FULL,1990-01-01,35,NULL,0,250000,36,3,0,0,2561,"2025-07-02 17:54:30"
8800365077,2025-06-30,CUSTOMER,FULL,1976-01-01,49,NULL,-1,472000,48,4,0,0,19962,"2025-07-02 17:53:40"
8800214189,2025-06-28,CUSTOMER,FULL,1991-01-22,34,NULL,-1,240000,30,3,0,0,2600,"2025-07-02 17:53:24"
8800126967,2025-07-02,CUSTOMER,FULL,2002-02-13,23,NULL,0,1200000,30,3,0,0,10422,"2025-07-02 17:52:00"
25157933407,2025-06-30,CUSTOMER,FULL,2003-10-20,21,1978-06-19,47,620000,84,7,0,0,10016,"2025-07-02 17:51:34"
8800352158,2025-06-26,CUSTOMER,FULL,1983-06-14,42,NULL,-1,850000,60,5,0,0,23240,"2025-07-02 17:51:14"
25157661547,2025-06-25,CUSTOMER,FULL,1995-03-05,30,1993-05-07,32,380000,60,5,0,0,4982,"2025-07-02 17:50:46"
25158132171,2025-07-02,CUSTOMER,FULL,1971-01-01,54,NULL,0,337000,48,4,0,0,21729,"2025-07-02 17:50:09"
8800382506,2025-07-01,CUSTOMER,FULL,1979-08-08,45,NULL,-1,80000,36,3,0,0,1896,"2025-07-02 17:47:13"
8800379878,2025-07-01,CUSTOMER,FULL,1990-07-07,34,NULL,-1,200000,24,2,0,0,1639,"2025-07-02 17:47:09"
25158130718,2025-07-02,CUSTOMER,FULL,1984-01-19,41,NULL,0,140000,36,3,0,0,2345,"2025-07-02 17:46:27"
25158129455,2025-07-02,CUSTOMER,FULL,2001-06-12,24,NULL,0,587000,54,5,0,0,6318,"2025-07-02 17:46:03"
25158127360,2025-07-02,CUSTOMER,FULL,1975-09-13,49,1988-01-12,37,280000,36,3,0,0,10078,"2025-07-02 17:44:47"
25158122391,2025-07-02,CUSTOMER,FULL,2002-08-28,22,1972-01-01,53,700000,48,4,0,0,7451,"2025-07-02 17:43:43"
25158129188,2025-07-02,CUSTOMER,FULL,1987-12-10,37,1992-04-13,33,2900000,60,5,0,0,52391,"2025-07-02 17:43:41"
25158039710,2025-07-02,CUSTOMER,FULL,1989-08-25,35,NULL,0,350000,36,3,0,0,3986,"2025-07-02 17:42:52"
25157681960,2025-06-27,CUSTOMER,FULL,1989-01-11,36,NULL,-1,500000,54,5,0,0,8898,"2025-07-02 17:42:45"
8800361134,2025-06-30,CUSTOMER,FULL,1989-10-06,35,1993-01-01,32,680000,60,5,0,0,11411,"2025-07-02 17:40:42"
25158126932,2025-07-02,CUSTOMER,FULL,1992-01-01,33,NULL,0,370000,36,3,0,0,3825,"2025-07-02 17:40:28"
25158126873,2025-07-02,CUSTOMER,FULL,1980-08-06,44,NULL,0,1980000,84,7,0,0,82873,"2025-07-02 17:39:10"
25158043520,2025-07-02,CUSTOMER,FULL,1990-06-17,35,1998-03-24,27,5200000,58,5,0,0,83389,"2025-07-02 17:38:53"
25156724944,2025-06-23,CUSTOMER,FULL,1989-01-01,36,NULL,-1,400000,36,3,0,0,4815,"2025-07-02 17:38:33"
25157630354,2025-06-23,CUSTOMER,FULL,1988-01-01,37,1984-11-09,40,120000,35,3,0,0,1534,"2025-07-02 17:38:16"
8800312157,2025-06-18,CUSTOMER,FULL,1987-02-05,38,NULL,-1,900000,60,5,0,0,16430,"2025-07-02 17:37:55"
25158126928,2025-07-02,CO-APPLICANT,FULL,1965-01-01,60,1994-01-01,31,650000,42,4,0,0,7624,"2025-07-02 17:37:19"
25158129034,2025-07-02,CUSTOMER,FULL,1999-12-02,25,NULL,0,620000,72,6,0,0,8363,"2025-07-02 17:37:09"
8800292731,2025-06-26,CUSTOMER,FULL,1975-06-25,50,NULL,-1,750000,47,4,0,0,35931,"2025-07-02 17:36:55"
8800357357,2025-07-02,CUSTOMER,FULL,1992-01-01,33,NULL,0,4850000,58,5,0,0,70680,"2025-07-02 17:36:23"
25158042516,2025-07-02,CUSTOMER,FULL,1993-04-12,32,NULL,0,1050000,60,5,0,0,13233,"2025-07-02 17:35:29"
8800134802,2025-06-26,CUSTOMER,FULL,2003-12-03,21,1971-01-01,54,308000,42,4,0,0,2824,"2025-07-02 17:34:45"
25158039533,2025-07-02,CUSTOMER,FULL,1996-04-02,29,NULL,0,70000,24,2,0,0,500,"2025-07-02 17:34:31"
8800176357,2025-07-02,CUSTOMER,FULL,1994-06-07,31,NULL,0,400000,36,3,0,0,3654,"2025-07-02 17:34:13"
8800005785,2025-06-28,CUSTOMER,FULL,1983-04-10,42,NULL,-1,330000,36,3,0,0,6001,"2025-07-02 17:34:01"
8800324575,2025-07-02,CUSTOMER,FULL,1986-02-03,39,NULL,0,185000,16,2,0,0,2116,"2025-07-02 17:33:54"
25158102888,2025-07-02,CUSTOMER,FULL,2003-08-06,21,1973-07-06,51,900000,72,6,0,0,11714,"2025-07-02 17:32:35"
8800318544,2025-06-22,CUSTOMER,FULL,1994-01-20,31,NULL,-1,348000,48,4,0,0,3709,"2025-07-02 17:30:51"
25158129370,2025-07-02,CUSTOMER,FULL,1997-09-22,27,NULL,0,390000,35,3,0,0,3447,"2025-07-02 17:29:54"
25158127356,2025-07-02,CUSTOMER,FULL,1978-12-10,46,NULL,0,635000,60,5,0,0,25042,"2025-07-02 17:29:47"
8800170902,2025-06-05,CUSTOMER,FULL,1993-05-07,32,NULL,-1,1026000,60,5,0,0,12931,"2025-07-02 17:29:47"
25157922375,2025-06-30,CUSTOMER,FULL,1985-06-05,40,NULL,-1,400000,47,4,0,0,7529,"2025-07-02 17:29:33"
25158120298,2025-07-02,CUSTOMER,FULL,1965-01-01,60,1997-10-05,27,150000,12,1,0,0,8367,"2025-07-02 17:28:20"
25158045099,2025-07-02,CUSTOMER,FULL,1999-01-01,26,NULL,0,180000,18,2,0,0,1279,"2025-07-02 17:27:54"
25157665687,2025-06-25,CUSTOMER,FULL,2002-07-06,22,NULL,-1,273000,36,3,0,0,2185,"2025-07-02 17:27:17"
25157920965,2025-06-30,CUSTOMER,FULL,1989-08-17,35,1961-07-03,63,442661,60,5,0,0,7099,"2025-07-02 17:27:07"
25158041348,2025-07-02,CUSTOMER,FULL,1986-01-01,39,NULL,0,400000,36,3,0,0,5825,"2025-07-02 17:25:57"
25158128388,2025-07-02,CUSTOMER,FULL,1995-05-11,30,NULL,0,770000,59,5,0,0,9241,"2025-07-02 17:25:48"
25158069483,2025-07-02,CUSTOMER,FULL,1997-12-12,27,NULL,0,410000,36,3,0,0,3624,"2025-07-02 17:24:55"
25158042678,2025-07-02,CUSTOMER,FULL,1995-01-01,30,NULL,0,596782,48,4,0,0,6782,"2025-07-02 17:23:34"
8800297495,2025-07-02,CUSTOMER,FULL,1991-01-01,34,NULL,0,918000,60,5,0,0,14603,"2025-07-02 17:23:02"
8800331227,2025-07-02,CUSTOMER,FULL,2001-10-06,23,NULL,0,310000,36,3,0,0,2729,"2025-07-02 17:22:52"
25157676755,2025-06-26,CUSTOMER,FULL,1993-01-01,32,NULL,-1,600000,60,5,0,0,8695,"2025-07-02 17:22:51"
25157634754,2025-06-23,CUSTOMER,FULL,1996-03-01,29,1999-09-16,25,575000,60,5,0,0,7545,"2025-07-02 17:21:20"
25157816939,2025-06-29,CUSTOMER,FULL,1986-01-02,39,NULL,-1,215000,36,3,0,0,3103,"2025-07-02 17:20:24"
25158118539,2025-07-02,CUSTOMER,FULL,1996-01-01,29,NULL,0,288000,36,3,0,0,2621,"2025-07-02 17:20:08"
25157452930,2025-06-11,CUSTOMER,FULL,1993-01-01,32,1990-01-01,35,400000,48,4,0,0,4867,"2025-07-02 17:19:57"
25158120310,2025-07-02,CUSTOMER,FULL,1989-01-01,36,1969-01-01,56,500000,45,4,0,0,7429,"2025-07-02 17:19:34"
8800273313,2025-07-02,CUSTOMER,FULL,1972-10-15,52,NULL,0,750000,60,5,0,0,50994,"2025-07-02 17:19:30"
8800371131,2025-07-01,CUSTOMER,FULL,1999-02-05,26,2001-02-13,24,1100000,60,5,0,0,12500,"2025-07-02 17:18:44"
8800129783,2025-06-23,CUSTOMER,FULL,1991-01-01,34,NULL,-1,690000,60,5,0,0,10976,"2025-07-02 17:18:27"
25158041787,2025-07-02,CUSTOMER,FULL,1987-07-24,37,1990-06-20,35,1010000,72,6,0,0,22013,"2025-07-02 17:17:42"
8800364253,2025-06-26,CUSTOMER,FULL,1986-10-06,38,NULL,-1,430000,36,3,0,0,5805,"2025-07-02 17:17:34"
8800204943,2025-07-02,CUSTOMER,"PARTIAL TENURE",1980-03-14,45,NULL,0,530000,48,4,0,2,8094,"2025-07-02 17:16:42"
25157839417,2025-06-29,CUSTOMER,FULL,1995-02-25,30,NULL,-1,325000,48,4,0,0,3391,"2025-07-02 17:16:36"
25157933805,2025-06-30,CUSTOMER,FULL,1997-01-01,28,NULL,-1,244000,36,3,0,0,2128,"2025-07-02 17:15:25"
8800221210,2025-07-02,CUSTOMER,FULL,1986-01-10,39,1993-12-25,31,500000,48,4,0,0,9016,"2025-07-02 17:14:22"
25158055224,2025-07-02,CUSTOMER,FULL,1988-03-07,37,NULL,0,300000,48,4,0,0,4578,"2025-07-02 17:13:48"
25158086623,2025-07-02,CUSTOMER,FULL,1976-04-05,49,1980-04-09,45,300000,22,2,0,0,6489,"2025-07-02 17:13:08"
8800281578,2025-07-02,CUSTOMER,FULL,1989-01-01,36,NULL,0,330000,42,4,0,0,4646,"2025-07-02 17:12:50"
25158074516,2025-07-02,CUSTOMER,FULL,1995-08-13,29,NULL,0,650000,60,5,0,0,7663,"2025-07-02 17:11:51"
25158092329,2025-07-02,CUSTOMER,FULL,2003-06-17,22,1977-07-05,47,1065000,72,6,0,0,14013,"2025-07-02 17:11:19"
25158071085,2025-07-02,CUSTOMER,FULL,1982-03-12,43,1988-02-19,37,770000,72,6,0,0,27222,"2025-07-02 17:10:19"
25158094595,2025-07-02,CUSTOMER,FULL,2002-01-01,23,1978-01-01,47,600000,48,4,0,0,6139,"2025-07-02 17:09:51"
25157797696,2025-06-29,CUSTOMER,FULL,1975-01-01,50,NULL,-1,810000,36,3,0,0,30577,"2025-07-02 17:09:07"
8800199736,2025-06-20,CUSTOMER,FULL,1995-12-11,29,1976-01-01,49,610000,60,5,0,0,7191,"2025-07-02 17:07:54"
25158098836,2025-07-02,CUSTOMER,FULL,1985-12-01,39,NULL,0,260000,24,2,0,0,2930,"2025-07-02 17:07:35"
8800110430,2025-07-02,CUSTOMER,FULL,1992-02-14,33,1993-12-01,31,420000,48,4,0,0,5333,"2025-07-02 17:07:07"
25157931425,2025-06-30,CUSTOMER,FULL,1998-07-04,26,1977-01-10,48,1998000,84,7,0,0,31852,"2025-07-02 17:06:57"
25157581395,2025-06-19,CO-APPLICANT,FULL,1964-01-01,61,1994-01-01,31,170000,24,2,0,0,1274,"2025-07-02 17:06:15"
25157691182,2025-06-27,CUSTOMER,FULL,1993-04-17,32,NULL,-1,640000,60,5,0,0,8957,"2025-07-02 17:05:58"
25157688612,2025-06-27,CUSTOMER,FULL,1987-01-01,38,1989-01-01,36,610000,48,4,0,0,10272,"2025-07-02 17:05:50"
8800328553,2025-07-02,CUSTOMER,FULL,1977-08-22,47,1988-04-19,37,193000,11,1,0,0,3488,"2025-07-02 17:05:44"
25157928176,2025-06-30,CUSTOMER,FULL,1998-05-11,27,NULL,-1,85000,24,2,0,0,592,"2025-07-02 17:05:17"
8800160922,2025-07-02,CUSTOMER,FULL,1985-04-04,40,NULL,0,210000,30,3,0,0,3078,"2025-07-02 17:04:56"
8800263230,2025-06-30,CUSTOMER,FULL,2000-02-22,25,1981-01-01,44,830000,60,5,0,0,10363,"2025-07-02 17:04:09"
8800222395,2025-06-28,CUSTOMER,FULL,2003-03-18,22,NULL,-1,290000,36,3,0,0,2553,"2025-07-02 17:03:42"
8800338252,2025-07-02,CUSTOMER,FULL,1986-01-01,39,NULL,0,275000,48,4,0,0,4959,"2025-07-02 17:02:45"
25157932257,2025-07-01,CUSTOMER,FULL,1998-01-28,27,1965-08-01,59,590000,60,5,0,0,7471,"2025-07-02 17:01:55"
25157667609,2025-06-25,CUSTOMER,FULL,1987-01-01,38,1989-01-02,36,320000,36,3,0,0,4188,"2025-07-02 17:00:50"
25157702540,2025-06-28,CUSTOMER,FULL,2000-08-05,24,NULL,-1,255000,36,3,0,0,2083,"2025-07-02 17:00:33"
8800379110,2025-06-27,CUSTOMER,FULL,1979-01-01,46,NULL,-1,315000,30,3,0,0,8219,"2025-07-02 16:58:19"
8800218503,2025-06-30,CUSTOMER,FULL,1996-01-01,29,1964-01-01,61,250000,36,3,0,0,2319,"2025-07-02 16:58:17"
25158090723,2025-07-02,CUSTOMER,FULL,1999-01-01,26,1977-01-01,48,670000,48,4,0,0,7140,"2025-07-02 16:58:02"
25158042187,2025-07-02,CUSTOMER,FULL,1997-06-22,28,NULL,0,1000000,60,5,0,0,11612,"2025-07-02 16:57:07"
25158100473,2025-07-02,CUSTOMER,FULL,1997-01-01,28,NULL,0,265000,36,3,0,0,2311,"2025-07-02 16:56:25"
25158120232,2025-07-02,CUSTOMER,FULL,1976-07-01,49,NULL,0,600000,48,4,0,0,26359,"2025-07-02 16:56:07"
8800168667,2025-06-18,CUSTOMER,FULL,1995-01-03,30,1959-01-01,66,692000,60,5,0,0,9334,"2025-07-02 16:56:01"
25157624283,2025-06-21,CUSTOMER,FULL,1993-12-03,31,NULL,-1,1100000,60,5,0,0,15330,"2025-07-02 16:56:00"
8800257073,2025-06-30,CUSTOMER,FULL,1998-02-10,27,NULL,-1,580000,60,5,0,0,6653,"2025-07-02 16:55:45"
8800373683,2025-07-02,CUSTOMER,"PARTIAL FINANCE AMOUNT",1975-04-06,50,NULL,0,560000,24,2,420000,0,12896,"2025-07-02 16:55:45"
8800098388,2025-07-02,CUSTOMER,FULL,1975-02-19,50,NULL,0,1600000,60,5,0,0,92003,"2025-07-02 16:54:41"
25158120217,2025-07-02,CUSTOMER,FULL,1987-05-01,38,NULL,0,80000,24,2,0,0,844,"2025-07-02 16:53:25"
25158071642,2025-07-02,CUSTOMER,FULL,1981-03-05,44,NULL,0,80000,12,1,0,0,1132,"2025-07-02 16:50:45"
8800366755,2025-07-02,CUSTOMER,FULL,1978-01-01,47,NULL,0,165000,30,3,0,0,4827,"2025-07-02 16:50:11"
25157626229,2025-06-22,CUSTOMER,FULL,1996-01-01,29,1999-07-03,25,675000,60,5,0,0,8858,"2025-07-02 16:50:10"
8800255541,2025-06-25,CUSTOMER,FULL,1993-01-15,32,NULL,-1,1170000,84,7,0,0,21055,"2025-07-02 16:49:51"
8800326475,2025-06-27,CUSTOMER,FULL,2002-10-11,22,NULL,-1,200000,36,3,0,0,1721,"2025-07-02 16:49:47"
25158118350,2025-07-02,CUSTOMER,FULL,1976-01-01,49,NULL,0,750000,60,5,0,0,37914,"2025-07-02 16:49:47"
25157689404,2025-06-27,CUSTOMER,FULL,1987-01-01,38,NULL,-1,450000,60,5,0,0,8688,"2025-07-02 16:49:08"
25157921577,2025-06-30,CUSTOMER,FULL,1998-03-20,27,1972-07-08,52,305000,60,5,0,0,3754,"2025-07-02 16:47:55"
25157671474,2025-06-26,CUSTOMER,FULL,1998-01-01,27,1960-01-01,65,250000,30,3,0,0,2210,"2025-07-02 16:46:51"
8800368887,2025-07-02,CUSTOMER,FULL,1992-06-10,33,NULL,0,500000,24,2,0,0,3948,"2025-07-02 16:46:24"
25157700894,2025-06-28,CUSTOMER,FULL,2000-01-01,25,1997-01-01,28,975000,60,5,0,0,10562,"2025-07-02 16:46:20"
25158106796,2025-07-02,CUSTOMER,FULL,2001-06-13,24,1970-06-04,55,700000,60,5,0,0,8740,"2025-07-02 16:45:26"
25157657760,2025-06-25,CUSTOMER,FULL,1989-04-10,36,1959-01-01,66,800000,60,5,0,0,13113,"2025-07-02 16:45:14"
8800294030,2025-06-16,CUSTOMER,FULL,1983-01-01,42,NULL,-1,250000,48,4,0,0,5544,"2025-07-02 16:44:52"
25158038384,2025-07-02,CUSTOMER,FULL,2003-03-02,22,1981-01-01,44,700000,60,5,0,0,8740,"2025-07-02 16:44:22"
25158122548,2025-07-02,CUSTOMER,FULL,1992-01-01,33,NULL,0,650000,60,5,0,0,9841,"2025-07-02 16:43:24"
8800250977,2025-06-29,CUSTOMER,FULL,1997-11-30,27,NULL,-1,550000,60,5,0,0,6964,"2025-07-02 16:43:12"
8800303430,2025-06-14,CUSTOMER,FULL,1996-01-01,29,1972-01-01,53,350000,48,4,0,0,3879,"2025-07-02 16:41:16"
8800374806,2025-07-02,CUSTOMER,FULL,1993-04-22,32,1967-01-01,58,700000,60,5,0,0,10144,"2025-07-02 16:39:19"
25158110560,2025-07-02,CUSTOMER,FULL,1980-01-01,45,NULL,0,900000,60,5,0,0,32381,"2025-07-02 16:39:01"
25158055197,2025-07-02,CUSTOMER,FULL,1996-07-01,29,NULL,0,550000,36,3,0,0,5102,"2025-07-02 16:38:05"
25158098778,2025-07-02,CUSTOMER,FULL,1996-08-22,28,1969-01-01,56,1400000,72,6,0,0,20535,"2025-07-02 16:37:22"
8800261913,2025-07-02,CUSTOMER,FULL,1999-01-01,26,1999-01-01,26,670000,48,4,0,0,7140,"2025-07-02 16:37:21"
8800141926,2025-07-02,CUSTOMER,FULL,1985-01-01,40,NULL,0,297500,47,4,0,0,5761,"2025-07-02 16:37:12"
25156752351,2025-05-31,CUSTOMER,FULL,1990-01-01,35,1977-01-01,48,450000,36,3,0,0,5125,"2025-07-02 16:36:40"
25157656868,2025-06-25,CUSTOMER,FULL,1995-08-10,29,1981-01-01,44,1875000,47,4,0,0,20643,"2025-07-02 16:36:06"
8800306058,2025-06-30,CUSTOMER,FULL,1970-06-01,55,1979-04-17,46,510000,60,5,0,0,45286,"2025-07-02 16:35:25"
8800285671,2025-07-01,CUSTOMER,FULL,1998-08-08,26,1957-01-01,68,700000,48,4,0,0,7459,"2025-07-02 16:33:14"
8800320513,2025-06-25,CUSTOMER,FULL,1979-07-25,45,NULL,-1,1100000,60,5,0,0,39577,"2025-07-02 16:33:03"
8800128769,2025-07-02,CUSTOMER,FULL,1991-01-24,34,1997-05-05,28,770000,48,4,0,0,10250,"2025-07-02 16:32:31"
8800219386,2025-07-02,CUSTOMER,FULL,1988-01-01,37,NULL,0,450000,48,4,0,0,6866,"2025-07-02 16:32:30"
25158090592,2025-07-02,CUSTOMER,FULL,1982-02-10,43,1986-06-10,39,120000,23,2,0,0,1586,"2025-07-02 16:32:08"
8800102618,2025-07-02,CUSTOMER,FULL,1994-09-13,30,2000-05-03,25,600000,60,5,0,0,8093,"2025-07-02 16:31:18"
25158104401,2025-07-02,CUSTOMER,FULL,1981-03-10,44,1982-07-14,42,954000,72,6,0,0,34616,"2025-07-02 16:30:56"
8800203290,2025-06-23,CUSTOMER,FULL,1994-04-22,31,1970-01-01,55,352000,36,3,0,0,3423,"2025-07-02 16:30:22"
8800252239,2025-06-24,CUSTOMER,FULL,1989-12-23,35,NULL,-1,2025000,84,7,0,0,41195,"2025-07-02 16:30:06"
25158044339,2025-07-02,CUSTOMER,FULL,1992-05-04,33,NULL,0,450000,36,3,0,0,4652,"2025-07-02 16:29:59"
25157440441,2025-06-10,CUSTOMER,FULL,1983-01-01,42,NULL,-1,265000,36,3,0,0,4435,"2025-07-02 16:28:54"
25158039326,2025-07-02,CUSTOMER,FULL,1996-01-01,29,NULL,0,250000,30,3,0,0,2275,"2025-07-02 16:28:21"
25158106665,2025-07-02,CUSTOMER,FULL,2001-08-15,23,NULL,0,798000,60,5,0,0,8513,"2025-07-02 16:28:13"
25157492972,2025-06-12,CUSTOMER,FULL,1991-01-01,34,1988-01-11,37,500000,24,2,0,0,4096,"2025-07-02 16:27:56"
25158108293,2025-07-02,CUSTOMER,FULL,1969-01-01,56,NULL,0,450000,36,3,0,0,29816,"2025-07-02 16:27:35"
25158038461,2025-07-02,CUSTOMER,FULL,1992-01-01,33,1963-01-01,62,700000,47,4,0,0,8707,"2025-07-02 16:26:37"
25158104344,2025-07-02,CUSTOMER,FULL,1994-03-03,31,NULL,0,585000,59,5,0,0,8153,"2025-07-02 16:25:45"
25157692433,2025-06-27,CUSTOMER,FULL,2003-01-01,22,1982-01-01,43,939000,48,4,0,0,8721,"2025-07-02 16:25:23"
25158108447,2025-07-02,CUSTOMER,FULL,1996-07-08,28,NULL,0,275000,24,2,0,0,2025,"2025-07-02 16:25:23"
25157314283,2025-06-05,CUSTOMER,FULL,1999-01-01,26,1958-01-01,67,1150000,72,6,0,0,16474,"2025-07-02 16:25:13"
25158051457,2025-07-02,CUSTOMER,FULL,1996-08-02,28,1998-01-01,27,680000,48,4,0,0,7399,"2025-07-02 16:24:13"
25158108377,2025-07-02,CUSTOMER,FULL,1990-01-01,35,NULL,0,337000,36,3,0,0,3452,"2025-07-02 16:24:12"
25158039196,2025-07-02,CUSTOMER,FULL,1993-11-13,31,1997-09-23,27,993000,60,5,0,0,12163,"2025-07-02 16:22:45"
8800387303,2025-07-02,CUSTOMER,FULL,1981-01-10,44,1996-07-02,29,800000,72,6,0,0,29028,"2025-07-02 16:22:32"
25158070068,2025-07-02,CUSTOMER,FULL,1992-01-01,33,NULL,0,350000,36,3,0,0,3618,"2025-07-02 16:22:15"
8800331060,2025-06-26,CUSTOMER,FULL,1996-06-16,29,1991-03-05,34,750000,72,6,0,0,11408,"2025-07-02 16:21:12"
25157661630,2025-06-25,CUSTOMER,FULL,1999-04-14,26,NULL,-1,150000,30,3,0,0,1337,"2025-07-02 16:19:41"
25158090668,2025-07-02,CUSTOMER,FULL,1975-01-02,50,NULL,0,250000,30,3,0,0,9438,"2025-07-02 16:18:08"
8800277357,2025-07-02,CUSTOMER,FULL,1982-12-11,42,NULL,0,650000,48,4,0,0,14412,"2025-07-02 16:16:39"
25158051270,2025-07-02,CUSTOMER,FULL,2001-04-05,24,1972-12-25,52,520000,60,5,0,0,6492,"2025-07-02 16:16:23"
8800284072,2025-07-02,CUSTOMER,FULL,2002-09-08,22,NULL,0,490000,36,3,0,0,4314,"2025-07-02 16:15:13"
25157699975,2025-06-28,CUSTOMER,FULL,1997-01-01,28,1961-01-01,64,435000,33,3,0,0,3891,"2025-07-02 16:14:54"
25158049089,2025-07-02,CUSTOMER,FULL,2005-05-10,20,NULL,0,580000,48,4,0,0,6146,"2025-07-02 16:14:12"
25157549561,2025-06-16,CUSTOMER,FULL,1995-01-31,30,1995-01-05,30,500000,48,4,0,0,5216,"2025-07-02 16:14:00"
25158068232,2025-07-02,CUSTOMER,FULL,1967-07-03,57,1976-12-25,48,390000,48,4,0,0,32486,"2025-07-02 16:13:36"
25158096631,2025-07-02,CUSTOMER,FULL,1996-06-06,29,1996-01-28,29,400000,36,3,0,0,3710,"2025-07-02 16:12:55"
25158068105,2025-07-02,CUSTOMER,FULL,1978-10-10,46,2001-02-24,24,1400000,48,4,0,0,44671,"2025-07-02 16:12:21"
25157689130,2025-06-27,CUSTOMER,FULL,1999-03-08,26,1995-01-01,30,270000,36,3,0,0,2406,"2025-07-02 16:12:05"
25158088314,2025-07-02,CUSTOMER,FULL,1994-01-26,31,NULL,0,400000,24,2,0,0,2999,"2025-07-02 16:11:46"
25158043952,2025-07-02,CUSTOMER,FULL,1973-01-01,52,2000-03-24,25,300000,36,3,0,0,14323,"2025-07-02 16:11:06"
25157667232,2025-06-26,CUSTOMER,FULL,1976-08-10,48,NULL,-1,790000,60,5,0,0,37494,"2025-07-02 16:11:02"
25157928942,2025-06-30,CUSTOMER,FULL,1993-05-07,32,NULL,-1,330000,36,3,0,0,3081,"2025-07-02 16:10:58"
25157931267,2025-06-30,CUSTOMER,FULL,2003-07-17,21,1984-04-08,41,1130000,60,5,0,0,11814,"2025-07-02 16:10:52"
25157933305,2025-06-30,CUSTOMER,FULL,1995-01-01,30,1990-01-01,35,683100,60,5,0,0,9214,"2025-07-02 16:10:37"
25158094862,2025-07-02,CUSTOMER,FULL,2001-04-25,24,NULL,0,488000,36,3,0,0,4296,"2025-07-02 16:10:02"
25157690308,2025-07-02,CUSTOMER,FULL,1994-02-05,31,NULL,0,494000,60,5,0,0,6885,"2025-07-02 16:10:00"
25157926056,2025-06-30,CUSTOMER,FULL,1985-02-01,40,NULL,-1,450000,55,5,0,0,10498,"2025-07-02 16:09:39"
8800119198,2025-07-02,CUSTOMER,FULL,1997-04-03,28,2000-02-01,25,200000,48,4,0,0,2160,"2025-07-02 16:09:38"
25157956709,2025-07-01,CUSTOMER,FULL,1995-01-26,30,1993-01-10,32,860000,60,5,0,0,11600,"2025-07-02 16:09:02"
8800279494,2025-06-20,CUSTOMER,FULL,1997-05-14,28,NULL,-1,280000,48,4,0,0,3024,"2025-07-02 16:08:45"
8800257662,2025-06-30,CUSTOMER,FULL,2001-01-01,24,1974-01-01,51,660000,60,5,0,0,8240,"2025-07-02 16:08:34"
25158080273,2025-07-02,CUSTOMER,FULL,1988-09-29,36,NULL,0,720000,33,3,0,0,8564,"2025-07-02 16:06:26"
25158086519,2025-07-02,CUSTOMER,FULL,1995-10-20,29,NULL,0,850000,60,5,0,0,10020,"2025-07-02 16:05:56"
25158096442,2025-07-02,CUSTOMER,FULL,1984-01-01,41,NULL,0,310000,36,3,0,0,5191,"2025-07-02 16:05:16"
25157641975,2025-06-23,CUSTOMER,FULL,1992-12-11,32,NULL,-1,708000,60,5,0,0,8923,"2025-07-02 16:04:53"
25158043021,2025-07-02,CUSTOMER,FULL,1991-11-06,33,NULL,0,375000,48,4,0,0,4762,"2025-07-02 16:03:29"
8800221712,2025-06-27,CUSTOMER,FULL,1982-05-15,43,NULL,-1,320000,47,4,0,0,7760,"2025-07-02 16:03:24"
25158072387,2025-07-02,CUSTOMER,FULL,1979-01-01,46,NULL,0,350000,48,4,0,0,11461,"2025-07-02 16:03:08"
25157974957,2025-07-01,CUSTOMER,FULL,1991-04-05,34,NULL,-1,900000,60,5,0,0,12150,"2025-07-02 16:02:12"
25158096559,2025-07-02,CUSTOMER,FULL,1995-09-24,29,NULL,0,330000,36,3,0,0,2917,"2025-07-02 16:01:55"
25157670824,2025-06-26,CUSTOMER,FULL,1985-01-01,40,1995-01-01,30,723000,48,4,0,0,14001,"2025-07-02 16:01:22"
25158071195,2025-07-02,CUSTOMER,FULL,1995-01-01,30,NULL,0,750000,48,4,0,0,8523,"2025-07-02 16:01:21"
25158041195,2025-07-02,CUSTOMER,FULL,1984-01-01,41,1990-01-01,35,165000,24,2,0,0,2140,"2025-07-02 16:01:20"
25158038326,2025-07-02,CUSTOMER,FULL,1991-11-22,33,1981-09-15,43,500000,48,4,0,0,6219,"2025-07-02 16:01:19"
25157652605,2025-06-24,CUSTOMER,FULL,1985-01-01,40,NULL,-1,200000,30,3,0,0,3102,"2025-07-02 16:01:15"
8800260724,2025-06-29,CUSTOMER,FULL,1996-06-25,29,NULL,-1,350000,48,4,0,0,3879,"2025-07-02 16:00:10"
25158100477,2025-07-02,CUSTOMER,FULL,1981-06-19,44,NULL,0,700000,60,5,0,0,19775,"2025-07-02 16:00:01"
25158061007,2025-07-02,CUSTOMER,FULL,1985-05-14,40,NULL,0,200000,24,2,0,0,2415,"2025-07-02 15:59:57"
8800136339,2025-07-01,CUSTOMER,FULL,1997-11-09,27,1967-06-01,58,175000,24,2,0,0,1219,"2025-07-02 15:58:09"
25157636066,2025-06-23,CUSTOMER,FULL,1987-04-30,38,NULL,-1,450000,48,4,0,0,7339,"2025-07-02 15:57:31"
25158044388,2025-07-02,CUSTOMER,FULL,1980-02-03,45,2000-07-09,24,850000,60,5,0,0,30582,"2025-07-02 15:57:08"
8800012119,2025-07-01,CUSTOMER,FULL,1994-03-03,31,1994-03-03,31,885000,72,6,0,0,14349,"2025-07-02 15:57:08"
25158078760,2025-07-02,CUSTOMER,FULL,1985-01-01,40,1990-01-01,35,120000,24,2,0,0,1353,"2025-07-02 15:56:46"
8800010275,2025-07-02,CUSTOMER,FULL,1986-05-28,39,1986-02-27,39,330000,36,3,0,0,4806,"2025-07-02 15:56:12"
8800403628,2025-07-02,CUSTOMER,FULL,1984-05-15,41,1991-10-20,33,1850000,48,4,0,0,37679,"2025-07-02 15:55:52"
25157666269,2025-06-25,CUSTOMER,FULL,1993-03-11,32,NULL,-1,896500,60,5,0,0,12991,"2025-07-02 15:55:20"
25157812368,2025-06-29,CUSTOMER,FULL,1995-01-01,30,NULL,-1,325000,36,3,0,0,2915,"2025-07-02 15:55:20"
25158067678,2025-07-02,CUSTOMER,FULL,1994-07-01,31,1959-01-01,66,400000,36,3,0,0,3833,"2025-07-02 15:55:10"
25158094801,2025-07-02,CUSTOMER,"PARTIAL TENURE",1973-01-01,52,NULL,0,400000,48,4,0,2,15166,"2025-07-02 15:54:40"
25157658427,2025-06-25,CUSTOMER,"PARTIAL FINANCE AMOUNT",1976-01-01,49,NULL,-1,200000,24,2,150000,0,4128,"2025-07-02 15:54:24"
25158080216,2025-07-02,CUSTOMER,FULL,2004-03-24,21,1986-03-01,39,830000,60,5,0,0,10363,"2025-07-02 15:53:46"
25157684908,2025-06-27,CUSTOMER,FULL,1974-08-04,50,1992-11-15,32,1700000,84,7,0,0,127843,"2025-07-02 15:53:39"
25158088367,2025-07-02,CUSTOMER,FULL,1990-11-12,34,NULL,0,750000,84,7,0,0,16063,"2025-07-02 15:53:17"
25158086598,2025-07-02,CUSTOMER,FULL,2000-01-15,25,NULL,0,320000,42,4,0,0,3040,"2025-07-02 15:53:02"
25158041247,2025-07-02,CUSTOMER,FULL,1990-09-07,34,NULL,0,235000,36,3,0,0,2330,"2025-07-02 15:52:37"
25157648057,2025-06-24,CUSTOMER,FULL,1996-04-12,29,NULL,-1,460000,42,4,0,0,5097,"2025-07-02 15:51:17"
25158096528,2025-07-02,CUSTOMER,FULL,1990-07-23,34,NULL,0,920000,83,7,0,0,17902,"2025-07-02 15:51:07"
25158080299,2025-07-02,CUSTOMER,FULL,1979-09-16,45,NULL,0,500000,48,4,0,0,12963,"2025-07-02 15:50:32"
25157926551,2025-06-30,CUSTOMER,FULL,1987-01-01,38,NULL,-1,600000,48,4,0,0,10104,"2025-07-02 15:50:30"
8800167757,2025-06-10,CUSTOMER,FULL,2002-12-01,22,NULL,-1,1000000,60,5,0,0,10597,"2025-07-02 15:50:28"
25158071477,2025-07-02,CUSTOMER,FULL,1994-02-05,31,NULL,0,197000,24,2,0,0,1488,"2025-07-02 15:49:59"
25158090683,2025-07-02,CUSTOMER,FULL,2006-01-01,19,1974-05-08,51,560000,48,4,0,0,5875,"2025-07-02 15:49:51"
25158068206,2025-07-02,CUSTOMER,FULL,1997-05-12,28,2000-02-10,25,880000,71,6,0,0,12908,"2025-07-02 15:49:34"
25157930784,2025-07-02,CUSTOMER,FULL,1999-04-21,26,NULL,0,850000,48,4,0,0,9058,"2025-07-02 15:49:28"
8800200563,2025-06-27,CUSTOMER,FULL,1993-02-02,32,1964-01-01,61,880000,60,5,0,0,11091,"2025-07-02 15:49:22"
25158094587,2025-07-02,CUSTOMER,FULL,2003-03-22,22,NULL,0,830000,60,5,0,0,10363,"2025-07-02 15:49:15"
25157928508,2025-06-30,CUSTOMER,FULL,1986-01-01,39,1988-01-01,37,1200000,72,6,0,0,29482,"2025-07-02 15:48:27"
25158072186,2025-07-02,CUSTOMER,FULL,1980-01-01,45,1989-06-01,36,600000,60,5,0,0,21587,"2025-07-02 15:48:11"
25158072216,2025-07-02,CUSTOMER,FULL,1995-06-09,30,NULL,0,222000,35,3,0,0,1991,"2025-07-02 15:47:49"
25157947397,2025-07-01,CUSTOMER,FULL,2003-07-14,21,1970-02-02,55,480000,60,5,0,0,5993,"2025-07-02 15:47:34"
25157643414,2025-06-23,CUSTOMER,FULL,1994-01-28,31,2001-08-30,23,80000,18,2,0,0,600,"2025-07-02 15:47:30"
25157717313,2025-07-02,CUSTOMER,FULL,1996-09-02,28,1973-01-01,52,889505,48,4,0,0,9678,"2025-07-02 15:47:12"
25157932613,2025-06-30,CUSTOMER,FULL,1995-06-01,30,1960-06-01,65,750000,60,5,0,0,10116,"2025-07-02 15:46:46"
25157668118,2025-06-25,CUSTOMER,FULL,2004-11-08,20,1979-04-17,46,1425000,35,3,0,0,11889,"2025-07-02 15:46:07"
8800367787,2025-07-02,CUSTOMER,FULL,1986-11-16,38,NULL,0,1050000,48,4,0,0,17123,"2025-07-02 15:45:56"
25158072287,2025-07-02,CUSTOMER,FULL,1993-07-30,31,NULL,0,590000,72,6,0,0,9566,"2025-07-02 15:44:57"
25158069704,2025-07-02,CUSTOMER,FULL,1998-08-08,26,1975-07-05,49,950000,60,5,0,0,10796,"2025-07-02 15:44:13"
25157934352,2025-07-01,CUSTOMER,FULL,1987-01-01,38,NULL,-1,330000,48,4,0,0,5144,"2025-07-02 15:44:07"
25158039274,2025-07-02,CUSTOMER,FULL,1989-05-03,36,NULL,0,520000,36,3,0,0,6216,"2025-07-02 15:44:02"
25158042047,2025-07-02,CUSTOMER,FULL,1991-02-25,34,NULL,0,650000,60,5,0,0,10340,"2025-07-02 15:44:01"
25157662275,2025-06-25,CUSTOMER,FULL,1985-01-01,40,NULL,-1,331000,36,3,0,0,4852,"2025-07-02 15:43:54"
25158088172,2025-07-02,CUSTOMER,FULL,1981-05-02,44,NULL,0,150000,24,2,0,0,2487,"2025-07-02 15:43:30"
8800127008,2025-07-02,CUSTOMER,FULL,1976-01-01,49,1998-01-12,27,720000,48,4,0,0,30450,"2025-07-02 15:43:06"
25158084149,2025-07-02,CUSTOMER,FULL,1983-05-05,42,NULL,0,278000,36,3,0,0,5056,"2025-07-02 15:42:26"
8800242860,2025-07-02,CUSTOMER,FULL,1992-08-01,32,NULL,0,340000,30,3,0,0,3375,"2025-07-02 15:42:17"
25157931505,2025-06-30,CUSTOMER,FULL,1997-01-01,28,NULL,-1,310000,36,3,0,0,2704,"2025-07-02 15:40:05"
25157489579,2025-06-12,CUSTOMER,FULL,1988-06-29,36,NULL,-1,490000,60,5,0,0,8720,"2025-07-02 15:39:42"
25157368903,2025-06-09,CUSTOMER,FULL,1980-07-01,44,1982-07-01,42,1470000,84,7,0,0,61527,"2025-07-02 15:39:18"
25157688021,2025-06-27,CUSTOMER,FULL,1981-01-01,44,1984-01-01,41,500000,48,4,0,0,13470,"2025-07-02 15:39:02"
25157820285,2025-06-29,CUSTOMER,FULL,1991-03-07,34,NULL,-1,307000,36,3,0,0,3043,"2025-07-02 15:39:01"
25157690959,2025-06-27,CUSTOMER,FULL,2000-01-01,25,1972-01-01,53,323000,42,4,0,0,3069,"2025-07-02 15:38:15"
8800389355,2025-07-02,CUSTOMER,FULL,1990-06-01,35,NULL,0,460000,36,3,0,0,5239,"2025-07-02 15:38:00"
25157599505,2025-06-20,CUSTOMER,FULL,2003-01-01,22,1997-01-01,28,610000,60,5,0,0,7616,"2025-07-02 15:36:49"
25158069748,2025-07-02,CUSTOMER,FULL,2001-07-08,23,1971-01-01,54,310000,30,3,0,0,2693,"2025-07-02 15:35:36"
8800008589,2025-06-26,CUSTOMER,FULL,1995-10-15,29,1984-12-13,40,425000,48,4,0,0,4369,"2025-07-02 15:33:59"
8800177604,2025-07-02,CUSTOMER,FULL,1990-01-01,35,NULL,0,1000000,72,6,0,0,18007,"2025-07-02 15:32:39"
25157702091,2025-06-28,CUSTOMER,FULL,1981-10-01,43,NULL,-1,570000,48,4,0,0,12450,"2025-07-02 15:32:35"
25158063340,2025-07-02,CUSTOMER,FULL,1988-01-01,37,1944-01-01,81,500000,36,3,0,0,6390,"2025-07-02 15:30:43"
8800204678,2025-07-02,CUSTOMER,FULL,1992-07-10,32,NULL,0,350000,36,3,0,0,3474,"2025-07-02 15:30:02"
25158038751,2025-07-02,CUSTOMER,FULL,1993-10-04,31,NULL,0,287000,36,3,0,0,2622,"2025-07-02 15:29:58"
25158076269,2025-07-02,CUSTOMER,FULL,1995-02-02,30,1974-04-08,51,1000000,60,5,0,0,12001,"2025-07-02 15:29:57"
25157543717,2025-06-16,CUSTOMER,FULL,1996-02-02,29,1994-08-26,30,1400000,35,3,0,0,12985,"2025-07-02 15:29:48"
25158080339,2025-07-02,CUSTOMER,FULL,1994-11-24,30,NULL,0,345000,36,3,0,0,3094,"2025-07-02 15:29:25"
8800251982,2025-06-25,CUSTOMER,FULL,2001-04-18,24,1985-01-01,40,544000,48,4,0,0,5791,"2025-07-02 15:28:46"
8800255004,2025-07-02,CUSTOMER,FULL,1987-04-17,38,1954-06-28,71,375000,36,3,0,0,5107,"2025-07-02 15:28:17"
25158072174,2025-07-02,CUSTOMER,FULL,2000-10-25,24,1980-03-18,45,280000,35,3,0,0,2287,"2025-07-02 15:28:01"
25157929401,2025-06-30,CUSTOMER,FULL,1992-02-15,33,NULL,-1,330000,48,4,0,0,3715,"2025-07-02 15:27:32"
25157688459,2025-06-27,CUSTOMER,FULL,1995-08-23,29,1965-08-15,59,200000,24,2,0,0,1474,"2025-07-02 15:27:12"
25158059421,2025-07-02,CUSTOMER,FULL,1982-01-01,43,NULL,0,970000,60,5,0,0,25182,"2025-07-02 15:27:02"
25158071096,2025-07-02,CUSTOMER,FULL,1990-09-13,34,1993-03-12,32,440000,48,4,0,0,5857,"2025-07-02 15:26:35"
25157920936,2025-06-30,CUSTOMER,FULL,1993-03-13,32,NULL,-1,330000,36,3,0,0,3081,"2025-07-02 15:25:33"
8800400228,2025-07-02,CUSTOMER,FULL,1991-06-14,34,NULL,0,310000,42,4,0,0,3607,"2025-07-02 15:25:32"
25157696595,2025-06-28,CUSTOMER,FULL,1981-06-07,44,NULL,-1,420000,30,3,0,0,9065,"2025-07-02 15:25:29"
25157683264,2025-06-27,CUSTOMER,FULL,1986-01-01,39,1980-01-01,45,888000,72,6,0,0,21817,"2025-07-02 15:25:13"
25157433993,2025-06-10,CUSTOMER,FULL,1995-03-20,30,NULL,-1,512000,48,4,0,0,5819,"2025-07-02 15:24:23"
25157981090,2025-07-02,CUSTOMER,FULL,1981-10-26,43,1970-08-12,54,467000,60,5,0,0,13920,"2025-07-02 15:24:14"
8800231007,2025-07-02,CO-APPLICANT,FULL,1971-01-01,54,1993-06-10,32,369000,36,3,0,0,3662,"2025-07-02 15:23:51"
8800389501,2025-07-02,CUSTOMER,FULL,1985-03-12,40,1978-01-01,47,1170000,71,6,0,0,32196,"2025-07-02 15:23:34"
8800345909,2025-06-27,CUSTOMER,FULL,1994-06-20,31,1998-08-06,26,615000,60,5,0,0,8571,"2025-07-02 15:22:59"
25158084281,2025-07-02,CUSTOMER,FULL,1972-04-09,53,NULL,0,659000,36,3,0,0,32108,"2025-07-02 15:20:37"
25157932136,2025-06-30,CUSTOMER,FULL,1986-07-30,38,1981-05-23,44,1020000,72,6,0,0,24265,"2025-07-02 15:19:57"
25157670606,2025-06-26,CUSTOMER,FULL,1999-01-21,26,NULL,-1,256000,36,3,0,0,2200,"2025-07-02 15:18:47"
25158070509,2025-07-02,CUSTOMER,FULL,1990-03-09,35,NULL,0,400000,48,4,0,0,5457,"2025-07-02 15:18:43"
25157695057,2025-06-28,CUSTOMER,FULL,1993-04-07,32,NULL,-1,1500000,84,7,0,0,26993,"2025-07-02 15:18:21"
8800357356,2025-07-02,CUSTOMER,FULL,1997-01-01,28,NULL,0,3300000,58,5,0,0,41355,"2025-07-02 15:17:39"
25157688450,2025-06-27,CUSTOMER,FULL,1990-02-03,35,1986-02-15,39,945000,72,6,0,0,17017,"2025-07-02 15:17:32"
25158071404,2025-07-02,CUSTOMER,FULL,1990-07-05,34,NULL,0,300000,36,3,0,0,3247,"2025-07-02 15:17:16"
25157592032,2025-06-19,CUSTOMER,FULL,1986-06-04,39,1983-04-28,42,120000,35,3,0,0,1748,"2025-07-02 15:16:50"
25158041672,2025-07-02,CUSTOMER,FULL,1993-01-01,32,NULL,0,440000,36,3,0,0,4367,"2025-07-02 15:16:36"
25157803906,2025-06-29,CUSTOMER,FULL,1988-01-05,37,1987-12-04,37,950000,60,5,0,0,17993,"2025-07-02 15:16:15"
25158049076,2025-07-02,CUSTOMER,FULL,1991-06-07,34,1999-06-17,26,690000,48,4,0,0,9185,"2025-07-02 15:16:07"
25158042390,2025-07-02,CUSTOMER,FULL,1982-05-01,43,NULL,0,1000000,48,4,0,0,21842,"2025-07-02 15:15:52"
8800298287,2025-06-28,CUSTOMER,FULL,1988-11-08,36,NULL,-1,450000,36,3,0,0,5417,"2025-07-02 15:14:26"
25158070753,2025-07-02,CUSTOMER,FULL,1979-07-18,45,2003-03-22,22,830000,60,5,0,0,29862,"2025-07-02 15:14:13"
25157961496,2025-07-01,CUSTOMER,FULL,2003-10-12,21,1959-02-01,66,1200000,84,7,0,0,17318,"2025-07-02 15:13:44"
25158063308,2025-07-02,CUSTOMER,FULL,1991-09-18,33,1994-11-25,30,350000,18,2,0,0,2764,"2025-07-02 15:12:50"
25158042975,2025-07-02,CUSTOMER,FULL,1984-03-23,41,NULL,0,710000,60,5,0,0,17888,"2025-07-02 15:12:13"
25157623903,2025-06-21,CUSTOMER,FULL,1999-01-06,26,1970-05-02,55,330000,48,4,0,0,3295,"2025-07-02 15:12:11"
25157949059,2025-07-01,CUSTOMER,FULL,1994-10-25,30,1982-05-19,43,595000,48,4,0,0,6762,"2025-07-02 15:12:01"
25158044389,2025-07-02,CUSTOMER,FULL,1985-01-01,40,1988-04-25,37,818000,60,5,0,0,16902,"2025-07-02 15:11:25"
25157928465,2025-07-02,CUSTOMER,FULL,1991-03-02,34,1963-01-01,62,520000,83,7,0,0,11137,"2025-07-02 15:09:45"
25158038323,2025-07-02,CUSTOMER,FULL,1993-10-10,31,NULL,0,500000,60,5,0,0,6125,"2025-07-02 15:09:34"
8800239411,2025-07-02,CUSTOMER,FULL,1987-01-01,38,NULL,0,325000,48,4,0,0,5300,"2025-07-02 15:09:16"
25157821117,2025-06-30,CUSTOMER,FULL,1993-06-22,32,1962-02-20,63,378000,84,7,0,0,7324,"2025-07-02 15:08:54"
8800034179,2025-06-12,CUSTOMER,FULL,1976-06-22,48,NULL,-1,354000,36,3,0,0,11429,"2025-07-02 15:08:43"
8800337317,2025-07-02,CUSTOMER,FULL,1987-05-16,38,NULL,0,489000,36,3,0,0,6602,"2025-07-02 15:08:13"
8800360276,2025-06-25,CUSTOMER,FULL,1980-01-01,45,1994-08-27,30,500000,48,4,0,0,14809,"2025-07-02 15:07:43"
25158070121,2025-07-02,CUSTOMER,FULL,1994-04-19,31,1955-01-01,70,300000,36,3,0,0,2875,"2025-07-02 15:07:20"
25157933070,2025-06-30,CUSTOMER,FULL,1982-01-21,43,NULL,-1,1100000,48,4,0,0,27090,"2025-07-02 15:07:10"
25157929099,2025-06-30,CUSTOMER,FULL,1998-03-01,27,NULL,-1,335000,36,3,0,0,2906,"2025-07-02 15:07:03"
25157806843,2025-06-29,CUSTOMER,FULL,1993-07-05,31,NULL,-1,650000,36,3,0,0,5937,"2025-07-02 15:05:40"
25157632882,2025-06-23,CUSTOMER,FULL,1997-04-25,28,1993-01-27,32,170000,24,2,0,0,1252,"2025-07-02 15:03:26"
25158065272,2025-07-02,CUSTOMER,FULL,1988-09-03,36,NULL,0,900000,60,5,0,0,14752,"2025-07-02 15:03:15"
8800164362,2025-07-02,CUSTOMER,FULL,1995-05-25,30,1968-06-01,57,350000,36,3,0,0,3313,"2025-07-02 15:02:43"
25158042608,2025-07-02,CUSTOMER,FULL,2002-06-27,23,1969-01-01,56,1010000,60,5,0,0,10774,"2025-07-02 15:02:26"
25158063449,2025-07-02,CUSTOMER,FULL,1989-02-01,36,NULL,0,1040000,84,7,0,0,25060,"2025-07-02 15:02:13"
25157979083,2025-07-01,CUSTOMER,FULL,1992-10-02,32,NULL,-1,1061010,36,3,0,0,9904,"2025-07-02 15:02:05"
25157936053,2025-07-01,CUSTOMER,FULL,1991-01-01,34,NULL,-1,450000,48,4,0,0,5990,"2025-07-02 15:01:16"
25157713071,2025-06-28,CUSTOMER,FULL,1990-01-01,35,NULL,-1,161000,24,2,0,0,1372,"2025-07-02 15:01:15"
25157697236,2025-06-28,CUSTOMER,FULL,1995-07-08,29,1964-06-09,61,520000,48,4,0,0,5762,"2025-07-02 15:01:12"
25157651010,2025-06-24,CUSTOMER,FULL,1998-07-02,26,1951-01-01,74,170000,24,2,0,0,1245,"2025-07-02 15:00:39"
8800334168,2025-07-02,CUSTOMER,FULL,2000-01-05,25,1996-02-01,29,280000,36,3,0,0,2297,"2025-07-02 14:59:42"
25157695255,2025-06-28,CUSTOMER,FULL,2004-01-01,21,1968-04-01,57,1300000,48,4,0,0,11920,"2025-07-02 14:59:30"
25158043705,2025-07-02,CUSTOMER,FULL,1982-08-11,42,NULL,0,478000,84,7,0,0,17999,"2025-07-02 14:59:17"
8800179894,2025-07-02,CUSTOMER,FULL,1989-12-30,35,NULL,0,200000,12,1,0,0,1710,"2025-07-02 14:58:19"
25157821325,2025-06-29,CUSTOMER,FULL,1990-06-08,35,1980-01-01,45,420000,36,3,0,0,4783,"2025-07-02 14:57:58"
25158051433,2025-07-02,CUSTOMER,FULL,1999-07-15,25,1991-06-15,34,800000,84,7,0,0,11961,"2025-07-02 14:57:08"
25157837123,2025-06-29,CUSTOMER,FULL,2003-08-07,21,1999-09-12,25,1030000,48,4,0,0,9444,"2025-07-02 14:57:05"
25158071551,2025-07-02,CUSTOMER,FULL,2001-01-10,24,NULL,0,750000,35,3,0,0,6576,"2025-07-02 14:56:52"
25157925670,2025-06-30,CUSTOMER,FULL,1994-03-24,31,1970-01-01,55,600000,60,5,0,0,8362,"2025-07-02 14:56:17"
25157974951,2025-07-01,CUSTOMER,FULL,1988-07-24,36,1987-01-20,38,160000,24,2,0,0,1434,"2025-07-02 14:55:45"
25158042982,2025-07-02,CUSTOMER,FULL,1991-08-12,33,NULL,0,100000,12,1,0,0,790,"2025-07-02 14:55:29"
25157699107,2025-06-28,CUSTOMER,FULL,1983-01-01,42,NULL,-1,331000,36,3,0,0,5539,"2025-07-02 14:55:16"
25157493300,2025-06-12,CUSTOMER,FULL,1993-01-01,32,1988-08-17,36,580000,59,5,0,0,8405,"2025-07-02 14:54:14"
8800307503,2025-07-02,CUSTOMER,FULL,1996-06-07,29,1971-03-10,54,320000,60,5,0,0,4094,"2025-07-02 14:53:51"
25158047157,2025-07-02,CUSTOMER,"PARTIAL FINANCE AMOUNT",1978-09-16,46,1983-01-28,42,850000,60,5,425000,0,16761,"2025-07-02 14:52:22"
8800360283,2025-07-02,CUSTOMER,FULL,1980-01-01,45,1994-08-27,30,500000,48,4,0,0,14809,"2025-07-02 14:52:14"
25158068979,2025-07-02,CUSTOMER,FULL,2002-07-16,22,1987-01-01,38,137000,24,2,0,0,915,"2025-07-02 14:52:13"
8800166784,2025-07-02,CUSTOMER,FULL,1977-08-15,47,NULL,0,700000,60,5,0,0,30092,"2025-07-02 14:52:12"
25157959254,2025-07-01,CUSTOMER,FULL,1995-01-01,30,NULL,-1,600000,48,4,0,0,6819,"2025-07-02 14:51:55"
8800240361,2025-07-02,CUSTOMER,FULL,1982-01-01,43,NULL,0,496000,48,4,0,0,12028,"2025-07-02 14:51:21"
25157650546,2025-06-24,CUSTOMER,FULL,1995-10-21,29,NULL,-1,180000,24,2,0,0,1286,"2025-07-02 14:51:15"
8800349609,2025-07-02,CUSTOMER,FULL,1983-01-01,42,NULL,0,110000,12,1,0,0,1371,"2025-07-02 14:50:30"
25157445224,2025-06-10,CUSTOMER,FULL,1990-04-15,35,NULL,-1,150000,18,2,0,0,1328,"2025-07-02 14:50:17"
8800155271,2025-07-02,CUSTOMER,FULL,2001-12-16,23,1996-12-19,28,230000,36,3,0,0,1998,"2025-07-02 14:49:49"
25157677572,2025-06-26,CUSTOMER,FULL,1987-06-01,38,1959-07-21,65,510000,53,5,0,0,9310,"2025-07-02 14:48:45"
25158070589,2025-07-02,CUSTOMER,FULL,1984-01-01,41,NULL,0,500000,84,7,0,0,17317,"2025-07-02 14:48:39"
25157831119,2025-06-29,CUSTOMER,FULL,1993-03-26,32,NULL,-1,400000,36,3,0,0,3970,"2025-07-02 14:48:11"
25158071445,2025-07-02,CUSTOMER,FULL,1986-01-01,39,NULL,0,450000,36,3,0,0,6553,"2025-07-02 14:46:41"
8800340858,2025-07-02,CUSTOMER,FULL,1986-01-01,39,NULL,0,611000,48,4,0,0,11017,"2025-07-02 14:45:37"
25157697969,2025-06-28,CUSTOMER,FULL,1987-01-01,38,NULL,-1,210000,36,3,0,0,2860,"2025-07-02 14:45:18"
25157836811,2025-06-29,CUSTOMER,FULL,1994-05-13,31,NULL,-1,100000,24,2,0,0,750,"2025-07-02 14:45:08"
25158071124,2025-07-02,CUSTOMER,FULL,1999-01-01,26,NULL,0,320000,36,3,0,0,2749,"2025-07-02 14:44:49"
8800316106,2025-06-26,CUSTOMER,FULL,1982-06-18,43,1984-02-15,41,1390000,60,5,0,0,36085,"2025-07-02 14:44:36"
25158036134,2025-07-02,CUSTOMER,FULL,1999-01-01,26,NULL,0,200000,36,3,0,0,1719,"2025-07-02 14:43:27"
25157676562,2025-06-26,CUSTOMER,FULL,1991-02-12,34,NULL,-1,2642953,60,5,0,0,40294,"2025-07-02 14:43:16"
25158070971,2025-07-02,CUSTOMER,FULL,1985-05-10,40,NULL,0,325000,48,4,0,0,5707,"2025-07-02 14:43:03"
25158042208,2025-07-02,CUSTOMER,FULL,1980-01-01,45,NULL,0,740000,48,4,0,0,19185,"2025-07-02 14:42:27"
25157487881,2025-06-12,CUSTOMER,FULL,1994-01-24,31,NULL,-1,1330000,60,5,0,0,16291,"2025-07-02 14:41:31"
8800192854,2025-07-02,CO-APPLICANT,FULL,1970-01-20,55,1994-01-03,31,450000,36,3,0,0,4312,"2025-07-02 14:40:51"
25158070118,2025-07-02,CUSTOMER,FULL,1982-07-20,42,NULL,0,480000,40,4,0,0,10858,"2025-07-02 14:40:44"
25157829369,2025-07-02,CUSTOMER,FULL,1977-06-02,48,1996-04-16,29,420000,36,3,0,0,13560,"2025-07-02 14:40:41"
25158044242,2025-07-02,CUSTOMER,FULL,2000-10-13,24,1978-09-16,46,800000,60,5,0,0,9988,"2025-07-02 14:40:39"
25158042552,2025-07-02,CUSTOMER,FULL,1992-01-01,33,NULL,0,1000000,60,5,0,0,13028,"2025-07-02 14:40:27"
25157685039,2025-06-27,CUSTOMER,FULL,1988-05-16,37,1993-05-08,32,570000,60,5,0,0,10796,"2025-07-02 14:40:06"
8800346214,2025-06-28,CUSTOMER,FULL,1984-05-07,41,NULL,-1,310000,42,4,0,0,5835,"2025-07-02 14:40:02"
8800124312,2025-07-01,CUSTOMER,FULL,1986-03-10,39,1990-03-10,35,1600000,58,5,0,0,33173,"2025-07-02 14:39:44"
25158042048,2025-07-02,CUSTOMER,FULL,1984-01-01,41,NULL,0,530000,36,3,0,0,8919,"2025-07-02 14:39:21"
25157623235,2025-06-21,CUSTOMER,FULL,1992-04-22,33,1992-01-10,33,600000,59,5,0,0,9084,"2025-07-02 14:38:54"
8800118806,2025-07-01,CUSTOMER,FULL,1986-08-15,38,1967-01-01,58,450000,24,2,0,0,4502,"2025-07-02 14:38:42"
25157603746,2025-06-20,CUSTOMER,FULL,1991-01-03,34,NULL,-1,340000,36,3,0,0,3684,"2025-07-02 14:38:31"
8800131106,2025-07-02,CUSTOMER,FULL,1993-03-02,32,NULL,0,100000,24,2,0,0,776,"2025-07-02 14:38:26"
25157929531,2025-06-30,CUSTOMER,FULL,1999-09-03,25,NULL,-1,1275000,84,7,0,0,19063,"2025-07-02 14:38:18"
25157663698,2025-06-25,CUSTOMER,FULL,1999-01-24,26,1997-10-13,27,350000,48,4,0,0,3693,"2025-07-02 14:38:08"
8800019451,2025-06-09,CUSTOMER,FULL,1983-11-12,41,NULL,-1,661000,60,5,0,0,16653,"2025-07-02 14:36:44"
8800153980,2025-06-17,CUSTOMER,FULL,1984-07-28,40,1981-06-10,44,1500000,35,3,0,0,23258,"2025-07-02 14:36:05"
25157646403,2025-06-24,CUSTOMER,FULL,1982-01-01,43,1982-01-01,43,515000,60,5,0,0,15351,"2025-07-02 14:35:39"
8800312440,2025-07-02,CUSTOMER,FULL,1993-05-04,32,NULL,0,760000,60,5,0,0,11013,"2025-07-02 14:35:35"
25158070501,2025-07-02,CUSTOMER,FULL,1991-03-01,34,NULL,0,1400000,72,6,0,0,24136,"2025-07-02 14:35:13"
25157703501,2025-06-28,CUSTOMER,FULL,1980-02-02,45,NULL,-1,350000,32,3,0,0,8294,"2025-07-02 14:34:53"
8800140437,2025-07-02,CUSTOMER,FULL,1983-07-01,42,NULL,0,800000,60,5,0,0,21184,"2025-07-02 14:34:44"
25158068952,2025-07-02,CUSTOMER,FULL,1991-01-01,34,NULL,0,710000,60,5,0,0,11294,"2025-07-02 14:34:31"
25157811640,2025-06-29,CUSTOMER,FULL,1981-10-07,43,NULL,-1,650000,60,5,0,0,19375,"2025-07-02 14:34:20"
8800200197,2025-07-02,CUSTOMER,FULL,1993-01-01,32,1955-01-01,70,325000,36,3,0,0,3260,"2025-07-02 14:34:00"
25157670474,2025-06-26,CUSTOMER,FULL,1995-01-01,30,NULL,-1,313500,36,3,0,0,2812,"2025-07-02 14:33:12"
25158035428,2025-07-02,CUSTOMER,FULL,1993-01-01,32,NULL,0,250000,24,2,0,0,1939,"2025-07-02 14:32:58"
25158067464,2025-07-02,CO-APPLICANT,FULL,1965-01-01,60,1993-07-29,31,700000,60,5,0,0,9756,"2025-07-02 14:32:17"
25157932843,2025-06-30,CUSTOMER,FULL,1996-08-05,28,1968-06-03,57,800000,60,5,0,0,9289,"2025-07-02 14:32:11"
25157467152,2025-06-11,CUSTOMER,FULL,1982-11-09,42,NULL,-1,850000,84,7,0,0,32006,"2025-07-02 14:31:48"
25157826591,2025-06-29,CUSTOMER,FULL,1988-01-01,37,1995-01-01,30,335000,36,3,0,0,4171,"2025-07-02 14:31:05"
25157676688,2025-06-26,CUSTOMER,FULL,2002-06-25,23,1974-01-01,51,590000,59,5,0,0,7366,"2025-07-02 14:30:42"
25158057194,2025-07-02,CUSTOMER,FULL,1995-03-04,30,NULL,0,350000,36,3,0,0,3259,"2025-07-02 14:30:33"
25157661866,2025-06-25,CUSTOMER,FULL,1994-01-01,31,NULL,-1,1000000,60,5,0,0,12249,"2025-07-02 14:30:28"
25157499561,2025-06-12,CUSTOMER,FULL,1988-12-31,36,1990-05-12,35,1614182,60,5,0,0,27372,"2025-07-02 14:30:20"
25158067892,2025-07-02,CUSTOMER,FULL,1990-12-22,34,NULL,0,1750000,84,7,0,0,34052,"2025-07-02 14:30:16"
25157555829,2025-06-17,CUSTOMER,FULL,1990-01-01,35,NULL,-1,2550000,60,5,0,0,40893,"2025-07-02 14:30:02"
25157696786,2025-06-28,CUSTOMER,FULL,1979-05-02,46,1987-02-13,38,326000,48,4,0,0,10402,"2025-07-02 14:29:43"
8800174119,2025-07-02,CUSTOMER,FULL,1998-12-10,26,NULL,0,623949,72,6,0,0,9020,"2025-07-02 14:29:29"
8800136196,2025-07-01,CUSTOMER,FULL,1988-03-08,37,NULL,-1,645000,72,6,0,0,14347,"2025-07-02 14:29:28"
25157672637,2025-06-28,CUSTOMER,FULL,1991-01-01,34,NULL,-1,590000,60,5,0,0,9385,"2025-07-02 14:29:08"
8800310985,2025-06-26,CUSTOMER,FULL,1984-03-07,41,1978-09-08,46,950000,60,5,0,0,23934,"2025-07-02 14:28:39"
8800159937,2025-06-25,CUSTOMER,FULL,1998-04-15,27,NULL,-1,630000,36,3,0,0,5569,"2025-07-02 14:27:43"
25158069237,2025-07-02,CUSTOMER,FULL,1986-04-10,39,NULL,0,1000000,36,3,0,0,13830,"2025-07-02 14:27:43"
25158043198,2025-07-02,CUSTOMER,FULL,1998-05-01,27,2000-04-03,25,250000,21,2,0,0,1741,"2025-07-02 14:26:35"
25157488907,2025-06-12,CUSTOMER,FULL,1990-03-15,35,1997-07-15,27,500000,36,3,0,0,5694,"2025-07-02 14:25:40"
25158067443,2025-07-02,CUSTOMER,FULL,1994-01-01,31,NULL,0,750000,36,3,0,0,6850,"2025-07-02 14:24:33"
25157933628,2025-06-30,CUSTOMER,FULL,1992-06-30,33,1969-05-01,56,600000,60,5,0,0,9084,"2025-07-02 14:24:27"
25158067702,2025-07-02,CUSTOMER,FULL,1991-11-11,33,1969-01-26,56,1050000,84,7,0,0,21336,"2025-07-02 14:24:00"
25157595491,2025-06-20,CUSTOMER,FULL,1997-01-01,28,1975-01-01,50,400000,42,4,0,0,4352,"2025-07-02 14:23:49"
25158051423,2025-07-02,CO-APPLICANT,FULL,1967-01-01,58,1995-07-02,30,405000,42,4,0,0,4603,"2025-07-02 14:23:32"
25158067895,2025-07-02,CUSTOMER,FULL,2001-11-11,23,1975-01-01,50,715000,60,5,0,0,8927,"2025-07-02 14:22:27"
25158039115,2025-07-02,CUSTOMER,FULL,1979-04-20,46,NULL,0,200000,36,3,0,0,5218,"2025-07-02 14:22:18"
25158038654,2025-07-02,CUSTOMER,FULL,1993-04-09,32,NULL,0,300000,48,4,0,0,3650,"2025-07-02 14:21:53"
8800242042,2025-07-02,CUSTOMER,FULL,2002-10-14,22,1978-01-01,47,800000,60,5,0,0,9988,"2025-07-02 14:21:49"
25158057166,2025-07-02,CUSTOMER,FULL,1989-01-01,36,NULL,0,324000,36,3,0,0,3900,"2025-07-02 14:20:54"
8800371358,2025-07-01,CUSTOMER,FULL,1987-06-14,38,NULL,-1,710000,60,5,0,0,14360,"2025-07-02 14:20:42"
25157695326,2025-06-28,CUSTOMER,FULL,1980-02-05,45,2003-01-01,22,380000,24,2,0,0,6910,"2025-07-02 14:20:37"
25157927838,2025-06-30,CUSTOMER,FULL,1992-03-10,33,NULL,-1,700000,60,5,0,0,10598,"2025-07-02 14:20:30"
25158068153,2025-07-02,CUSTOMER,FULL,1995-10-03,29,NULL,0,500000,36,3,0,0,4549,"2025-07-02 14:20:22"
25157922158,2025-06-30,CUSTOMER,FULL,1994-01-01,31,1955-10-01,69,800000,60,5,0,0,9799,"2025-07-02 14:20:20"
25158067210,2025-07-02,CUSTOMER,FULL,1994-06-16,31,1993-03-14,32,110000,24,2,0,0,825,"2025-07-02 14:20:15"
8800117461,2025-07-02,CUSTOMER,FULL,1987-08-15,37,NULL,0,430000,36,3,0,0,5354,"2025-07-02 14:19:20"
25158068098,2025-07-02,CUSTOMER,FULL,1998-01-01,27,2002-05-04,23,280000,48,4,0,0,3007,"2025-07-02 14:18:37"
25157647533,2025-06-24,CUSTOMER,FULL,1992-08-10,32,NULL,-1,320000,36,3,0,0,3210,"2025-07-02 14:18:18"
8800311243,2025-06-28,CUSTOMER,FULL,2002-08-05,22,1978-01-01,47,580000,47,4,0,0,6174,"2025-07-02 14:18:14"
8800188718,2025-07-02,CUSTOMER,FULL,1983-04-27,42,NULL,0,450000,20,2,0,0,5605,"2025-07-02 14:17:49"
8800219678,2025-06-21,CUSTOMER,FULL,2000-01-01,25,NULL,-1,327000,60,5,0,0,3543,"2025-07-02 14:17:11"
25158043611,2025-07-02,CUSTOMER,FULL,1986-01-01,39,NULL,0,845000,60,5,0,0,16393,"2025-07-02 14:16:49"
25157669149,2025-06-25,CUSTOMER,FULL,1975-08-05,49,1993-12-02,31,300000,36,3,0,0,10797,"2025-07-02 14:14:09"
25157603346,2025-06-20,CUSTOMER,FULL,2004-01-01,21,NULL,-1,590000,59,5,0,0,7366,"2025-07-02 14:13:43"
25158069453,2025-07-02,CUSTOMER,FULL,1979-01-01,46,NULL,0,799000,60,5,0,0,30463,"2025-07-02 14:13:40"
8800346215,2025-06-28,CUSTOMER,FULL,1993-01-01,32,NULL,-1,330000,42,4,0,0,3606,"2025-07-02 14:13:34"
25158065048,2025-07-02,CO-APPLICANT,FULL,1969-01-01,56,1998-02-18,27,300000,36,3,0,0,2652,"2025-07-02 14:12:48"
25158042358,2025-07-02,CUSTOMER,FULL,1990-04-04,35,NULL,0,713000,36,3,0,0,8119,"2025-07-02 14:11:58"
25158067347,2025-07-02,CUSTOMER,FULL,1992-03-10,33,NULL,0,150000,18,2,0,0,1209,"2025-07-02 14:11:49"
25158056936,2025-07-02,CUSTOMER,FULL,1978-01-01,47,NULL,0,720000,60,5,0,0,31104,"2025-07-02 14:10:11"
25158067132,2025-07-02,CUSTOMER,FULL,1983-01-01,42,NULL,0,155000,24,2,0,0,2157,"2025-07-02 14:10:11"
25157950829,2025-07-01,CUSTOMER,FULL,1995-10-25,29,1960-02-02,65,1120000,60,5,0,0,13203,"2025-07-02 14:10:06"
8800359715,2025-07-02,CUSTOMER,FULL,1994-12-12,30,NULL,0,550000,48,4,0,0,6192,"2025-07-02 14:09:57"
25157935955,2025-07-01,CUSTOMER,FULL,1991-02-17,34,NULL,-1,591000,58,5,0,0,9401,"2025-07-02 14:09:32"
25157680843,2025-06-27,CO-APPLICANT,FULL,2000-01-01,25,1986-04-26,39,760000,72,6,0,0,18672,"2025-07-02 14:09:15"
25158067395,2025-07-02,CUSTOMER,FULL,2001-01-01,24,NULL,0,575000,48,4,0,0,6121,"2025-07-02 14:08:54"
25157932638,2025-06-30,CO-APPLICANT,FULL,1971-01-01,54,2003-12-06,21,480000,48,4,0,0,5109,"2025-07-02 14:08:19"
25157930746,2025-06-30,CUSTOMER,FULL,1998-01-01,27,1970-01-01,55,1080000,60,5,0,0,12388,"2025-07-02 14:07:22"
25158037357,2025-07-02,CUSTOMER,FULL,1998-01-08,27,1987-01-16,38,490000,36,3,0,0,4331,"2025-07-02 14:05:31"
25157452022,2025-06-11,CUSTOMER,FULL,1981-01-15,44,1978-06-04,47,2800000,48,4,0,0,74572,"2025-07-02 14:04:50"
25157930427,2025-06-30,CUSTOMER,FULL,1990-02-19,35,1969-01-01,56,960000,60,5,0,0,16109,"2025-07-02 14:04:16"
8800302561,2025-07-02,CUSTOMER,FULL,1992-03-10,33,NULL,0,835000,57,5,0,0,10878,"2025-07-02 14:04:14"
25157924828,2025-06-30,CUSTOMER,FULL,1984-01-01,41,NULL,-1,400000,45,4,0,0,8355,"2025-07-02 14:03:57"
25156304208,2025-06-25,CO-APPLICANT,FULL,2000-01-01,25,2003-10-14,21,600000,36,3,0,0,5282,"2025-07-02 14:03:15"
25158057096,2025-07-02,CUSTOMER,FULL,2001-10-17,23,1975-10-30,49,850000,72,6,0,0,12177,"2025-07-02 14:03:04"
25158051435,2025-07-02,CUSTOMER,FULL,1992-12-04,32,NULL,0,799000,60,5,0,0,11578,"2025-07-02 14:02:45"
8800370819,2025-06-29,CUSTOMER,FULL,2002-12-05,22,NULL,-1,342000,48,4,0,0,3177,"2025-07-02 14:02:31"
25157811778,2025-06-29,CUSTOMER,FULL,2000-01-12,25,1976-05-04,49,680000,48,4,0,0,6460,"2025-07-02 14:02:21"
8800213394,2025-07-02,CUSTOMER,FULL,1984-11-22,40,NULL,0,400000,24,2,0,0,4862,"2025-07-02 14:02:15"
25157592375,2025-06-19,CUSTOMER,FULL,1985-02-02,40,NULL,-1,200000,24,2,0,0,2415,"2025-07-02 14:02:04"
8800316752,2025-06-25,CUSTOMER,FULL,1981-04-06,44,NULL,-1,285000,30,3,0,0,6205,"2025-07-02 14:02:03"
25157842789,2025-06-29,CUSTOMER,FULL,1982-06-30,42,NULL,-1,185000,24,2,0,0,2574,"2025-07-02 14:01:49"
25157931801,2025-06-30,CUSTOMER,FULL,1985-01-01,40,NULL,-1,270000,36,3,0,0,4219,"2025-07-02 14:00:34"
25157802232,2025-06-29,CUSTOMER,FULL,1992-01-01,33,NULL,-1,221000,36,3,0,0,2118,"2025-07-02 14:00:04"
8800366152,2025-06-30,CO-APPLICANT,FULL,2000-01-01,25,1981-07-01,43,4000000,59,5,0,0,116018,"2025-07-02 13:59:53"
8800126022,2025-07-02,CUSTOMER,FULL,1995-10-10,29,NULL,0,950000,60,5,0,0,12466,"2025-07-02 13:59:43"
25157923389,2025-06-30,CUSTOMER,FULL,1996-11-25,28,NULL,-1,400000,35,3,0,0,3635,"2025-07-02 13:59:13"
8800359334,2025-06-28,CUSTOMER,FULL,1995-09-13,29,1995-09-15,29,460000,36,3,0,0,4267,"2025-07-02 13:57:46"
25157624853,2025-06-22,CUSTOMER,FULL,1990-01-20,35,NULL,-1,300000,36,3,0,0,3417,"2025-07-02 13:57:39"
25158060914,2025-07-02,CUSTOMER,FULL,1989-01-01,36,NULL,0,240000,24,2,0,0,2243,"2025-07-02 13:57:36"
25158067208,2025-07-02,CUSTOMER,FULL,1997-01-13,28,NULL,0,700000,60,5,0,0,8996,"2025-07-02 13:57:10"
8800182365,2025-07-02,CUSTOMER,FULL,1992-07-01,33,NULL,0,200000,24,2,0,0,1612,"2025-07-02 13:57:05"
25157494746,2025-06-12,CUSTOMER,FULL,1989-06-02,36,1972-01-01,53,290000,36,3,0,0,3491,"2025-07-02 13:56:49"
25157861709,2025-06-29,CUSTOMER,FULL,1999-11-04,25,NULL,-1,2451215,84,7,0,0,36648,"2025-07-02 13:56:45"
25157981909,2025-07-01,CUSTOMER,FULL,2002-05-03,23,1999-05-10,26,330000,40,4,0,0,3377,"2025-07-02 13:55:48"
25157706399,2025-06-28,CUSTOMER,FULL,1982-02-10,43,1989-02-19,36,1300000,60,5,0,0,33748,"2025-07-02 13:55:35"
25158067292,2025-07-02,CUSTOMER,FULL,1983-11-06,41,NULL,0,450000,36,3,0,0,7573,"2025-07-02 13:55:13"
25157930432,2025-06-30,CUSTOMER,FULL,1985-03-07,40,1991-01-01,34,312000,48,4,0,0,5479,"2025-07-02 13:54:59"
25157686081,2025-06-27,CUSTOMER,FULL,1993-04-15,32,1977-01-01,48,650000,36,3,0,0,6451,"2025-07-02 13:54:32"
25157815229,2025-06-29,CUSTOMER,FULL,1994-01-01,31,1966-01-01,59,250000,35,3,0,0,2431,"2025-07-02 13:54:30"
25158055225,2025-07-02,CUSTOMER,FULL,2005-07-16,19,2000-08-27,24,140000,24,2,0,0,888,"2025-07-02 13:54:28"
25157931627,2025-06-30,CUSTOMER,FULL,2001-01-08,24,1995-01-01,30,300000,30,3,0,0,2450,"2025-07-02 13:54:16"
25158057141,2025-07-02,CUSTOMER,FULL,1982-11-20,42,NULL,0,600000,48,4,0,0,12129,"2025-07-02 13:54:08"
25157682231,2025-06-27,CUSTOMER,FULL,1968-05-01,57,2001-04-24,24,550000,60,5,0,0,54426,"2025-07-02 13:53:42"
25158051460,2025-07-02,CUSTOMER,FULL,2002-07-05,22,1984-07-05,40,285000,36,3,0,0,2281,"2025-07-02 13:53:34"
25157691417,2025-06-27,CUSTOMER,FULL,1994-01-01,31,NULL,-1,315000,36,3,0,0,2877,"2025-07-02 13:52:51"
25158055378,2025-07-02,CUSTOMER,"PARTIAL TENURE",1978-06-30,47,NULL,0,790000,60,5,0,2,17535,"2025-07-02 13:52:23"
25158004807,2025-07-01,CUSTOMER,FULL,1981-01-01,44,1954-01-01,71,500000,60,5,0,0,16332,"2025-07-02 13:52:20"
8800363037,2025-07-01,CUSTOMER,FULL,1986-06-01,39,1993-07-03,31,150000,18,2,0,0,1597,"2025-07-02 13:52:13"
25158043770,2025-07-02,CUSTOMER,FULL,1999-07-10,25,1972-01-01,53,900000,80,7,0,0,13456,"2025-07-02 13:51:45"
25157632355,2025-06-23,CUSTOMER,FULL,1984-01-01,41,NULL,-1,120000,24,2,0,0,1560,"2025-07-02 13:51:17"
8800014856,2025-07-02,CUSTOMER,FULL,1993-01-30,32,NULL,0,405200,30,3,0,0,4022,"2025-07-02 13:51:08"
25157930682,2025-06-30,CO-APPLICANT,FULL,1980-01-01,45,2001-01-01,24,580000,60,5,0,0,7241,"2025-07-02 13:51:00"
25157900253,2025-06-30,CUSTOMER,FULL,1997-03-10,28,NULL,-1,908600,72,6,0,0,13327,"2025-07-02 13:50:43"
25157971764,2025-07-01,CUSTOMER,FULL,1992-01-01,33,1989-01-01,36,780000,60,5,0,0,11809,"2025-07-02 13:50:27"
25157827915,2025-06-29,CUSTOMER,FULL,1993-07-05,31,1970-01-01,55,500000,59,5,0,0,6968,"2025-07-02 13:49:33"
25157922151,2025-06-30,CUSTOMER,FULL,1996-11-03,28,1995-04-30,30,138000,24,2,0,0,997,"2025-07-02 13:49:22"
8800083954,2025-06-27,CO-APPLICANT,FULL,2000-01-01,25,1995-10-23,29,711000,48,4,0,0,7879,"2025-07-02 13:48:55"
8800362391,2025-07-02,CUSTOMER,FULL,1995-01-01,30,NULL,0,500000,60,5,0,0,6744,"2025-07-02 13:48:50"
25158044307,2025-07-02,CUSTOMER,FULL,1992-06-05,33,NULL,0,500000,48,4,0,0,6349,"2025-07-02 13:48:48"
8800205968,2025-07-02,CUSTOMER,FULL,1994-05-17,31,NULL,0,250000,36,3,0,0,2431,"2025-07-02 13:48:47"
8800340911,2025-07-02,CUSTOMER,FULL,1999-02-10,26,1996-02-01,29,275000,36,3,0,0,2363,"2025-07-02 13:48:23"
8800102429,2025-06-10,CUSTOMER,FULL,1997-05-06,28,1996-02-02,29,380000,42,4,0,0,4103,"2025-07-02 13:47:44"
25158037795,2025-07-02,CUSTOMER,FULL,1988-02-04,37,1994-07-03,30,200000,23,2,0,0,1888,"2025-07-02 13:47:43"
8800366863,2025-06-29,CUSTOMER,FULL,1981-07-15,43,1977-06-01,48,325000,48,4,0,0,7881,"2025-07-02 13:47:22"
25158037969,2025-07-02,CUSTOMER,FULL,1986-07-05,38,1993-01-01,32,520000,48,4,0,0,8757,"2025-07-02 13:47:00"
8800382044,2025-07-02,CUSTOMER,FULL,1977-01-01,48,NULL,0,1000000,72,6,0,0,55472,"2025-07-02 13:46:49"
25157675111,2025-06-26,CUSTOMER,FULL,1987-11-11,37,NULL,-1,315000,33,3,0,0,3985,"2025-07-02 13:46:36"
8800191107,2025-07-01,CUSTOMER,FULL,2001-08-05,23,NULL,-1,800000,24,2,0,0,5094,"2025-07-02 13:46:30"
25158036870,2025-07-02,CUSTOMER,FULL,1987-01-01,38,NULL,0,90000,18,2,0,0,950,"2025-07-02 13:46:27"
8800201231,2025-07-02,CUSTOMER,FULL,1996-01-10,29,1988-01-12,37,150000,24,2,0,0,1071,"2025-07-02 13:45:56"
8800170633,2025-07-02,CUSTOMER,FULL,1997-08-19,27,1994-04-02,31,350000,36,3,0,0,3152,"2025-07-02 13:43:03"
25157929020,2025-06-30,CUSTOMER,FULL,1994-02-01,31,NULL,-1,1300000,60,5,0,0,15923,"2025-07-02 13:43:01"
25158042814,2025-07-02,CUSTOMER,FULL,1998-06-24,27,NULL,0,500000,48,4,0,0,5328,"2025-07-02 13:43:01"
25157638522,2025-06-23,CUSTOMER,FULL,1995-01-01,30,NULL,-1,450000,59,5,0,0,6070,"2025-07-02 13:42:57"
25157947638,2025-07-01,CUSTOMER,FULL,1995-06-30,30,1965-10-05,59,980000,54,5,0,0,11761,"2025-07-02 13:42:43"
8800302461,2025-07-01,CUSTOMER,FULL,1995-07-09,29,NULL,-1,310000,36,3,0,0,2821,"2025-07-02 13:42:18"
25158042402,2025-07-02,CUSTOMER,FULL,1981-01-01,44,1983-07-07,41,773000,60,5,0,0,25249,"2025-07-02 13:42:05"
25157597037,2025-06-20,CUSTOMER,FULL,1999-10-29,25,NULL,-1,560000,60,5,0,0,6992,"2025-07-02 13:41:59"
25157699246,2025-06-30,CUSTOMER,FULL,1990-10-08,34,NULL,-1,800000,48,4,0,0,10649,"2025-07-02 13:41:11"
25157794449,2025-06-29,CUSTOMER,FULL,2002-01-01,23,NULL,-1,780000,72,6,0,0,10346,"2025-07-02 13:41:08"
25157928817,2025-06-30,CUSTOMER,FULL,1985-01-18,40,1977-01-15,48,290000,48,4,0,0,5092,"2025-07-02 13:40:30"
25157680708,2025-06-27,CUSTOMER,FULL,1997-01-01,28,NULL,-1,313000,42,4,0,0,3173,"2025-07-02 13:40:24"
25158042076,2025-07-02,CUSTOMER,FULL,1990-05-17,35,NULL,0,440000,60,5,0,0,7384,"2025-07-02 13:40:07"
25158049109,2025-07-02,CUSTOMER,FULL,1996-06-01,29,2002-02-11,23,650000,60,5,0,0,8530,"2025-07-02 13:40:03"
25157814846,2025-06-29,CUSTOMER,FULL,1985-02-10,40,1984-03-12,41,500000,60,5,0,0,11665,"2025-07-02 13:39:52"
25158059255,2025-07-02,CUSTOMER,FULL,2004-08-01,20,NULL,0,630000,60,5,0,0,6483,"2025-07-02 13:39:10"
25158043069,2025-07-02,CUSTOMER,FULL,1985-11-05,39,1992-08-31,32,600000,60,5,0,0,12440,"2025-07-02 13:39:05"
25157928081,2025-06-30,CUSTOMER,FULL,1980-01-01,45,NULL,-1,970000,60,5,0,0,30000,"2025-07-02 13:39:02"
8800330041,2025-06-28,CO-APPLICANT,FULL,2000-01-01,25,1983-01-01,42,1950000,60,5,0,0,53315,"2025-07-02 13:38:46"
25158039471,2025-07-02,CUSTOMER,FULL,1988-11-02,36,1984-12-11,40,267000,42,4,0,0,3759,"2025-07-02 13:38:37"
25158042130,2025-07-02,CUSTOMER,FULL,1981-01-01,44,1989-01-01,36,200000,47,4,0,0,5388,"2025-07-02 13:38:05"
25157676351,2025-06-26,CUSTOMER,"PARTIAL TENURE",1975-03-05,50,NULL,-1,300000,33,3,0,2,9212,"2025-07-02 13:37:57"
25157797751,2025-06-29,CUSTOMER,FULL,1989-01-01,36,NULL,-1,400000,48,4,0,0,5943,"2025-07-02 13:37:17"
25158042046,2025-07-02,CUSTOMER,FULL,2000-08-27,24,NULL,0,235000,36,3,0,0,1919,"2025-07-02 13:37:01"
25157916436,2025-06-30,CUSTOMER,FULL,2000-12-12,24,1981-01-01,44,2879000,59,5,0,0,34414,"2025-07-02 13:37:00"
25158056969,2025-07-02,CUSTOMER,FULL,1998-02-07,27,NULL,0,700000,60,5,0,0,8029,"2025-07-02 13:36:14"
25157653429,2025-06-24,CUSTOMER,"PARTIAL FINANCE AMOUNT",1975-06-07,50,1978-04-03,47,300000,36,3,150000,0,5957,"2025-07-02 13:35:31"
25157833182,2025-06-29,CUSTOMER,FULL,1985-01-01,40,NULL,-1,200000,30,3,0,0,3102,"2025-07-02 13:34:57"
25158047426,2025-07-02,CUSTOMER,FULL,1978-06-12,47,NULL,0,700000,60,5,0,0,30240,"2025-07-02 13:34:57"
8800009543,2025-07-02,CUSTOMER,FULL,1995-01-01,30,NULL,0,419000,24,2,0,0,3056,"2025-07-02 13:34:41"
25157478041,2025-06-11,CUSTOMER,FULL,2003-10-20,21,NULL,-1,320000,60,5,0,0,3346,"2025-07-02 13:33:56"
25157546345,2025-06-16,CO-APPLICANT,FULL,1975-01-01,50,1985-01-01,40,300000,47,4,0,0,5810,"2025-07-02 13:33:51"
8800121672,2025-06-19,CUSTOMER,FULL,1993-03-25,32,1972-01-01,53,930000,60,5,0,0,13477,"2025-07-02 13:33:42"
25157596266,2025-06-20,CUSTOMER,FULL,1992-09-15,32,2000-10-20,24,2700000,60,5,0,0,37786,"2025-07-02 13:33:29"
8800150641,2025-07-01,CUSTOMER,FULL,1986-10-03,38,NULL,-1,450000,48,4,0,0,7578,"2025-07-02 13:33:28"
25157932117,2025-07-02,CUSTOMER,FULL,1984-01-10,41,NULL,0,800000,84,7,0,0,27707,"2025-07-02 13:32:58"
25158052924,2025-07-02,CUSTOMER,FULL,1990-01-01,35,NULL,0,210000,24,2,0,0,1859,"2025-07-02 13:32:23"
25157656191,2025-06-24,CUSTOMER,FULL,2003-01-01,22,NULL,-1,530000,60,5,0,0,5617,"2025-07-02 13:32:20"
25158036549,2025-07-02,CUSTOMER,FULL,1987-10-10,37,NULL,0,900000,60,5,0,0,15538,"2025-07-02 13:31:40"
25157807934,2025-06-29,CUSTOMER,FULL,1985-08-09,39,1973-03-03,52,730000,60,5,0,0,15824,"2025-07-02 13:31:24"
25158047302,2025-07-02,CUSTOMER,FULL,2004-01-01,21,NULL,0,892500,60,5,0,0,9331,"2025-07-02 13:31:16"
25157949772,2025-07-01,CUSTOMER,FULL,1972-03-24,53,1968-07-01,57,800000,60,5,0,0,56914,"2025-07-02 13:30:35"
25157711341,2025-06-28,CUSTOMER,FULL,1979-01-01,46,NULL,-1,305000,36,3,0,0,7958,"2025-07-02 13:30:15"
25157835844,2025-06-29,CUSTOMER,FULL,2000-10-07,24,NULL,-1,600000,60,5,0,0,6457,"2025-07-02 13:30:12"
8800357382,2025-07-01,CUSTOMER,FULL,1972-04-14,53,2003-10-25,21,300000,36,3,0,0,15237,"2025-07-02 13:29:39"
25157817252,2025-06-29,CUSTOMER,FULL,1991-01-01,34,NULL,-1,1600000,60,5,0,0,21599,"2025-07-02 13:29:33"
25158043644,2025-07-02,CUSTOMER,FULL,1975-01-01,50,NULL,0,590000,48,4,0,0,28510,"2025-07-02 13:29:30"
25158038784,2025-07-02,CUSTOMER,FULL,1990-03-15,35,NULL,0,950000,60,5,0,0,13363,"2025-07-02 13:29:11"
25157806225,2025-06-29,CUSTOMER,FULL,2003-06-28,22,1997-01-01,28,580000,60,5,0,0,6146,"2025-07-02 13:29:03"
25158045112,2025-07-02,CUSTOMER,FULL,1985-06-05,40,NULL,0,200000,36,3,0,0,3102,"2025-07-02 13:28:47"
25157976773,2025-07-02,CUSTOMER,FULL,1990-12-06,34,1988-12-25,36,650000,72,6,0,0,12096,"2025-07-02 13:28:21"
25157928739,2025-06-30,CUSTOMER,FULL,1971-01-01,54,1991-01-01,34,570000,60,5,0,0,46800,"2025-07-02 13:28:06"
8800387178,2025-07-02,CUSTOMER,FULL,1982-05-17,43,NULL,0,200000,30,3,0,0,3970,"2025-07-02 13:28:01"
8800190496,2025-07-02,CUSTOMER,FULL,1991-12-23,33,NULL,0,600000,60,5,0,0,8744,"2025-07-02 13:27:34"
25157797528,2025-06-29,CUSTOMER,FULL,1993-02-08,32,2001-06-16,24,290000,42,4,0,0,3169,"2025-07-02 13:25:06"
8800120311,2025-06-24,CUSTOMER,FULL,2000-02-03,25,1980-01-05,45,350000,72,6,0,0,5023,"2025-07-02 13:24:37"
25157811082,2025-06-29,CUSTOMER,FULL,1993-01-01,32,NULL,-1,340000,42,4,0,0,3716,"2025-07-02 13:23:12"
25157693435,2025-06-27,CO-APPLICANT,FULL,1988-06-23,37,1990-08-10,34,982000,72,6,0,0,16930,"2025-07-02 13:22:49"
25157833121,2025-06-29,CUSTOMER,FULL,1975-01-01,50,1975-06-18,50,263000,48,4,0,0,12178,"2025-07-02 13:22:47"
25158043950,2025-07-02,CUSTOMER,FULL,1987-07-24,37,NULL,0,690000,24,2,0,0,6840,"2025-07-02 13:22:13"
8800384027,2025-07-01,CUSTOMER,FULL,1965-02-03,60,NULL,-1,715000,60,5,0,0,89315,"2025-07-02 13:22:12"
25157602022,2025-06-20,CUSTOMER,FULL,1986-04-01,39,1987-09-05,37,600000,47,4,0,0,10486,"2025-07-02 13:21:46"
25157674694,2025-06-26,CUSTOMER,FULL,1982-03-02,43,NULL,-1,180000,24,2,0,0,2738,"2025-07-02 13:21:33"
25158041533,2025-07-02,CUSTOMER,FULL,2001-07-01,24,1997-07-22,27,230000,36,3,0,0,2017,"2025-07-02 13:21:18"
25157928318,2025-06-30,CUSTOMER,FULL,1994-01-01,31,NULL,-1,330000,48,4,0,0,3517,"2025-07-02 13:21:01"
25158042111,2025-07-02,CUSTOMER,FULL,2001-11-14,23,NULL,0,400000,36,3,0,0,3522,"2025-07-02 13:20:52"
25158044094,2025-07-02,CUSTOMER,FULL,1987-02-01,38,1967-01-01,58,750000,60,5,0,0,15169,"2025-07-02 13:20:15"
8800191485,2025-06-26,CUSTOMER,FULL,1984-08-06,40,NULL,-1,220000,24,2,0,0,2479,"2025-07-02 13:19:50"
25157680378,2025-06-27,CUSTOMER,FULL,1991-04-25,34,NULL,-1,750000,36,3,0,0,8116,"2025-07-02 13:19:35"
25158039108,2025-07-02,CUSTOMER,FULL,1968-01-01,57,1968-01-01,57,300000,36,3,0,0,20380,"2025-07-02 13:19:00"
25157927906,2025-06-30,CUSTOMER,FULL,1976-03-02,49,NULL,-1,105000,24,2,0,0,2271,"2025-07-02 13:17:39"
8800313198,2025-06-26,CUSTOMER,FULL,1988-01-01,37,NULL,-1,250000,48,4,0,0,3815,"2025-07-02 13:17:32"
25157364181,2025-06-09,CUSTOMER,FULL,2001-12-11,23,NULL,-1,331000,59,5,0,0,3531,"2025-07-02 13:17:09"
25157699999,2025-06-28,CUSTOMER,FULL,1986-07-20,38,1989-04-19,36,575000,36,3,0,0,7830,"2025-07-02 13:17:01"
25157537828,2025-06-16,CUSTOMER,FULL,1994-01-01,31,1965-01-01,60,350000,36,3,0,0,3354,"2025-07-02 13:16:54"
8800317433,2025-06-26,CUSTOMER,FULL,1996-09-06,28,NULL,-1,800000,60,5,0,0,10281,"2025-07-02 13:16:37"
25158044562,2025-07-02,CUSTOMER,FULL,1989-07-30,35,NULL,0,305000,48,4,0,0,3689,"2025-07-02 13:16:15"
25158042886,2025-07-02,CUSTOMER,FULL,1983-06-09,42,NULL,0,520000,45,4,0,0,11763,"2025-07-02 13:15:10"
25158037447,2025-07-02,CUSTOMER,FULL,1980-01-01,45,NULL,0,550000,47,4,0,0,16290,"2025-07-02 13:15:02"
25158038264,2025-07-02,CUSTOMER,FULL,1989-01-01,36,NULL,0,294000,36,3,0,0,3515,"2025-07-02 13:14:34"
25158044563,2025-07-02,CUSTOMER,FULL,1990-05-25,35,NULL,0,128000,24,2,0,0,1091,"2025-07-02 13:14:17"
8800364759,2025-07-02,CUSTOMER,FULL,1993-01-01,32,NULL,0,487500,48,4,0,0,5931,"2025-07-02 13:12:19"
25158043138,2025-07-02,CUSTOMER,FULL,1996-04-23,29,1986-03-20,39,985000,72,6,0,0,14669,"2025-07-02 13:11:17"
25157952226,2025-07-01,CUSTOMER,FULL,2003-08-28,21,1964-06-01,61,700000,48,4,0,0,6419,"2025-07-02 13:11:02"
25158043673,2025-07-02,CUSTOMER,FULL,1986-08-15,38,1989-01-01,36,1500000,36,3,0,0,19630,"2025-07-02 13:10:55"
25158044617,2025-07-02,CUSTOMER,FULL,1997-11-09,27,NULL,0,374000,48,4,0,0,4017,"2025-07-02 13:10:48"
25157576736,2025-06-18,CUSTOMER,FULL,1993-08-24,31,1998-10-13,26,1320000,84,7,0,0,24517,"2025-07-02 13:09:50"
25158042446,2025-07-02,CUSTOMER,FULL,2000-01-01,25,NULL,0,500000,48,4,0,0,5222,"2025-07-02 13:08:49"
8800275755,2025-06-28,CUSTOMER,FULL,1983-09-23,41,NULL,-1,400000,48,4,0,0,8147,"2025-07-02 13:08:36"
8800159943,2025-07-02,CUSTOMER,FULL,1991-03-30,34,NULL,0,590000,48,4,0,0,7854,"2025-07-02 13:08:33"
8800214320,2025-07-02,CUSTOMER,FULL,1977-12-02,47,1999-08-09,25,1000000,84,7,0,0,57195,"2025-07-02 13:08:21"
8800319230,2025-07-02,CUSTOMER,FULL,1974-07-15,50,NULL,0,500000,36,3,0,0,19854,"2025-07-02 13:08:15"
25158039219,2025-07-02,CUSTOMER,FULL,2002-01-01,23,NULL,0,400000,36,3,0,0,3522,"2025-07-02 13:07:55"
8800251986,2025-06-29,CUSTOMER,FULL,1993-01-01,32,1965-01-01,60,543000,60,5,0,0,7869,"2025-07-02 13:07:51"
25158041742,2025-07-02,CUSTOMER,FULL,1997-07-12,27,NULL,0,130000,36,3,0,0,1171,"2025-07-02 13:06:52"
25158042020,2025-07-02,CUSTOMER,FULL,1996-07-14,28,NULL,0,300000,60,5,0,0,3760,"2025-07-02 13:06:26"
25158044088,2025-07-02,CUSTOMER,FULL,1995-05-17,30,NULL,0,250000,36,3,0,0,2366,"2025-07-02 13:06:26"
25157930214,2025-06-30,CUSTOMER,FULL,2005-07-20,19,1966-01-01,59,210000,24,2,0,0,1331,"2025-07-02 13:05:43"
8800324180,2025-06-30,CUSTOMER,FULL,2003-02-10,22,NULL,-1,800000,60,5,0,0,9988,"2025-07-02 13:05:40"
25158042887,2025-07-02,CUSTOMER,FULL,1968-05-21,57,NULL,0,174000,23,2,0,0,9802,"2025-07-02 13:05:10"
25157928980,2025-06-30,CUSTOMER,FULL,1973-03-21,52,1978-01-01,47,810000,72,6,0,0,62653,"2025-07-02 13:04:25"
8800302359,2025-07-02,CUSTOMER,FULL,1984-05-20,41,1991-05-21,34,160000,24,2,0,0,2079,"2025-07-02 13:03:57"
25157581074,2025-06-19,CUSTOMER,FULL,1985-01-01,40,NULL,-1,480000,48,4,0,0,9295,"2025-07-02 13:03:53"
25158044048,2025-07-02,CUSTOMER,FULL,2005-05-20,20,2001-01-01,24,100000,18,2,0,0,691,"2025-07-02 13:03:48"
25157554248,2025-06-17,CUSTOMER,FULL,1999-11-01,25,1968-01-01,57,3200000,48,4,0,0,33418,"2025-07-02 13:03:44"
25157954481,2025-07-01,CUSTOMER,FULL,1978-01-01,47,NULL,-1,800000,60,5,0,0,34560,"2025-07-02 13:03:21"
25158042141,2025-07-02,CUSTOMER,FULL,1993-03-10,32,NULL,0,175000,36,3,0,0,1634,"2025-07-02 13:03:06"
25157603326,2025-06-20,CO-APPLICANT,FULL,1976-01-01,49,2006-06-15,19,350000,48,4,0,0,3672,"2025-07-02 13:02:48"
25158042562,2025-07-02,CUSTOMER,FULL,1992-02-10,33,1993-06-10,32,900000,60,5,0,0,13626,"2025-07-02 13:02:00"
8800361953,2025-06-30,CUSTOMER,FULL,1987-01-01,38,NULL,-1,270000,36,3,0,0,3645,"2025-07-02 13:01:12"
25157839189,2025-06-29,CUSTOMER,FULL,1963-05-23,62,1969-12-11,55,582000,60,5,0,0,82824,"2025-07-02 13:00:34"
25157920234,2025-06-30,CUSTOMER,FULL,1991-08-20,33,NULL,-1,300000,36,3,0,0,3102,"2025-07-02 13:00:25"
25158043831,2025-07-02,CUSTOMER,FULL,1983-01-01,42,NULL,0,200000,36,3,0,0,3347,"2025-07-02 13:00:09"
25157906929,2025-06-30,CUSTOMER,"PARTIAL TENURE",1977-01-01,48,NULL,-1,450000,42,4,0,2,11109,"2025-07-02 13:00:02"
25157658046,2025-06-25,CUSTOMER,FULL,2003-08-21,21,1997-07-03,27,350000,36,3,0,0,2772,"2025-07-02 12:59:58"
8800398928,2025-07-02,CUSTOMER,FULL,1990-06-01,35,NULL,0,500000,30,3,0,0,5694,"2025-07-02 12:59:50"
8800285180,2025-06-25,CUSTOMER,FULL,1997-04-02,28,1967-02-21,58,95000,36,3,0,0,864,"2025-07-02 12:59:44"
25158042707,2025-07-02,CUSTOMER,FULL,1990-12-25,34,NULL,0,1200000,60,5,0,0,16200,"2025-07-02 12:59:43"
25158042775,2025-07-02,CUSTOMER,FULL,1987-12-31,37,1983-05-01,42,650353,84,7,0,0,16723,"2025-07-02 12:58:12"
25157859467,2025-06-29,CUSTOMER,FULL,1996-07-13,28,NULL,-1,330000,60,5,0,0,3832,"2025-07-02 12:58:03"
25157902074,2025-06-30,CUSTOMER,FULL,1976-03-05,49,NULL,-1,497000,24,2,0,0,13677,"2025-07-02 12:57:50"
8800352137,2025-07-02,CUSTOMER,FULL,1987-01-03,38,NULL,0,700000,60,5,0,0,14158,"2025-07-02 12:57:05"
8800226657,2025-07-02,CUSTOMER,FULL,1998-07-01,27,1996-01-01,29,420000,35,3,0,0,3713,"2025-07-02 12:57:03"
8800396580,2025-07-02,CUSTOMER,FULL,1993-11-28,31,NULL,0,360000,24,2,0,0,2719,"2025-07-02 12:55:31"
25157562257,2025-07-02,CUSTOMER,FULL,2002-02-10,23,1968-03-25,57,660000,48,4,0,0,7025,"2025-07-02 12:55:23"
25157931947,2025-06-30,CUSTOMER,FULL,1980-10-25,44,NULL,-1,300000,36,3,0,0,5849,"2025-07-02 12:55:07"
8800369031,2025-06-29,CUSTOMER,FULL,1988-01-01,37,1944-01-01,81,500000,48,4,0,0,7895,"2025-07-02 12:54:57"
8800157967,2025-07-02,CUSTOMER,FULL,1983-06-06,42,NULL,0,280000,24,2,0,0,3929,"2025-07-02 12:54:44"
8800157160,2025-07-02,CUSTOMER,FULL,1981-07-01,44,NULL,0,700000,60,5,0,0,22864,"2025-07-02 12:54:34"
8800330002,2025-06-25,CUSTOMER,FULL,1989-06-19,36,NULL,-1,560000,60,5,0,0,9179,"2025-07-02 12:54:30"
8800337333,2025-07-01,CUSTOMER,"PARTIAL TENURE",1980-01-01,45,NULL,-1,1200000,60,5,0,2,21283,"2025-07-02 12:53:58"
25157675881,2025-06-26,CUSTOMER,FULL,1990-05-21,35,NULL,-1,1300000,60,5,0,0,18286,"2025-07-02 12:53:56"
25158042520,2025-07-02,CUSTOMER,FULL,1988-01-01,37,1990-07-25,34,382000,24,2,0,0,3787,"2025-07-02 12:53:41"
8800356716,2025-06-27,CUSTOMER,FULL,1978-03-13,47,1982-06-10,43,872001,60,5,0,0,36498,"2025-07-02 12:53:36"
8800151486,2025-07-02,CUSTOMER,FULL,1999-07-10,25,NULL,0,800000,66,6,0,0,10790,"2025-07-02 12:53:16"
25157614011,2025-07-02,CUSTOMER,FULL,2001-07-19,23,1996-06-15,29,605000,36,3,0,0,5326,"2025-07-02 12:53:02"
25157655036,2025-06-24,CUSTOMER,FULL,1995-12-05,29,NULL,-1,650000,60,5,0,0,8530,"2025-07-02 12:52:17"
25158042615,2025-07-02,CUSTOMER,FULL,1978-03-21,47,2006-04-24,19,268000,36,3,0,0,7660,"2025-07-02 12:51:18"
25158038737,2025-07-02,CUSTOMER,FULL,1992-02-11,33,NULL,0,523000,48,4,0,0,6641,"2025-07-02 12:50:45"
8800069486,2025-06-18,CUSTOMER,FULL,1988-06-01,37,NULL,-1,250000,24,2,0,0,2360,"2025-07-02 12:49:45"
25157697227,2025-07-02,CUSTOMER,FULL,1982-03-28,43,1967-08-10,57,926100,48,4,0,0,22807,"2025-07-02 12:49:43"
25158042658,2025-07-02,CUSTOMER,FULL,1982-01-01,43,NULL,0,500000,60,5,0,0,14904,"2025-07-02 12:48:22"
8800366538,2025-07-02,CUSTOMER,FULL,1976-01-01,49,NULL,0,565000,48,4,0,0,24822,"2025-07-02 12:47:49"
25157950525,2025-07-01,CUSTOMER,FULL,2000-01-01,25,2000-01-01,25,450000,48,4,0,0,4790,"2025-07-02 12:47:36"
8800233668,2025-06-26,CUSTOMER,FULL,2001-01-07,24,NULL,-1,428000,60,5,0,0,5344,"2025-07-02 12:46:12"
8800196051,2025-07-02,CUSTOMER,FULL,1997-07-12,27,NULL,0,445000,42,4,0,0,4779,"2025-07-02 12:45:47"
25157693114,2025-06-27,CUSTOMER,FULL,1994-01-01,31,1995-10-01,29,290000,36,3,0,0,2649,"2025-07-02 12:45:45"
8800397428,2025-07-02,CUSTOMER,FULL,1990-03-15,35,NULL,0,600000,60,5,0,0,10068,"2025-07-02 12:45:39"
25157929049,2025-06-30,CUSTOMER,FULL,1988-08-05,36,1992-03-21,33,1200000,48,4,0,0,16893,"2025-07-02 12:45:27"
25157930065,2025-06-30,CUSTOMER,FULL,1993-09-08,31,NULL,-1,929250,72,6,0,0,14474,"2025-07-02 12:45:27"
25157606157,2025-06-20,CUSTOMER,FULL,1995-06-25,29,1964-01-01,61,600000,60,5,0,0,7873,"2025-07-02 12:45:12"
8800009844,2025-07-02,CUSTOMER,"PARTIAL TENURE",1978-03-05,47,NULL,0,677000,48,4,0,3,19636,"2025-07-02 12:44:58"
25157928736,2025-06-30,CUSTOMER,FULL,1988-01-01,37,NULL,-1,450000,60,5,0,0,8130,"2025-07-02 12:44:34"
25157977264,2025-07-02,CUSTOMER,FULL,1978-03-18,47,NULL,0,400000,48,4,0,0,14538,"2025-07-02 12:44:00"
25157680971,2025-06-27,CUSTOMER,FULL,1994-01-01,31,NULL,-1,295000,36,3,0,0,2695,"2025-07-02 12:43:11"
25157913765,2025-06-30,CUSTOMER,FULL,2003-06-22,22,NULL,-1,600000,60,5,0,0,7491,"2025-07-02 12:42:50"
25157913420,2025-06-30,CUSTOMER,FULL,1987-12-12,37,1991-01-01,34,560000,60,5,0,0,10606,"2025-07-02 12:42:27"
25157524831,2025-06-14,CUSTOMER,FULL,1999-01-01,26,1982-01-01,43,2000000,35,3,0,0,17818,"2025-07-02 12:42:13"
25157648003,2025-06-24,CUSTOMER,FULL,1984-10-18,40,NULL,-1,600000,60,5,0,0,13998,"2025-07-02 12:41:54"
25158042455,2025-07-02,CUSTOMER,FULL,2003-07-07,21,1987-05-03,38,970000,60,5,0,0,10142,"2025-07-02 12:41:33"
25157924680,2025-06-30,CUSTOMER,FULL,1994-02-07,31,NULL,-1,920000,60,5,0,0,11269,"2025-07-02 12:41:29"
25157798567,2025-06-29,CUSTOMER,FULL,2003-11-01,21,NULL,-1,325000,48,4,0,0,2980,"2025-07-02 12:41:20"
8800280567,2025-06-23,CUSTOMER,FULL,1990-05-08,35,1993-01-05,32,800000,60,5,0,0,12829,"2025-07-02 12:41:08"
8800285157,2025-07-02,CUSTOMER,FULL,1998-09-09,26,NULL,0,490000,60,5,0,0,6147,"2025-07-02 12:40:44"
25157713092,2025-06-28,CUSTOMER,FULL,2000-02-13,25,NULL,-1,986000,60,5,0,0,10681,"2025-07-02 12:40:30"
8800206296,2025-06-30,CUSTOMER,FULL,1989-06-01,36,NULL,-1,600000,48,4,0,0,8631,"2025-07-02 12:40:28"
8800243838,2025-06-24,CUSTOMER,FULL,1999-05-11,26,NULL,-1,470000,60,5,0,0,5730,"2025-07-02 12:40:07"
8800382701,2025-07-02,CUSTOMER,FULL,1992-01-17,33,NULL,0,700000,84,7,0,0,14224,"2025-07-02 12:40:01"
25157996430,2025-07-01,CUSTOMER,FULL,1989-05-03,36,NULL,-1,105000,24,2,0,0,982,"2025-07-02 12:39:57"
8800388034,2025-07-02,CUSTOMER,FULL,2001-05-02,24,NULL,0,420000,36,3,0,0,3430,"2025-07-02 12:39:31"
8800226322,2025-06-20,CUSTOMER,FULL,1984-06-22,40,NULL,-1,1300000,84,7,0,0,41541,"2025-07-02 12:39:27"
25158043481,2025-07-02,CUSTOMER,FULL,1995-01-01,30,NULL,0,650000,60,5,0,0,8767,"2025-07-02 12:39:25"
8800356715,2025-06-27,CUSTOMER,FULL,1978-03-13,47,1982-06-10,43,872001,60,5,0,0,36498,"2025-07-02 12:39:12"
8800125402,2025-07-02,CUSTOMER,FULL,1992-09-15,32,2000-10-20,24,2700000,60,5,0,0,37786,"2025-07-02 12:39:01"
25157959768,2025-07-01,CUSTOMER,FULL,1990-10-26,34,NULL,-1,330000,36,3,0,0,3271,"2025-07-02 12:38:56"
25157615920,2025-06-21,CUSTOMER,FULL,2000-02-10,25,NULL,-1,190000,36,3,0,0,1559,"2025-07-02 12:38:11"
25157944926,2025-07-01,CUSTOMER,FULL,1995-01-01,30,1992-02-05,33,788000,60,5,0,0,9457,"2025-07-02 12:38:03"
8800362390,2025-07-02,CUSTOMER,FULL,1991-04-05,34,NULL,0,400000,60,5,0,0,6363,"2025-07-02 12:37:29"
25158042910,2025-07-02,CUSTOMER,FULL,1992-12-16,32,NULL,0,1200000,60,5,0,0,15123,"2025-07-02 12:36:51"
25157813315,2025-06-29,CUSTOMER,FULL,2005-02-20,20,1971-03-01,54,860000,60,5,0,0,8850,"2025-07-02 12:36:18"
25157834056,2025-06-29,CUSTOMER,FULL,1992-01-30,33,NULL,-1,500000,36,3,0,0,4791,"2025-07-02 12:36:05"
25157934150,2025-07-01,CO-APPLICANT,FULL,1977-10-10,47,1997-09-11,27,598000,59,5,0,0,7572,"2025-07-02 12:35:47"
25157620377,2025-06-21,CUSTOMER,FULL,1986-08-02,38,NULL,-1,315000,36,3,0,0,4290,"2025-07-02 12:35:42"
8800024453,2025-07-02,CUSTOMER,"PARTIAL FINANCE AMOUNT",1979-07-15,45,NULL,0,2297000,84,7,1722750,0,79017,"2025-07-02 12:34:56"
25158039337,2025-07-02,CUSTOMER,FULL,1994-01-01,31,1966-03-10,59,1000000,84,7,0,0,17441,"2025-07-02 12:34:53"
25157700052,2025-06-28,CUSTOMER,FULL,2002-03-01,23,1977-01-01,48,650000,47,4,0,0,6919,"2025-07-02 12:34:50"
25158041685,2025-07-02,CUSTOMER,FULL,1991-01-16,34,NULL,0,199000,36,3,0,0,2154,"2025-07-02 12:33:53"
25158041597,2025-07-02,CUSTOMER,FULL,1996-07-10,28,1969-04-10,56,800000,59,5,0,0,10026,"2025-07-02 12:33:16"
8800284070,2025-06-30,CUSTOMER,FULL,1996-07-15,28,1965-01-01,60,700000,60,5,0,0,8996,"2025-07-02 12:33:16"
25157924078,2025-07-02,CUSTOMER,FULL,1988-07-01,37,1989-01-05,36,670000,60,5,0,0,12690,"2025-07-02 12:33:05"
8800215161,2025-06-30,CUSTOMER,FULL,1992-01-01,33,NULL,-1,1084000,60,5,0,0,14122,"2025-07-02 12:32:48"
25158042796,2025-07-02,CUSTOMER,FULL,1993-02-28,32,NULL,0,150000,24,2,0,0,1150,"2025-07-02 12:32:19"
25158042071,2025-07-02,CUSTOMER,FULL,1980-07-09,44,NULL,0,1500000,60,5,0,0,42374,"2025-07-02 12:32:09"
25158042144,2025-07-02,CUSTOMER,FULL,1985-01-01,40,NULL,0,370000,36,3,0,0,5781,"2025-07-02 12:31:35"
8800295340,2025-06-28,CUSTOMER,FULL,1993-05-05,32,NULL,-1,550000,60,5,0,0,7698,"2025-07-02 12:30:52"
8800274523,2025-07-02,CO-APPLICANT,FULL,2000-01-01,25,1983-04-29,42,699000,60,5,0,0,19112,"2025-07-02 12:30:31"
25157593713,2025-06-20,CUSTOMER,FULL,1981-07-08,43,NULL,-1,540000,42,4,0,0,13299,"2025-07-02 12:29:45"
25158041878,2025-07-02,CUSTOMER,FULL,1994-05-15,31,NULL,0,725000,57,5,0,0,10104,"2025-07-02 12:29:29"
8800147061,2025-06-17,CUSTOMER,FULL,1982-08-05,42,NULL,-1,440000,84,7,0,0,16568,"2025-07-02 12:29:14"
25157618431,2025-06-22,CUSTOMER,FULL,1994-05-28,31,NULL,-1,570000,60,5,0,0,7944,"2025-07-02 12:28:58"
25157928356,2025-06-30,CUSTOMER,FULL,1983-01-01,42,NULL,-1,440000,30,3,0,0,8001,"2025-07-02 12:28:53"
25158041750,2025-07-02,CUSTOMER,FULL,1990-07-29,34,1998-07-12,26,750000,84,7,0,0,16063,"2025-07-02 12:28:15"
8800133914,2025-06-30,CUSTOMER,FULL,1993-08-20,31,NULL,-1,825000,84,7,0,0,15323,"2025-07-02 12:27:34"
8800361135,2025-07-01,CUSTOMER,FULL,1985-12-20,39,NULL,-1,1135000,84,7,0,0,33604,"2025-07-02 12:26:29"
8800212554,2025-07-01,CUSTOMER,FULL,1993-03-20,32,1965-01-01,60,200000,9,1,0,0,890,"2025-07-02 12:25:58"
25158036311,2025-07-02,CUSTOMER,FULL,1976-04-07,49,NULL,0,783000,60,5,0,0,39582,"2025-07-02 12:25:58"
25158041455,2025-07-02,CUSTOMER,FULL,1982-05-07,43,NULL,0,300000,36,3,0,0,5930,"2025-07-02 12:25:41"
25157869421,2025-06-29,CUSTOMER,FULL,1988-11-28,36,1999-07-11,25,550000,36,3,0,0,6542,"2025-07-02 12:25:30"
25157928830,2025-06-30,CUSTOMER,FULL,1992-02-01,33,1988-01-01,37,650000,60,5,0,0,8468,"2025-07-02 12:25:22"
25157626635,2025-06-22,CUSTOMER,FULL,1990-09-12,34,NULL,-1,225000,24,2,0,0,1896,"2025-07-02 12:24:07"
25157673200,2025-06-26,CUSTOMER,FULL,1988-01-01,37,NULL,-1,735000,72,6,0,0,16020,"2025-07-02 12:23:41"
8800129588,2025-07-02,CUSTOMER,FULL,1974-09-11,50,NULL,0,855000,60,5,0,0,49164,"2025-07-02 12:23:30"
8800198516,2025-06-30,CUSTOMER,FULL,1981-01-01,44,NULL,-1,510000,54,5,0,0,14408,"2025-07-02 12:23:24"
25158037315,2025-07-02,CUSTOMER,FULL,2000-07-22,24,1969-07-02,56,966700,60,5,0,0,10404,"2025-07-02 12:22:55"
25158041480,2025-07-02,CUSTOMER,FULL,1999-05-20,26,1974-02-05,51,550000,36,3,0,0,4842,"2025-07-02 12:22:12"
25157696662,2025-06-28,CUSTOMER,FULL,1985-05-12,40,1997-01-01,28,720000,72,6,0,0,19813,"2025-07-02 12:22:01"
25155763698,2025-07-02,CUSTOMER,FULL,1984-01-01,41,NULL,0,280000,48,4,0,0,5703,"2025-07-02 12:21:53"
25158041733,2025-07-02,CUSTOMER,FULL,1988-12-10,36,NULL,0,155000,24,2,0,0,1524,"2025-07-02 12:21:44"
25157836766,2025-06-29,CUSTOMER,FULL,1981-01-01,44,NULL,-1,675000,60,5,0,0,22048,"2025-07-02 12:21:27"
25157683322,2025-06-27,CUSTOMER,FULL,1990-07-20,34,NULL,-1,1000000,72,6,0,0,18609,"2025-07-02 12:20:34"
25158041628,2025-07-02,CUSTOMER,FULL,1998-12-07,26,1968-11-01,56,834000,60,5,0,0,10462,"2025-07-02 12:20:27"
8800202562,2025-07-02,CUSTOMER,"PARTIAL FINANCE AMOUNT",1971-11-01,53,NULL,0,200000,18,2,150000,0,6204,"2025-07-02 12:19:46"
8800232457,2025-06-25,CUSTOMER,FULL,1995-10-17,29,NULL,-1,120000,24,2,0,0,885,"2025-07-02 12:19:25"
25158042135,2025-07-02,CUSTOMER,FULL,1961-07-27,63,NULL,0,300000,47,4,0,0,38494,"2025-07-02 12:19:12"
25157593259,2025-06-20,CUSTOMER,FULL,1989-03-06,36,NULL,-1,1010000,60,5,0,0,16555,"2025-07-02 12:19:08"
25157320241,2025-06-05,CUSTOMER,FULL,1983-11-06,41,NULL,-1,450000,36,3,0,0,7573,"2025-07-02 12:19:01"
25157489469,2025-06-12,CUSTOMER,FULL,1992-01-01,33,1999-01-01,26,331000,42,4,0,0,3727,"2025-07-02 12:18:46"
8800217581,2025-06-28,CUSTOMER,FULL,1990-01-01,35,NULL,-1,450000,48,4,0,0,6314,"2025-07-02 12:17:51"
8800348110,2025-06-27,CUSTOMER,FULL,1982-07-01,42,NULL,-1,1936000,84,7,0,0,68009,"2025-07-02 12:16:07"
8800399540,2025-07-01,CUSTOMER,FULL,1997-04-29,28,1972-01-01,53,190000,36,3,0,0,1727,"2025-07-02 12:15:16"
25158039502,2025-07-02,CUSTOMER,FULL,1989-07-13,35,NULL,0,900000,60,5,0,0,12660,"2025-07-02 12:14:50"
25157931917,2025-06-30,CUSTOMER,FULL,1979-11-18,45,NULL,-1,1100000,72,6,0,0,43704,"2025-07-02 12:14:45"
8800297493,2025-07-02,CUSTOMER,FULL,1986-01-01,39,1964-01-01,61,560000,60,5,0,0,12139,"2025-07-02 12:13:39"
8800204135,2025-06-26,CUSTOMER,FULL,1974-01-29,51,1970-07-15,54,730000,60,5,0,0,45637,"2025-07-02 12:13:34"
8800233558,2025-06-18,CUSTOMER,FULL,1989-11-26,35,NULL,-1,450000,36,3,0,0,5109,"2025-07-02 12:13:17"
25157596326,2025-06-20,CUSTOMER,FULL,1979-05-15,46,NULL,-1,560000,60,5,0,0,21351,"2025-07-02 12:12:49"
8800133205,2025-06-22,CUSTOMER,FULL,1987-01-01,38,NULL,-1,500000,36,3,0,0,6750,"2025-07-02 12:12:37"
25158039696,2025-07-02,CO-APPLICANT,FULL,1961-01-01,64,2006-02-11,19,400000,30,3,0,0,3460,"2025-07-02 12:12:04"
25158041423,2025-07-02,CUSTOMER,FULL,1990-05-01,35,NULL,0,400000,24,2,0,0,3540,"2025-07-02 12:11:47"
25157645826,2025-06-24,CUSTOMER,FULL,1990-04-01,35,1967-05-27,58,870000,60,5,0,0,12238,"2025-07-02 12:11:17"
25157939727,2025-07-01,CUSTOMER,FULL,1982-11-16,42,NULL,-1,1000000,60,5,0,0,23943,"2025-07-02 12:10:20"
8800220954,2025-06-17,CUSTOMER,FULL,1978-01-01,47,NULL,-1,160000,18,2,0,0,3737,"2025-07-02 12:09:19"
8800149587,2025-07-02,CUSTOMER,FULL,1989-01-01,36,1997-01-01,28,440000,30,3,0,0,5296,"2025-07-02 12:09:18"
8800397376,2025-07-02,CUSTOMER,FULL,1993-03-11,32,NULL,0,170000,36,3,0,0,1706,"2025-07-02 12:09:11"
25157667031,2025-06-25,CUSTOMER,FULL,1994-07-14,30,NULL,-1,270000,24,2,0,0,1969,"2025-07-02 12:09:03"
25157931495,2025-06-30,CO-APPLICANT,FULL,1972-07-25,52,1998-02-28,27,550000,48,4,0,0,5906,"2025-07-02 12:08:38"
25158042158,2025-07-02,CUSTOMER,FULL,1986-05-04,39,NULL,0,1000000,48,4,0,0,16509,"2025-07-02 12:06:52"
25157932301,2025-06-30,CUSTOMER,FULL,1986-11-06,38,NULL,-1,880000,60,5,0,0,17799,"2025-07-02 12:06:42"
25157695364,2025-06-28,CUSTOMER,FULL,1995-10-12,29,1962-01-01,63,520000,60,5,0,0,6824,"2025-07-02 12:06:39"
25157674203,2025-06-26,CUSTOMER,FULL,1995-02-06,30,NULL,-1,615000,48,4,0,0,6989,"2025-07-02 12:06:26"
25157821277,2025-06-29,CUSTOMER,FULL,1998-09-19,26,NULL,-1,610000,48,4,0,0,6090,"2025-07-02 12:05:50"
25157785825,2025-06-29,CUSTOMER,FULL,2003-05-01,22,NULL,-1,700000,60,5,0,0,7418,"2025-07-02 12:05:17"
25157535146,2025-06-16,CUSTOMER,FULL,1996-06-01,29,NULL,-1,800000,42,4,0,0,8865,"2025-07-02 12:04:55"
8800337309,2025-06-25,CUSTOMER,FULL,1987-05-16,38,NULL,-1,489000,36,3,0,0,6602,"2025-07-02 12:04:20"
25157698174,2025-06-28,CUSTOMER,FULL,2002-01-01,23,NULL,-1,860000,35,3,0,0,6952,"2025-07-02 12:04:06"
8800007515,2025-07-02,CUSTOMER,FULL,1970-01-01,55,NULL,0,650000,48,4,0,0,48636,"2025-07-02 12:03:48"
25158041208,2025-07-02,CUSTOMER,FULL,1997-01-01,28,NULL,0,300000,30,3,0,0,2684,"2025-07-02 12:03:46"
8800200580,2025-06-29,CUSTOMER,FULL,1983-01-01,42,1983-01-01,42,1650000,31,3,0,0,30004,"2025-07-02 12:03:13"
25158038401,2025-07-02,CUSTOMER,FULL,1998-08-12,26,NULL,0,600000,48,4,0,0,6394,"2025-07-02 12:02:53"
8800111294,2025-06-30,CUSTOMER,FULL,2001-03-15,24,1994-02-28,31,640000,60,5,0,0,7991,"2025-07-02 12:02:10"
8800356714,2025-06-27,CUSTOMER,FULL,1978-03-13,47,1982-06-10,43,872001,60,5,0,0,36498,"2025-07-02 12:01:48"
25158039672,2025-07-02,CUSTOMER,FULL,2002-07-01,23,NULL,0,540000,60,5,0,0,6742,"2025-07-02 12:01:41"
25158042077,2025-07-02,CUSTOMER,FULL,1991-01-01,34,NULL,0,980000,48,4,0,0,11403,"2025-07-02 12:01:31"
25157646424,2025-06-24,CUSTOMER,FULL,1996-07-22,28,1995-11-09,29,900000,60,5,0,0,11566,"2025-07-02 12:00:02"
8800372778,2025-06-28,CUSTOMER,FULL,1998-03-30,27,1969-10-01,55,820000,84,7,0,0,13615,"2025-07-02 11:59:48"
25157602382,2025-06-20,CUSTOMER,FULL,1978-06-01,47,1998-07-21,26,700000,60,5,0,0,30240,"2025-07-02 11:58:40"
8800284642,2025-06-17,CUSTOMER,FULL,1989-01-05,36,NULL,-1,730000,60,5,0,0,12990,"2025-07-02 11:57:47"
25157643787,2025-06-24,CUSTOMER,FULL,1989-07-01,35,1989-01-01,36,430000,59,5,0,0,6896,"2025-07-02 11:57:22"
8800158843,2025-06-30,CUSTOMER,FULL,1991-01-01,34,2000-01-01,25,800000,30,3,0,0,8666,"2025-07-02 11:57:15"
25157822968,2025-06-29,CUSTOMER,FULL,1991-08-01,33,1979-05-04,46,1400000,48,4,0,0,15761,"2025-07-02 11:57:13"
25158041332,2025-07-02,CUSTOMER,FULL,1994-01-01,31,1979-01-01,46,460000,60,5,0,0,6411,"2025-07-02 11:55:37"
25158041370,2025-07-02,CUSTOMER,FULL,1988-07-01,37,NULL,0,460000,24,2,0,0,4560,"2025-07-02 11:55:27"
25158041781,2025-07-02,CUSTOMER,FULL,1982-01-01,43,1984-01-01,41,260000,36,3,0,0,4685,"2025-07-02 11:55:23"
25158038581,2025-07-02,CUSTOMER,FULL,2000-01-01,25,1996-01-01,29,827000,72,6,0,0,11155,"2025-07-02 11:55:00"
8800310069,2025-07-01,CUSTOMER,FULL,1981-06-09,44,NULL,-1,690000,60,5,0,0,22016,"2025-07-02 11:54:18"
8800388355,2025-07-01,CUSTOMER,FULL,1992-04-16,33,NULL,-1,230000,35,3,0,0,2392,"2025-07-02 11:54:12"
25157926287,2025-06-30,CUSTOMER,FULL,1979-03-10,46,NULL,-1,679000,48,4,0,0,22234,"2025-07-02 11:53:58"
8800261136,2025-06-28,CUSTOMER,FULL,1994-06-18,31,NULL,-1,220000,24,2,0,0,1649,"2025-07-02 11:53:43"
25157572447,2025-06-18,CUSTOMER,FULL,1987-07-27,37,1983-08-18,41,125000,30,3,0,0,1557,"2025-07-02 11:53:38"
25157928701,2025-06-30,CUSTOMER,"PARTIAL FINANCE AMOUNT",1971-07-15,53,NULL,-1,495000,18,2,371250,0,15355,"2025-07-02 11:53:16"
25157924360,2025-06-30,CUSTOMER,FULL,1993-01-01,32,NULL,-1,400000,36,3,0,0,4012,"2025-07-02 11:51:54"
25157938769,2025-07-01,CUSTOMER,FULL,1971-01-01,54,NULL,-1,600000,60,5,0,0,49263,"2025-07-02 11:51:31"
8800185386,2025-07-02,CUSTOMER,FULL,1995-11-11,29,1994-10-20,30,2000000,47,4,0,0,22019,"2025-07-02 11:51:22"
8800284787,2025-06-27,CUSTOMER,FULL,2005-02-08,20,NULL,-1,500000,36,3,0,0,4378,"2025-07-02 11:50:47"
25158034445,2025-07-02,CUSTOMER,FULL,1976-06-01,49,NULL,0,160000,24,2,0,0,4403,"2025-07-02 11:50:43"
8800170591,2025-06-23,CUSTOMER,FULL,1987-01-01,38,NULL,-1,300000,24,2,0,0,3001,"2025-07-02 11:49:39"
25158036129,2025-07-02,CUSTOMER,FULL,1979-05-15,46,1968-03-01,57,129500,24,2,0,0,2756,"2025-07-02 11:49:04"
25158041170,2025-07-02,CUSTOMER,FULL,1975-01-01,50,1974-03-02,51,240000,48,4,0,0,11498,"2025-07-02 11:47:33"
8800234260,2025-06-30,CUSTOMER,FULL,1965-01-30,60,NULL,-1,200000,24,2,0,0,11156,"2025-07-02 11:46:15"
25158041302,2025-07-02,CUSTOMER,FULL,1981-07-20,43,NULL,0,235000,24,2,0,0,3531,"2025-07-02 11:45:49"
25157609148,2025-06-20,CUSTOMER,FULL,1995-07-10,29,1964-01-01,61,180000,30,3,0,0,1670,"2025-07-02 11:44:40"
25157691101,2025-06-30,CUSTOMER,FULL,1989-06-15,36,1999-09-05,25,726000,60,5,0,0,12919,"2025-07-02 11:44:02"
8800199799,2025-07-02,CUSTOMER,FULL,1984-10-25,40,NULL,0,510000,60,5,0,0,11898,"2025-07-02 11:43:39"
25157925381,2025-06-30,CUSTOMER,FULL,1983-07-15,41,1985-06-15,40,1700000,84,7,0,0,55165,"2025-07-02 11:43:33"
25157929053,2025-06-30,CUSTOMER,FULL,1993-07-18,31,1994-06-05,31,485000,60,5,0,0,5941,"2025-07-02 11:43:12"
25157578225,2025-06-18,CUSTOMER,FULL,1997-01-01,28,1973-01-01,52,591900,47,4,0,0,6391,"2025-07-02 11:43:05"
25157955369,2025-07-01,CUSTOMER,FULL,1991-01-15,34,NULL,-1,848000,60,5,0,0,11448,"2025-07-02 11:42:09"
25157686381,2025-06-27,CUSTOMER,FULL,1985-01-01,40,1987-01-01,38,610000,40,4,0,0,11812,"2025-07-02 11:41:26"
25157667726,2025-06-25,CUSTOMER,FULL,1979-01-31,46,NULL,-1,170000,24,2,0,0,2819,"2025-07-02 11:40:32"
25157666729,2025-06-25,CUSTOMER,FULL,1994-01-01,31,2000-02-10,25,850000,54,5,0,0,10412,"2025-07-02 11:40:25"
25158038041,2025-07-02,CUSTOMER,FULL,2003-01-01,22,NULL,0,375000,36,3,0,0,3302,"2025-07-02 11:39:20"
25157798815,2025-06-29,CUSTOMER,FULL,1986-03-21,39,NULL,-1,250000,36,3,0,0,3458,"2025-07-02 11:39:07"
8800363035,2025-06-29,CUSTOMER,FULL,1997-06-06,28,1978-01-01,47,380000,54,5,0,0,4763,"2025-07-02 11:39:00"
8800254211,2025-06-28,CUSTOMER,FULL,1986-06-25,39,NULL,-1,436758,36,3,0,0,6360,"2025-07-02 11:38:22"
25157932766,2025-06-30,CUSTOMER,FULL,1991-01-01,34,NULL,-1,600000,60,5,0,0,8100,"2025-07-02 11:38:14"
8800035580,2025-07-01,CUSTOMER,FULL,1992-04-01,33,NULL,-1,400000,36,3,0,0,3833,"2025-07-02 11:37:51"
8800384303,2025-07-02,CUSTOMER,FULL,1997-01-01,28,NULL,0,450000,48,4,0,0,4896,"2025-07-02 11:37:05"
25158039359,2025-07-02,CUSTOMER,FULL,1997-04-02,28,NULL,0,420000,24,2,0,0,2954,"2025-07-02 11:36:48"
8800256527,2025-06-21,CUSTOMER,FULL,1992-07-10,32,NULL,-1,950000,48,4,0,0,11558,"2025-07-02 11:36:45"
25158039031,2025-07-02,CUSTOMER,FULL,2003-07-07,21,1987-05-03,38,950000,48,4,0,0,8711,"2025-07-02 11:36:06"
25158037077,2025-07-02,CUSTOMER,FULL,1983-01-01,42,1988-07-01,37,800000,24,2,0,0,11130,"2025-07-02 11:36:05"
25157370562,2025-06-09,CUSTOMER,FULL,1985-01-01,40,NULL,-1,100000,24,2,0,0,1208,"2025-07-02 11:35:43"
8800306053,2025-06-13,CUSTOMER,FULL,1996-01-01,29,NULL,-1,682000,72,6,0,0,10374,"2025-07-02 11:35:40"
25158041233,2025-07-02,CUSTOMER,FULL,1976-01-01,49,NULL,0,198000,36,3,0,0,7056,"2025-07-02 11:35:05"
25158041369,2025-07-02,CUSTOMER,FULL,1989-05-16,36,1972-02-02,53,400000,36,3,0,0,4815,"2025-07-02 11:35:03"
8800156167,2025-07-02,CUSTOMER,FULL,2000-03-20,25,1965-02-01,60,600000,12,1,0,0,4367,"2025-07-02 11:34:13"
25158038440,2025-07-02,CUSTOMER,FULL,1999-03-17,26,1984-11-07,40,150000,36,3,0,0,1337,"2025-07-02 11:33:33"
8800187404,2025-07-02,CUSTOMER,FULL,1966-11-17,58,NULL,0,350000,36,3,0,0,25747,"2025-07-02 11:33:30"
25157522605,2025-06-14,CUSTOMER,FULL,1980-01-01,45,NULL,-1,910000,36,3,0,0,19340,"2025-07-02 11:33:10"
8800257625,2025-06-30,CUSTOMER,FULL,1988-11-09,36,NULL,-1,300000,53,5,0,0,5087,"2025-07-02 11:32:40"
25157938279,2025-07-01,CUSTOMER,FULL,1991-06-19,34,NULL,-1,313000,48,4,0,0,3642,"2025-07-02 11:32:36"
25158039628,2025-07-02,CO-APPLICANT,FULL,1970-01-01,55,2003-07-10,21,300000,24,2,0,0,2086,"2025-07-02 11:32:13"
8800373639,2025-07-02,CUSTOMER,FULL,1990-10-15,34,NULL,0,1200000,84,7,0,0,23350,"2025-07-02 11:31:20"
25157933445,2025-06-30,CUSTOMER,FULL,1989-01-01,36,1989-10-15,35,200000,36,3,0,0,2391,"2025-07-02 11:31:05"
25157688040,2025-06-27,CUSTOMER,FULL,1991-01-01,34,NULL,-1,680000,60,5,0,0,10817,"2025-07-02 11:30:18"
8800307126,2025-07-02,CUSTOMER,FULL,1977-01-01,48,NULL,0,472000,36,3,0,0,15239,"2025-07-02 11:30:06"
8800372561,2025-07-02,CUSTOMER,FULL,2003-08-04,21,NULL,0,700000,60,5,0,0,8740,"2025-07-02 11:28:57"
25157870232,2025-06-29,CUSTOMER,FULL,2002-01-01,23,1967-01-01,58,640000,60,5,0,0,7991,"2025-07-02 11:28:50"
8800001671,2025-07-01,CUSTOMER,FULL,1986-12-26,38,NULL,-1,220000,24,2,0,0,2321,"2025-07-02 11:28:49"
8800283892,2025-07-02,CUSTOMER,FULL,1986-10-30,38,NULL,0,250000,18,2,0,0,2501,"2025-07-02 11:28:32"
25157928923,2025-06-30,CUSTOMER,FULL,1996-10-15,28,NULL,-1,1110000,84,7,0,0,18141,"2025-07-02 11:27:46"
25157929765,2025-06-30,CUSTOMER,FULL,1981-10-24,43,NULL,-1,220000,48,4,0,0,5335,"2025-07-02 11:27:30"
8800264313,2025-07-02,CUSTOMER,FULL,1978-01-01,47,1979-01-01,46,850000,36,3,0,0,24654,"2025-07-02 11:27:27"
8800125625,2025-07-01,CUSTOMER,FULL,1979-08-02,45,2002-08-08,22,900000,60,5,0,0,31680,"2025-07-02 11:27:17"
8800185437,2025-07-01,CUSTOMER,"PARTIAL FINANCE AMOUNT",1976-08-10,48,NULL,-1,550000,60,5,412500,0,19578,"2025-07-02 11:27:08"
25157929784,2025-07-02,CUSTOMER,FULL,1993-03-06,32,NULL,0,500000,36,3,0,0,4962,"2025-07-02 11:27:06"
8800233387,2025-06-30,CUSTOMER,FULL,1989-03-22,36,NULL,-1,378000,36,3,0,0,4550,"2025-07-02 11:26:05"
8800118480,2025-06-24,CUSTOMER,FULL,1990-01-01,35,NULL,-1,507000,48,4,0,0,6133,"2025-07-02 11:24:40"
8800389354,2025-06-30,CUSTOMER,FULL,1990-01-01,35,NULL,-1,330000,36,3,0,0,3758,"2025-07-02 11:24:39"
8800356232,2025-06-28,CUSTOMER,FULL,1981-01-01,44,NULL,-1,225000,48,4,0,0,5993,"2025-07-02 11:24:25"
25157930291,2025-06-30,CUSTOMER,FULL,1998-06-17,27,1974-01-15,51,1590000,12,1,0,0,6605,"2025-07-02 11:23:58"
25157659975,2025-06-25,CUSTOMER,FULL,1996-06-24,29,2000-09-15,24,2500000,47,4,0,0,27524,"2025-07-02 11:23:50"
25158038999,2025-07-02,CUSTOMER,FULL,2000-07-10,24,NULL,0,400000,45,4,0,0,4258,"2025-07-02 11:23:14"
25157914981,2025-06-30,CUSTOMER,FULL,2002-10-08,22,1982-01-01,43,250000,24,2,0,0,1508,"2025-07-02 11:22:56"
25157711140,2025-06-28,CUSTOMER,FULL,1981-02-12,44,NULL,-1,260000,48,4,0,0,6925,"2025-07-02 11:22:39"
25157939795,2025-07-01,CUSTOMER,FULL,1988-01-01,37,NULL,-1,1300000,84,7,0,0,33426,"2025-07-02 11:21:40"
8800028366,2025-06-27,CUSTOMER,FULL,1991-01-01,34,NULL,-1,590000,60,5,0,0,9385,"2025-07-02 11:21:34"
25157700416,2025-06-28,CUSTOMER,FULL,1998-01-01,27,1974-01-01,51,294000,36,3,0,0,2550,"2025-07-02 11:21:13"
25157808614,2025-06-29,CUSTOMER,FULL,1995-01-01,30,1970-01-01,55,720000,48,4,0,0,8182,"2025-07-02 11:20:27"
8800214670,2025-06-26,CUSTOMER,FULL,1987-12-08,37,NULL,-1,500000,48,4,0,0,7629,"2025-07-02 11:20:06"
8800316519,2025-06-30,CUSTOMER,FULL,2003-02-15,22,1998-09-14,26,470000,48,4,0,0,5003,"2025-07-02 11:18:45"
8800142446,2025-07-02,CUSTOMER,FULL,1985-03-03,40,NULL,0,850000,48,4,0,0,14925,"2025-07-02 11:18:29"
25157718983,2025-06-28,CUSTOMER,FULL,1998-01-30,27,NULL,-1,240000,36,3,0,0,2082,"2025-07-02 11:18:24"
8800213829,2025-06-17,CUSTOMER,FULL,1982-01-10,43,NULL,-1,1040500,60,5,0,0,27012,"2025-07-02 11:18:03"
8800380302,2025-07-02,CUSTOMER,FULL,1967-04-25,58,NULL,0,620000,60,5,0,0,68017,"2025-07-02 11:17:51"
25157620565,2025-06-21,CUSTOMER,FULL,1980-05-06,45,1981-10-20,43,250000,60,5,0,0,8995,"2025-07-02 11:17:25"
25157933256,2025-06-30,CUSTOMER,FULL,1993-08-10,31,NULL,-1,800000,60,5,0,0,11149,"2025-07-02 11:17:03"
25157916682,2025-06-30,CUSTOMER,FULL,2004-10-07,20,NULL,-1,1110000,60,5,0,0,11422,"2025-07-02 11:16:48"
25157539666,2025-06-16,CUSTOMER,FULL,1984-01-01,41,NULL,-1,2000000,60,5,0,0,44416,"2025-07-02 11:16:10"
8800155958,2025-07-02,CUSTOMER,FULL,1969-06-10,56,1994-05-08,31,400000,36,3,0,0,26503,"2025-07-02 11:15:40"
8800152379,2025-07-02,CUSTOMER,FULL,1986-09-25,38,NULL,0,500000,36,3,0,0,6809,"2025-07-02 11:15:24"
25157698293,2025-06-28,CUSTOMER,FULL,2000-01-01,25,2002-07-04,22,450000,48,4,0,0,4790,"2025-07-02 11:15:02"
25158038781,2025-07-02,CUSTOMER,FULL,1992-01-01,33,NULL,0,143500,12,1,0,0,663,"2025-07-02 11:15:00"
25158039253,2025-07-02,CUSTOMER,FULL,2004-10-01,20,1975-01-01,50,280000,41,4,0,0,2528,"2025-07-02 11:14:34"
25158038126,2025-07-02,CO-APPLICANT,FULL,1979-01-01,46,2005-07-11,19,220000,21,2,0,0,1498,"2025-07-02 11:14:33"
25157936655,2025-07-01,CUSTOMER,FULL,1989-03-19,36,1988-02-18,37,845000,60,5,0,0,15037,"2025-07-02 11:14:32"
25157943068,2025-07-01,CUSTOMER,FULL,1995-07-21,29,NULL,-1,885000,48,4,0,0,9096,"2025-07-02 11:14:31"
25158038771,2025-07-02,CUSTOMER,FULL,1997-02-02,28,NULL,0,500000,60,5,0,0,5806,"2025-07-02 11:13:37"
25157947550,2025-07-02,CUSTOMER,FULL,1993-09-13,31,NULL,0,925000,72,6,0,0,14998,"2025-07-02 11:13:12"
25158038731,2025-07-02,CUSTOMER,FULL,1998-01-01,27,1970-01-01,55,780000,40,4,0,0,8376,"2025-07-02 11:12:52"
25158038843,2025-07-02,CUSTOMER,FULL,2001-06-06,24,NULL,0,950000,36,3,0,0,7758,"2025-07-02 11:12:01"
25157692335,2025-06-27,CO-APPLICANT,FULL,2000-01-01,25,1990-12-25,34,1350000,60,5,0,0,18224,"2025-07-02 11:11:38"
25157959438,2025-07-02,CUSTOMER,FULL,1980-01-01,45,NULL,0,405300,36,3,0,0,9604,"2025-07-02 11:11:14"
8800390404,2025-07-02,CUSTOMER,FULL,2001-04-18,24,NULL,0,990000,60,5,0,0,12360,"2025-07-02 11:10:46"
8800109460,2025-06-27,CUSTOMER,FULL,1999-07-13,25,1982-01-01,43,1800000,60,5,0,0,19499,"2025-07-02 11:10:31"
25157708767,2025-07-02,CUSTOMER,FULL,1991-04-03,34,1992-06-05,33,860000,60,5,0,0,13680,"2025-07-02 11:10:21"
25158039336,2025-07-02,CUSTOMER,FULL,1992-02-26,33,NULL,0,405000,36,3,0,0,4187,"2025-07-02 11:08:28"
25157555352,2025-06-17,CUSTOMER,FULL,1990-01-01,35,1987-01-01,38,2299996,45,4,0,0,31374,"2025-07-02 11:08:17"
25158039286,2025-07-02,CUSTOMER,FULL,1978-03-21,47,NULL,0,110000,12,1,0,0,1343,"2025-07-02 11:07:53"
25158039056,2025-07-02,CUSTOMER,FULL,1988-05-08,37,NULL,0,710000,60,5,0,0,12827,"2025-07-02 11:07:47"
25158038627,2025-07-02,CUSTOMER,FULL,1989-02-01,36,NULL,0,350000,36,3,0,0,4184,"2025-07-02 11:07:15"
8800310784,2025-07-02,CUSTOMER,FULL,1994-01-01,31,NULL,0,500000,60,5,0,0,6968,"2025-07-02 11:06:49"
25157624870,2025-06-22,CUSTOMER,FULL,1976-12-05,48,NULL,-1,250000,24,2,0,0,4937,"2025-07-02 11:06:07"
8800251537,2025-07-02,CUSTOMER,FULL,1994-01-01,31,2002-04-07,23,315000,60,5,0,0,3859,"2025-07-02 11:05:41"
8800243295,2025-06-21,CUSTOMER,FULL,1999-01-01,26,NULL,-1,400000,36,3,0,0,3522,"2025-07-02 11:04:33"
25157698492,2025-06-28,CUSTOMER,FULL,1984-01-01,41,NULL,-1,680000,55,5,0,0,17132,"2025-07-02 11:03:53"
25157811903,2025-06-29,CUSTOMER,FULL,2002-01-01,23,NULL,-1,997000,72,6,0,0,13224,"2025-07-02 11:03:41"
8800343805,2025-06-20,CUSTOMER,FULL,1989-06-07,36,1990-01-01,35,300000,36,3,0,0,3569,"2025-07-02 11:03:04"
25158038212,2025-07-02,CUSTOMER,FULL,1994-03-01,31,1969-01-01,56,524000,54,5,0,0,6419,"2025-07-02 11:02:21"
25158039217,2025-07-02,CUSTOMER,FULL,1989-07-07,35,NULL,0,550000,48,4,0,0,7717,"2025-07-02 11:02:04"
25157714420,2025-06-28,CUSTOMER,FULL,1976-01-01,49,1977-05-05,48,35000,24,2,0,0,964,"2025-07-02 11:01:26"
25157624541,2025-06-22,CUSTOMER,FULL,1991-01-16,34,NULL,-1,199000,36,3,0,0,2154,"2025-07-02 11:00:35"
25158038588,2025-07-02,CUSTOMER,FULL,1975-01-01,50,NULL,0,400000,36,3,0,0,15883,"2025-07-02 11:00:09"
25157677195,2025-06-26,CUSTOMER,"PARTIAL FINANCE AMOUNT",1978-01-01,47,1944-01-01,81,670000,60,5,335000,0,14472,"2025-07-02 11:00:06"
8800341779,2025-07-02,CUSTOMER,FULL,1994-01-01,31,1996-01-01,29,350000,42,4,0,0,4106,"2025-07-02 10:59:28"
8800346205,2025-06-24,CUSTOMER,FULL,2005-01-01,20,2001-08-08,23,320000,42,4,0,0,2889,"2025-07-02 10:58:58"
8800029487,2025-07-02,CUSTOMER,FULL,1986-03-10,39,1999-04-26,26,400000,48,4,0,0,7213,"2025-07-02 10:58:42"
25157786309,2025-06-29,CUSTOMER,FULL,1984-01-01,41,NULL,-1,313000,48,4,0,0,5891,"2025-07-02 10:58:27"
8800274436,2025-07-02,CUSTOMER,FULL,1975-08-15,49,NULL,0,350000,24,2,0,0,9632,"2025-07-02 10:57:20"
25157686769,2025-06-30,CUSTOMER,FULL,1984-06-10,41,NULL,-1,800000,12,1,0,0,5816,"2025-07-02 10:56:41"
8800365752,2025-06-25,CUSTOMER,FULL,1996-12-13,28,NULL,-1,650000,48,4,0,0,7019,"2025-07-02 10:56:00"
8800031611,2025-07-02,CUSTOMER,FULL,1983-01-01,42,NULL,0,375000,36,3,0,0,6824,"2025-07-02 10:54:47"
25157933496,2025-07-02,CUSTOMER,FULL,2001-09-01,23,1973-01-01,52,900000,36,3,0,0,7923,"2025-07-02 10:54:19"
8800143880,2025-07-02,CUSTOMER,FULL,1983-06-09,42,NULL,0,520000,45,4,0,0,11763,"2025-07-02 10:54:15"
25157932930,2025-06-30,CUSTOMER,FULL,1986-12-24,38,2002-11-14,22,500000,59,5,0,0,10113,"2025-07-02 10:52:42"
25158037970,2025-07-02,CUSTOMER,FULL,1975-01-01,50,NULL,0,195000,24,2,0,0,5988,"2025-07-02 10:51:29"
25158038732,2025-07-02,CUSTOMER,FULL,1993-01-01,32,1995-05-24,30,650000,60,5,0,0,9419,"2025-07-02 10:51:13"
25157583516,2025-06-19,CO-APPLICANT,FULL,1965-04-01,60,2000-06-01,25,130000,30,3,0,0,1145,"2025-07-02 10:49:57"
8800109209,2025-06-30,CUSTOMER,FULL,1981-01-19,44,1987-02-10,38,260000,30,3,0,0,5661,"2025-07-02 10:49:55"
8800127873,2025-07-02,CUSTOMER,FULL,1978-05-20,47,NULL,0,133000,18,2,0,0,2404,"2025-07-02 10:49:50"
8800311754,2025-06-15,CUSTOMER,FULL,2000-06-05,25,1997-05-12,28,800000,60,5,0,0,9658,"2025-07-02 10:49:49"
25157928027,2025-06-30,CUSTOMER,FULL,1974-03-06,51,1999-08-15,25,300000,24,2,0,0,10266,"2025-07-02 10:47:49"
25157930960,2025-06-30,CUSTOMER,FULL,1997-04-04,28,NULL,-1,690000,57,5,0,0,8867,"2025-07-02 10:47:02"
25158037272,2025-07-02,CUSTOMER,FULL,1992-01-03,33,NULL,0,218000,36,3,0,0,2089,"2025-07-02 10:46:08"
8800104676,2025-07-02,CUSTOMER,FULL,1987-09-30,37,1991-04-08,34,280000,36,3,0,0,3486,"2025-07-02 10:45:17"
8800102863,2025-07-02,CUSTOMER,FULL,1987-01-20,38,1978-06-15,47,360000,40,4,0,0,5871,"2025-07-02 10:43:22"
25157930293,2025-06-30,CUSTOMER,FULL,1979-01-15,46,NULL,-1,240000,48,4,0,0,7658,"2025-07-02 10:42:59"
25157803372,2025-06-29,CUSTOMER,FULL,2002-12-19,22,1976-03-16,49,147500,24,2,0,0,986,"2025-07-02 10:42:52"
25158036605,2025-07-02,CUSTOMER,FULL,1989-12-16,35,NULL,0,600000,48,4,0,0,8419,"2025-07-02 10:40:23"
8800142042,2025-06-21,CUSTOMER,FULL,1997-07-03,27,NULL,-1,280000,30,3,0,0,2521,"2025-07-02 10:39:42"
25157813878,2025-06-29,CUSTOMER,FULL,2000-07-01,24,NULL,-1,1260000,60,5,0,0,13560,"2025-07-02 10:39:29"
8800167226,2025-07-02,CUSTOMER,FULL,2001-07-10,23,1987-01-01,38,1010000,72,6,0,0,13396,"2025-07-02 10:39:27"
25158038672,2025-07-02,CUSTOMER,FULL,1994-10-17,30,NULL,0,310000,48,4,0,0,3234,"2025-07-02 10:38:25"
25157805591,2025-06-29,CUSTOMER,FULL,1997-12-31,27,2001-04-15,24,420000,60,5,0,0,5170,"2025-07-02 10:36:50"
25157932837,2025-06-30,CUSTOMER,FULL,1995-02-10,30,NULL,-1,500000,60,5,0,0,6744,"2025-07-02 10:36:06"
25157930468,2025-06-30,CUSTOMER,FULL,1989-10-10,35,1981-11-13,43,330000,48,4,0,0,3992,"2025-07-02 10:35:19"
8800346486,2025-07-02,CUSTOMER,FULL,1983-01-01,42,NULL,0,400000,47,4,0,0,9049,"2025-07-02 10:34:20"
25157294588,2025-06-04,CUSTOMER,FULL,1983-07-01,41,1989-01-01,36,1000000,30,3,0,0,16745,"2025-07-02 10:33:07"
25157696298,2025-06-28,CUSTOMER,FULL,1981-03-07,44,1983-01-01,42,725000,60,5,0,0,23681,"2025-07-02 10:32:54"
25157814480,2025-06-29,CUSTOMER,FULL,1995-06-01,30,NULL,-1,710000,59,5,0,0,8521,"2025-07-02 10:32:38"
25157819635,2025-06-29,CUSTOMER,"PARTIAL TENURE",1978-09-15,46,NULL,-1,1300000,60,5,0,2,27659,"2025-07-02 10:32:23"
8800205217,2025-06-29,CUSTOMER,FULL,1992-10-17,32,1969-01-01,56,620000,36,3,0,0,6153,"2025-07-02 10:30:33"
25157671470,2025-06-26,CUSTOMER,FULL,1985-09-08,39,NULL,-1,700000,72,6,0,0,17198,"2025-07-02 10:30:07"
25158037926,2025-07-02,CUSTOMER,FULL,1981-01-01,44,NULL,0,150000,36,3,0,0,3238,"2025-07-02 10:29:57"
8800005180,2025-06-27,CUSTOMER,FULL,1996-11-11,28,NULL,-1,380000,36,3,0,0,3399,"2025-07-02 10:29:17"
25157928864,2025-06-30,CUSTOMER,"PARTIAL FINANCE AMOUNT",1980-02-02,45,NULL,-1,1700000,84,7,1275000,0,58480,"2025-07-02 10:28:40"
8800391603,2025-07-02,CUSTOMER,FULL,1980-07-10,44,NULL,0,150000,24,2,0,0,2487,"2025-07-02 10:27:00"
25157576216,2025-06-18,CUSTOMER,FULL,1996-08-05,28,1977-01-01,48,950000,60,5,0,0,11031,"2025-07-02 10:26:08"
25157929901,2025-06-30,CUSTOMER,FULL,1997-01-07,28,1974-01-15,51,1030000,12,1,0,0,4315,"2025-07-02 10:23:12"
25157843779,2025-06-29,CUSTOMER,FULL,2000-10-09,24,1994-08-12,30,220000,24,2,0,0,1530,"2025-07-02 10:22:40"
25158038183,2025-07-02,CUSTOMER,FULL,1988-04-21,37,NULL,0,330000,48,4,0,0,4880,"2025-07-02 10:22:16"
8800251531,2025-06-22,CUSTOMER,FULL,1996-05-23,29,1987-03-05,38,326000,60,5,0,0,3843,"2025-07-02 10:21:57"
8800362389,2025-07-02,CUSTOMER,FULL,1999-01-01,26,NULL,0,440000,48,4,0,0,4689,"2025-07-02 10:20:35"
8800229939,2025-07-02,CUSTOMER,FULL,1987-01-01,38,NULL,0,350000,30,3,0,0,4767,"2025-07-02 10:19:46"
25157927500,2025-06-30,CUSTOMER,FULL,2002-11-25,22,1973-01-01,52,1010000,60,5,0,0,10703,"2025-07-02 10:19:25"
25157722030,2025-06-28,CUSTOMER,"PARTIAL FINANCE AMOUNT",1973-01-01,52,NULL,-1,650000,48,4,325000,0,18911,"2025-07-02 10:16:22"
8800024622,2025-07-02,CUSTOMER,FULL,1994-06-22,31,NULL,0,397333,23,2,0,0,2978,"2025-07-02 10:12:27"
25157621919,2025-06-21,CUSTOMER,FULL,2001-04-24,24,NULL,-1,527500,36,3,0,0,4644,"2025-07-02 10:11:54"
8800221942,2025-06-19,CUSTOMER,FULL,1986-01-01,39,NULL,-1,780000,60,5,0,0,15132,"2025-07-02 10:10:39"
8800202084,2025-06-29,CUSTOMER,FULL,1998-03-18,27,1966-01-20,59,1880000,60,5,0,0,21563,"2025-07-02 10:07:21"
25157675022,2025-06-26,CUSTOMER,FULL,1975-02-06,50,1975-04-08,50,1200000,48,4,0,0,57490,"2025-07-02 10:06:13"
25157680061,2025-06-27,CUSTOMER,FULL,1998-01-01,27,1970-01-01,55,330000,48,4,0,0,3318,"2025-07-02 10:03:52"
8800354254,2025-07-02,CUSTOMER,FULL,1979-08-22,45,NULL,0,600000,23,2,0,0,9163,"2025-07-02 10:03:23"
25157694797,2025-06-28,CUSTOMER,FULL,1997-07-13,27,1975-01-21,50,365000,36,3,0,0,3287,"2025-07-02 10:03:17"
25157681254,2025-06-27,CUSTOMER,FULL,1992-01-12,33,1995-01-01,30,1000000,60,5,0,0,13028,"2025-07-02 10:01:02"
8800391252,2025-07-02,CUSTOMER,FULL,1984-01-01,41,NULL,0,525000,60,5,0,0,13227,"2025-07-02 09:57:45"
8800373903,2025-07-02,CUSTOMER,FULL,1989-05-06,36,NULL,0,170000,18,2,0,0,1589,"2025-07-02 09:52:53"
25158036313,2025-07-02,CUSTOMER,FULL,2005-01-01,20,1960-01-01,65,535000,60,5,0,0,6661,"2025-07-02 09:50:29"
8800251088,2025-06-20,CUSTOMER,FULL,1994-09-11,30,NULL,-1,200000,36,3,0,0,1893,"2025-07-02 09:50:16"
25158035351,2025-07-02,CUSTOMER,FULL,2003-09-11,21,1983-06-19,42,280000,35,3,0,0,2217,"2025-07-02 09:48:28"
25157931180,2025-06-30,CUSTOMER,FULL,2002-03-09,23,1964-10-27,60,750000,84,7,0,0,12116,"2025-07-02 09:42:54"
25157912971,2025-06-30,CUSTOMER,FULL,1991-01-12,34,1992-04-02,33,400000,24,2,0,0,3371,"2025-07-02 09:39:51"
25157690617,2025-06-27,CUSTOMER,FULL,1997-02-01,28,NULL,-1,870000,36,3,0,0,7587,"2025-07-02 09:38:35"
8800305037,2025-07-02,CUSTOMER,FULL,1988-01-01,37,1990-01-01,35,850000,60,5,0,0,16099,"2025-07-02 09:38:13"
8800111292,2025-06-30,CUSTOMER,FULL,1983-01-02,42,NULL,-1,432000,71,6,0,0,13978,"2025-07-02 09:36:48"
25157924198,2025-06-30,CUSTOMER,FULL,2001-10-10,23,NULL,-1,475000,24,2,0,0,3201,"2025-07-02 09:35:20"
25157606165,2025-06-20,CO-APPLICANT,FULL,1966-01-01,59,1995-01-01,30,590000,59,5,0,0,7958,"2025-07-02 09:28:11"
8800323962,2025-07-02,CUSTOMER,FULL,1979-02-05,46,NULL,0,338000,54,5,0,0,12887,"2025-07-02 09:24:41"
8800273613,2025-06-27,CUSTOMER,FULL,1974-04-05,51,1982-08-08,42,320000,36,3,0,0,13730,"2025-07-02 09:20:57"
8800009595,2025-06-29,CUSTOMER,FULL,1989-05-10,36,1970-02-16,55,862000,60,5,0,0,14129,"2025-07-02 09:17:23"
8800282970,2025-07-02,CUSTOMER,FULL,1995-01-01,30,2000-05-10,25,390000,36,3,0,0,3691,"2025-07-02 09:05:52"
25156755661,2025-05-31,CUSTOMER,FULL,1990-01-01,35,NULL,-1,750000,60,5,0,0,12585,"2025-07-02 09:03:52"
25157697796,2025-06-28,CUSTOMER,FULL,1986-07-04,38,1991-04-14,34,2400000,59,5,0,0,46332,"2025-07-02 08:59:02"
25157878059,2025-06-30,CUSTOMER,FULL,1995-07-08,29,NULL,-1,370000,34,3,0,0,3367,"2025-07-02 08:56:27"
25157990972,2025-07-01,CUSTOMER,FULL,2002-06-30,23,1972-05-15,53,980000,60,5,0,0,10454,"2025-07-02 08:53:47"
25158033916,2025-07-02,CUSTOMER,FULL,1979-09-11,45,NULL,0,790000,36,3,0,0,18719,"2025-07-02 08:53:25"
25157937880,2025-07-01,CUSTOMER,FULL,1990-01-01,35,1962-01-01,63,750000,60,5,0,0,10550,"2025-07-02 08:48:48"
25158034009,2025-07-02,CUSTOMER,FULL,1992-01-01,33,1961-06-20,64,557000,48,4,0,0,7073,"2025-07-02 08:41:45"
8800230016,2025-06-28,CUSTOMER,FULL,1995-01-01,30,NULL,-1,420000,60,5,0,0,5665,"2025-07-02 08:40:54"
8800123890,2025-07-02,CUSTOMER,FULL,1985-06-12,40,1990-05-06,35,450000,48,4,0,0,8470,"2025-07-02 08:37:29"
25157616535,2025-06-21,CUSTOMER,FULL,1999-01-01,26,2001-01-01,24,950000,48,4,0,0,9484,"2025-07-02 08:31:15"
25157927839,2025-06-30,CUSTOMER,FULL,1978-02-19,47,1985-04-17,40,343000,36,3,0,0,9803,"2025-07-02 08:30:06"
25158030304,2025-07-02,CUSTOMER,FULL,1982-03-10,43,NULL,0,700000,36,3,0,0,12614,"2025-07-02 08:28:44"
25156411752,2025-05-23,CUSTOMER,FULL,1994-01-01,31,NULL,-1,313000,48,4,0,0,3336,"2025-07-02 08:27:55"
8800379201,2025-06-26,CUSTOMER,FULL,1993-02-05,32,NULL,-1,120000,24,2,0,0,920,"2025-07-02 08:27:52"
25158034478,2025-07-02,CUSTOMER,FULL,1986-10-10,38,NULL,0,150000,24,2,0,0,1501,"2025-07-02 08:27:22"
25157688071,2025-06-27,CUSTOMER,FULL,1992-08-10,32,1971-05-10,54,660000,71,6,0,0,11145,"2025-07-02 08:23:44"
25157835435,2025-06-29,CUSTOMER,FULL,1999-04-01,26,NULL,-1,331000,60,5,0,0,3762,"2025-07-02 08:18:40"
25157650511,2025-06-25,CUSTOMER,FULL,2001-01-01,24,1972-01-01,53,1000000,59,5,0,0,12485,"2025-07-02 08:06:34"
25157927605,2025-06-30,CUSTOMER,"PARTIAL FINANCE AMOUNT",1971-12-31,53,NULL,-1,79200,23,2,59400,0,2457,"2025-07-02 08:06:06"
8800237285,2025-07-02,CUSTOMER,FULL,1962-01-01,63,1984-07-27,40,200000,24,2,0,0,16596,"2025-07-02 07:59:26"
8800236773,2025-06-24,CUSTOMER,FULL,1987-10-05,37,NULL,-1,310000,36,3,0,0,3922,"2025-07-02 07:54:57"
25158033153,2025-07-02,CUSTOMER,FULL,1977-07-14,47,1979-03-01,46,500000,60,5,0,0,21600,"2025-07-02 07:54:06"
25157683300,2025-06-27,CUSTOMER,FULL,1991-02-12,34,NULL,-1,600000,60,5,0,0,9544,"2025-07-02 07:52:15"
25157686737,2025-06-27,CUSTOMER,FULL,1985-01-01,40,NULL,-1,300000,24,2,0,0,3622,"2025-07-02 07:51:23"
25157644130,2025-06-24,CUSTOMER,FULL,2000-10-18,24,1963-01-02,62,435000,36,3,0,0,3814,"2025-07-02 07:45:43"
25157698364,2025-06-28,CUSTOMER,FULL,1997-01-01,28,NULL,-1,590000,60,5,0,0,6851,"2025-07-02 07:42:45"
8800316128,2025-07-02,CUSTOMER,FULL,1988-01-24,37,NULL,0,275000,30,3,0,0,3515,"2025-07-02 07:33:57"
25157490679,2025-06-12,CUSTOMER,FULL,1983-04-01,42,1981-05-30,44,500000,59,5,0,0,13671,"2025-07-02 07:28:22"
25157659891,2025-06-25,CUSTOMER,FULL,1988-07-31,36,1994-01-01,31,370000,35,3,0,0,4454,"2025-07-02 07:22:15"
25157994598,2025-07-01,CUSTOMER,FULL,1998-07-16,26,2000-09-22,24,670000,60,5,0,0,7614,"2025-07-02 07:20:21"
8800398027,2025-07-02,CUSTOMER,FULL,1970-01-01,55,NULL,0,400000,36,3,0,0,24582,"2025-07-02 07:16:36"
25157702229,2025-06-28,CUSTOMER,FULL,1994-01-17,31,1992-01-01,33,630000,48,4,0,0,7390,"2025-07-02 07:00:39"
8800226060,2025-07-02,CUSTOMER,FULL,1986-01-01,39,NULL,0,900000,60,5,0,0,17460,"2025-07-02 06:53:08"
8800119385,2025-06-19,CUSTOMER,FULL,1999-02-21,26,NULL,-1,606479,84,7,0,0,9934,"2025-07-02 06:50:10"
25157709978,2025-06-28,CUSTOMER,FULL,1986-03-01,39,NULL,-1,670000,54,5,0,0,14524,"2025-07-02 06:43:29"
25157698996,2025-06-28,CUSTOMER,FULL,1972-09-21,52,NULL,-1,330000,36,3,0,0,14798,"2025-07-02 05:48:49"
8800367809,2025-06-30,CUSTOMER,FULL,1998-08-28,26,NULL,-1,860000,71,6,0,0,12320,"2025-07-02 05:32:44"
25158003944,2025-07-01,CUSTOMER,FULL,1979-09-15,45,NULL,0,700000,60,5,0,0,21650,"2025-07-01 23:31:16"
25157998962,2025-07-01,CUSTOMER,FULL,1986-03-15,39,1997-01-01,28,750000,36,3,0,0,10824,"2025-07-01 22:59:42"
8800164968,2025-07-01,CUSTOMER,FULL,1982-06-10,43,NULL,0,400000,30,3,0,0,7940,"2025-07-01 22:58:20"
25157932297,2025-06-30,CUSTOMER,FULL,1971-06-20,54,NULL,-1,320000,35,3,0,0,17578,"2025-07-01 22:27:06"
25157672835,2025-06-26,CUSTOMER,FULL,1997-09-07,27,1973-01-01,52,660000,60,5,0,0,8357,"2025-07-01 22:13:57"
25157995684,2025-07-01,CUSTOMER,FULL,1970-04-10,55,1979-02-06,46,1100000,59,5,0,0,94235,"2025-07-01 22:13:38"
25157831072,2025-06-29,CUSTOMER,FULL,1997-01-01,28,1984-01-01,41,626000,60,5,0,0,8045,"2025-07-01 22:10:02"
8800105963,2025-06-28,CUSTOMER,FULL,1991-01-01,34,NULL,-1,500000,60,5,0,0,7954,"2025-07-01 22:01:44"
25157775560,2025-06-29,CUSTOMER,FULL,1991-03-10,34,NULL,-1,208000,42,4,0,0,2703,"2025-07-01 21:56:20"
25157992754,2025-07-01,CUSTOMER,FULL,1993-01-01,32,1996-02-10,29,250000,35,3,0,0,2481,"2025-07-01 21:53:27"
8800291108,2025-06-28,CUSTOMER,FULL,1999-12-29,25,1980-05-05,45,495000,60,5,0,0,6180,"2025-07-01 21:46:56"
25157821968,2025-06-29,CUSTOMER,FULL,1996-07-05,28,NULL,-1,300000,24,2,0,0,2209,"2025-07-01 21:46:06"
25157691001,2025-06-27,CUSTOMER,FULL,1982-05-01,43,1946-05-02,79,441000,60,5,0,0,13145,"2025-07-01 21:45:08"
8800373682,2025-07-01,CUSTOMER,"PARTIAL FINANCE AMOUNT",1975-04-06,50,NULL,0,560000,24,2,420000,0,12896,"2025-07-01 21:39:19"
25157980773,2025-07-01,CUSTOMER,FULL,1992-01-01,33,NULL,0,500000,60,5,0,0,7570,"2025-07-01 21:26:34"
25157807306,2025-06-29,CUSTOMER,FULL,1985-01-01,40,1987-01-01,38,750000,84,7,0,0,23966,"2025-07-01 21:20:25"
25157974188,2025-07-01,CUSTOMER,FULL,2001-08-15,23,NULL,0,798000,60,5,0,0,8513,"2025-07-01 21:19:18"
25157931558,2025-06-30,CUSTOMER,FULL,1983-01-23,42,NULL,-1,365000,24,2,0,0,5122,"2025-07-01 21:18:41"
25157558015,2025-06-17,CUSTOMER,FULL,1978-05-20,47,NULL,-1,600000,36,3,0,0,17552,"2025-07-01 21:16:27"
25157927864,2025-06-30,CUSTOMER,FULL,1988-01-01,37,NULL,-1,1200000,60,5,0,0,20717,"2025-07-01 21:10:53"
25157626003,2025-06-22,CUSTOMER,"PARTIAL TENURE",1974-02-01,51,NULL,-1,400000,36,3,0,2,13688,"2025-07-01 21:09:31"
8800242623,2025-07-01,CUSTOMER,FULL,1977-01-01,48,NULL,0,920000,60,5,0,0,42382,"2025-07-01 21:03:50"
25156581066,2025-07-01,CUSTOMER,FULL,1996-07-08,28,NULL,0,150000,18,2,0,0,1105,"2025-07-01 20:58:56"
25157930618,2025-06-30,CUSTOMER,FULL,1994-07-02,30,1973-03-18,52,960000,60,5,0,0,12948,"2025-07-01 20:57:34"
25157934239,2025-07-01,CUSTOMER,FULL,1986-01-01,39,NULL,0,350000,30,3,0,0,5097,"2025-07-01 20:55:52"
25157699554,2025-06-28,CUSTOMER,FULL,1980-09-19,44,1985-08-10,39,195000,41,4,0,0,5194,"2025-07-01 20:54:24"
25156782335,2025-06-19,CUSTOMER,FULL,1987-12-14,37,1965-01-01,60,135000,30,3,0,0,1726,"2025-07-01 20:53:14"
8800378680,2025-07-01,CUSTOMER,FULL,2000-01-01,25,1993-09-04,31,846000,60,5,0,0,10562,"2025-07-01 20:49:05"
25157982704,2025-07-01,CUSTOMER,FULL,1998-02-10,27,NULL,0,152000,24,2,0,0,1118,"2025-07-01 20:43:33"
25157928336,2025-06-30,CUSTOMER,FULL,1995-12-04,29,NULL,-1,400000,12,1,0,0,1657,"2025-07-01 20:43:17"
25157680953,2025-06-27,CUSTOMER,FULL,2003-03-24,22,NULL,-1,295000,36,3,0,0,2361,"2025-07-01 20:41:25"
25157934087,2025-07-01,CUSTOMER,FULL,1994-02-06,31,1992-06-06,33,1030000,60,5,0,0,12616,"2025-07-01 20:21:25"
25157985005,2025-07-01,CUSTOMER,FULL,1992-08-06,32,1965-01-01,60,130000,12,1,0,0,997,"2025-07-01 20:17:50"
8800090874,2025-07-01,CUSTOMER,FULL,1996-05-10,29,NULL,0,950000,84,7,0,0,15807,"2025-07-01 20:15:25"
25157927850,2025-07-01,CUSTOMER,FULL,1978-08-14,46,2003-04-27,22,500000,60,5,0,0,19718,"2025-07-01 20:09:27"
8800175318,2025-07-01,CUSTOMER,FULL,1994-05-13,31,NULL,0,520000,48,4,0,0,6020,"2025-07-01 20:08:18"
8800338505,2025-06-25,CUSTOMER,FULL,1983-10-19,41,1970-05-25,55,199000,35,3,0,0,3333,"2025-07-01 20:03:00"
25157679071,2025-06-27,CUSTOMER,FULL,1983-07-26,41,1983-04-11,42,700000,59,5,0,0,17636,"2025-07-01 19:57:24"
25157928313,2025-06-30,CUSTOMER,FULL,1994-04-30,31,1995-01-27,30,500000,48,4,0,0,5865,"2025-07-01 19:44:04"
8800211170,2025-06-30,CUSTOMER,FULL,1983-01-01,42,NULL,-1,550000,48,4,0,0,12442,"2025-07-01 19:37:43"
25157937033,2025-07-01,CUSTOMER,FULL,1992-01-01,33,1972-01-01,53,1074000,60,5,0,0,13992,"2025-07-01 19:29:30"
25157623177,2025-06-21,CUSTOMER,FULL,1989-11-02,35,NULL,-1,490000,48,4,0,0,6875,"2025-07-01 19:27:39"
25157685981,2025-06-27,CUSTOMER,FULL,1990-01-01,35,NULL,-1,305000,36,3,0,0,3124,"2025-07-01 19:27:25"
25157556034,2025-06-17,CUSTOMER,"PARTIAL FINANCE AMOUNT",1980-05-12,45,1992-01-01,33,1248000,44,4,936000,0,27480,"2025-07-01 19:24:30"
8800147254,2025-07-01,CUSTOMER,FULL,1997-01-01,28,NULL,0,200000,24,2,0,0,1473,"2025-07-01 19:23:27"
25157964888,2025-07-01,CUSTOMER,FULL,1985-01-01,40,1987-01-01,38,367000,60,5,0,0,8562,"2025-07-01 19:20:14"
25157927226,2025-06-30,CUSTOMER,FULL,1992-01-01,33,2000-01-01,25,774000,71,6,0,0,13682,"2025-07-01 19:19:36"
8800358409,2025-07-01,CUSTOMER,FULL,1988-12-20,36,1994-12-14,30,970000,59,5,0,0,17261,"2025-07-01 19:17:14"
25157974917,2025-07-01,CUSTOMER,FULL,1997-12-06,27,1959-05-15,66,700000,84,7,0,0,11622,"2025-07-01 19:08:16"
8800106470,2025-07-01,CUSTOMER,FULL,1976-11-08,48,NULL,0,700000,48,4,0,0,26961,"2025-07-01 19:05:35"
25157544488,2025-06-16,CUSTOMER,FULL,1992-01-01,33,NULL,-1,450000,48,4,0,0,5714,"2025-07-01 19:03:00"
25157976607,2025-07-01,CUSTOMER,FULL,1995-04-03,30,1983-08-08,41,880000,60,5,0,0,11869,"2025-07-01 19:00:36"
25157975386,2025-07-01,CUSTOMER,"PARTIAL TENURE",1979-01-01,46,NULL,0,330000,36,3,0,2,7021,"2025-07-01 18:59:27"
8800182039,2025-06-29,CUSTOMER,FULL,2000-10-01,24,NULL,-1,300000,36,3,0,0,2631,"2025-07-01 18:53:52"
25157951642,2025-07-01,CUSTOMER,FULL,1989-06-28,36,1958-06-22,67,950000,60,5,0,0,16905,"2025-07-01 18:52:35"
25157935860,2025-07-01,CUSTOMER,FULL,1984-02-23,41,NULL,0,325000,36,3,0,0,5469,"2025-07-01 18:50:29"
25157927487,2025-06-30,CUSTOMER,FULL,1992-04-03,33,NULL,-1,295000,36,3,0,0,2827,"2025-07-01 18:38:06"
25157975688,2025-07-01,CUSTOMER,FULL,1995-01-01,30,NULL,0,290000,36,3,0,0,2601,"2025-07-01 18:37:32"
8800009070,2025-06-30,CUSTOMER,FULL,1997-07-18,27,NULL,-1,150000,12,1,0,0,624,"2025-07-01 18:36:38"
25157957893,2025-07-01,CUSTOMER,FULL,1996-06-16,29,NULL,0,778000,48,4,0,0,7997,"2025-07-01 18:34:57"
8800353457,2025-06-23,CUSTOMER,FULL,1999-06-19,26,NULL,-1,285000,60,5,0,0,3239,"2025-07-01 18:28:58"
25157952273,2025-07-01,CUSTOMER,FULL,2002-03-23,23,1974-06-05,51,842000,24,2,0,0,5674,"2025-07-01 18:28:04"
8800284980,2025-06-17,CUSTOMER,FULL,2005-03-18,20,2000-01-01,25,313000,41,4,0,0,2826,"2025-07-01 18:28:01"
25157787415,2025-06-29,CUSTOMER,FULL,1996-03-18,29,NULL,-1,400000,36,3,0,0,3710,"2025-07-01 18:27:21"
25157974022,2025-07-01,CUSTOMER,FULL,1989-05-13,36,NULL,0,640000,59,5,0,0,11389,"2025-07-01 18:21:00"
25157961231,2025-07-01,CO-APPLICANT,FULL,1980-04-14,45,2002-09-08,22,790000,60,5,0,0,9863,"2025-07-01 18:20:46"
25157974227,2025-07-01,CUSTOMER,FULL,1989-03-13,36,1992-03-05,33,330000,36,3,0,0,3926,"2025-07-01 18:20:05"
8800123587,2025-06-30,CUSTOMER,FULL,1994-07-14,30,1992-07-15,32,320000,36,3,0,0,3029,"2025-07-01 18:19:16"
25157932817,2025-06-30,CUSTOMER,FULL,1991-01-01,34,NULL,-1,500000,60,5,0,0,7954,"2025-07-01 18:18:23"
25157937107,2025-07-01,CUSTOMER,FULL,1983-03-01,42,1989-05-20,36,100000,12,1,0,0,783,"2025-07-01 18:17:40"
25157710055,2025-06-28,CUSTOMER,FULL,1999-04-04,26,NULL,-1,325000,42,4,0,0,3245,"2025-07-01 18:17:37"
8800370767,2025-06-30,CUSTOMER,FULL,1982-02-02,43,NULL,-1,306000,42,4,0,0,6684,"2025-07-01 18:10:45"
25157734294,2025-07-01,CO-APPLICANT,FULL,1964-01-01,61,1990-10-20,34,350000,48,4,0,0,4659,"2025-07-01 18:08:47"
25157970907,2025-07-01,CUSTOMER,FULL,1987-06-30,38,1965-01-01,60,570000,60,5,0,0,11529,"2025-07-01 18:06:23"
25157933459,2025-06-30,CUSTOMER,FULL,1977-01-05,48,NULL,-1,1006000,24,2,0,0,25831,"2025-07-01 18:02:29"
8800137492,2025-06-18,CUSTOMER,FULL,1992-06-20,32,1983-03-12,42,497000,60,5,0,0,7202,"2025-07-01 17:54:04"
25157951954,2025-07-01,CUSTOMER,FULL,1998-09-17,26,NULL,0,1270000,83,7,0,0,20801,"2025-07-01 17:49:14"
25157972939,2025-07-01,CUSTOMER,FULL,1999-06-09,26,NULL,0,425000,48,4,0,0,4529,"2025-07-01 17:47:52"
8800358902,2025-06-26,CUSTOMER,FULL,1990-12-06,34,NULL,-1,656015,72,6,0,0,12208,"2025-07-01 17:45:52"
25157970790,2025-07-01,CUSTOMER,FULL,2001-02-20,24,NULL,0,610000,60,5,0,0,7616,"2025-07-01 17:45:39"
25157971713,2025-07-01,CUSTOMER,FULL,1994-02-03,31,NULL,0,318000,54,5,0,0,3895,"2025-07-01 17:39:21"
25157602707,2025-06-20,CUSTOMER,FULL,1998-01-01,27,NULL,-1,900000,72,6,0,0,13031,"2025-07-01 17:34:49"
25157966446,2025-07-01,CUSTOMER,FULL,1990-10-12,34,NULL,0,1109000,60,5,0,0,14971,"2025-07-01 17:32:41"
25157953282,2025-07-01,CUSTOMER,FULL,1977-01-01,48,NULL,0,1000000,60,5,0,0,46068,"2025-07-01 17:30:36"
25157684746,2025-06-27,CUSTOMER,FULL,1998-11-11,26,NULL,-1,850000,55,5,0,0,10662,"2025-07-01 17:29:54"
25157869233,2025-06-29,CUSTOMER,FULL,1997-07-14,27,NULL,-1,1150000,60,5,0,0,13191,"2025-07-01 17:21:43"
25157930759,2025-07-01,CUSTOMER,FULL,1996-01-01,29,1970-01-01,55,620000,48,4,0,0,6870,"2025-07-01 17:21:38"
8800378959,2025-07-01,CUSTOMER,FULL,1993-08-29,31,NULL,0,640000,72,6,0,0,10377,"2025-07-01 17:19:21"
25157968510,2025-07-01,CUSTOMER,FULL,1994-07-31,30,NULL,0,1100000,60,5,0,0,13201,"2025-07-01 17:16:37"
8800346032,2025-06-30,CUSTOMER,FULL,1978-07-21,46,NULL,-1,935000,48,4,0,0,30617,"2025-07-01 17:16:04"
25157961249,2025-07-01,CUSTOMER,FULL,2002-07-09,22,1994-05-05,31,865000,48,4,0,0,8033,"2025-07-01 17:07:16"
8800227501,2025-06-30,CUSTOMER,FULL,1995-01-01,30,1972-09-21,52,600000,36,3,0,0,5679,"2025-07-01 17:06:33"
8800177197,2025-06-21,CUSTOMER,FULL,2001-01-01,24,NULL,-1,980000,60,5,0,0,10547,"2025-07-01 17:04:49"
25157967140,2025-07-01,CUSTOMER,FULL,2005-03-22,20,1956-07-01,69,510000,47,4,0,0,5405,"2025-07-01 17:01:54"
25157961136,2025-07-01,CUSTOMER,FULL,1999-08-15,25,1982-02-12,43,415000,30,3,0,0,3654,"2025-07-01 16:57:02"
25157932524,2025-06-30,CUSTOMER,FULL,1988-01-01,37,NULL,-1,300000,36,3,0,0,3834,"2025-07-01 16:53:45"
25157954463,2025-07-01,CUSTOMER,FULL,1989-06-06,36,1975-01-01,50,800000,60,5,0,0,14236,"2025-07-01 16:50:12"
8800218444,2025-06-26,CUSTOMER,FULL,1992-04-18,33,NULL,-1,650000,60,5,0,0,9841,"2025-07-01 16:50:12"
25157650354,2025-06-24,CUSTOMER,FULL,1995-01-01,30,NULL,-1,500000,48,4,0,0,5629,"2025-07-01 16:47:10"
25157957786,2025-07-01,CUSTOMER,FULL,1976-01-28,49,1981-01-20,44,900000,84,7,0,0,63444,"2025-07-01 16:42:48"
25157954257,2025-07-01,CUSTOMER,FULL,1996-07-05,28,NULL,0,750000,18,2,0,0,5417,"2025-07-01 16:42:45"
25157677734,2025-06-26,CUSTOMER,FULL,1986-01-01,39,1983-01-01,42,1000000,36,3,0,0,14562,"2025-07-01 16:41:04"
25157697330,2025-06-28,CUSTOMER,FULL,1986-08-03,38,1984-09-28,40,950000,83,7,0,0,24965,"2025-07-01 16:39:43"
25157680570,2025-06-27,CUSTOMER,FULL,2003-03-06,22,1976-01-01,49,600000,60,5,0,0,7491,"2025-07-01 16:38:09"
25157931046,2025-06-30,CUSTOMER,FULL,1993-01-01,32,NULL,-1,550500,60,5,0,0,7977,"2025-07-01 16:37:25"
25157966210,2025-07-01,CUSTOMER,FULL,2001-06-01,24,NULL,0,900000,60,5,0,0,11236,"2025-07-01 16:35:58"
8800363026,2025-06-25,CUSTOMER,FULL,2002-08-08,22,1975-07-25,49,400000,48,4,0,0,4055,"2025-07-01 16:33:03"
25157724817,2025-06-28,CUSTOMER,FULL,1992-04-08,33,1986-07-10,38,1650000,84,7,0,0,30783,"2025-07-01 16:27:13"
25157696240,2025-06-28,CUSTOMER,FULL,1998-02-20,27,NULL,-1,160000,24,2,0,0,1147,"2025-07-01 16:21:17"
25157652027,2025-06-24,CUSTOMER,FULL,1996-01-01,29,2001-01-01,24,380000,36,3,0,0,3525,"2025-07-01 16:18:04"
25157964591,2025-07-01,CUSTOMER,FULL,2005-02-18,20,NULL,0,150000,36,3,0,0,1170,"2025-07-01 16:15:41"
25157957047,2025-07-01,CUSTOMER,FULL,1980-01-02,45,1982-10-11,42,670000,59,5,0,0,20722,"2025-07-01 16:15:22"
25157942633,2025-07-01,CUSTOMER,FULL,1998-01-20,27,NULL,0,566000,60,5,0,0,7167,"2025-07-01 16:10:37"
25157881364,2025-06-29,CUSTOMER,FULL,1991-07-05,33,NULL,-1,900000,60,5,0,0,11725,"2025-07-01 16:06:26"
25157958399,2025-07-01,CUSTOMER,FULL,1993-10-23,31,NULL,0,850000,48,4,0,0,9058,"2025-07-01 15:59:54"
25157959322,2025-07-01,CUSTOMER,FULL,2001-10-08,23,NULL,0,570000,60,5,0,0,7117,"2025-07-01 15:56:46"
25157946531,2025-07-01,CUSTOMER,FULL,1985-01-01,40,NULL,0,1010000,72,6,0,0,26530,"2025-07-01 15:56:18"
25157852516,2025-06-29,CUSTOMER,FULL,1985-01-01,40,NULL,-1,400000,35,3,0,0,6250,"2025-07-01 15:56:11"
25157714248,2025-06-28,CUSTOMER,FULL,1999-01-01,26,1950-01-01,75,990000,72,6,0,0,14311,"2025-07-01 15:55:54"
8800357491,2025-07-01,CUSTOMER,FULL,1969-06-14,56,1996-01-01,29,715000,60,5,0,0,68357,"2025-07-01 15:53:45"
25157691045,2025-06-27,CUSTOMER,FULL,1987-12-07,37,1997-05-14,28,450000,48,4,0,0,7105,"2025-07-01 15:49:14"
8800212555,2025-07-01,CUSTOMER,FULL,1971-08-15,53,NULL,0,400000,33,3,0,0,20863,"2025-07-01 15:49:04"
8800362018,2025-07-01,CUSTOMER,FULL,1995-01-01,30,NULL,0,260000,36,3,0,0,2332,"2025-07-01 15:44:33"
25157958139,2025-07-01,CUSTOMER,FULL,1992-02-02,33,NULL,0,300000,12,1,0,0,1385,"2025-07-01 15:44:28"
25157433462,2025-06-23,CUSTOMER,FULL,1980-09-20,44,NULL,-1,548000,48,4,0,0,14763,"2025-07-01 15:32:17"
8800336306,2025-06-30,CUSTOMER,FULL,1976-03-06,49,1982-05-21,43,300000,30,3,0,0,10691,"2025-07-01 15:32:06"
25157929386,2025-06-30,CUSTOMER,FULL,1997-08-15,27,1944-01-01,81,800000,60,5,0,0,9176,"2025-07-01 15:31:10"
25157921658,2025-06-30,CO-APPLICANT,FULL,1973-11-01,51,2005-01-01,20,330000,42,4,0,0,2979,"2025-07-01 15:31:06"
8800364154,2025-06-28,CUSTOMER,FULL,1978-10-24,46,NULL,-1,1050000,60,5,0,0,40033,"2025-07-01 15:26:46"
25157948382,2025-07-01,CUSTOMER,FULL,1995-08-23,29,NULL,0,470000,48,4,0,0,5208,"2025-07-01 15:25:35"
25157678346,2025-06-26,CUSTOMER,FULL,1993-07-08,31,1993-10-08,31,531500,60,5,0,0,7407,"2025-07-01 15:24:48"
25157682015,2025-06-27,CUSTOMER,FULL,1989-01-01,36,NULL,-1,310000,42,4,0,0,4364,"2025-07-01 15:21:24"
8800089489,2025-07-01,CUSTOMER,FULL,1985-06-15,40,NULL,0,250000,48,4,0,0,4706,"2025-07-01 15:18:30"
8800248839,2025-06-29,CUSTOMER,FULL,1986-01-01,39,NULL,-1,790000,36,3,0,0,11401,"2025-07-01 15:17:18"
25157693936,2025-06-28,CUSTOMER,FULL,1989-01-01,36,NULL,-1,337500,36,3,0,0,4015,"2025-07-01 15:16:51"
25157656386,2025-06-24,CUSTOMER,FULL,1992-01-01,33,NULL,-1,1550000,48,4,0,0,17449,"2025-07-01 15:16:19"
25157934164,2025-07-01,CUSTOMER,FULL,1989-01-01,36,NULL,0,675000,60,5,0,0,12012,"2025-07-01 15:12:11"
8800226584,2025-06-12,CUSTOMER,FULL,1981-06-01,44,NULL,-1,200000,29,3,0,0,4317,"2025-07-01 15:05:21"
25157956575,2025-07-01,CUSTOMER,FULL,1998-02-23,27,NULL,0,250000,36,3,0,0,2169,"2025-07-01 15:05:14"
25157935369,2025-07-01,CUSTOMER,FULL,1976-08-16,48,2001-11-14,23,560000,47,4,0,0,22388,"2025-07-01 15:00:10"
25157675832,2025-06-27,CUSTOMER,FULL,1985-02-15,40,1991-10-22,33,842000,72,6,0,0,23170,"2025-07-01 14:52:06"
25157933250,2025-06-30,CUSTOMER,FULL,1985-01-01,40,1958-01-01,67,1000000,60,5,0,0,20662,"2025-07-01 14:51:44"
25157930088,2025-07-01,CUSTOMER,FULL,1980-01-01,45,2003-01-02,22,500000,36,3,0,0,11848,"2025-07-01 14:50:56"
25157708802,2025-06-28,CUSTOMER,FULL,1987-03-02,38,1961-01-01,64,600000,60,5,0,0,12136,"2025-07-01 14:49:14"
8800356324,2025-07-01,CUSTOMER,FULL,1982-01-01,43,NULL,0,1300000,55,5,0,0,33748,"2025-07-01 14:48:49"
25157566528,2025-06-18,CUSTOMER,FULL,1997-03-09,28,1998-01-01,27,650000,60,5,0,0,8353,"2025-07-01 14:45:50"
8800272517,2025-06-29,CUSTOMER,FULL,2004-07-14,20,1970-01-01,55,780000,60,5,0,0,8026,"2025-07-01 14:39:33"
25157687818,2025-06-27,CUSTOMER,FULL,1999-06-12,26,NULL,-1,946000,60,5,0,0,10750,"2025-07-01 14:38:43"
8800144279,2025-06-21,CUSTOMER,FULL,1995-02-01,30,NULL,-1,300000,48,4,0,0,3410,"2025-07-01 14:34:35"
25157697271,2025-06-28,CUSTOMER,FULL,1995-08-05,29,NULL,-1,275000,48,4,0,0,3028,"2025-07-01 14:33:52"
25157711256,2025-06-28,CUSTOMER,FULL,1993-01-01,32,1963-01-01,62,515000,60,5,0,0,7463,"2025-07-01 14:31:19"
25157952187,2025-07-01,CUSTOMER,FULL,1981-01-01,44,NULL,0,350000,36,3,0,0,7554,"2025-07-01 14:30:24"
25157330136,2025-06-05,CUSTOMER,FULL,1992-07-03,32,NULL,-1,1000000,60,5,0,0,14491,"2025-07-01 14:29:44"
25157953556,2025-07-01,CUSTOMER,"PARTIAL FINANCE AMOUNT",1972-01-01,53,NULL,0,73000,11,1,36500,0,845,"2025-07-01 14:28:04"
25157929402,2025-06-30,CUSTOMER,FULL,1986-01-01,39,NULL,-1,330000,48,4,0,0,5448,"2025-07-01 14:26:24"
25157954121,2025-07-01,CUSTOMER,FULL,1996-08-02,28,NULL,0,250000,29,3,0,0,2272,"2025-07-01 14:25:47"
25157571726,2025-06-18,CUSTOMER,FULL,2001-08-12,23,1974-01-01,51,570000,60,5,0,0,7117,"2025-07-01 14:21:40"
25157940695,2025-07-01,CUSTOMER,FULL,1977-01-01,48,1961-01-01,64,530000,60,5,0,0,25154,"2025-07-01 14:21:12"
25157930290,2025-06-30,CUSTOMER,FULL,1975-01-01,50,1979-01-01,46,159000,24,2,0,0,4929,"2025-07-01 14:20:54"
25157936920,2025-07-01,CUSTOMER,FULL,1977-04-01,48,NULL,0,308000,36,3,0,0,9650,"2025-07-01 14:17:47"
25157670696,2025-06-26,CUSTOMER,FULL,2002-01-01,23,NULL,-1,500000,59,5,0,0,6243,"2025-07-01 14:17:33"
25157704287,2025-06-28,CUSTOMER,FULL,2002-06-19,23,NULL,-1,1600000,84,7,0,0,23525,"2025-07-01 14:15:40"
8800366602,2025-06-27,CUSTOMER,FULL,1978-08-15,46,NULL,-1,355000,36,3,0,0,9262,"2025-07-01 14:14:23"
25157929029,2025-06-30,CUSTOMER,FULL,1991-07-01,33,1969-06-01,56,1100000,72,6,0,0,18263,"2025-07-01 14:14:21"
8800350931,2025-06-27,CUSTOMER,FULL,1991-01-01,34,NULL,-1,1000000,60,5,0,0,15907,"2025-07-01 14:11:12"
25157942317,2025-07-01,CUSTOMER,FULL,1978-04-27,47,1980-03-25,45,1300000,60,5,0,0,54411,"2025-07-01 14:04:26"
8800140645,2025-06-20,CUSTOMER,FULL,1981-04-16,44,NULL,-1,600000,36,3,0,0,12950,"2025-07-01 14:02:09"
25157920667,2025-06-30,CUSTOMER,FULL,1975-01-01,50,1994-04-08,31,570000,60,5,0,0,32776,"2025-07-01 14:01:11"
8800319438,2025-06-29,CUSTOMER,FULL,1978-01-01,47,NULL,-1,700000,72,6,0,0,35287,"2025-07-01 14:00:16"
25157950847,2025-07-01,CUSTOMER,FULL,2002-05-28,23,1968-01-01,57,940000,60,5,0,0,10028,"2025-07-01 13:59:18"
25157719557,2025-06-28,CUSTOMER,FULL,2000-07-07,24,1977-02-05,48,540000,48,4,0,0,5748,"2025-07-01 13:52:33"
8800034977,2025-06-21,CUSTOMER,FULL,2002-10-01,22,NULL,-1,255000,24,2,0,0,1776,"2025-07-01 13:52:14"
8800360208,2025-07-01,CUSTOMER,FULL,1993-07-07,31,1998-02-05,27,850000,60,5,0,0,11846,"2025-07-01 13:45:43"
8800243333,2025-06-30,CUSTOMER,FULL,2001-01-01,24,NULL,-1,180000,24,2,0,0,1252,"2025-07-01 13:45:35"
25157623862,2025-06-21,CUSTOMER,FULL,2000-01-01,25,1970-01-01,55,664200,60,5,0,0,8293,"2025-07-01 13:42:55"
25157950194,2025-07-01,CUSTOMER,FULL,1985-01-01,40,2003-01-01,22,680000,60,5,0,0,15864,"2025-07-01 13:39:26"
8800282088,2025-06-28,CUSTOMER,FULL,2001-06-24,24,NULL,-1,984020,60,5,0,0,10590,"2025-07-01 13:38:26"
25157914714,2025-06-30,CUSTOMER,FULL,1996-10-25,28,1958-09-08,66,900000,36,3,0,0,8050,"2025-07-01 13:35:40"
25157943945,2025-07-01,CUSTOMER,FULL,1991-04-05,34,NULL,0,1400000,36,3,0,0,13877,"2025-07-01 13:35:16"
25157617513,2025-06-21,CUSTOMER,FULL,1991-01-01,34,NULL,-1,600000,30,3,0,0,6493,"2025-07-01 13:33:02"
8800356420,2025-07-01,CUSTOMER,FULL,1998-09-17,26,NULL,0,1288000,60,5,0,0,16156,"2025-07-01 13:32:41"
8800169436,2025-06-28,CUSTOMER,FULL,2002-03-25,23,NULL,-1,775000,72,6,0,0,11103,"2025-07-01 13:31:03"
25157936987,2025-07-01,CUSTOMER,FULL,1991-01-01,34,NULL,0,265000,48,4,0,0,3084,"2025-07-01 13:26:40"
8800319540,2025-06-30,CUSTOMER,FULL,1989-06-06,36,1975-01-01,50,800000,60,5,0,0,14236,"2025-07-01 13:24:24"
8800355052,2025-06-29,CUSTOMER,FULL,2000-02-16,25,1975-06-28,50,620000,84,7,0,0,10075,"2025-07-01 13:23:30"
8800120312,2025-06-30,CUSTOMER,FULL,1989-07-24,35,1987-03-01,38,490000,72,6,0,0,9633,"2025-07-01 13:19:30"
25157921037,2025-06-30,CUSTOMER,FULL,2004-01-01,21,1950-01-01,75,525000,42,4,0,0,5588,"2025-07-01 13:19:07"
25157682302,2025-06-27,CUSTOMER,FULL,1994-11-08,30,NULL,-1,400000,12,1,0,0,1709,"2025-07-01 13:16:28"
25157945330,2025-07-01,CUSTOMER,FULL,1989-01-01,36,NULL,0,310000,36,3,0,0,3732,"2025-07-01 13:12:47"
25157948255,2025-07-01,CUSTOMER,FULL,1994-01-01,31,NULL,0,575000,36,3,0,0,5252,"2025-07-01 13:12:07"
25157934215,2025-07-01,CUSTOMER,FULL,1975-02-06,50,1996-05-03,29,331000,42,4,0,0,15327,"2025-07-01 13:09:21"
25157616342,2025-06-21,CUSTOMER,FULL,2001-01-01,24,NULL,-1,480000,60,5,0,0,5993,"2025-07-01 13:08:02"
25157679699,2025-06-27,CUSTOMER,FULL,1994-01-01,31,1994-01-01,31,210000,48,4,0,0,2464,"2025-07-01 13:05:24"
25157943722,2025-07-01,CUSTOMER,FULL,1992-09-08,32,1957-01-01,68,635000,60,5,0,0,9202,"2025-07-01 13:03:31"
25157931008,2025-06-30,CUSTOMER,FULL,1983-08-23,41,NULL,-1,950000,83,7,0,0,30828,"2025-07-01 12:57:57"
25157852701,2025-06-29,CUSTOMER,FULL,1992-01-01,33,1975-01-01,50,320000,35,3,0,0,3308,"2025-07-01 12:57:27"
25157606770,2025-06-20,CUSTOMER,FULL,1983-12-27,41,NULL,-1,350000,36,3,0,0,5890,"2025-07-01 12:56:51"
25157679312,2025-06-26,CUSTOMER,FULL,2000-01-01,25,NULL,-1,312000,36,3,0,0,2559,"2025-07-01 12:55:12"
25157920475,2025-06-30,CUSTOMER,FULL,1983-01-01,42,1985-01-01,40,650000,30,3,0,0,11828,"2025-07-01 12:53:52"
25157940039,2025-07-01,CUSTOMER,FULL,1991-07-10,33,NULL,0,1000000,60,5,0,0,13028,"2025-07-01 12:52:24"
25157653990,2025-06-24,CUSTOMER,FULL,1999-01-01,26,NULL,-1,250000,12,1,0,0,1831,"2025-07-01 12:51:59"
25157935217,2025-07-01,CUSTOMER,FULL,1979-01-01,46,NULL,0,1200000,24,2,0,0,25531,"2025-07-01 12:51:15"
25157908851,2025-06-30,CUSTOMER,FULL,1978-01-01,47,1970-01-01,55,300000,48,4,0,0,10759,"2025-07-01 12:49:51"
25157944971,2025-07-01,CUSTOMER,FULL,1969-01-01,56,NULL,0,640000,55,5,0,0,61187,"2025-07-01 12:46:28"
25157931590,2025-06-30,CUSTOMER,FULL,1992-05-15,33,1961-01-01,64,960000,60,5,0,0,12507,"2025-07-01 12:42:17"
25157931672,2025-06-30,CUSTOMER,FULL,2000-03-13,25,NULL,-1,1390000,60,5,0,0,15058,"2025-07-01 12:41:10"
25157928502,2025-06-30,CUSTOMER,FULL,1993-01-01,32,1990-01-01,35,285000,36,3,0,0,2661,"2025-07-01 12:38:11"
25157933750,2025-06-30,CUSTOMER,FULL,1979-04-01,46,1960-07-08,64,200000,36,3,0,0,5294,"2025-07-01 12:34:51"
8800378905,2025-06-28,CUSTOMER,FULL,1987-01-01,38,1987-01-01,38,533000,59,5,0,0,10781,"2025-07-01 12:34:26"
8800001174,2025-06-25,CUSTOMER,FULL,1990-10-21,34,1993-01-01,32,116000,36,3,0,0,1256,"2025-07-01 12:32:11"
8800017239,2025-06-25,CUSTOMER,FULL,1993-07-08,31,1973-01-01,52,1100000,60,5,0,0,15330,"2025-07-01 12:31:36"
8800058920,2025-06-30,CUSTOMER,FULL,1994-03-29,31,1971-12-09,53,800000,60,5,0,0,11149,"2025-07-01 12:28:11"
25157928896,2025-06-30,CUSTOMER,FULL,1989-10-17,35,NULL,-1,752000,60,5,0,0,10578,"2025-07-01 12:25:46"
25157941676,2025-07-01,CUSTOMER,FULL,1984-11-03,40,NULL,0,920000,60,5,0,0,19009,"2025-07-01 12:22:44"
25157940561,2025-07-01,CUSTOMER,FULL,1984-04-16,41,NULL,0,350000,36,3,0,0,5861,"2025-07-01 12:21:26"
25157700870,2025-06-28,CO-APPLICANT,FULL,2000-01-01,25,1991-09-19,33,760000,59,5,0,0,11076,"2025-07-01 12:18:58"
25157932757,2025-06-30,CUSTOMER,FULL,1985-02-15,40,1975-08-20,49,303000,48,4,0,0,5321,"2025-07-01 12:18:46"
25157925569,2025-06-30,CO-APPLICANT,FULL,1973-08-07,51,1999-04-01,26,860000,60,5,0,0,10788,"2025-07-01 12:18:40"
25157937791,2025-07-01,CUSTOMER,FULL,1981-01-01,44,NULL,0,650000,36,3,0,0,12671,"2025-07-01 12:14:47"
8800207804,2025-06-28,CUSTOMER,FULL,1999-09-22,25,1976-01-01,49,570000,60,5,0,0,7117,"2025-07-01 12:10:26"
8800116596,2025-06-26,CUSTOMER,FULL,1995-07-01,29,1990-10-21,34,1000000,84,7,0,0,17358,"2025-07-01 12:08:33"
25156239723,2025-07-01,CUSTOMER,FULL,2001-02-10,24,1960-01-01,65,650000,60,5,0,0,8115,"2025-07-01 12:06:09"
25157938708,2025-07-01,CUSTOMER,FULL,1998-03-01,27,NULL,0,160000,24,2,0,0,1147,"2025-07-01 12:06:07"
25157841627,2025-06-29,CUSTOMER,FULL,1986-08-01,38,NULL,-1,1020000,36,3,0,0,13348,"2025-07-01 12:03:02"
25157936667,2025-07-01,CUSTOMER,FULL,1981-01-01,44,NULL,0,500000,48,4,0,0,13470,"2025-07-01 12:02:28"
25157917182,2025-06-30,CUSTOMER,FULL,1987-07-05,37,1962-06-19,63,1500000,84,7,0,0,37064,"2025-07-01 12:01:55"
25157936448,2025-07-01,CUSTOMER,FULL,1997-04-14,28,NULL,0,600000,48,4,0,0,6528,"2025-07-01 11:59:22"
8800319543,2025-06-30,CUSTOMER,FULL,1998-10-30,26,NULL,-1,350000,60,5,0,0,4391,"2025-07-01 11:57:00"
8800369079,2025-06-30,CUSTOMER,FULL,1972-01-01,53,2000-04-03,25,800000,84,7,0,0,80967,"2025-07-01 11:56:54"
25157676861,2025-06-26,CUSTOMER,FULL,1983-01-01,42,1986-01-01,39,950000,48,4,0,0,19203,"2025-07-01 11:53:47"
8800324670,2025-07-01,CUSTOMER,FULL,1982-11-04,42,NULL,0,715000,48,4,0,0,16174,"2025-07-01 11:53:26"
8800372078,2025-06-28,CUSTOMER,FULL,2005-05-15,20,1978-01-11,47,1000000,84,7,0,0,14255,"2025-07-01 11:50:55"
25157688077,2025-06-27,CUSTOMER,FULL,1990-01-01,35,1986-01-01,39,540000,60,5,0,0,9061,"2025-07-01 11:49:27"
25157938870,2025-07-01,CUSTOMER,FULL,1996-07-13,28,NULL,0,630000,60,5,0,0,7316,"2025-07-01 11:47:22"
25157933298,2025-06-30,CUSTOMER,FULL,1986-01-01,39,1974-09-30,50,365000,36,3,0,0,5048,"2025-07-01 11:46:37"
25157690024,2025-06-27,CUSTOMER,FULL,1998-08-20,26,NULL,-1,600000,59,5,0,0,7527,"2025-07-01 11:45:39"
25157907265,2025-06-30,CUSTOMER,FULL,1993-02-10,32,1971-01-01,54,900000,60,5,0,0,11343,"2025-07-01 11:45:28"
25157833609,2025-06-29,CUSTOMER,FULL,2004-02-06,21,NULL,-1,620000,60,5,0,0,7741,"2025-07-01 11:42:10"
25157928298,2025-06-30,CUSTOMER,FULL,1979-03-31,46,1976-06-15,49,600000,36,3,0,0,15697,"2025-07-01 11:41:39"
25157937436,2025-07-01,CUSTOMER,FULL,1982-09-12,42,NULL,0,600000,36,3,0,0,10918,"2025-07-01 11:40:37"
25157937261,2025-07-01,CO-APPLICANT,FULL,2000-01-01,25,1996-11-06,28,1060000,60,5,0,0,12308,"2025-07-01 11:40:14"
8800228932,2025-07-01,CUSTOMER,FULL,1995-07-11,29,1974-07-01,51,1500000,36,3,0,0,13258,"2025-07-01 11:39:05"
25157547703,2025-06-16,CUSTOMER,FULL,1986-08-10,38,NULL,-1,153000,24,2,0,0,1660,"2025-07-01 11:36:36"
25157937304,2025-07-01,CUSTOMER,FULL,1995-08-03,29,NULL,0,460000,60,5,0,0,6036,"2025-07-01 11:34:40"
25157669271,2025-06-25,CUSTOMER,FULL,2001-11-26,23,1993-01-01,32,1065000,72,6,0,0,14126,"2025-07-01 11:32:25"
25157934261,2025-07-01,CUSTOMER,FULL,1978-08-17,46,NULL,0,392700,36,3,0,0,10274,"2025-07-01 11:30:18"
25157697457,2025-06-28,CUSTOMER,FULL,1993-11-07,31,NULL,-1,600000,36,3,0,0,5749,"2025-07-01 11:29:03"
25157936500,2025-07-01,CO-APPLICANT,FULL,1965-01-01,60,2004-10-30,20,440000,48,4,0,0,4663,"2025-07-01 11:24:21"
25157694467,2025-06-28,CUSTOMER,FULL,1980-11-12,44,NULL,-1,320000,35,3,0,0,6907,"2025-07-01 11:16:15"
25157666715,2025-06-26,CUSTOMER,FULL,1981-01-01,44,NULL,-1,590000,60,5,0,0,19271,"2025-07-01 11:15:01"
25157804294,2025-06-29,CUSTOMER,FULL,1998-01-13,27,1973-11-15,51,530000,36,3,0,0,4685,"2025-07-01 10:57:02"
8800287005,2025-06-30,CUSTOMER,FULL,2004-02-01,21,1977-06-15,48,700000,59,5,0,0,8740,"2025-07-01 10:46:50"
25157709090,2025-06-30,CUSTOMER,FULL,1993-05-22,32,1966-02-10,59,420000,84,7,0,0,8138,"2025-07-01 10:45:19"
8800220724,2025-06-27,CUSTOMER,FULL,1987-02-20,38,NULL,-1,886177,60,5,0,0,16177,"2025-07-01 10:26:25"
8800229993,2025-06-30,CUSTOMER,FULL,1995-01-01,30,NULL,-1,900000,60,5,0,0,12139,"2025-07-01 10:17:50"
8800083605,2025-06-29,CUSTOMER,FULL,2000-02-15,25,NULL,-1,550000,54,5,0,0,6867,"2025-07-01 10:15:47"
25157494398,2025-06-12,CUSTOMER,FULL,1997-04-06,28,NULL,-1,330000,42,4,0,0,3345,"2025-07-01 09:56:55"
25157925146,2025-06-30,CUSTOMER,FULL,1983-12-04,41,2003-12-16,21,902000,60,5,0,0,20032,"2025-07-01 09:55:22"
8800345811,2025-06-30,CUSTOMER,FULL,1983-10-01,41,NULL,-1,410000,72,6,0,0,12207,"2025-07-01 09:53:56"
25157928060,2025-06-30,CUSTOMER,FULL,2004-01-08,21,1980-01-01,45,270000,36,3,0,0,2138,"2025-07-01 09:52:49"
25157802636,2025-06-29,CUSTOMER,FULL,2002-06-17,23,NULL,-1,580000,48,4,0,0,6174,"2025-07-01 09:51:04"
25157845054,2025-06-29,CUSTOMER,FULL,2000-07-10,24,NULL,-1,400000,45,4,0,0,4258,"2025-07-01 09:49:58"
25157679660,2025-06-26,CUSTOMER,FULL,1997-02-09,28,1980-07-25,44,660000,48,4,0,0,7181,"2025-07-01 09:29:39"
8800338964,2025-07-01,CUSTOMER,FULL,1992-05-20,33,NULL,0,312000,35,3,0,0,3244,"2025-07-01 09:29:21"
25157334082,2025-06-12,CUSTOMER,FULL,1993-07-08,31,1990-08-02,34,350000,36,3,0,0,3404,"2025-07-01 09:28:38"
8800395355,2025-07-01,CUSTOMER,FULL,1980-01-01,45,1985-01-01,40,850000,60,5,0,0,30582,"2025-07-01 09:25:04"
25157930049,2025-06-30,CUSTOMER,FULL,1994-03-13,31,NULL,-1,804000,84,7,0,0,14933,"2025-07-01 09:23:57"
25157691368,2025-06-27,CUSTOMER,FULL,1982-01-01,43,1987-01-01,38,850000,60,5,0,0,25336,"2025-07-01 09:23:12"
8800017240,2025-06-26,CUSTOMER,FULL,1987-03-16,38,NULL,-1,800000,72,6,0,0,19032,"2025-07-01 09:15:19"
8800154545,2025-06-27,CUSTOMER,FULL,1995-01-01,30,NULL,-1,400000,54,5,0,0,4801,"2025-07-01 09:08:45"
8800294613,2025-06-27,CUSTOMER,FULL,2003-01-23,22,1985-02-19,40,533000,60,5,0,0,6655,"2025-07-01 08:53:58"
8800368757,2025-06-30,CUSTOMER,FULL,1983-06-01,42,NULL,-1,1149000,60,5,0,0,31415,"2025-07-01 08:39:34"
25157930459,2025-06-30,CUSTOMER,FULL,1988-11-05,36,NULL,-1,295000,42,4,0,0,4153,"2025-07-01 08:35:39"
25157910568,2025-06-30,CUSTOMER,FULL,1988-11-05,36,NULL,-1,300000,42,4,0,0,4224,"2025-07-01 08:28:54"
25157697899,2025-06-28,CUSTOMER,FULL,1976-01-01,49,NULL,-1,420000,48,4,0,0,18452,"2025-07-01 07:26:22"
25157713641,2025-06-28,CUSTOMER,FULL,2006-06-10,19,1975-01-01,50,320000,42,4,0,0,2821,"2025-07-01 07:22:27"
25157807281,2025-06-29,CUSTOMER,FULL,1982-06-05,43,NULL,-1,579000,60,5,0,0,17259,"2025-07-01 07:17:07"
25157934099,2025-07-01,CUSTOMER,FULL,1975-01-01,50,NULL,0,300000,35,3,0,0,11913,"2025-07-01 07:03:31"
25157934086,2025-07-01,CUSTOMER,FULL,1972-09-05,52,NULL,0,250000,24,2,0,0,7147,"2025-07-01 06:46:02"
