APPLICATION_NUMBER,APPLICATION_DATE,CUSTOMER_TYPE,CALCULATION_TYPE,CUSTOMER_DOB,CUSTOMER_AGE,CO_APPLICANT_DOB,CO_APPLICANT_AGE,FINANCE_AMOUNT,TENURE_IN_MONTH,TENURE_IN_YEAR,PARTIAL_FINANCE_AMOUNT,PARTIAL_TENURE,PREMIUM,CREATED_ON
25159718110,2025-08-06,CUSTOMER,FULL,1975-01-01,50,NULL,0,400000,36,3,0,0,15883,"2025-08-06 12:46:16"
8800446190,2025-08-06,CUSTOMER,FULL,1988-01-24,37,1993-12-14,31,241000,30,3,0,0,3080,"2025-08-06 12:45:59"
25159706332,2025-08-05,CUSTOMER,FULL,1983-01-01,42,1989-01-01,36,400000,42,4,0,0,9049,"2025-08-06 12:45:55"
25159170400,2025-07-28,CUSTOMER,FULL,1998-11-09,26,1960-01-01,65,110000,35,3,0,0,980,"2025-08-06 12:45:45"
8800436290,2025-08-05,CUSTOMER,FULL,1981-01-01,44,NULL,-1,320000,48,4,0,0,8523,"2025-08-06 12:45:43"
8800563730,2025-08-06,CUSTOMER,FULL,1982-01-01,43,NULL,0,420000,42,4,0,0,9174,"2025-08-06 12:45:21"
25159692732,2025-08-04,CUSTOMER,FULL,2003-02-28,22,1992-01-25,33,617000,60,5,0,0,6538,"2025-08-06 12:45:13"
25159717366,2025-08-06,CUSTOMER,FULL,1973-11-13,51,2000-07-18,25,450000,24,2,0,0,11735,"2025-08-06 12:45:04"
8800244735,2025-08-06,CUSTOMER,FULL,1999-02-14,26,1996-08-05,29,500000,48,4,0,0,5275,"2025-08-06 12:45:01"
25159404424,2025-07-30,CUSTOMER,FULL,1997-08-03,27,NULL,-1,780000,72,6,0,0,11404,"2025-08-06 12:44:59"
25159668795,2025-08-02,CUSTOMER,FULL,1997-09-01,27,NULL,-1,240000,18,2,0,0,1671,"2025-08-06 12:44:48"
25159705230,2025-08-05,CUSTOMER,FULL,2000-09-11,24,NULL,-1,314000,48,4,0,0,2961,"2025-08-06 12:44:39"
8800429651,2025-07-09,CUSTOMER,FULL,1985-01-01,40,NULL,-1,380000,36,3,0,0,5937,"2025-08-06 12:44:26"
8800318002,2025-06-20,CUSTOMER,FULL,1974-01-01,51,1958-11-02,66,240000,36,3,0,0,10459,"2025-08-06 12:44:13"
25159718149,2025-08-06,CUSTOMER,FULL,1995-02-02,30,NULL,0,283000,36,3,0,0,2538,"2025-08-06 12:43:40"
25159717073,2025-08-06,CUSTOMER,FULL,1995-01-01,30,1964-01-01,61,1016000,72,6,0,0,15442,"2025-08-06 12:43:39"
25159670143,2025-08-02,CUSTOMER,FULL,1991-01-02,34,1992-03-01,33,682000,60,5,0,0,10849,"2025-08-06 12:43:26"
8800200792,2025-08-04,CUSTOMER,FULL,1980-05-25,45,NULL,-1,85000,18,2,0,0,1546,"2025-08-06 12:43:05"
8800481910,2025-08-05,CUSTOMER,FULL,2000-03-15,25,NULL,-1,350000,36,3,0,0,3090,"2025-08-06 12:42:51"
25159668882,2025-08-02,CUSTOMER,FULL,1989-03-23,36,NULL,-1,150000,36,3,0,0,1806,"2025-08-06 12:42:49"
25159668209,2025-08-01,CUSTOMER,FULL,1996-01-01,29,2004-01-01,21,265000,36,3,0,0,2343,"2025-08-06 12:42:20"
8800529631,2025-08-06,CUSTOMER,FULL,1995-07-09,30,NULL,0,890000,48,4,0,0,10114,"2025-08-06 12:42:18"
25159672567,2025-08-02,CUSTOMER,FULL,2001-01-01,24,NULL,-1,295000,48,4,0,0,2782,"2025-08-06 12:42:09"
25158867151,2025-07-11,CUSTOMER,FULL,1968-06-25,57,NULL,-1,150000,29,3,0,0,10674,"2025-08-06 12:41:32"
25159399130,2025-07-30,CUSTOMER,FULL,1996-12-25,28,1996-01-01,29,1060000,60,5,0,0,12308,"2025-08-06 12:41:15"
25159391793,2025-07-30,CUSTOMER,FULL,1988-10-09,36,1992-08-26,32,5100000,58,5,0,0,86479,"2025-08-06 12:41:02"
25159396759,2025-07-30,CUSTOMER,FULL,2002-09-19,22,NULL,-1,150000,24,2,0,0,905,"2025-08-06 12:41:01"
25159100474,2025-08-06,CUSTOMER,FULL,1979-04-12,46,NULL,0,250000,24,2,0,0,5319,"2025-08-06 12:40:54"
25159711587,2025-08-05,CUSTOMER,FULL,1983-09-05,41,1997-11-28,27,346000,36,3,0,0,5406,"2025-08-06 12:40:44"
25159717082,2025-08-06,CUSTOMER,FULL,1990-08-13,34,1972-07-15,53,664990,60,5,0,0,10578,"2025-08-06 12:40:10"
25159682076,2025-08-03,CUSTOMER,FULL,2005-01-01,20,1983-01-01,42,975000,61,6,0,0,12518,"2025-08-06 12:39:49"
25159715360,2025-08-06,CUSTOMER,"PARTIAL TENURE",1975-02-03,50,1975-02-20,50,680000,42,4,0,2,16149,"2025-08-06 12:39:10"
8800470166,2025-08-06,CUSTOMER,FULL,1996-01-10,29,NULL,0,600000,60,5,0,0,7873,"2025-08-06 12:39:09"
25159717407,2025-08-06,CUSTOMER,FULL,1989-01-01,36,NULL,0,320000,36,3,0,0,3807,"2025-08-06 12:39:01"
25159685593,2025-08-04,CUSTOMER,FULL,1988-06-24,37,1963-06-01,62,680000,60,5,0,0,12879,"2025-08-06 12:38:48"
25159717495,2025-08-06,CUSTOMER,FULL,1973-01-01,52,NULL,0,300000,23,2,0,0,11375,"2025-08-06 12:38:28"
25159716513,2025-08-06,CUSTOMER,FULL,1995-10-31,29,NULL,0,395600,60,5,0,0,5061,"2025-08-06 12:38:12"
25159711022,2025-08-05,CUSTOMER,FULL,2002-05-21,23,1975-05-25,50,500000,47,4,0,0,4679,"2025-08-06 12:37:58"
25159717410,2025-08-06,CUSTOMER,FULL,1989-01-01,36,1991-12-28,33,240000,36,3,0,0,2855,"2025-08-06 12:37:09"
25159706932,2025-08-05,CUSTOMER,FULL,1985-02-05,40,NULL,-1,270000,36,3,0,0,4219,"2025-08-06 12:37:03"
25159684246,2025-08-04,CUSTOMER,FULL,1997-01-07,28,1965-01-01,60,834000,60,5,0,0,9684,"2025-08-06 12:36:51"
8800130342,2025-08-06,CUSTOMER,FULL,1997-08-02,28,NULL,0,1200000,60,5,0,0,15421,"2025-08-06 12:36:48"
8800455579,2025-08-01,CUSTOMER,FULL,1988-08-15,36,1986-11-05,38,285000,60,5,0,0,4833,"2025-08-06 12:35:57"
25159536025,2025-07-31,CUSTOMER,FULL,1987-01-26,38,NULL,-1,1200000,60,5,0,0,21906,"2025-08-06 12:35:33"
8800400747,2025-08-05,CUSTOMER,FULL,1985-07-01,40,1976-07-01,49,700000,60,5,0,0,16331,"2025-08-06 12:35:26"
25159691459,2025-08-04,CUSTOMER,FULL,1977-01-01,48,1972-01-01,53,299000,24,2,0,0,7678,"2025-08-06 12:35:08"
8800262020,2025-08-06,CUSTOMER,FULL,1997-01-01,28,NULL,0,400000,36,3,0,0,3578,"2025-08-06 12:35:04"
25159717248,2025-08-06,CUSTOMER,FULL,2005-01-01,20,NULL,0,550000,36,3,0,0,4816,"2025-08-06 12:34:55"
25159677112,2025-08-02,CUSTOMER,FULL,1999-04-15,26,1978-01-01,47,1150000,83,7,0,0,18334,"2025-08-06 12:34:33"
25159703071,2025-08-05,CO-APPLICANT,"PARTIAL FINANCE AMOUNT",1960-06-01,65,1979-06-01,46,200000,36,3,150000,0,3925,"2025-08-06 12:34:24"
8800382600,2025-07-31,CUSTOMER,FULL,1992-01-01,33,NULL,-1,295000,36,3,0,0,2827,"2025-08-06 12:34:12"
25159046515,2025-07-20,CUSTOMER,FULL,1997-03-20,28,NULL,-1,325000,60,5,0,0,3774,"2025-08-06 12:33:59"
8800486036,2025-08-06,CUSTOMER,FULL,1992-01-01,33,NULL,0,300000,24,2,0,0,2369,"2025-08-06 12:33:48"
25159508778,2025-07-31,CUSTOMER,FULL,1990-01-01,35,NULL,-1,340000,35,3,0,0,3483,"2025-08-06 12:33:05"
8800533401,2025-08-04,CUSTOMER,FULL,2000-06-10,25,NULL,-1,150000,24,2,0,0,1045,"2025-08-06 12:32:57"
25159694072,2025-08-06,CUSTOMER,FULL,1981-02-06,44,NULL,0,550000,47,4,0,0,14817,"2025-08-06 12:32:48"
25158901025,2025-08-04,CUSTOMER,FULL,1986-01-01,39,NULL,-1,300000,24,2,0,0,3194,"2025-08-06 12:32:37"
8800272841,2025-07-08,CUSTOMER,FULL,1995-01-01,30,1975-01-01,50,330000,36,3,0,0,3123,"2025-08-06 12:32:25"
8800350162,2025-08-04,CUSTOMER,FULL,1995-05-16,30,2002-05-11,23,650000,60,5,0,0,8767,"2025-08-06 12:32:13"
25159703156,2025-08-05,CUSTOMER,FULL,2001-07-25,24,1985-01-01,40,80000,18,2,0,0,557,"2025-08-06 12:32:10"
25159718109,2025-08-06,CUSTOMER,FULL,1992-01-01,33,NULL,0,290000,36,3,0,0,2779,"2025-08-06 12:32:10"
8800212434,2025-08-02,CUSTOMER,FULL,1993-01-01,32,NULL,-1,60000,12,1,0,0,460,"2025-08-06 12:31:51"
25159111514,2025-07-24,CUSTOMER,FULL,2005-09-24,19,1986-09-29,38,996000,72,6,0,0,12529,"2025-08-06 12:31:42"
25159715837,2025-08-06,CUSTOMER,FULL,1998-03-30,27,NULL,0,370000,30,3,0,0,3332,"2025-08-06 12:31:18"
25159717137,2025-08-06,CUSTOMER,FULL,1997-01-01,28,1998-07-20,27,400000,48,4,0,0,4352,"2025-08-06 12:31:14"
8800501909,2025-07-28,CUSTOMER,FULL,1997-12-31,27,1999-02-16,26,332000,42,4,0,0,3338,"2025-08-06 12:31:11"
25159715022,2025-08-06,CUSTOMER,FULL,1991-01-01,34,NULL,0,220000,30,3,0,0,2384,"2025-08-06 12:30:57"
25159007668,2025-07-22,CUSTOMER,FULL,1999-01-01,26,NULL,-1,470000,48,4,0,0,5009,"2025-08-06 12:30:42"
8800274639,2025-08-06,CO-APPLICANT,FULL,1976-01-01,49,2006-01-01,19,300000,48,4,0,0,3148,"2025-08-06 12:30:20"
8800338267,2025-08-05,CUSTOMER,FULL,1996-02-06,29,NULL,-1,450000,48,4,0,0,4987,"2025-08-06 12:30:12"
8800417326,2025-08-06,CUSTOMER,FULL,1993-07-20,32,NULL,0,330000,29,3,0,0,3310,"2025-08-06 12:30:11"
25158990380,2025-07-16,CUSTOMER,FULL,1987-08-20,37,NULL,-1,940000,48,4,0,0,14842,"2025-08-06 12:30:04"
8800480481,2025-08-06,CUSTOMER,FULL,1990-01-01,35,NULL,0,220000,36,3,0,0,2498,"2025-08-06 12:29:57"
25159660051,2025-08-01,CUSTOMER,FULL,1997-01-01,28,NULL,-1,840000,5,1,0,0,3519,"2025-08-06 12:29:47"
25159286978,2025-07-29,CUSTOMER,FULL,1987-01-01,38,NULL,-1,250000,42,4,0,0,3897,"2025-08-06 12:29:29"
25159670014,2025-08-02,CUSTOMER,FULL,1997-10-11,27,NULL,-1,1390000,72,6,0,0,20126,"2025-08-06 12:29:27"
25159386978,2025-07-30,CUSTOMER,FULL,1991-02-01,34,NULL,-1,270000,30,3,0,0,2925,"2025-08-06 12:29:14"
8800092672,2025-08-06,CUSTOMER,FULL,1988-01-01,37,1957-01-01,68,350000,36,3,0,0,4473,"2025-08-06 12:29:13"
25159717770,2025-08-06,CUSTOMER,FULL,1982-08-16,42,NULL,0,900000,60,5,0,0,21548,"2025-08-06 12:29:07"
25155653700,2025-04-28,CUSTOMER,FULL,1988-01-01,37,NULL,-1,900000,36,3,0,0,11205,"2025-08-06 12:28:58"
25159663622,2025-08-01,CUSTOMER,FULL,1998-04-10,27,1976-01-01,49,350000,34,3,0,0,3152,"2025-08-06 12:28:42"
25159098048,2025-07-23,CUSTOMER,FULL,2004-01-01,21,1962-01-01,63,508580,48,4,0,0,5414,"2025-08-06 12:28:15"
8800544076,2025-08-06,CUSTOMER,FULL,1997-10-21,27,NULL,0,606000,48,4,0,0,6508,"2025-08-06 12:28:09"
8800242993,2025-08-06,CUSTOMER,FULL,2001-01-01,24,NULL,0,1050000,60,5,0,0,13109,"2025-08-06 12:28:02"
8800408232,2025-08-04,CUSTOMER,FULL,1982-08-25,42,NULL,-1,545000,72,6,0,0,17634,"2025-08-06 12:27:34"
25159717757,2025-08-06,CO-APPLICANT,FULL,1978-01-01,47,1989-01-01,36,600000,60,5,0,0,10677,"2025-08-06 12:27:17"
25159076488,2025-07-22,CUSTOMER,FULL,1991-01-02,34,1993-01-01,32,295000,42,4,0,0,3433,"2025-08-06 12:27:16"
8800524645,2025-07-30,CUSTOMER,FULL,1997-03-14,28,NULL,-1,895000,72,6,0,0,13307,"2025-08-06 12:27:04"
25159687956,2025-08-04,CUSTOMER,FULL,1990-07-03,35,NULL,-1,739000,36,3,0,0,7570,"2025-08-06 12:26:39"
25159714534,2025-08-05,CUSTOMER,FULL,1975-01-01,50,NULL,-1,350000,30,3,0,0,13212,"2025-08-06 12:26:34"
8800245783,2025-07-22,CUSTOMER,FULL,1980-11-03,44,1988-09-02,36,500000,24,2,0,0,8148,"2025-08-06 12:26:19"
25159714602,2025-08-06,CUSTOMER,FULL,1981-01-01,44,NULL,0,336500,36,3,0,0,6560,"2025-08-06 12:25:55"
8800424312,2025-08-06,CUSTOMER,FULL,1991-04-01,34,1997-01-01,28,470000,48,4,0,0,6256,"2025-08-06 12:25:53"
25159119842,2025-07-24,CUSTOMER,FULL,1999-02-09,26,1964-07-11,61,1200000,60,5,0,0,13637,"2025-08-06 12:25:47"
25159681158,2025-08-03,CUSTOMER,FULL,1981-01-01,44,NULL,-1,610000,60,5,0,0,17233,"2025-08-06 12:25:41"
25159713694,2025-08-05,CUSTOMER,FULL,1980-01-01,45,1988-09-15,36,137616,24,2,0,0,2441,"2025-08-06 12:24:31"
8800395850,2025-08-06,CO-APPLICANT,FULL,1975-01-01,50,2001-10-14,23,300000,36,3,0,0,2641,"2025-08-06 12:24:30"
25159679041,2025-08-02,CUSTOMER,FULL,1987-07-19,38,NULL,-1,522000,48,4,0,0,8137,"2025-08-06 12:24:20"
25159692311,2025-08-04,CUSTOMER,FULL,1999-07-25,26,1996-07-08,29,600000,42,4,0,0,6394,"2025-08-06 12:24:14"
25159717802,2025-08-06,CUSTOMER,FULL,1985-11-14,39,NULL,0,300000,24,2,0,0,3431,"2025-08-06 12:24:13"
8800379494,2025-08-06,CUSTOMER,FULL,1990-01-01,35,NULL,0,600000,36,3,0,0,6811,"2025-08-06 12:24:11"
25157917502,2025-06-30,CUSTOMER,FULL,1975-06-18,50,1980-03-18,45,4000000,60,5,0,0,228968,"2025-08-06 12:24:08"
25159416755,2025-07-30,CUSTOMER,FULL,1978-08-14,46,NULL,-1,690100,60,5,0,0,27215,"2025-08-06 12:24:07"
25159717968,2025-08-06,CUSTOMER,FULL,1993-08-17,31,1995-01-01,30,600000,48,4,0,0,7038,"2025-08-06 12:24:01"
25159716265,2025-08-06,CUSTOMER,FULL,2005-03-02,20,1965-05-16,60,1070000,60,5,0,0,11010,"2025-08-06 12:23:01"
25159717683,2025-08-06,CUSTOMER,FULL,1998-06-10,27,NULL,0,1400000,84,7,0,0,22567,"2025-08-06 12:22:56"
25159674092,2025-08-02,CUSTOMER,FULL,1998-02-01,27,NULL,-1,900000,60,5,0,0,10323,"2025-08-06 12:22:54"
25159147460,2025-07-26,CUSTOMER,FULL,1988-01-01,37,NULL,-1,609000,60,5,0,0,10514,"2025-08-06 12:22:53"
25159716498,2025-08-06,CUSTOMER,FULL,1987-03-21,38,NULL,0,200000,35,3,0,0,2724,"2025-08-06 12:22:25"
8800402028,2025-07-19,CUSTOMER,FULL,1978-01-01,47,NULL,-1,154000,24,2,0,0,3597,"2025-08-06 12:22:15"
25159717378,2025-08-06,CUSTOMER,FULL,1992-06-01,33,NULL,0,889000,60,5,0,0,11582,"2025-08-06 12:22:01"
8800479413,2025-08-02,CUSTOMER,FULL,1982-12-12,42,NULL,-1,300000,30,3,0,0,5456,"2025-08-06 12:21:30"
25159715998,2025-08-06,CUSTOMER,FULL,1999-07-05,26,1997-01-01,28,521000,54,5,0,0,6536,"2025-08-06 12:21:25"
25159156860,2025-07-26,CUSTOMER,FULL,1996-02-01,29,NULL,-1,300000,42,4,0,0,3084,"2025-08-06 12:21:14"
8800357444,2025-08-06,CUSTOMER,FULL,1978-01-01,47,1988-01-01,37,320000,30,3,0,0,9361,"2025-08-06 12:21:11"
8800501837,2025-08-06,CUSTOMER,FULL,1997-09-16,27,1960-06-15,65,700000,35,3,0,0,6303,"2025-08-06 12:20:55"
8800463462,2025-08-04,CUSTOMER,FULL,2000-04-15,25,NULL,-1,400000,28,3,0,0,3531,"2025-08-06 12:20:07"
8800533551,2025-08-05,CUSTOMER,FULL,1988-02-12,37,1965-07-08,60,700000,36,3,0,0,8855,"2025-08-06 12:19:33"
25159693752,2025-08-04,CUSTOMER,FULL,1984-03-01,41,NULL,-1,333000,36,3,0,0,5604,"2025-08-06 12:19:32"
25159714830,2025-08-06,CUSTOMER,FULL,1985-01-15,40,NULL,0,400000,35,3,0,0,6203,"2025-08-06 12:19:20"
25159716573,2025-08-06,CUSTOMER,FULL,1992-06-01,33,NULL,0,310000,18,2,0,0,2459,"2025-08-06 12:19:04"
25159028769,2025-07-18,CUSTOMER,FULL,1984-11-14,40,1961-07-01,64,400000,48,4,0,0,7746,"2025-08-06 12:19:03"
25159163146,2025-07-27,CUSTOMER,FULL,1980-01-01,45,1990-01-01,35,280000,36,3,0,0,5951,"2025-08-06 12:19:02"
8800403166,2025-07-30,CUSTOMER,FULL,1996-06-20,29,1958-01-01,67,245000,30,3,0,0,2229,"2025-08-06 12:18:48"
25159715718,2025-08-06,CUSTOMER,FULL,1981-04-01,44,NULL,0,1015000,60,5,0,0,28673,"2025-08-06 12:18:45"
25159715854,2025-08-06,CUSTOMER,FULL,2003-01-01,22,1978-01-01,47,310000,48,4,0,0,2879,"2025-08-06 12:18:41"
8800335629,2025-08-04,CUSTOMER,FULL,1974-08-24,50,NULL,-1,430000,60,5,0,0,24614,"2025-08-06 12:17:37"
8800474340,2025-08-06,CUSTOMER,FULL,1997-03-01,28,1972-07-24,53,750000,60,5,0,0,9638,"2025-08-06 12:17:36"
25159695121,2025-08-05,CUSTOMER,FULL,1996-07-07,29,1997-01-01,28,720000,48,4,0,0,7978,"2025-08-06 12:17:11"
8800309436,2025-08-06,CUSTOMER,FULL,1997-11-10,27,1960-01-01,65,520000,48,4,0,0,5584,"2025-08-06 12:17:09"
25159676781,2025-08-02,CUSTOMER,FULL,1982-01-01,43,1989-03-27,36,590000,60,5,0,0,15317,"2025-08-06 12:16:51"
25159715510,2025-08-06,CUSTOMER,FULL,1985-01-01,40,NULL,0,210000,36,3,0,0,3257,"2025-08-06 12:16:47"
25159716128,2025-08-06,CUSTOMER,FULL,1993-07-10,32,1995-07-18,30,200000,36,3,0,0,2006,"2025-08-06 12:16:42"
25159717041,2025-08-06,CUSTOMER,FULL,1995-01-01,30,NULL,0,151000,36,3,0,0,1406,"2025-08-06 12:16:19"
25159503891,2025-07-31,CUSTOMER,FULL,1993-01-01,32,NULL,-1,830000,60,5,0,0,10460,"2025-08-06 12:16:16"
8800477164,2025-08-06,CUSTOMER,FULL,1997-04-26,28,NULL,0,200000,20,2,0,0,1473,"2025-08-06 12:16:09"
8800491737,2025-07-30,CUSTOMER,FULL,2003-03-18,22,1972-01-01,53,535000,59,5,0,0,6269,"2025-08-06 12:15:46"
25159717783,2025-08-06,CUSTOMER,FULL,1977-10-06,47,NULL,0,530000,48,4,0,0,19006,"2025-08-06 12:15:34"
25159042227,2025-07-19,CUSTOMER,FULL,1997-01-02,28,NULL,-1,730000,36,3,0,0,6366,"2025-08-06 12:15:26"
25159709801,2025-08-05,CUSTOMER,FULL,1989-06-02,36,NULL,-1,950000,60,5,0,0,15571,"2025-08-06 12:13:55"
25159705657,2025-08-05,CUSTOMER,FULL,1993-01-01,32,NULL,-1,250000,36,3,0,0,2481,"2025-08-06 12:13:52"
25159102198,2025-07-24,CUSTOMER,FULL,1988-05-15,37,NULL,-1,940000,60,5,0,0,16228,"2025-08-06 12:13:49"
25159692288,2025-08-06,CUSTOMER,FULL,1995-08-17,29,1960-10-01,64,595000,84,7,0,0,10328,"2025-08-06 12:12:41"
25159717372,2025-08-06,CUSTOMER,FULL,1989-11-16,35,NULL,0,830000,60,5,0,0,11675,"2025-08-06 12:12:20"
25159715821,2025-08-06,CUSTOMER,FULL,1994-01-01,31,1957-01-01,68,400000,48,4,0,0,4692,"2025-08-06 12:12:03"
25159188282,2025-07-28,CUSTOMER,FULL,1990-08-08,34,NULL,-1,2600000,60,5,0,0,41357,"2025-08-06 12:12:02"
25159716637,2025-08-06,CUSTOMER,FULL,1981-10-14,43,NULL,0,600000,40,4,0,0,14550,"2025-08-06 12:11:57"
8800462562,2025-08-06,CUSTOMER,FULL,1987-09-29,37,NULL,0,120000,24,2,0,0,1133,"2025-08-06 12:11:32"
8800386087,2025-08-06,CUSTOMER,FULL,1995-05-02,30,2007-01-24,18,695000,60,5,0,0,9374,"2025-08-06 12:11:28"
8800136350,2025-08-06,CUSTOMER,FULL,1991-01-01,34,NULL,0,400000,24,2,0,0,3276,"2025-08-06 12:11:16"
25159670464,2025-08-02,CUSTOMER,FULL,1983-06-02,42,NULL,-1,330000,48,4,0,0,6671,"2025-08-06 12:11:15"
8800482817,2025-08-06,CUSTOMER,FULL,1990-07-02,35,NULL,0,203000,24,2,0,0,1735,"2025-08-06 12:11:15"
25159715057,2025-08-06,CUSTOMER,FULL,1990-05-01,35,1992-02-14,33,380000,36,3,0,0,4328,"2025-08-06 12:11:12"
25159670374,2025-08-02,CUSTOMER,FULL,1997-04-06,28,NULL,-1,318020,36,3,0,0,2774,"2025-08-06 12:10:50"
8800178231,2025-08-05,CUSTOMER,FULL,1988-05-16,37,NULL,-1,200000,24,2,0,0,1888,"2025-08-06 12:10:49"
8800404889,2025-07-31,CUSTOMER,FULL,2000-06-04,25,1966-01-01,59,970000,48,4,0,0,10325,"2025-08-06 12:10:40"
25159043169,2025-07-19,CUSTOMER,FULL,1990-01-01,35,NULL,-1,800000,60,5,0,0,13424,"2025-08-06 12:10:02"
25159684955,2025-08-04,CUSTOMER,FULL,2004-09-04,20,NULL,-1,350000,36,3,0,0,2730,"2025-08-06 12:09:52"
25159669371,2025-08-02,CUSTOMER,FULL,2006-05-31,19,2000-02-04,25,313000,36,3,0,0,2383,"2025-08-06 12:09:51"
25159717320,2025-08-06,CUSTOMER,FULL,1974-01-01,51,NULL,0,900000,60,5,0,0,54322,"2025-08-06 12:09:42"
25159664354,2025-08-01,CUSTOMER,FULL,1991-01-01,34,NULL,-1,500000,60,5,0,0,7954,"2025-08-06 12:09:32"
25159713948,2025-08-05,CUSTOMER,FULL,2001-01-01,24,2003-02-03,22,175000,36,3,0,0,1535,"2025-08-06 12:09:29"
8800487980,2025-08-04,CUSTOMER,FULL,1999-01-01,26,1966-01-01,59,350000,24,2,0,0,2437,"2025-08-06 12:09:06"
8800500556,2025-08-04,CUSTOMER,FULL,1994-03-20,31,NULL,-1,150000,18,2,0,0,1125,"2025-08-06 12:08:48"
25159677111,2025-08-02,CUSTOMER,FULL,1996-06-25,29,1971-01-01,54,820000,60,5,0,0,9667,"2025-08-06 12:08:46"
25159128832,2025-07-25,CUSTOMER,FULL,1979-08-03,45,1981-04-03,44,1890000,48,4,0,0,55488,"2025-08-06 12:08:42"
8800486414,2025-08-06,CUSTOMER,FULL,1992-03-04,33,1993-12-08,31,500000,48,4,0,0,6219,"2025-08-06 12:08:37"
8800292718,2025-08-06,CUSTOMER,FULL,1992-06-05,33,NULL,0,360000,33,3,0,0,3743,"2025-08-06 12:08:22"
25159716033,2025-08-06,CUSTOMER,FULL,1998-07-06,27,1949-01-15,76,300000,36,3,0,0,2702,"2025-08-06 12:08:20"
8800415925,2025-08-06,CUSTOMER,FULL,2003-01-10,22,NULL,0,294000,36,3,0,0,2353,"2025-08-06 12:07:48"
8800286928,2025-08-05,CUSTOMER,FULL,1996-01-10,29,NULL,-1,139000,24,2,0,0,1025,"2025-08-06 12:07:38"
25159716334,2025-08-06,CUSTOMER,"PARTIAL TENURE",1974-01-01,51,2004-07-04,21,628300,48,4,0,2,21501,"2025-08-06 12:07:01"
25159715792,2025-08-06,CUSTOMER,FULL,1978-01-01,47,NULL,0,200000,36,3,0,0,5801,"2025-08-06 12:06:52"
25159707434,2025-08-05,CUSTOMER,FULL,1996-06-06,29,1970-01-01,55,900000,48,4,0,0,9973,"2025-08-06 12:06:39"
25159033171,2025-08-05,CUSTOMER,FULL,1975-01-01,50,2004-07-05,21,400000,18,2,0,0,12400,"2025-08-06 12:06:36"
8800492536,2025-08-05,CUSTOMER,FULL,1974-01-01,51,NULL,-1,200000,24,2,0,0,6788,"2025-08-06 12:06:29"
25159715239,2025-08-06,CUSTOMER,FULL,1993-06-09,32,NULL,0,170000,24,2,0,0,1318,"2025-08-06 12:05:58"
25159715656,2025-08-06,CUSTOMER,FULL,1989-06-27,36,NULL,0,250000,35,3,0,0,2989,"2025-08-06 12:05:42"
8800236399,2025-08-06,CUSTOMER,FULL,1995-01-02,30,NULL,0,250000,24,2,0,0,1850,"2025-08-06 12:05:34"
25155069395,2025-08-04,CUSTOMER,FULL,1984-01-01,41,NULL,-1,250000,23,2,0,0,2961,"2025-08-06 12:04:58"
8800487476,2025-08-06,CUSTOMER,FULL,1985-07-11,40,NULL,0,300000,44,4,0,0,5647,"2025-08-06 12:04:46"
8800356929,2025-08-06,CUSTOMER,FULL,1995-01-01,30,NULL,0,1010000,60,5,0,0,12121,"2025-08-06 12:04:37"
8800559329,2025-08-06,CUSTOMER,FULL,1997-07-31,28,NULL,0,200000,24,2,0,0,1473,"2025-08-06 12:04:21"
25159705233,2025-08-05,CUSTOMER,FULL,1976-01-01,49,NULL,-1,335000,42,4,0,0,14168,"2025-08-06 12:04:14"
25159159422,2025-07-26,CUSTOMER,FULL,1997-08-01,27,NULL,-1,450000,48,4,0,0,4833,"2025-08-06 12:04:09"
25159715512,2025-08-06,CUSTOMER,FULL,1992-01-01,33,NULL,0,420000,48,4,0,0,5333,"2025-08-06 12:03:56"
25159717473,2025-08-06,CUSTOMER,FULL,1993-02-05,32,NULL,0,800000,60,5,0,0,10082,"2025-08-06 12:03:54"
8800509243,2025-08-04,CUSTOMER,FULL,1996-01-01,29,1995-01-01,30,90000,24,2,0,0,664,"2025-08-06 12:03:42"
25159717160,2025-08-06,CUSTOMER,FULL,1991-03-22,34,NULL,0,80000,24,2,0,0,656,"2025-08-06 12:03:14"
25159018606,2025-07-18,CUSTOMER,"PARTIAL TENURE",1970-01-01,55,NULL,-1,330000,48,4,0,2,15471,"2025-08-06 12:03:05"
8800408234,2025-08-06,CUSTOMER,FULL,1996-08-16,28,NULL,0,628000,72,6,0,0,9338,"2025-08-06 12:03:04"
25159388885,2025-07-30,CUSTOMER,FULL,1985-01-01,40,NULL,-1,300000,48,4,0,0,5810,"2025-08-06 12:02:43"
8800289714,2025-07-12,CUSTOMER,FULL,1982-04-29,43,NULL,-1,660000,36,3,0,0,13045,"2025-08-06 12:02:35"
8800164662,2025-07-25,CUSTOMER,FULL,1992-12-15,32,NULL,-1,380000,36,3,0,0,3812,"2025-08-06 12:02:23"
8800476229,2025-07-31,CUSTOMER,FULL,1992-06-02,33,NULL,-1,795000,71,6,0,0,13200,"2025-08-06 12:02:02"
8800279680,2025-07-17,CUSTOMER,FULL,1990-03-02,35,NULL,-1,420000,48,4,0,0,5893,"2025-08-06 12:01:58"
25159687562,2025-08-04,CUSTOMER,FULL,1995-06-09,30,NULL,-1,287701,48,4,0,0,3002,"2025-08-06 12:01:56"
8800486633,2025-07-31,CUSTOMER,FULL,1982-01-01,43,NULL,-1,270000,24,2,0,0,3568,"2025-08-06 12:00:54"
8800106666,2025-08-03,CUSTOMER,FULL,1993-07-06,32,1989-05-01,36,700000,36,3,0,0,6947,"2025-08-06 12:00:51"
8800452811,2025-08-05,CUSTOMER,FULL,1992-01-01,33,NULL,-1,250000,18,2,0,0,1983,"2025-08-06 12:00:17"
25159716783,2025-08-06,CUSTOMER,FULL,1995-07-10,30,NULL,0,400000,30,3,0,0,3725,"2025-08-06 12:00:15"
25159715174,2025-08-06,CUSTOMER,FULL,1999-01-28,26,NULL,0,330000,36,3,0,0,2835,"2025-08-06 12:00:10"
8800488482,2025-08-05,CUSTOMER,"PARTIAL TENURE",1976-06-06,49,NULL,-1,200000,36,3,0,2,5504,"2025-08-06 12:00:00"
25159421641,2025-07-30,CUSTOMER,FULL,1986-04-01,39,1958-09-28,66,150000,30,3,0,0,2075,"2025-08-06 11:59:42"
25159715620,2025-08-06,CUSTOMER,FULL,1982-01-01,43,2004-04-04,21,320000,36,3,0,0,6325,"2025-08-06 11:59:24"
25158764810,2025-08-05,CUSTOMER,FULL,1992-06-01,33,NULL,-1,287400,36,3,0,0,2971,"2025-08-06 11:59:12"
25159503198,2025-07-31,CUSTOMER,FULL,1993-06-25,32,1995-01-25,30,320000,36,3,0,0,2987,"2025-08-06 11:59:02"
25159714966,2025-08-06,CUSTOMER,FULL,1995-10-07,29,NULL,0,258000,48,4,0,0,2841,"2025-08-06 11:58:59"
25159696573,2025-08-05,CUSTOMER,FULL,1981-10-25,43,NULL,-1,600000,48,4,0,0,14776,"2025-08-06 11:57:54"
25159670681,2025-08-02,CUSTOMER,FULL,2002-07-14,23,1981-01-01,44,980000,60,5,0,0,10454,"2025-08-06 11:57:06"
25159092651,2025-07-23,CUSTOMER,FULL,1992-02-12,33,1963-06-01,62,2150000,60,5,0,0,32550,"2025-08-06 11:56:30"
25159668608,2025-08-01,CUSTOMER,FULL,1996-09-01,28,NULL,-1,291000,36,3,0,0,2538,"2025-08-06 11:56:21"
25159715842,2025-08-06,CO-APPLICANT,FULL,1969-06-01,56,1994-06-01,31,230000,36,3,0,0,2204,"2025-08-06 11:55:45"
8800427120,2025-08-06,CUSTOMER,FULL,1983-01-01,42,NULL,0,260000,24,2,0,0,3239,"2025-08-06 11:55:34"
8800462675,2025-08-04,CUSTOMER,FULL,1976-12-27,48,NULL,-1,620000,72,6,0,0,34393,"2025-08-06 11:55:16"
25159538678,2025-07-31,CUSTOMER,FULL,1993-04-20,32,NULL,-1,200000,35,3,0,0,1867,"2025-08-06 11:55:13"
25159050923,2025-07-21,CUSTOMER,FULL,2004-01-01,21,1972-01-01,53,350000,42,4,0,0,3210,"2025-08-06 11:55:06"
25159689641,2025-08-04,CUSTOMER,FULL,1989-04-06,36,NULL,-1,565000,60,5,0,0,10054,"2025-08-06 11:54:48"
25159707228,2025-08-05,CUSTOMER,FULL,1995-01-29,30,NULL,-1,400000,60,5,0,0,5395,"2025-08-06 11:54:16"
8800478684,2025-08-06,CUSTOMER,FULL,1987-03-08,38,2000-01-10,25,573000,60,5,0,0,11590,"2025-08-06 11:54:00"
8800494807,2025-08-04,CUSTOMER,FULL,2002-06-11,23,1977-08-10,47,650000,48,4,0,0,6083,"2025-08-06 11:53:58"
25159714979,2025-08-06,CUSTOMER,FULL,1993-12-02,31,1971-01-01,54,900000,60,5,0,0,12543,"2025-08-06 11:53:56"
8800539937,2025-08-06,CUSTOMER,FULL,1997-06-07,28,2002-05-26,23,989999,59,5,0,0,11496,"2025-08-06 11:53:44"
25159702062,2025-08-05,CUSTOMER,FULL,2001-03-09,24,1968-08-15,56,1000000,60,5,0,0,10762,"2025-08-06 11:53:39"
8800240471,2025-08-06,CUSTOMER,FULL,1985-01-01,40,1986-03-02,39,329000,42,4,0,0,5777,"2025-08-06 11:53:30"
8800553234,2025-08-06,CUSTOMER,FULL,1992-08-16,32,1991-12-16,33,685000,60,5,0,0,8633,"2025-08-06 11:53:28"
25159717159,2025-08-06,CUSTOMER,FULL,1984-03-22,41,NULL,0,600000,48,4,0,0,12532,"2025-08-06 11:53:17"
8800262949,2025-07-28,CUSTOMER,FULL,1993-02-02,32,NULL,-1,500000,10,1,0,0,3833,"2025-08-06 11:53:00"
25159694322,2025-08-04,CUSTOMER,FULL,2005-07-15,20,1971-01-01,54,200000,30,3,0,0,1669,"2025-08-06 11:52:49"
25159677265,2025-08-02,CUSTOMER,FULL,1996-04-26,29,NULL,-1,980000,72,6,0,0,14594,"2025-08-06 11:52:42"
25159716106,2025-08-06,CO-APPLICANT,FULL,1968-01-01,57,1985-01-01,40,210000,35,3,0,0,3078,"2025-08-06 11:52:35"
8800504305,2025-07-30,CUSTOMER,FULL,1991-06-01,34,NULL,-1,200000,24,2,0,0,1638,"2025-08-06 11:52:15"
25159693952,2025-08-04,CUSTOMER,FULL,2005-07-10,20,1981-01-01,44,862000,60,5,0,0,8870,"2025-08-06 11:51:44"
8800535012,2025-07-30,CUSTOMER,FULL,1995-06-27,30,NULL,-1,810000,72,6,0,0,12311,"2025-08-06 11:51:15"
8800456682,2025-07-25,CUSTOMER,FULL,1992-12-01,32,1985-04-21,40,400000,72,6,0,0,6755,"2025-08-06 11:50:56"
25159716658,2025-08-06,CUSTOMER,FULL,1964-08-22,60,NULL,0,1500000,60,5,0,0,183762,"2025-08-06 11:50:49"
25158812501,2025-07-09,CUSTOMER,FULL,1991-01-01,34,1991-01-01,34,490000,54,5,0,0,7795,"2025-08-06 11:50:12"
25159190960,2025-07-28,CUSTOMER,FULL,1967-05-02,58,1995-02-26,30,535000,60,5,0,0,58692,"2025-08-06 11:49:41"
25159681418,2025-08-03,CUSTOMER,FULL,1991-07-02,34,NULL,-1,862000,60,5,0,0,11637,"2025-08-06 11:49:18"
25159165373,2025-07-27,CUSTOMER,FULL,1978-07-08,47,1972-09-18,52,490000,48,4,0,0,17572,"2025-08-06 11:49:13"
8800541127,2025-08-06,CUSTOMER,FULL,1997-02-20,28,NULL,0,420000,35,3,0,0,3757,"2025-08-06 11:49:00"
8800501677,2025-08-06,CUSTOMER,FULL,1993-01-03,32,NULL,0,500000,30,3,0,0,5015,"2025-08-06 11:48:55"
25159715692,2025-08-06,CUSTOMER,FULL,1983-06-05,42,NULL,0,200000,24,2,0,0,2807,"2025-08-06 11:48:38"
8800417567,2025-08-05,CUSTOMER,FULL,1983-05-08,42,NULL,-1,300000,12,1,0,0,2348,"2025-08-06 11:48:35"
8800441516,2025-08-06,CUSTOMER,FULL,1996-08-07,28,NULL,0,700000,36,3,0,0,6361,"2025-08-06 11:48:31"
8800414894,2025-07-21,CUSTOMER,FULL,1983-01-01,42,NULL,-1,350000,30,3,0,0,6369,"2025-08-06 11:46:25"
8800276536,2025-08-06,CUSTOMER,FULL,1978-01-01,47,1986-01-03,39,420000,48,4,0,0,15062,"2025-08-06 11:46:00"
25159708633,2025-08-05,CUSTOMER,FULL,1997-07-10,28,1985-08-25,39,230000,36,3,0,0,2090,"2025-08-06 11:45:50"
25159716634,2025-08-06,CUSTOMER,FULL,1994-01-01,31,NULL,0,550000,54,5,0,0,7665,"2025-08-06 11:45:10"
25159702173,2025-08-05,CUSTOMER,FULL,1995-12-18,29,NULL,-1,200000,36,3,0,0,1855,"2025-08-06 11:44:25"
25157416951,2025-08-04,CUSTOMER,FULL,1989-01-01,36,1987-07-01,38,615000,23,2,0,0,5511,"2025-08-06 11:44:16"
25159543278,2025-07-31,CUSTOMER,FULL,2002-07-15,23,1980-08-10,44,158000,24,2,0,0,1065,"2025-08-06 11:43:47"
25159714490,2025-08-05,CUSTOMER,FULL,1982-02-20,43,NULL,-1,475000,36,3,0,0,8559,"2025-08-06 11:43:33"
25159684925,2025-08-04,CUSTOMER,FULL,1972-02-15,53,NULL,-1,250000,48,4,0,0,15473,"2025-08-06 11:42:30"
25159303144,2025-07-29,CUSTOMER,FULL,1990-01-01,35,1970-03-30,55,550000,48,4,0,0,7717,"2025-08-06 11:42:29"
8800484060,2025-08-02,CUSTOMER,FULL,1997-08-14,27,NULL,-1,1500000,84,7,0,0,24179,"2025-08-06 11:41:45"
25159695314,2025-08-04,CUSTOMER,FULL,2006-01-01,19,1982-01-01,43,250000,24,2,0,0,1585,"2025-08-06 11:41:34"
25159712009,2025-08-05,CUSTOMER,FULL,1990-08-24,34,NULL,-1,331000,42,4,0,0,3852,"2025-08-06 11:41:01"
25159702698,2025-08-05,CUSTOMER,FULL,2002-12-06,22,1959-11-01,65,720000,60,5,0,0,8989,"2025-08-06 11:40:59"
8800545353,2025-08-06,CUSTOMER,FULL,1988-06-05,37,NULL,0,920000,48,4,0,0,13603,"2025-08-06 11:40:52"
8800233710,2025-08-05,CUSTOMER,FULL,1977-01-01,48,1960-01-01,65,255000,23,2,0,0,5035,"2025-08-06 11:40:39"
8800424739,2025-07-16,CUSTOMER,FULL,2002-02-14,23,1974-07-08,51,990000,72,6,0,0,14182,"2025-08-06 11:40:35"
25159663184,2025-08-01,CUSTOMER,FULL,1989-05-05,36,NULL,-1,680000,60,5,0,0,11146,"2025-08-06 11:40:11"
8800521190,2025-08-05,CUSTOMER,FULL,1970-01-01,55,NULL,-1,1035000,60,5,0,0,85528,"2025-08-06 11:40:05"
25159704256,2025-08-05,CUSTOMER,FULL,1983-01-01,42,NULL,-1,330000,47,4,0,0,7465,"2025-08-06 11:39:09"
25159716290,2025-08-06,CUSTOMER,FULL,1998-01-01,27,NULL,0,290000,36,3,0,0,2564,"2025-08-06 11:38:06"
8800520005,2025-07-30,CUSTOMER,FULL,1992-01-01,33,NULL,-1,425000,48,4,0,0,5397,"2025-08-06 11:37:58"
8800255814,2025-08-06,CUSTOMER,FULL,1972-01-01,53,NULL,0,224000,24,2,0,0,9265,"2025-08-06 11:37:29"
25159699454,2025-08-05,CUSTOMER,FULL,1987-07-01,38,NULL,-1,350000,36,3,0,0,4767,"2025-08-06 11:37:17"
8800510679,2025-07-30,CUSTOMER,FULL,1996-12-10,28,1967-01-01,58,180000,30,3,0,0,1636,"2025-08-06 11:37:09"
25159689431,2025-08-04,CUSTOMER,FULL,1989-08-08,35,NULL,-1,950000,48,4,0,0,11491,"2025-08-06 11:36:33"
25159715757,2025-08-06,CUSTOMER,FULL,1986-03-20,39,1992-06-24,33,660000,60,5,0,0,14307,"2025-08-06 11:36:24"
25159128835,2025-07-25,CUSTOMER,FULL,1989-01-05,36,NULL,-1,500000,24,2,0,0,4673,"2025-08-06 11:36:15"
25159685236,2025-08-04,CUSTOMER,FULL,1991-11-12,33,NULL,-1,835000,60,5,0,0,10878,"2025-08-06 11:36:12"
25159715532,2025-08-06,CUSTOMER,FULL,1994-01-01,31,NULL,0,331000,47,4,0,0,3527,"2025-08-06 11:35:41"
25159701171,2025-08-05,CUSTOMER,FULL,2000-05-16,25,NULL,-1,331000,42,4,0,0,3145,"2025-08-06 11:35:32"
25159716534,2025-08-06,CO-APPLICANT,FULL,1965-01-01,60,1992-01-01,33,610000,60,5,0,0,9236,"2025-08-06 11:35:16"
25159715666,2025-08-06,CUSTOMER,FULL,1982-05-11,43,1992-06-10,33,143000,24,2,0,0,2149,"2025-08-06 11:34:35"
8800027914,2025-08-05,CUSTOMER,FULL,1973-05-15,52,NULL,-1,110000,18,2,0,0,4171,"2025-08-06 11:34:12"
25159664331,2025-08-01,CUSTOMER,FULL,1993-01-01,32,NULL,-1,260000,24,2,0,0,1993,"2025-08-06 11:33:11"
25159185911,2025-07-28,CUSTOMER,FULL,1991-08-21,33,1973-12-15,51,700000,60,5,0,0,9120,"2025-08-06 11:32:49"
25159716054,2025-08-06,CUSTOMER,FULL,1993-08-01,32,NULL,0,650000,84,7,0,0,12595,"2025-08-06 11:32:49"
8800490713,2025-08-06,CUSTOMER,FULL,1999-08-15,25,NULL,0,420000,45,4,0,0,4471,"2025-08-06 11:32:09"
8800531057,2025-08-05,CUSTOMER,FULL,1983-04-05,42,NULL,-1,120000,12,1,0,0,1495,"2025-08-06 11:31:55"
25159709873,2025-08-05,CUSTOMER,FULL,1995-04-06,30,1995-04-04,30,272000,48,4,0,0,2838,"2025-08-06 11:31:49"
25159386829,2025-07-30,CUSTOMER,FULL,1980-03-18,45,NULL,-1,1000000,60,5,0,0,30928,"2025-08-06 11:31:42"
25159148016,2025-07-26,CUSTOMER,FULL,2003-04-08,22,1972-01-01,53,420000,24,2,0,0,2925,"2025-08-06 11:30:59"
25159702919,2025-08-05,CUSTOMER,FULL,1994-05-01,31,NULL,-1,200000,24,2,0,0,1500,"2025-08-06 11:30:57"
8800273359,2025-08-06,CUSTOMER,FULL,1988-01-01,37,NULL,0,250000,30,3,0,0,3195,"2025-08-06 11:30:56"
25159401797,2025-07-30,CUSTOMER,FULL,1987-07-08,38,NULL,-1,350000,48,4,0,0,5708,"2025-08-06 11:30:44"
25159686466,2025-08-04,CUSTOMER,FULL,2005-01-01,20,1966-01-01,59,330000,36,3,0,0,2574,"2025-08-06 11:30:44"
25159692015,2025-08-04,CUSTOMER,FULL,1993-05-12,32,NULL,-1,500000,48,4,0,0,5464,"2025-08-06 11:30:22"
25159715254,2025-08-06,CUSTOMER,FULL,1989-02-10,36,NULL,0,620000,35,3,0,0,7463,"2025-08-06 11:29:46"
25159659561,2025-08-01,CUSTOMER,FULL,2003-06-03,22,1994-09-12,30,660000,60,5,0,0,6994,"2025-08-06 11:29:43"
8800563729,2025-08-06,CUSTOMER,FULL,1982-01-01,43,NULL,0,420000,42,4,0,0,9174,"2025-08-06 11:29:42"
25159004078,2025-07-17,CUSTOMER,FULL,1992-11-29,32,NULL,-1,450000,48,4,0,0,5475,"2025-08-06 11:29:19"
25158757083,2025-07-07,CUSTOMER,FULL,1984-01-01,41,NULL,-1,660000,60,5,0,0,16628,"2025-08-06 11:28:47"
8800512862,2025-08-06,CUSTOMER,FULL,1982-01-01,43,NULL,0,1370000,48,4,0,0,33222,"2025-08-06 11:28:37"
25159715808,2025-08-06,CUSTOMER,FULL,1988-01-21,37,1991-02-22,34,290000,36,3,0,0,3611,"2025-08-06 11:28:28"
25159701255,2025-08-05,CUSTOMER,FULL,1993-04-08,32,1994-02-15,31,1039000,72,6,0,0,16662,"2025-08-06 11:28:07"
8800162692,2025-08-06,CUSTOMER,FULL,1993-01-08,32,NULL,0,480000,36,3,0,0,4815,"2025-08-06 11:28:07"
25159073120,2025-07-22,CUSTOMER,FULL,1998-01-01,27,NULL,-1,820000,60,5,0,0,9406,"2025-08-06 11:27:59"
25159681271,2025-08-03,CUSTOMER,FULL,1995-01-01,30,NULL,-1,348000,48,4,0,0,3631,"2025-08-06 11:27:53"
25159715369,2025-08-06,CUSTOMER,FULL,1997-01-01,28,NULL,0,450000,36,3,0,0,4025,"2025-08-06 11:27:49"
25159715783,2025-08-06,CUSTOMER,FULL,1986-01-01,39,1989-01-01,36,200000,36,3,0,0,2887,"2025-08-06 11:27:43"
8800514455,2025-08-05,CUSTOMER,FULL,1992-08-05,33,1990-04-18,35,550000,56,5,0,0,8016,"2025-08-06 11:27:27"
25159710093,2025-08-05,CUSTOMER,FULL,1979-01-01,46,NULL,-1,310000,42,4,0,0,9892,"2025-08-06 11:27:10"
25159715154,2025-08-06,CUSTOMER,FULL,1990-05-03,35,NULL,0,490000,36,3,0,0,5580,"2025-08-06 11:27:07"
8800548890,2025-08-06,CUSTOMER,FULL,2000-01-01,25,2002-01-01,23,331800,42,4,0,0,3152,"2025-08-06 11:26:53"
8800538480,2025-08-04,CUSTOMER,FULL,1999-12-10,25,1952-04-13,73,250000,18,2,0,0,1820,"2025-08-06 11:26:50"
8800518432,2025-08-01,CUSTOMER,FULL,1989-04-01,36,NULL,-1,949000,60,5,0,0,15555,"2025-08-06 11:26:36"
25159716066,2025-08-06,CUSTOMER,FULL,1994-06-12,31,NULL,0,2700000,72,6,0,0,43776,"2025-08-06 11:26:28"
25159705053,2025-08-05,CUSTOMER,FULL,1986-10-31,38,NULL,-1,540000,60,5,0,0,10922,"2025-08-06 11:26:24"
25159716203,2025-08-06,CUSTOMER,FULL,1999-09-03,25,NULL,0,290000,36,3,0,0,2379,"2025-08-06 11:26:21"
25159715982,2025-08-06,CO-APPLICANT,FULL,1974-01-01,51,2002-01-01,23,332500,36,3,0,0,2927,"2025-08-06 11:26:19"
8800542908,2025-08-04,CUSTOMER,FULL,1971-04-02,54,NULL,-1,177800,30,3,0,0,9362,"2025-08-06 11:26:01"
25159689678,2025-08-04,CO-APPLICANT,FULL,2000-01-01,25,1984-03-12,41,1025000,60,5,0,0,22763,"2025-08-06 11:25:21"
8800372341,2025-08-01,CUSTOMER,FULL,1977-02-10,48,1989-11-20,35,400000,36,3,0,0,12532,"2025-08-06 11:25:18"
25159716144,2025-08-06,CUSTOMER,FULL,1975-02-01,50,1976-06-25,49,900000,60,5,0,0,49808,"2025-08-06 11:24:54"
25157608037,2025-06-20,CUSTOMER,FULL,1993-03-15,32,NULL,-1,265000,30,3,0,0,2630,"2025-08-06 11:24:24"
25159508888,2025-07-31,CUSTOMER,FULL,1980-01-02,45,1989-01-03,36,530000,54,5,0,0,16392,"2025-08-06 11:24:22"
25159713545,2025-08-05,CUSTOMER,FULL,1997-12-27,27,NULL,-1,200000,24,2,0,0,1433,"2025-08-06 11:24:02"
25159664301,2025-08-01,CUSTOMER,FULL,1985-04-21,40,1987-06-24,38,550000,48,4,0,0,10651,"2025-08-06 11:23:46"
25159686230,2025-08-04,CUSTOMER,FULL,1988-01-01,37,NULL,-1,553500,60,5,0,0,9556,"2025-08-06 11:23:34"
8800443088,2025-07-29,CUSTOMER,FULL,1989-03-05,36,1993-07-22,32,670000,48,4,0,0,9954,"2025-08-06 11:23:08"
8800390794,2025-08-06,CUSTOMER,FULL,1975-01-01,50,NULL,0,220000,24,2,0,0,5225,"2025-08-06 11:22:36"
25159694964,2025-08-04,CUSTOMER,FULL,1988-01-06,37,1995-05-05,30,680000,71,6,0,0,15126,"2025-08-06 11:22:04"
25159711099,2025-08-05,CUSTOMER,FULL,1993-07-14,32,NULL,-1,320000,36,3,0,0,2987,"2025-08-06 11:21:50"
25159691295,2025-08-04,CUSTOMER,FULL,1980-01-01,45,NULL,-1,210000,24,2,0,0,3819,"2025-08-06 11:21:21"
8800434539,2025-08-06,CUSTOMER,FULL,1992-01-01,33,1984-10-16,40,600000,36,3,0,0,6238,"2025-08-06 11:21:12"
25159540863,2025-07-31,CUSTOMER,FULL,1990-08-09,34,1991-05-05,34,350000,48,4,0,0,4659,"2025-08-06 11:20:42"
8800455581,2025-08-04,CUSTOMER,FULL,1988-08-15,36,NULL,-1,360000,48,4,0,0,5179,"2025-08-06 11:20:26"
8800109215,2025-08-06,CUSTOMER,FULL,1982-05-20,43,1991-06-15,34,200000,35,3,0,0,3970,"2025-08-06 11:20:20"
8800565626,2025-08-05,CUSTOMER,FULL,1988-01-10,37,NULL,-1,900000,72,6,0,0,19616,"2025-08-06 11:20:18"
8800107533,2025-06-05,CUSTOMER,FULL,1978-06-10,46,1972-08-07,52,870000,48,4,0,0,28489,"2025-08-06 11:20:05"
25159714081,2025-08-05,CUSTOMER,FULL,1989-09-06,35,NULL,-1,520000,24,2,0,0,4444,"2025-08-06 11:19:08"
25159715952,2025-08-06,CUSTOMER,FULL,1983-03-13,42,NULL,0,350000,36,3,0,0,6369,"2025-08-06 11:17:25"
25159715453,2025-08-06,CUSTOMER,FULL,1998-07-15,27,1960-01-01,65,1780000,48,4,0,0,19114,"2025-08-06 11:17:23"
25158822701,2025-07-10,CUSTOMER,FULL,1974-01-01,51,2003-01-01,22,1400000,48,4,0,0,74324,"2025-08-06 11:17:18"
25159692977,2025-08-04,CUSTOMER,FULL,2001-01-01,24,NULL,-1,900000,60,5,0,0,9686,"2025-08-06 11:17:14"
25159714973,2025-08-06,CUSTOMER,FULL,1991-01-01,34,1997-12-31,27,260000,36,3,0,0,2578,"2025-08-06 11:17:04"
25159711244,2025-08-05,CUSTOMER,FULL,1975-07-22,50,NULL,-1,450000,60,5,0,0,25876,"2025-08-06 11:16:45"
25159681749,2025-08-03,CUSTOMER,FULL,1998-04-16,27,1964-04-16,61,1900000,84,7,0,0,30626,"2025-08-06 11:16:44"
25159716162,2025-08-06,CUSTOMER,FULL,1976-01-01,49,NULL,0,200000,24,2,0,0,4326,"2025-08-06 11:16:39"
25159685547,2025-08-04,CUSTOMER,FULL,1997-04-10,28,NULL,-1,1093000,60,5,0,0,12692,"2025-08-06 11:15:43"
25159670469,2025-08-02,CUSTOMER,FULL,1991-07-03,34,NULL,-1,203000,42,4,0,0,2362,"2025-08-06 11:15:18"
8800566577,2025-08-04,CUSTOMER,FULL,2006-08-07,18,1983-03-12,42,304000,36,3,0,0,2253,"2025-08-06 11:14:46"
25159078055,2025-07-22,CUSTOMER,"PARTIAL TENURE",1979-09-15,45,1987-01-01,38,1020000,60,5,0,2,18091,"2025-08-06 11:14:43"
25159703199,2025-08-05,CUSTOMER,FULL,1993-04-22,32,1994-02-18,31,500000,60,5,0,0,6998,"2025-08-06 11:14:19"
8800147991,2025-08-06,CUSTOMER,FULL,1992-02-12,33,NULL,0,130000,24,2,0,0,1048,"2025-08-06 11:13:26"
8800471416,2025-08-06,CUSTOMER,FULL,1996-04-13,29,NULL,0,425000,48,4,0,0,4710,"2025-08-06 11:13:13"
25159705211,2025-08-05,CUSTOMER,FULL,1986-01-15,39,NULL,-1,250000,36,3,0,0,3608,"2025-08-06 11:13:06"
25159704640,2025-08-05,CUSTOMER,FULL,1998-01-01,27,1994-01-01,31,200000,36,3,0,0,1735,"2025-08-06 11:12:56"
25159693976,2025-08-04,CUSTOMER,FULL,1990-02-19,35,NULL,-1,655000,60,5,0,0,9213,"2025-08-06 11:12:54"
8800464861,2025-08-04,CUSTOMER,FULL,1992-01-20,33,NULL,-1,195000,30,3,0,0,2016,"2025-08-06 11:12:33"
8800482531,2025-08-06,CUSTOMER,FULL,1960-05-02,65,NULL,0,350000,60,5,0,0,0,"2025-08-06 11:12:16"
25159190712,2025-07-28,CUSTOMER,FULL,1987-10-21,37,NULL,-1,145000,24,2,0,0,1369,"2025-08-06 11:11:46"
8800542851,2025-08-06,CUSTOMER,FULL,1993-11-20,31,1999-10-25,25,773500,72,6,0,0,12049,"2025-08-06 11:11:14"
8800232914,2025-08-06,CUSTOMER,FULL,1992-08-03,33,NULL,0,640000,60,5,0,0,9327,"2025-08-06 11:10:37"
25159707555,2025-08-05,CUSTOMER,FULL,2002-11-10,22,1998-10-11,26,291000,36,3,0,0,2329,"2025-08-06 11:10:26"
25159659236,2025-08-01,CUSTOMER,FULL,2005-01-09,20,1970-01-01,55,322000,36,3,0,0,2512,"2025-08-06 11:09:52"
8800442512,2025-08-06,CUSTOMER,FULL,1975-06-22,50,NULL,0,315000,48,4,0,0,15222,"2025-08-06 11:09:17"
8800299860,2025-08-06,CUSTOMER,FULL,1997-05-06,28,2003-01-01,22,450000,47,4,0,0,4859,"2025-08-06 11:09:13"
25159695406,2025-08-04,CUSTOMER,FULL,2005-02-02,20,1987-09-10,37,1160000,60,5,0,0,11936,"2025-08-06 11:09:09"
25159703084,2025-08-05,CUSTOMER,FULL,1977-08-17,47,1977-01-01,48,973000,48,4,0,0,34077,"2025-08-06 11:09:09"
8800523153,2025-08-06,CUSTOMER,FULL,1996-10-15,28,NULL,0,520000,60,5,0,0,6683,"2025-08-06 11:08:53"
25159700711,2025-08-05,CUSTOMER,FULL,1994-01-01,31,NULL,-1,325000,36,3,0,0,2969,"2025-08-06 11:08:38"
25159684784,2025-08-04,CUSTOMER,"PARTIAL TENURE",1978-01-01,47,NULL,-1,350000,42,4,0,2,8174,"2025-08-06 11:08:25"
8800117343,2025-08-04,CUSTOMER,FULL,1983-09-05,41,NULL,-1,300000,24,2,0,0,3553,"2025-08-06 11:07:58"
25158922766,2025-07-12,CUSTOMER,FULL,1995-01-01,30,1993-01-01,32,315000,36,3,0,0,2825,"2025-08-06 11:07:55"
8800357467,2025-07-23,CUSTOMER,FULL,1990-02-04,35,NULL,-1,165000,18,2,0,0,1461,"2025-08-06 11:07:41"
25159712668,2025-08-05,CUSTOMER,FULL,1995-07-10,30,NULL,-1,310000,36,3,0,0,2887,"2025-08-06 11:07:31"
25159711191,2025-08-05,CUSTOMER,FULL,1996-09-22,28,1993-04-02,32,900000,60,5,0,0,10451,"2025-08-06 11:07:19"
25159302392,2025-07-29,CUSTOMER,FULL,1993-01-01,32,NULL,-1,595000,60,5,0,0,7499,"2025-08-06 11:07:02"
25159715712,2025-08-06,CUSTOMER,FULL,1991-12-31,33,NULL,0,917000,72,6,0,0,15225,"2025-08-06 11:06:59"
25159716100,2025-08-06,CUSTOMER,FULL,2001-01-01,24,NULL,0,870000,60,5,0,0,9363,"2025-08-06 11:06:42"
8800260801,2025-08-06,CUSTOMER,FULL,1993-01-01,32,NULL,0,600000,54,5,0,0,7562,"2025-08-06 11:06:06"
8800408269,2025-08-05,CUSTOMER,FULL,1984-06-08,41,NULL,-1,256000,36,3,0,0,4308,"2025-08-06 11:06:04"
25159334390,2025-07-29,CUSTOMER,FULL,1995-01-01,30,NULL,-1,380000,48,4,0,0,4319,"2025-08-06 11:06:03"
25159692458,2025-08-04,CUSTOMER,FULL,1999-01-01,26,1997-06-10,28,320000,36,3,0,0,2817,"2025-08-06 11:05:48"
25159119729,2025-07-24,CUSTOMER,FULL,2003-10-18,21,1968-06-12,57,1026000,60,5,0,0,10727,"2025-08-06 11:05:30"
25159701299,2025-08-05,CUSTOMER,FULL,1983-11-23,41,NULL,-1,118000,24,2,0,0,1398,"2025-08-06 11:05:13"
25159715744,2025-08-06,CUSTOMER,FULL,2001-01-01,24,1990-08-03,35,1190000,60,5,0,0,12807,"2025-08-06 11:04:26"
8800214288,2025-07-14,CUSTOMER,FULL,1975-03-01,50,1975-02-05,50,1600000,84,7,0,0,120323,"2025-08-06 11:04:10"
25159699272,2025-08-05,CUSTOMER,FULL,2002-01-01,23,NULL,-1,270000,35,3,0,0,2183,"2025-08-06 11:04:09"
25159689381,2025-08-04,CUSTOMER,FULL,2004-04-06,21,1969-01-01,56,470000,48,4,0,0,5003,"2025-08-06 11:03:57"
25159715485,2025-08-06,CUSTOMER,FULL,1992-05-06,33,NULL,0,300000,36,3,0,0,3119,"2025-08-06 11:03:57"
25159714535,2025-08-05,CUSTOMER,FULL,1987-12-12,37,NULL,-1,305000,36,3,0,0,3859,"2025-08-06 11:02:59"
25159689940,2025-08-04,CUSTOMER,FULL,2001-01-24,24,NULL,-1,300000,36,3,0,0,2641,"2025-08-06 11:02:20"
25159705750,2025-08-05,CUSTOMER,FULL,1999-01-02,26,NULL,-1,1104190,60,5,0,0,12548,"2025-08-06 11:02:14"
25159716090,2025-08-06,CUSTOMER,FULL,1989-09-21,35,NULL,0,480000,60,5,0,0,8055,"2025-08-06 11:01:54"
8800529855,2025-08-05,CUSTOMER,FULL,1999-10-18,25,NULL,-1,615000,45,4,0,0,5842,"2025-08-06 11:01:53"
25159526567,2025-07-31,CUSTOMER,FULL,1974-04-05,51,NULL,-1,860000,72,6,0,0,61173,"2025-08-06 11:00:32"
8800235638,2025-08-06,CUSTOMER,FULL,1995-01-01,30,1960-01-01,65,450000,36,3,0,0,4259,"2025-08-06 11:00:30"
8800049688,2025-08-04,CUSTOMER,FULL,2000-08-04,25,1978-11-15,46,800000,60,5,0,0,8666,"2025-08-06 11:00:16"
25158864188,2025-07-11,CUSTOMER,FULL,1989-12-03,35,NULL,-1,1139000,59,5,0,0,16021,"2025-08-06 11:00:13"
25159712126,2025-08-05,CUSTOMER,FULL,1998-03-10,27,NULL,-1,220000,48,4,0,0,2345,"2025-08-06 10:59:07"
8800190139,2025-08-06,CUSTOMER,FULL,1974-09-20,50,NULL,0,190000,15,2,0,0,4513,"2025-08-06 10:58:01"
8800279164,2025-08-06,CUSTOMER,FULL,1985-12-12,39,1982-07-03,43,150000,36,3,0,0,2165,"2025-08-06 10:57:41"
25159300002,2025-07-29,CUSTOMER,FULL,1988-07-10,37,NULL,-1,1037000,60,5,0,0,17903,"2025-08-06 10:57:35"
8800416515,2025-07-29,CUSTOMER,FULL,1990-10-15,34,1965-01-01,60,990000,48,4,0,0,11519,"2025-08-06 10:57:35"
8800480872,2025-07-25,CUSTOMER,FULL,2001-12-21,23,NULL,-1,335000,36,3,0,0,2708,"2025-08-06 10:57:31"
25159714871,2025-08-06,CUSTOMER,FULL,1995-01-01,30,1975-01-01,50,810000,72,6,0,0,12311,"2025-08-06 10:57:29"
8800356611,2025-08-06,CUSTOMER,FULL,1989-06-05,36,NULL,0,400000,36,3,0,0,4758,"2025-08-06 10:57:26"
8800510887,2025-08-04,CUSTOMER,FULL,1985-12-02,39,1990-01-31,35,1100000,48,4,0,0,19224,"2025-08-06 10:56:28"
8800117641,2025-08-05,CUSTOMER,FULL,1979-06-14,46,NULL,-1,350000,36,3,0,0,9157,"2025-08-06 10:56:17"
25159705874,2025-08-05,CUSTOMER,FULL,1994-02-09,31,NULL,-1,307000,48,4,0,0,3272,"2025-08-06 10:56:16"
25159513514,2025-07-31,CUSTOMER,FULL,1975-12-26,49,2004-11-02,20,200000,36,3,0,0,7128,"2025-08-06 10:56:03"
25159713300,2025-08-05,CO-APPLICANT,FULL,2000-01-01,25,1997-09-20,27,660000,48,4,0,0,7088,"2025-08-06 10:56:01"
25159705980,2025-08-05,CUSTOMER,FULL,1986-10-05,38,1993-03-17,32,940000,71,6,0,0,21685,"2025-08-06 10:55:50"
8800314046,2025-08-06,CUSTOMER,FULL,1989-01-01,36,NULL,0,330000,36,3,0,0,3926,"2025-08-06 10:54:47"
8800225876,2025-08-06,CUSTOMER,FULL,1995-01-07,30,NULL,0,419000,36,3,0,0,3901,"2025-08-06 10:54:22"
8800513710,2025-08-06,CUSTOMER,FULL,1977-01-01,48,NULL,0,440000,48,4,0,0,17425,"2025-08-06 10:54:12"
25159692242,2025-08-04,CUSTOMER,FULL,1988-01-13,37,NULL,-1,1000000,60,5,0,0,17264,"2025-08-06 10:53:54"
25159689798,2025-08-04,CUSTOMER,FULL,1982-01-01,43,NULL,-1,270000,33,3,0,0,5337,"2025-08-06 10:53:52"
25159715716,2025-08-06,CUSTOMER,FULL,1979-01-01,46,NULL,0,300000,36,3,0,0,7849,"2025-08-06 10:53:44"
25159715807,2025-08-06,CUSTOMER,FULL,1999-01-23,26,NULL,0,250000,30,3,0,0,2201,"2025-08-06 10:52:27"
8800280204,2025-08-06,CUSTOMER,"PARTIAL TENURE",1980-03-17,45,1985-01-01,40,330000,36,3,0,2,5853,"2025-08-06 10:52:06"
25159715135,2025-08-06,CUSTOMER,FULL,1980-10-15,44,NULL,0,900000,60,5,0,0,28717,"2025-08-06 10:50:20"
25159715320,2025-08-06,CUSTOMER,FULL,1990-01-01,35,NULL,0,350000,48,4,0,0,4911,"2025-08-06 10:49:50"
8800468062,2025-08-06,CUSTOMER,FULL,1991-05-08,34,NULL,0,550000,36,3,0,0,5452,"2025-08-06 10:49:40"
25159715735,2025-08-06,CUSTOMER,FULL,1988-05-29,37,NULL,0,170000,30,3,0,0,2151,"2025-08-06 10:49:21"
25157433476,2025-06-10,CUSTOMER,FULL,1993-03-11,32,NULL,-1,800000,48,4,0,0,9733,"2025-08-06 10:49:15"
25159715660,2025-08-06,CUSTOMER,FULL,1991-01-01,34,NULL,0,315000,36,3,0,0,3123,"2025-08-06 10:48:49"
8800203381,2025-08-05,CUSTOMER,FULL,1976-03-02,49,1974-05-20,51,500000,24,2,0,0,10815,"2025-08-06 10:47:35"
25158745643,2025-07-05,CUSTOMER,FULL,1982-11-19,42,NULL,-1,400000,36,3,0,0,7279,"2025-08-06 10:47:32"
8800458684,2025-08-05,CUSTOMER,FULL,1990-12-18,34,NULL,-1,320000,48,4,0,0,3724,"2025-08-06 10:47:32"
25159715819,2025-08-06,CUSTOMER,FULL,1996-09-18,28,NULL,0,275000,42,4,0,0,2788,"2025-08-06 10:47:23"
25159714965,2025-08-06,CUSTOMER,FULL,1998-01-05,27,1989-05-31,36,1879000,84,7,0,0,30288,"2025-08-06 10:46:53"
25159689232,2025-08-04,CUSTOMER,FULL,1987-01-01,38,NULL,-1,890000,36,3,0,0,11647,"2025-08-06 10:46:39"
25159715925,2025-08-06,CUSTOMER,FULL,1988-01-01,37,NULL,0,480000,36,3,0,0,6135,"2025-08-06 10:46:38"
25159715554,2025-08-06,CUSTOMER,FULL,1989-01-01,36,NULL,0,370000,36,3,0,0,4454,"2025-08-06 10:46:33"
8800087639,2025-08-06,CUSTOMER,FULL,1978-12-16,46,NULL,0,250000,18,2,0,0,4145,"2025-08-06 10:45:31"
25159681223,2025-08-03,CUSTOMER,FULL,1988-08-17,36,1987-06-13,38,1583000,60,5,0,0,25946,"2025-08-06 10:45:11"
25158952146,2025-07-15,CUSTOMER,FULL,1981-01-01,44,NULL,-1,220000,24,2,0,0,3648,"2025-08-06 10:44:46"
25159706498,2025-08-05,CUSTOMER,FULL,1993-10-15,31,NULL,-1,1000000,48,4,0,0,10656,"2025-08-06 10:44:40"
8800557501,2025-08-06,CUSTOMER,FULL,1997-05-03,28,NULL,0,380000,24,2,0,0,2799,"2025-08-06 10:44:38"
25159714073,2025-08-05,CUSTOMER,FULL,1985-08-06,39,NULL,-1,165000,24,2,0,0,1860,"2025-08-06 10:44:10"
8800550328,2025-08-02,CUSTOMER,FULL,1998-07-21,27,1976-10-19,48,233000,36,3,0,0,2098,"2025-08-06 10:43:38"
25159617799,2025-08-01,CUSTOMER,FULL,1997-02-20,28,NULL,-1,440000,35,3,0,0,3936,"2025-08-06 10:43:35"
25159706342,2025-08-05,CUSTOMER,FULL,1994-01-01,31,NULL,-1,830000,60,5,0,0,10167,"2025-08-06 10:43:30"
25159712903,2025-08-05,CUSTOMER,FULL,1985-01-01,40,NULL,-1,300000,36,3,0,0,4652,"2025-08-06 10:43:29"
25158955343,2025-07-15,CUSTOMER,FULL,1996-03-14,29,NULL,-1,780000,48,4,0,0,8643,"2025-08-06 10:42:19"
25159672845,2025-08-02,CUSTOMER,FULL,1990-04-08,35,NULL,-1,1450000,60,5,0,0,24331,"2025-08-06 10:42:15"
8800430494,2025-08-06,CO-APPLICANT,FULL,1968-01-01,57,1996-01-01,29,410000,48,4,0,0,4543,"2025-08-06 10:42:13"
25159715687,2025-08-06,CUSTOMER,"PARTIAL FINANCE AMOUNT",1971-01-01,54,NULL,0,150000,12,1,112500,0,2873,"2025-08-06 10:42:08"
25159712329,2025-08-05,CUSTOMER,FULL,2000-09-18,24,NULL,-1,324000,36,3,0,0,2646,"2025-08-06 10:41:42"
25159031002,2025-07-18,CUSTOMER,FULL,1982-05-07,43,1987-01-01,38,600000,48,4,0,0,14550,"2025-08-06 10:41:25"
8800258017,2025-08-06,CUSTOMER,FULL,1992-01-01,33,NULL,0,508000,36,3,0,0,5282,"2025-08-06 10:41:09"
8800488649,2025-08-05,CUSTOMER,FULL,2002-01-08,23,NULL,-1,518085,60,5,0,0,6468,"2025-08-06 10:40:52"
8800526398,2025-08-06,CUSTOMER,FULL,1992-02-19,33,NULL,0,945000,60,5,0,0,12311,"2025-08-06 10:40:26"
8800434128,2025-07-22,CUSTOMER,FULL,1987-04-05,38,NULL,-1,700000,36,3,0,0,9450,"2025-08-06 10:40:18"
25159322104,2025-07-29,CUSTOMER,FULL,1974-05-24,51,NULL,-1,1630000,60,5,0,0,98382,"2025-08-06 10:39:51"
25159152993,2025-07-26,CUSTOMER,FULL,1999-02-06,26,1975-01-01,50,1140000,60,5,0,0,12955,"2025-08-06 10:39:17"
8800236397,2025-08-05,CUSTOMER,FULL,1983-10-08,41,NULL,-1,300000,36,3,0,0,5024,"2025-08-06 10:39:08"
25159162578,2025-07-27,CUSTOMER,FULL,2001-01-01,24,NULL,-1,517000,36,3,0,0,4222,"2025-08-06 10:38:58"
25159521740,2025-07-31,CUSTOMER,FULL,1983-10-06,41,1991-02-15,34,530000,48,4,0,0,11070,"2025-08-06 10:38:55"
8800182065,2025-08-05,CUSTOMER,FULL,1978-10-13,46,NULL,-1,240000,35,3,0,0,6353,"2025-08-06 10:38:41"
25158954309,2025-07-15,CUSTOMER,FULL,1998-11-10,26,1976-02-01,49,805000,48,4,0,0,8037,"2025-08-06 10:38:06"
25159700145,2025-08-05,CUSTOMER,FULL,1992-01-01,33,NULL,-1,530000,59,5,0,0,7724,"2025-08-06 10:36:22"
25159647816,2025-08-01,CUSTOMER,FULL,1980-01-01,45,NULL,-1,200000,48,4,0,0,5872,"2025-08-06 10:35:25"
8800376193,2025-08-06,CUSTOMER,FULL,1986-01-01,39,NULL,0,207000,24,2,0,0,2333,"2025-08-06 10:35:20"
25159111010,2025-07-24,CUSTOMER,FULL,1997-10-27,27,NULL,-1,560000,60,5,0,0,7091,"2025-08-06 10:35:12"
25159666080,2025-08-04,CUSTOMER,FULL,1994-05-02,31,NULL,-1,110000,24,2,0,0,825,"2025-08-06 10:34:59"
25155320964,2025-08-05,CUSTOMER,FULL,1982-01-01,43,NULL,-1,520000,48,4,0,0,12806,"2025-08-06 10:34:47"
8800497642,2025-08-06,CUSTOMER,FULL,1996-10-08,28,NULL,0,330000,36,3,0,0,2878,"2025-08-06 10:34:24"
25159715012,2025-08-06,CUSTOMER,FULL,2003-04-23,22,1977-01-01,48,400000,28,3,0,0,3522,"2025-08-06 10:34:08"
25159071302,2025-07-22,CUSTOMER,FULL,1988-11-04,36,2004-02-12,21,896000,60,5,0,0,15944,"2025-08-06 10:33:36"
8800546717,2025-08-01,CUSTOMER,FULL,1997-04-04,28,NULL,-1,326910,60,5,0,0,3796,"2025-08-06 10:32:50"
25159692350,2025-08-05,CUSTOMER,FULL,1984-07-20,41,NULL,-1,425000,36,3,0,0,7152,"2025-08-06 10:32:27"
25159664477,2025-08-01,CUSTOMER,FULL,1970-01-01,55,NULL,-1,140000,12,1,0,0,3354,"2025-08-06 10:32:05"
8800349001,2025-06-21,CUSTOMER,FULL,1994-01-01,31,1981-01-01,44,943000,60,5,0,0,11551,"2025-08-06 10:31:41"
8800566276,2025-08-06,CUSTOMER,FULL,1986-01-04,39,NULL,0,300000,55,5,0,0,6220,"2025-08-06 10:31:07"
25158032986,2025-07-02,CUSTOMER,FULL,1998-07-27,26,NULL,-1,960000,60,5,0,0,10909,"2025-08-06 10:30:51"
25159688094,2025-08-04,CUSTOMER,FULL,1988-03-03,37,NULL,-1,334000,42,4,0,0,4939,"2025-08-06 10:30:21"
25159676696,2025-08-02,CUSTOMER,"PARTIAL TENURE",1978-08-13,46,NULL,-1,350000,36,3,0,2,7447,"2025-08-06 10:29:56"
8800436611,2025-08-04,CUSTOMER,FULL,1989-03-24,36,1977-07-01,48,875000,60,5,0,0,14838,"2025-08-06 10:29:44"
25159186558,2025-07-28,CUSTOMER,FULL,1990-01-01,35,1986-12-11,38,1147000,72,6,0,0,22549,"2025-08-06 10:29:42"
25159715570,2025-08-06,CUSTOMER,FULL,2002-01-01,23,NULL,0,410000,48,4,0,0,4364,"2025-08-06 10:29:21"
25159711763,2025-08-05,CUSTOMER,FULL,1970-03-14,55,NULL,-1,150000,18,2,0,0,7302,"2025-08-06 10:29:16"
8800311637,2025-08-03,CUSTOMER,FULL,1994-01-01,31,NULL,-1,600000,42,4,0,0,6946,"2025-08-06 10:28:35"
25159715423,2025-08-06,CUSTOMER,FULL,1998-07-12,27,NULL,0,400000,36,3,0,0,3536,"2025-08-06 10:28:33"
8800510961,2025-08-05,CUSTOMER,FULL,1984-06-01,41,NULL,-1,295000,36,3,0,0,4609,"2025-08-06 10:28:25"
25159715100,2025-08-06,CUSTOMER,FULL,1989-01-01,36,NULL,0,270000,36,3,0,0,3212,"2025-08-06 10:28:11"
25159715477,2025-08-06,CUSTOMER,FULL,1979-01-16,46,NULL,0,515000,30,3,0,0,13473,"2025-08-06 10:27:53"
25158071532,2025-07-02,CUSTOMER,FULL,2001-09-06,23,1999-06-09,26,600000,48,4,0,0,6387,"2025-08-06 10:27:44"
25159200730,2025-07-28,CUSTOMER,FULL,2002-01-01,23,1976-06-01,49,663000,60,5,0,0,7073,"2025-08-06 10:27:40"
25159696071,2025-08-04,CUSTOMER,FULL,1987-01-01,38,NULL,-1,330000,42,4,0,0,5144,"2025-08-06 10:27:32"
25159715318,2025-08-06,CUSTOMER,FULL,2000-06-16,25,NULL,0,920000,36,3,0,0,8121,"2025-08-06 10:25:54"
25159712719,2025-08-05,CUSTOMER,FULL,1978-01-01,47,NULL,-1,262000,48,4,0,0,9176,"2025-08-06 10:25:20"
25159715129,2025-08-06,CUSTOMER,FULL,2003-06-11,22,1976-01-01,49,947000,60,5,0,0,10035,"2025-08-06 10:25:15"
25159399686,2025-07-30,CUSTOMER,FULL,1978-01-01,47,NULL,-1,200000,24,2,0,0,4671,"2025-08-06 10:25:01"
25159127791,2025-07-25,CUSTOMER,FULL,2000-05-25,25,NULL,-1,948000,48,4,0,0,10091,"2025-08-06 10:24:55"
25159678283,2025-08-02,CUSTOMER,FULL,1991-10-03,33,NULL,-1,1500000,84,7,0,0,27984,"2025-08-06 10:23:46"
8800257255,2025-08-06,CUSTOMER,FULL,1990-10-04,34,NULL,0,750000,54,5,0,0,11930,"2025-08-06 10:23:22"
8800407051,2025-08-01,CUSTOMER,FULL,1994-01-15,31,1967-10-05,57,190000,18,2,0,0,1425,"2025-08-06 10:23:19"
25158793217,2025-07-08,CUSTOMER,FULL,1992-01-01,33,NULL,-1,555000,48,4,0,0,6248,"2025-08-06 10:22:48"
25159136109,2025-07-25,CUSTOMER,FULL,1995-01-01,30,NULL,-1,270000,42,4,0,0,2817,"2025-08-06 10:22:46"
25159700084,2025-08-05,CUSTOMER,FULL,1999-03-15,26,NULL,-1,330000,36,3,0,0,2835,"2025-08-06 10:22:35"
25159715021,2025-08-06,CUSTOMER,FULL,2006-06-20,19,1989-01-01,36,330000,36,3,0,0,2512,"2025-08-06 10:22:32"
8800505536,2025-07-30,CUSTOMER,FULL,1980-01-10,45,NULL,-1,155000,36,3,0,0,3295,"2025-08-06 10:22:31"
25159013935,2025-07-18,CUSTOMER,FULL,1998-03-10,27,NULL,-1,250000,48,4,0,0,2664,"2025-08-06 10:22:00"
25159710273,2025-08-05,CUSTOMER,FULL,1971-10-12,53,NULL,-1,350000,60,5,0,0,25784,"2025-08-06 10:21:46"
25159710312,2025-08-05,CUSTOMER,FULL,1975-01-01,50,NULL,-1,500000,36,3,0,0,18875,"2025-08-06 10:21:43"
8800458774,2025-08-05,CUSTOMER,FULL,1987-01-03,38,NULL,-1,369000,60,5,0,0,6736,"2025-08-06 10:21:41"
8800537744,2025-08-06,CUSTOMER,FULL,1987-09-18,37,NULL,0,350000,36,3,0,0,4473,"2025-08-06 10:21:12"
25159089331,2025-07-23,CUSTOMER,FULL,1996-08-10,28,NULL,-1,230000,33,3,0,0,2058,"2025-08-06 10:21:10"
8800195999,2025-08-06,CUSTOMER,FULL,1995-07-15,30,NULL,0,200000,36,3,0,0,1893,"2025-08-06 10:21:04"
8800319511,2025-08-05,CUSTOMER,FULL,1996-01-01,29,1971-07-05,54,340000,36,3,0,0,3094,"2025-08-06 10:06:26"
25158854638,2025-07-10,CUSTOMER,FULL,1994-04-21,31,NULL,-1,200000,36,3,0,0,1917,"2025-08-06 09:26:29"
25159510456,2025-07-31,CUSTOMER,FULL,1983-03-02,42,1995-01-01,30,330000,42,4,0,0,6671,"2025-08-06 09:20:12"
25159715001,2025-08-06,CUSTOMER,FULL,1992-01-01,33,NULL,0,250000,36,3,0,0,2396,"2025-08-06 09:17:39"
25159684661,2025-08-04,CUSTOMER,FULL,1998-04-28,27,NULL,-1,400000,36,3,0,0,3602,"2025-08-06 09:16:44"
25159709183,2025-08-05,CUSTOMER,FULL,2000-11-07,24,1970-01-01,55,515000,60,5,0,0,6430,"2025-08-06 09:11:16"
25159714111,2025-08-05,CUSTOMER,FULL,1985-01-01,40,1982-01-01,43,790000,60,5,0,0,16323,"2025-08-06 09:10:54"
25159646396,2025-08-01,CUSTOMER,FULL,1984-05-19,41,1996-08-22,28,98000,24,2,0,0,1161,"2025-08-06 09:03:45"
25159705996,2025-08-05,CUSTOMER,FULL,1989-12-01,35,NULL,-1,200000,30,3,0,0,2271,"2025-08-06 09:02:10"
8800455286,2025-08-05,CUSTOMER,FULL,1993-09-26,31,NULL,-1,250000,24,2,0,0,1874,"2025-08-06 09:01:32"
25159679892,2025-08-02,CUSTOMER,FULL,1997-05-09,28,NULL,-1,1050450,60,5,0,0,12197,"2025-08-06 09:00:33"
25159714890,2025-08-06,CUSTOMER,FULL,1975-01-01,50,NULL,0,330000,48,4,0,0,15281,"2025-08-06 08:59:25"
25159086153,2025-07-23,CUSTOMER,FULL,1980-01-01,45,NULL,-1,325000,42,4,0,0,8426,"2025-08-06 08:54:02"
8800198525,2025-08-06,CUSTOMER,FULL,1990-06-01,35,1996-01-12,29,305000,36,3,0,0,3124,"2025-08-06 08:53:34"
25159692186,2025-08-04,CUSTOMER,FULL,1994-05-01,31,1974-01-01,51,525000,24,2,0,0,3965,"2025-08-06 08:47:06"
25158934986,2025-07-14,CUSTOMER,FULL,1986-11-10,38,NULL,-1,315000,36,3,0,0,4123,"2025-08-06 08:44:11"
25159683649,2025-08-04,CUSTOMER,FULL,1993-06-03,32,1984-11-19,40,320000,48,4,0,0,3894,"2025-08-06 08:43:01"
8800489041,2025-08-04,CUSTOMER,FULL,1988-01-01,37,NULL,-1,625000,60,5,0,0,10790,"2025-08-06 08:41:15"
8800263398,2025-08-04,CUSTOMER,FULL,1980-06-01,45,NULL,-1,200000,48,4,0,0,5872,"2025-08-06 08:37:04"
8800456281,2025-07-24,CUSTOMER,FULL,1998-01-01,27,NULL,-1,470000,48,4,0,0,5009,"2025-08-06 08:35:27"
8800434135,2025-08-06,CUSTOMER,FULL,1980-02-09,45,NULL,0,350000,36,3,0,0,8389,"2025-08-06 08:32:53"
8800235895,2025-08-01,CUSTOMER,FULL,1960-03-28,65,1973-01-19,52,900000,48,4,0,0,0,"2025-08-06 08:28:23"
8800414450,2025-08-06,CUSTOMER,FULL,1978-01-01,47,NULL,0,650000,48,4,0,0,23310,"2025-08-06 08:21:41"
25159714036,2025-08-05,CUSTOMER,FULL,1986-01-01,39,NULL,-1,700000,60,5,0,0,15174,"2025-08-06 08:19:43"
25158796376,2025-07-09,CUSTOMER,FULL,2005-03-13,20,1979-01-01,46,316000,36,3,0,0,2465,"2025-08-06 08:19:06"
25159709828,2025-08-05,CUSTOMER,FULL,1988-01-01,37,1983-05-03,42,480000,48,4,0,0,7324,"2025-08-06 08:13:48"
8800402173,2025-08-04,CUSTOMER,FULL,2003-03-19,22,1978-04-05,47,990000,60,5,0,0,10491,"2025-08-06 08:11:37"
25159703680,2025-08-05,CUSTOMER,FULL,1990-06-01,35,NULL,-1,309000,36,3,0,0,3508,"2025-08-06 08:11:20"
8800479259,2025-08-02,CUSTOMER,FULL,1983-01-01,42,NULL,-1,400000,36,3,0,0,7279,"2025-08-06 08:10:15"
25159714480,2025-08-05,CUSTOMER,FULL,1984-01-01,41,NULL,-1,100000,24,2,0,0,1300,"2025-08-06 08:09:14"
25159714260,2025-08-05,CUSTOMER,FULL,1984-01-01,41,NULL,-1,350000,36,3,0,0,5861,"2025-08-06 08:09:11"
25159077513,2025-07-22,CUSTOMER,FULL,1982-01-01,43,1988-01-01,37,210000,24,2,0,0,3195,"2025-08-06 08:09:03"
8800487452,2025-08-02,CUSTOMER,FULL,1992-05-15,33,NULL,-1,450000,48,4,0,0,5066,"2025-08-06 08:06:27"
25159101184,2025-07-24,CUSTOMER,FULL,1988-04-25,37,NULL,-1,989000,60,5,0,0,17074,"2025-08-06 08:04:02"
25159690438,2025-08-04,CUSTOMER,FULL,1986-03-18,39,NULL,-1,950000,60,5,0,0,18430,"2025-08-06 08:02:23"
25159134163,2025-07-25,CUSTOMER,FULL,1999-04-17,26,1970-01-01,55,303500,36,3,0,0,2672,"2025-08-06 08:01:20"
8800165806,2025-07-24,CUSTOMER,FULL,1990-07-26,34,NULL,-1,300000,48,4,0,0,3898,"2025-08-06 08:00:01"
25159690958,2025-08-04,CUSTOMER,FULL,1989-05-20,36,1987-04-12,38,460000,48,4,0,0,6476,"2025-08-06 07:58:01"
8800410639,2025-08-06,CUSTOMER,FULL,1973-06-01,52,NULL,0,200000,24,2,0,0,5718,"2025-08-06 07:56:06"
25158684509,2025-07-04,CUSTOMER,FULL,1997-09-22,27,NULL,-1,400000,30,3,0,0,3536,"2025-08-06 07:50:15"
8800485300,2025-07-31,CUSTOMER,FULL,1983-01-01,42,NULL,-1,305000,30,3,0,0,5104,"2025-08-06 07:48:35"
25159109714,2025-07-29,CUSTOMER,FULL,2004-01-31,21,1984-12-22,40,680000,72,6,0,0,9742,"2025-08-06 07:48:22"
25159303329,2025-07-29,CUSTOMER,"PARTIAL TENURE",1980-01-01,45,1973-01-01,52,315000,48,4,0,3,6695,"2025-08-06 07:47:28"
25158773982,2025-07-07,CUSTOMER,FULL,1999-02-07,26,NULL,-1,295000,36,3,0,0,2535,"2025-08-06 07:46:56"
8800417915,2025-08-04,CUSTOMER,FULL,1999-05-31,26,1976-02-14,49,333000,24,2,0,0,2319,"2025-08-06 07:41:32"
8800465184,2025-08-05,CUSTOMER,FULL,1990-06-09,35,NULL,-1,900000,66,6,0,0,16207,"2025-08-06 07:36:29"
25159677843,2025-08-02,CUSTOMER,FULL,1983-08-02,42,NULL,-1,500000,36,3,0,0,8367,"2025-08-06 07:33:02"
25159693456,2025-08-04,CUSTOMER,FULL,1985-12-25,39,1997-09-06,27,250000,23,2,0,0,2662,"2025-08-06 07:32:00"
25159694601,2025-08-04,CUSTOMER,FULL,1992-01-01,33,NULL,-1,685000,36,3,0,0,6564,"2025-08-06 07:27:33"
8800370645,2025-08-04,CUSTOMER,FULL,1992-01-01,33,NULL,-1,320000,42,4,0,0,3603,"2025-08-06 07:27:05"
8800524194,2025-08-05,CUSTOMER,FULL,1994-04-02,31,NULL,-1,600000,60,5,0,0,8362,"2025-08-06 07:24:38"
25159712887,2025-08-05,CUSTOMER,FULL,2000-02-12,25,1963-12-05,61,700000,60,5,0,0,8450,"2025-08-06 07:24:28"
25159667365,2025-08-01,CUSTOMER,FULL,1992-07-29,33,1991-08-02,33,915000,60,5,0,0,11920,"2025-08-06 07:24:13"
25159714476,2025-08-05,CUSTOMER,FULL,1988-01-01,37,NULL,-1,306999,36,3,0,0,3924,"2025-08-06 07:19:55"
25159676628,2025-08-02,CUSTOMER,FULL,1992-08-22,32,NULL,-1,900000,36,3,0,0,8401,"2025-08-06 07:16:12"
25159694718,2025-08-05,CUSTOMER,FULL,1988-05-01,37,NULL,-1,400000,48,4,0,0,6316,"2025-08-06 07:15:58"
25159713588,2025-08-05,CUSTOMER,FULL,1995-05-30,30,NULL,-1,700000,36,3,0,0,6278,"2025-08-06 07:15:23"
25159668752,2025-08-02,CUSTOMER,FULL,1996-03-08,29,2000-10-04,24,840000,60,5,0,0,9903,"2025-08-06 07:11:31"
25159045215,2025-07-20,CUSTOMER,FULL,1989-01-01,36,NULL,-1,315000,42,4,0,0,4435,"2025-08-06 07:05:42"
25159692162,2025-08-04,CUSTOMER,FULL,1988-06-20,37,1998-09-18,26,841000,48,4,0,0,12435,"2025-08-06 07:03:03"
25159688587,2025-08-04,CUSTOMER,FULL,2002-01-01,23,1960-01-01,65,750000,60,5,0,0,9364,"2025-08-06 06:59:54"
8800470127,2025-07-30,CUSTOMER,FULL,1994-01-01,31,1992-01-01,33,400000,36,3,0,0,3833,"2025-08-06 06:54:11"
8800475136,2025-08-06,CUSTOMER,FULL,1989-05-05,36,1986-11-28,38,125000,24,2,0,0,1169,"2025-08-06 06:53:11"
25159393870,2025-07-30,CUSTOMER,FULL,1989-01-01,36,1994-05-11,31,400000,35,3,0,0,4815,"2025-08-06 06:52:40"
8800415997,2025-08-05,CUSTOMER,FULL,1983-01-01,42,1991-01-01,34,900000,36,3,0,0,15060,"2025-08-06 06:49:00"
25159688147,2025-08-04,CUSTOMER,FULL,1978-03-25,47,1977-02-04,48,153000,24,2,0,0,3573,"2025-08-06 06:48:38"
25159690978,2025-08-04,CUSTOMER,FULL,2004-08-16,20,NULL,-1,325000,48,4,0,0,3444,"2025-08-06 06:46:58"
8800511326,2025-08-06,CUSTOMER,FULL,1992-07-15,33,NULL,0,250000,24,2,0,0,1974,"2025-08-06 06:46:49"
25159670157,2025-08-02,CUSTOMER,FULL,1999-01-02,26,1980-02-01,45,500000,35,3,0,0,4455,"2025-08-06 06:40:58"
8800189373,2025-08-06,CUSTOMER,FULL,1984-04-03,41,NULL,0,500000,18,2,0,0,5921,"2025-08-06 06:35:29"
8800396671,2025-08-05,CUSTOMER,FULL,2002-01-10,23,1970-02-05,55,900000,60,5,0,0,11236,"2025-08-06 06:34:10"
25159669705,2025-08-02,CUSTOMER,FULL,1983-01-01,42,NULL,-1,400000,48,4,0,0,8086,"2025-08-06 06:33:23"
25158748909,2025-07-05,CUSTOMER,FULL,1989-01-01,36,NULL,-1,350000,36,3,0,0,4213,"2025-08-06 06:26:08"
25159668717,2025-08-02,CUSTOMER,FULL,2000-02-07,25,NULL,-1,313000,42,4,0,0,2974,"2025-08-06 06:01:29"
25159672816,2025-08-02,CUSTOMER,FULL,1990-11-11,34,NULL,-1,365000,36,3,0,0,3618,"2025-08-06 05:49:26"
25159682609,2025-08-03,CUSTOMER,FULL,2001-06-09,24,2000-01-01,25,310000,36,3,0,0,2532,"2025-08-06 05:39:01"
25159686454,2025-08-04,CUSTOMER,FULL,1984-04-02,41,NULL,-1,610000,36,3,0,0,10265,"2025-08-06 05:31:13"
25159388149,2025-07-30,CUSTOMER,FULL,2006-09-03,18,1984-01-01,41,305000,36,3,0,0,2261,"2025-08-06 05:28:22"
8800530406,2025-08-04,CUSTOMER,FULL,2006-04-20,19,NULL,-1,114000,12,1,0,0,420,"2025-08-06 01:48:19"
8800443535,2025-08-05,CUSTOMER,FULL,1997-01-01,28,NULL,-1,594000,48,4,0,0,6463,"2025-08-06 01:09:52"
25159714497,2025-08-05,CUSTOMER,FULL,1988-01-01,37,NULL,-1,280000,36,3,0,0,3486,"2025-08-06 01:05:19"
8800481162,2025-08-04,CUSTOMER,FULL,1999-07-02,26,1973-05-28,52,912489,72,6,0,0,13072,"2025-08-06 00:43:21"
25159714492,2025-08-05,CUSTOMER,FULL,1993-01-01,32,NULL,-1,325000,36,3,0,0,3034,"2025-08-06 00:42:01"
25159177792,2025-07-28,CUSTOMER,FULL,1989-07-14,36,1987-09-29,37,950000,48,4,0,0,14114,"2025-08-06 00:35:28"
25159675430,2025-08-04,CUSTOMER,FULL,1998-01-01,27,NULL,-1,600000,60,5,0,0,7597,"2025-08-06 00:21:33"
25159676710,2025-08-02,CUSTOMER,FULL,2001-07-19,24,NULL,-1,327000,41,4,0,0,3084,"2025-08-06 00:18:24"
25159316293,2025-07-29,CUSTOMER,FULL,1987-05-10,38,1964-05-15,61,100000,24,2,0,0,1001,"2025-08-06 00:14:04"
25159664087,2025-08-01,CUSTOMER,FULL,1989-08-07,35,NULL,-1,284400,36,3,0,0,2913,"2025-08-06 00:04:51"
25159061945,2025-07-21,CUSTOMER,FULL,1984-01-01,41,NULL,-1,325000,36,3,0,0,5078,"2025-08-05 23:38:08"
25159709957,2025-08-05,CUSTOMER,FULL,1992-02-10,33,NULL,0,400000,35,3,0,0,3833,"2025-08-05 23:36:10"
25159714351,2025-08-05,CUSTOMER,FULL,1967-01-01,58,NULL,0,350000,36,3,0,0,26651,"2025-08-05 23:24:58"
25159663313,2025-08-01,CUSTOMER,FULL,1979-07-10,46,NULL,-1,310000,36,3,0,0,8088,"2025-08-05 23:24:06"
8800563602,2025-08-05,CUSTOMER,FULL,1996-01-01,29,NULL,0,200000,24,2,0,0,1474,"2025-08-05 23:22:14"
25159710022,2025-08-05,CUSTOMER,FULL,1979-06-02,46,NULL,0,270000,36,3,0,0,7064,"2025-08-05 23:19:05"
8800467835,2025-08-04,CUSTOMER,FULL,1981-05-19,44,NULL,-1,148000,18,2,0,0,2412,"2025-08-05 23:15:34"
25159708576,2025-08-05,CUSTOMER,FULL,1991-11-01,33,1957-08-18,67,586000,60,5,0,0,8872,"2025-08-05 23:15:17"
25159693705,2025-08-04,CUSTOMER,FULL,1994-02-15,31,1990-12-22,34,282000,36,3,0,0,2576,"2025-08-05 23:11:15"
8800503870,2025-08-01,CO-APPLICANT,FULL,2000-01-01,25,1998-04-14,27,711000,48,4,0,0,7635,"2025-08-05 23:10:56"
8800404786,2025-07-29,CUSTOMER,FULL,1987-01-05,38,NULL,-1,1010000,60,5,0,0,18438,"2025-08-05 22:53:04"
8800424646,2025-07-30,CUSTOMER,FULL,1996-09-21,28,1966-01-01,59,600000,60,5,0,0,7711,"2025-08-05 22:51:22"
25159683090,2025-08-03,CUSTOMER,FULL,1986-07-30,39,1985-12-31,39,855000,48,4,0,0,14115,"2025-08-05 22:45:40"
25159149709,2025-07-26,CUSTOMER,FULL,1995-01-01,30,NULL,-1,990000,48,4,0,0,10327,"2025-08-05 22:43:35"
25159713999,2025-08-05,CUSTOMER,FULL,1994-12-31,30,1995-02-16,30,190000,24,2,0,0,1406,"2025-08-05 22:32:28"
8800296834,2025-08-05,CUSTOMER,FULL,1990-07-30,35,NULL,0,250000,36,3,0,0,2838,"2025-08-05 22:31:45"
25159542642,2025-08-01,CUSTOMER,FULL,1986-10-08,38,NULL,-1,150000,24,2,0,0,1583,"2025-08-05 22:30:34"
25159077288,2025-07-22,CUSTOMER,FULL,1999-01-01,26,NULL,-1,300000,36,3,0,0,2641,"2025-08-05 22:28:44"
8800466198,2025-08-05,CUSTOMER,FULL,1983-06-08,42,NULL,0,360000,36,3,0,0,6547,"2025-08-05 22:27:15"
25159682586,2025-08-03,CUSTOMER,FULL,2006-01-01,19,1974-01-01,51,320000,42,4,0,0,2821,"2025-08-05 22:26:25"
25159714125,2025-08-05,CUSTOMER,FULL,1984-01-01,41,NULL,0,450000,36,3,0,0,7573,"2025-08-05 22:19:06"
8800394824,2025-08-02,CUSTOMER,FULL,1986-01-01,39,NULL,-1,630000,60,5,0,0,13657,"2025-08-05 22:18:37"
25159712189,2025-08-05,CUSTOMER,FULL,1974-05-01,51,1979-10-12,45,999000,24,2,0,0,26050,"2025-08-05 22:17:45"
25159714138,2025-08-05,CUSTOMER,FULL,2002-12-16,22,NULL,0,323000,36,3,0,0,2585,"2025-08-05 22:16:44"
8800415924,2025-08-05,CUSTOMER,FULL,1996-01-05,29,NULL,0,266000,36,3,0,0,2351,"2025-08-05 22:15:31"
8800307686,2025-08-05,CUSTOMER,FULL,1971-04-10,54,NULL,0,330000,36,3,0,0,18127,"2025-08-05 22:12:22"
25158877169,2025-08-05,CUSTOMER,FULL,1980-08-05,45,1956-07-22,69,200000,24,2,0,0,3637,"2025-08-05 22:07:58"
25159683926,2025-08-04,CUSTOMER,FULL,1980-06-08,45,1982-06-19,43,300000,36,3,0,0,7190,"2025-08-05 22:05:53"
25159714096,2025-08-05,CO-APPLICANT,FULL,1967-01-01,58,1993-01-01,32,260000,36,3,0,0,2581,"2025-08-05 22:03:36"
8800419895,2025-07-27,CUSTOMER,FULL,1993-12-15,31,NULL,-1,510000,60,5,0,0,7108,"2025-08-05 21:48:26"
8800488481,2025-08-04,CUSTOMER,FULL,1995-06-17,30,1973-02-02,52,600000,24,2,0,0,4461,"2025-08-05 21:43:23"
25159165063,2025-07-27,CUSTOMER,FULL,1971-01-01,54,1973-01-01,52,790000,48,4,0,0,50936,"2025-08-05 21:42:37"
8800479358,2025-08-05,CUSTOMER,FULL,2000-06-07,25,NULL,0,265500,48,4,0,0,2773,"2025-08-05 21:40:04"
8800405566,2025-07-09,CUSTOMER,FULL,1987-07-13,37,1984-01-01,41,680000,48,4,0,0,10376,"2025-08-05 21:39:57"
8800524861,2025-07-30,CUSTOMER,FULL,1999-07-23,26,1993-08-06,31,1970000,60,5,0,0,24711,"2025-08-05 21:37:41"
25159709981,2025-08-05,CUSTOMER,FULL,2003-06-08,22,1986-08-14,38,1010000,60,5,0,0,10703,"2025-08-05 21:36:27"
25159521480,2025-07-31,CUSTOMER,FULL,1987-06-01,38,NULL,-1,330000,42,4,0,0,5144,"2025-08-05 21:35:59"
8800514421,2025-08-05,CUSTOMER,FULL,1985-12-12,39,NULL,0,480000,36,3,0,0,6639,"2025-08-05 21:35:12"
25159684095,2025-08-04,CUSTOMER,FULL,1986-07-20,39,1958-01-01,67,1000000,60,5,0,0,19400,"2025-08-05 21:33:56"
25159689282,2025-08-04,CUSTOMER,FULL,1998-06-30,27,NULL,-1,793000,60,5,0,0,9096,"2025-08-05 21:33:46"
8800182331,2025-08-05,CUSTOMER,FULL,1984-06-10,41,NULL,0,305000,36,3,0,0,5133,"2025-08-05 21:30:00"
25159713760,2025-08-05,CUSTOMER,FULL,1990-01-01,35,1971-01-01,54,1000000,60,5,0,0,14066,"2025-08-05 21:29:11"
25159174730,2025-07-28,CUSTOMER,FULL,1981-01-01,44,1988-10-05,36,200000,18,2,0,0,2830,"2025-08-05 21:28:59"
25159692435,2025-08-04,CUSTOMER,FULL,1986-04-02,39,1995-05-08,30,400000,24,2,0,0,4508,"2025-08-05 21:28:42"
25158989393,2025-07-16,CUSTOMER,FULL,2003-06-15,22,NULL,-1,520000,60,5,0,0,6492,"2025-08-05 21:28:09"
8800472905,2025-07-31,CUSTOMER,FULL,1977-10-19,47,NULL,-1,370000,18,2,0,0,6687,"2025-08-05 21:26:53"
25159713566,2025-08-05,CUSTOMER,FULL,2000-04-22,25,1983-11-24,41,854000,60,5,0,0,9251,"2025-08-05 21:22:38"
8800295848,2025-08-05,CUSTOMER,FULL,1982-07-05,43,NULL,0,600000,25,3,0,0,10812,"2025-08-05 21:20:45"
25159713875,2025-08-05,CUSTOMER,FULL,1981-09-25,43,NULL,0,500000,59,5,0,0,14904,"2025-08-05 21:19:02"
25159097790,2025-07-23,CUSTOMER,FULL,1999-03-02,26,NULL,-1,300000,35,3,0,0,2641,"2025-08-05 21:17:36"
25159661766,2025-08-01,CUSTOMER,FULL,1998-05-04,27,NULL,-1,416000,36,3,0,0,3746,"2025-08-05 21:14:36"
8800182919,2025-08-05,CUSTOMER,FULL,1983-07-15,42,NULL,0,750000,48,4,0,0,16966,"2025-08-05 21:13:19"
25159707537,2025-08-05,CUSTOMER,FULL,2002-10-20,22,NULL,0,740000,72,6,0,0,10601,"2025-08-05 21:12:54"
25159713746,2025-08-05,CUSTOMER,FULL,2000-12-19,24,NULL,0,150000,36,3,0,0,1316,"2025-08-05 21:11:12"
8800498374,2025-08-05,CO-APPLICANT,FULL,2000-01-01,25,2000-07-31,25,1193000,60,5,0,0,14894,"2025-08-05 21:10:23"
8800202367,2025-07-26,CUSTOMER,FULL,1980-07-01,45,1968-01-01,57,400000,36,3,0,0,9478,"2025-08-05 21:09:59"
8800136349,2025-08-02,CUSTOMER,FULL,1983-06-14,42,1990-09-08,34,220000,36,3,0,0,4004,"2025-08-05 21:08:00"
8800499583,2025-08-01,CUSTOMER,FULL,1974-06-01,51,NULL,-1,410000,36,3,0,0,17867,"2025-08-05 21:06:16"
25159703150,2025-08-05,CUSTOMER,FULL,1971-05-15,54,NULL,0,120000,12,1,0,0,3065,"2025-08-05 21:05:28"
25159713645,2025-08-05,CUSTOMER,FULL,1997-01-01,28,NULL,0,980000,60,5,0,0,11379,"2025-08-05 21:03:44"
8800133534,2025-07-11,CUSTOMER,FULL,1979-04-05,46,1976-12-15,48,295000,36,3,0,0,7718,"2025-08-05 21:02:47"
25159713723,2025-08-05,CUSTOMER,FULL,2003-03-20,22,NULL,0,790000,60,5,0,0,8372,"2025-08-05 21:00:56"
25159713042,2025-08-05,CUSTOMER,FULL,1993-01-01,32,NULL,0,500000,48,4,0,0,5983,"2025-08-05 21:00:41"
8800434131,2025-07-25,CUSTOMER,FULL,2001-08-08,23,1976-01-01,49,650000,48,4,0,0,6650,"2025-08-05 20:58:59"
25159692934,2025-08-04,CUSTOMER,FULL,1994-09-30,30,1963-01-01,62,500000,60,5,0,0,6744,"2025-08-05 20:56:23"
8800561827,2025-08-05,CUSTOMER,FULL,1993-02-23,32,1988-05-31,37,224150,24,2,0,0,1718,"2025-08-05 20:47:20"
25159706802,2025-08-05,CUSTOMER,FULL,1994-04-30,31,NULL,0,100000,18,2,0,0,750,"2025-08-05 20:45:45"
25159700465,2025-08-05,CUSTOMER,FULL,1983-01-01,42,NULL,0,244000,36,3,0,0,4440,"2025-08-05 20:45:33"
25159685418,2025-08-04,CUSTOMER,FULL,2002-12-18,22,NULL,-1,200000,24,2,0,0,1207,"2025-08-05 20:45:24"
25159710408,2025-08-05,CUSTOMER,FULL,1985-01-05,40,NULL,0,800000,58,5,0,0,18663,"2025-08-05 20:43:23"
25159703031,2025-08-05,CUSTOMER,FULL,1985-01-01,40,NULL,0,290000,48,4,0,0,5092,"2025-08-05 20:40:41"
25159665751,2025-08-01,CUSTOMER,FULL,2001-01-14,24,NULL,-1,933000,60,5,0,0,10041,"2025-08-05 20:36:06"
8800314041,2025-08-01,CUSTOMER,FULL,1997-04-02,28,1997-01-01,28,330000,36,3,0,0,2878,"2025-08-05 20:34:30"
25159703808,2025-08-05,CUSTOMER,FULL,2004-06-20,21,NULL,0,380000,36,3,0,0,3346,"2025-08-05 20:33:59"
8800551803,2025-08-04,CUSTOMER,FULL,1975-01-01,50,NULL,-1,670000,60,5,0,0,38526,"2025-08-05 20:32:54"
8800474192,2025-08-04,CUSTOMER,FULL,1991-01-01,34,NULL,-1,160000,24,2,0,0,1311,"2025-08-05 20:30:44"
25159695251,2025-08-04,CUSTOMER,FULL,1983-01-01,42,1990-01-01,35,570000,48,4,0,0,11522,"2025-08-05 20:26:41"
8800205809,2025-08-05,CUSTOMER,FULL,2001-04-18,24,1971-01-01,54,940000,60,5,0,0,10116,"2025-08-05 20:22:32"
25157447494,2025-06-11,CUSTOMER,FULL,1977-07-01,47,1972-01-01,53,420000,36,3,0,0,12286,"2025-08-05 20:20:47"
8800533952,2025-08-05,CUSTOMER,FULL,1976-01-01,49,NULL,0,250000,36,3,0,0,8998,"2025-08-05 20:18:37"
8800444627,2025-08-05,CUSTOMER,FULL,1992-01-26,33,NULL,0,450000,36,3,0,0,4679,"2025-08-05 20:15:32"
8800354392,2025-08-04,CUSTOMER,FULL,1978-07-16,47,1981-01-01,44,150000,23,2,0,0,2711,"2025-08-05 20:13:20"
8800541454,2025-08-01,CUSTOMER,FULL,1990-04-02,35,NULL,-1,322000,42,4,0,0,3895,"2025-08-05 20:12:32"
8800403779,2025-07-28,CUSTOMER,FULL,1990-04-05,35,NULL,-1,200000,24,2,0,0,1710,"2025-08-05 20:08:23"
8800475135,2025-08-05,CUSTOMER,FULL,1977-05-20,48,NULL,0,199000,36,3,0,0,6425,"2025-08-05 20:06:18"
25159686354,2025-08-04,CUSTOMER,FULL,1977-01-01,48,NULL,-1,350000,48,4,0,0,13481,"2025-08-05 20:06:13"
25159705547,2025-08-05,CUSTOMER,FULL,1993-01-01,32,NULL,0,755000,60,5,0,0,9515,"2025-08-05 20:05:41"
25159704296,2025-08-05,CUSTOMER,FULL,2003-08-04,22,2002-01-06,23,940000,60,5,0,0,9961,"2025-08-05 20:05:24"
8800165074,2025-08-05,CUSTOMER,FULL,1987-01-01,38,1963-01-01,62,420000,36,3,0,0,5720,"2025-08-05 20:05:17"
8800442136,2025-08-05,CUSTOMER,FULL,1985-02-10,40,NULL,0,200000,24,2,0,0,2415,"2025-08-05 20:04:07"
25159708117,2025-08-05,CUSTOMER,FULL,1997-08-20,27,NULL,0,780000,60,5,0,0,9876,"2025-08-05 20:02:19"
25159712598,2025-08-05,CUSTOMER,FULL,1994-01-01,31,NULL,0,290000,36,3,0,0,2649,"2025-08-05 20:00:08"
25159385347,2025-07-30,CUSTOMER,FULL,1990-01-01,35,1987-01-01,38,317000,42,4,0,0,3835,"2025-08-05 19:59:06"
25158980917,2025-08-05,CUSTOMER,FULL,1978-08-15,46,NULL,0,760000,60,5,0,0,29559,"2025-08-05 19:51:42"
25159713439,2025-08-05,CUSTOMER,FULL,1981-04-11,44,NULL,0,330000,36,3,0,0,6433,"2025-08-05 19:50:03"
25159713391,2025-08-05,CUSTOMER,FULL,1989-01-01,36,NULL,0,1350000,60,5,0,0,22127,"2025-08-05 19:49:48"
25159683798,2025-08-04,CUSTOMER,FULL,1995-01-01,30,NULL,-1,360000,48,4,0,0,3756,"2025-08-05 19:47:33"
25159663144,2025-08-01,CUSTOMER,FULL,1987-09-04,37,1991-02-02,34,875000,60,5,0,0,15106,"2025-08-05 19:45:17"
25159677360,2025-08-02,CUSTOMER,FULL,1992-01-01,33,NULL,-1,50000,24,2,0,0,403,"2025-08-05 19:44:59"
25159703951,2025-08-05,CUSTOMER,FULL,2000-01-02,25,NULL,0,325000,48,4,0,0,3088,"2025-08-05 19:44:49"
25159695695,2025-08-04,CUSTOMER,FULL,1998-07-12,27,NULL,-1,400000,36,3,0,0,3536,"2025-08-05 19:43:28"
25159713267,2025-08-05,CUSTOMER,FULL,1982-01-01,43,NULL,0,226000,36,3,0,0,4073,"2025-08-05 19:36:08"
8800404273,2025-08-05,CUSTOMER,FULL,1987-01-09,38,NULL,0,471000,36,3,0,0,6359,"2025-08-05 19:33:21"
25157543785,2025-06-16,CUSTOMER,FULL,1975-01-01,50,NULL,-1,317000,48,4,0,0,14679,"2025-08-05 19:29:33"
25159712658,2025-08-05,CUSTOMER,FULL,1987-01-01,38,NULL,0,815000,48,4,0,0,12705,"2025-08-05 19:28:53"
25159537463,2025-07-31,CUSTOMER,FULL,1993-01-01,32,NULL,-1,315000,36,3,0,0,2941,"2025-08-05 19:25:58"
25159711024,2025-08-05,CUSTOMER,FULL,1997-01-01,28,1988-01-01,37,340000,48,4,0,0,3671,"2025-08-05 19:24:56"
8800407474,2025-07-30,CUSTOMER,"PARTIAL FINANCE AMOUNT",1963-10-10,61,1997-10-05,27,220000,36,3,165000,0,15244,"2025-08-05 19:24:25"
8800204369,2025-08-05,CUSTOMER,FULL,1979-01-01,46,NULL,0,524000,59,5,0,0,19978,"2025-08-05 19:24:21"
8800521507,2025-08-05,CUSTOMER,FULL,2003-12-06,21,NULL,0,689000,72,6,0,0,8968,"2025-08-05 19:23:42"
25159651937,2025-08-01,CUSTOMER,FULL,1975-03-15,50,NULL,-1,395000,36,3,0,0,15685,"2025-08-05 19:22:57"
8800474116,2025-08-03,CUSTOMER,FULL,1975-01-01,50,1972-01-01,53,288000,36,3,0,0,10872,"2025-08-05 19:21:35"
25159703729,2025-08-05,CUSTOMER,FULL,2003-03-12,22,NULL,0,1250000,48,4,0,0,11609,"2025-08-05 19:19:44"
25158794351,2025-07-09,CO-APPLICANT,FULL,1975-01-01,50,1989-01-01,36,260000,36,3,0,0,3130,"2025-08-05 19:16:44"
25159712969,2025-08-05,CUSTOMER,FULL,1993-07-08,32,NULL,0,100000,36,3,0,0,1003,"2025-08-05 19:16:16"
8800478880,2025-08-01,CUSTOMER,FULL,1987-01-01,38,1996-01-01,29,550000,42,4,0,0,8970,"2025-08-05 19:14:09"
25159674303,2025-08-02,CUSTOMER,FULL,1983-04-25,42,NULL,-1,267500,36,3,0,0,4476,"2025-08-05 19:14:06"
25159704306,2025-08-05,CO-APPLICANT,FULL,1977-01-01,48,2004-06-17,21,850000,36,3,0,0,7483,"2025-08-05 19:14:04"
25159711583,2025-08-05,CUSTOMER,FULL,1982-01-01,43,1982-04-10,43,210000,30,3,0,0,4168,"2025-08-05 19:12:07"
25159710467,2025-08-05,CUSTOMER,FULL,1995-01-01,30,NULL,0,480000,54,5,0,0,5761,"2025-08-05 19:06:11"
25159712102,2025-08-05,CUSTOMER,FULL,1999-03-15,26,NULL,0,320000,18,2,0,0,2274,"2025-08-05 19:03:17"
8800504163,2025-07-25,CUSTOMER,FULL,1999-01-01,26,1999-07-27,25,760000,60,5,0,0,9533,"2025-08-05 19:02:43"
25159668265,2025-08-01,CUSTOMER,FULL,1994-03-15,31,NULL,-1,325000,36,3,0,0,2969,"2025-08-05 19:01:25"
25159712816,2025-08-05,CUSTOMER,FULL,1997-07-30,28,1973-01-01,52,600000,60,5,0,0,7711,"2025-08-05 18:57:44"
25159514989,2025-07-31,CUSTOMER,FULL,2003-12-07,21,NULL,-1,330000,48,4,0,0,3026,"2025-08-05 18:57:21"
25159712657,2025-08-05,CUSTOMER,FULL,1995-07-15,30,NULL,0,100000,30,3,0,0,947,"2025-08-05 18:54:11"
25159712945,2025-08-05,CUSTOMER,FULL,1991-01-01,34,NULL,0,318000,48,4,0,0,3700,"2025-08-05 18:53:38"
25159712245,2025-08-05,CUSTOMER,FULL,2001-05-25,24,NULL,0,920000,60,5,0,0,9901,"2025-08-05 18:52:28"
25159698019,2025-08-05,CUSTOMER,FULL,1974-04-16,51,1982-03-03,43,300000,36,3,0,0,12872,"2025-08-05 18:51:43"
25159679007,2025-08-02,CUSTOMER,FULL,1986-05-04,39,1987-01-01,38,970000,60,5,0,0,18818,"2025-08-05 18:51:40"
25159688989,2025-08-04,CUSTOMER,FULL,1977-01-01,48,NULL,-1,1010500,60,5,0,0,46551,"2025-08-05 18:50:49"
8800155113,2025-08-05,CUSTOMER,FULL,1988-10-26,36,NULL,0,500000,48,4,0,0,7193,"2025-08-05 18:50:08"
25159701127,2025-08-05,CUSTOMER,FULL,2003-11-06,21,NULL,0,325000,48,4,0,0,2980,"2025-08-05 18:48:46"
25159704465,2025-08-05,CUSTOMER,FULL,2000-12-16,24,NULL,0,840000,48,4,0,0,7920,"2025-08-05 18:47:56"
25159690033,2025-08-04,CUSTOMER,FULL,1985-07-30,40,1987-03-01,38,160000,30,3,0,0,2345,"2025-08-05 18:46:12"
25159164217,2025-07-27,CUSTOMER,FULL,1990-12-03,34,NULL,-1,325000,42,4,0,0,3782,"2025-08-05 18:45:07"
8800216116,2025-08-05,CUSTOMER,FULL,1979-06-10,46,1986-04-10,39,160000,18,2,0,0,2653,"2025-08-05 18:44:17"
25159684966,2025-08-04,CUSTOMER,FULL,1972-06-10,53,NULL,-1,610000,48,4,0,0,37754,"2025-08-05 18:43:43"
25159709883,2025-08-05,CUSTOMER,FULL,2004-05-20,21,1973-01-01,52,213000,36,3,0,0,1687,"2025-08-05 18:41:23"
8800461757,2025-07-26,CUSTOMER,FULL,1982-01-01,43,NULL,-1,400000,45,4,0,0,9700,"2025-08-05 18:41:22"
25159694728,2025-08-04,CUSTOMER,FULL,1980-01-01,45,NULL,-1,302000,36,3,0,0,6419,"2025-08-05 18:41:16"
8800539327,2025-08-04,CUSTOMER,FULL,1996-01-01,29,1995-06-26,30,268000,36,3,0,0,2369,"2025-08-05 18:40:30"
25159712063,2025-08-05,CUSTOMER,FULL,1993-09-20,31,NULL,0,230000,24,2,0,0,1724,"2025-08-05 18:40:14"
8800397072,2025-08-05,CUSTOMER,FULL,1983-05-08,42,NULL,0,386000,35,3,0,0,7024,"2025-08-05 18:39:01"
25159709736,2025-08-05,CUSTOMER,FULL,1992-01-01,33,NULL,0,318000,36,3,0,0,3047,"2025-08-05 18:38:24"
25159706477,2025-08-05,CUSTOMER,FULL,1991-01-01,34,1962-01-01,63,318000,48,4,0,0,3700,"2025-08-05 18:37:15"
8800178717,2025-08-05,CUSTOMER,FULL,2002-03-18,23,1944-01-01,81,1000000,60,5,0,0,12485,"2025-08-05 18:36:43"
8800404790,2025-08-01,CUSTOMER,FULL,1980-07-07,45,NULL,-1,842000,60,5,0,0,26042,"2025-08-05 18:34:30"
25159677356,2025-08-05,CUSTOMER,FULL,1970-01-29,55,NULL,0,825000,84,7,0,0,97594,"2025-08-05 18:34:15"
8800424308,2025-07-26,CUSTOMER,FULL,1996-06-15,29,1975-01-01,50,550000,34,3,0,0,5004,"2025-08-05 18:31:23"
25159663536,2025-08-01,CUSTOMER,FULL,1992-02-10,33,NULL,-1,1159000,60,5,0,0,15099,"2025-08-05 18:30:24"
8800164664,2025-07-28,CUSTOMER,FULL,1963-02-17,62,1992-12-18,32,1000000,48,4,0,0,120172,"2025-08-05 18:29:37"
25159676040,2025-08-02,CUSTOMER,FULL,1996-02-12,29,1961-01-01,64,400000,48,4,0,0,4404,"2025-08-05 18:29:34"
8800005495,2025-08-05,CUSTOMER,FULL,1974-11-09,50,NULL,0,400000,48,4,0,0,19329,"2025-08-05 18:29:23"
25159292427,2025-07-29,CUSTOMER,FULL,1991-05-08,34,NULL,-1,260000,42,4,0,0,3026,"2025-08-05 18:27:19"
25159537627,2025-07-31,CUSTOMER,FULL,1988-04-05,37,NULL,-1,320000,48,4,0,0,4732,"2025-08-05 18:26:42"
25159712462,2025-08-05,CUSTOMER,FULL,1999-08-12,25,NULL,0,840000,60,5,0,0,9100,"2025-08-05 18:25:00"
25159711729,2025-08-05,CUSTOMER,FULL,1976-01-02,49,NULL,0,315000,36,3,0,0,10847,"2025-08-05 18:24:53"
25159062162,2025-07-21,CUSTOMER,FULL,1990-05-05,35,NULL,-1,250000,23,2,0,0,2137,"2025-08-05 18:24:49"
25159701843,2025-08-05,CUSTOMER,FULL,2002-02-02,23,NULL,0,570000,60,5,0,0,6081,"2025-08-05 18:24:07"
8800533176,2025-08-04,CUSTOMER,FULL,1994-06-10,31,NULL,-1,300000,36,3,0,0,2917,"2025-08-05 18:23:45"
25159711463,2025-08-05,CUSTOMER,FULL,1994-01-01,31,NULL,0,1017000,72,6,0,0,15841,"2025-08-05 18:23:34"
8800503753,2025-07-28,CUSTOMER,FULL,2001-01-10,24,NULL,-1,100000,12,1,0,0,696,"2025-08-05 18:23:12"
25159695732,2025-08-04,CUSTOMER,FULL,2004-01-01,21,NULL,-1,277000,36,3,0,0,2194,"2025-08-05 18:23:07"
25159057365,2025-08-01,CUSTOMER,FULL,1996-08-10,28,1975-05-02,50,500000,42,4,0,0,5399,"2025-08-05 18:22:16"
25159006891,2025-07-17,CO-APPLICANT,FULL,1986-01-01,39,1998-01-01,27,590000,60,5,0,0,7471,"2025-08-05 18:21:51"
8800448851,2025-08-05,CUSTOMER,FULL,1983-01-01,42,NULL,0,300000,30,3,0,0,5459,"2025-08-05 18:20:59"
8800242873,2025-08-05,CUSTOMER,FULL,1972-01-01,53,NULL,0,250000,30,3,0,0,13039,"2025-08-05 18:20:35"
25159052449,2025-07-21,CUSTOMER,FULL,1988-01-01,37,NULL,-1,180000,36,3,0,0,2241,"2025-08-05 18:20:27"
8800305362,2025-08-05,CUSTOMER,FULL,2000-08-20,24,NULL,0,380000,48,4,0,0,3928,"2025-08-05 18:20:21"
8800532035,2025-08-03,CUSTOMER,FULL,1990-08-18,34,NULL,-1,310000,48,4,0,0,4028,"2025-08-05 18:19:28"
25159662995,2025-08-01,CUSTOMER,FULL,1983-12-15,41,1953-08-14,71,393000,36,3,0,0,6613,"2025-08-05 18:18:33"
25159636500,2025-08-05,CUSTOMER,FULL,1982-05-05,43,NULL,0,617000,60,5,0,0,17896,"2025-08-05 18:17:50"
8800429833,2025-07-17,CUSTOMER,FULL,1997-07-10,28,1993-01-01,32,750000,60,5,0,0,8709,"2025-08-05 18:17:32"
8800468359,2025-08-05,CUSTOMER,FULL,1986-05-16,39,1989-12-04,35,725000,60,5,0,0,15716,"2025-08-05 18:16:28"
25159663530,2025-08-01,CUSTOMER,FULL,1981-03-16,44,NULL,-1,650000,60,5,0,0,18362,"2025-08-05 18:16:05"
25159709385,2025-08-05,CUSTOMER,FULL,1994-07-16,31,1991-01-10,34,320000,42,4,0,0,3410,"2025-08-05 18:15:42"
25159677681,2025-08-02,CUSTOMER,FULL,1989-11-21,35,NULL,-1,370000,36,3,0,0,4214,"2025-08-05 18:14:27"
25159674310,2025-08-02,CUSTOMER,FULL,1987-01-01,38,2001-10-27,23,120000,24,2,0,0,1201,"2025-08-05 18:14:22"
8800543283,2025-08-04,CUSTOMER,FULL,1988-01-01,37,1999-06-02,26,700000,60,5,0,0,13258,"2025-08-05 18:14:10"
8800211574,2025-08-05,CUSTOMER,FULL,1999-01-01,26,NULL,0,330000,48,4,0,0,3517,"2025-08-05 18:13:21"
25159711732,2025-08-05,CUSTOMER,FULL,2003-03-21,22,1996-10-15,28,580000,36,3,0,0,5106,"2025-08-05 18:13:11"
8800511137,2025-08-05,CUSTOMER,FULL,1982-04-08,43,NULL,0,685000,48,4,0,0,16611,"2025-08-05 18:12:42"
25159705279,2025-08-05,CUSTOMER,FULL,2002-09-26,22,1975-06-03,50,842000,72,6,0,0,11079,"2025-08-05 18:10:53"
25159661855,2025-08-01,CUSTOMER,FULL,1986-01-01,39,NULL,-1,300000,36,3,0,0,4149,"2025-08-05 18:09:11"
8800450792,2025-08-01,CUSTOMER,FULL,2002-10-05,22,NULL,-1,397000,36,3,0,0,3177,"2025-08-05 18:08:41"
8800170214,2025-08-05,CUSTOMER,FULL,1991-01-31,34,NULL,0,130000,60,5,0,0,1982,"2025-08-05 18:08:35"
8800303842,2025-08-05,CUSTOMER,FULL,1975-01-01,50,NULL,0,155000,24,2,0,0,4805,"2025-08-05 18:08:21"
25159706168,2025-08-05,CUSTOMER,FULL,2005-01-01,20,1985-01-01,40,896000,60,5,0,0,9220,"2025-08-05 18:08:20"
25159706276,2025-08-05,CUSTOMER,FULL,2000-04-01,25,NULL,0,570000,60,5,0,0,7117,"2025-08-05 18:08:08"
25159665681,2025-08-01,CUSTOMER,FULL,1988-12-20,36,NULL,-1,750000,70,6,0,0,15470,"2025-08-05 18:06:35"
25159705423,2025-08-05,CUSTOMER,FULL,1984-02-28,41,NULL,0,210000,24,2,0,0,2729,"2025-08-05 18:06:13"
25159687506,2025-08-04,CUSTOMER,FULL,1988-05-18,37,2003-05-15,22,837000,60,5,0,0,14450,"2025-08-05 18:05:55"
25159676474,2025-08-02,CUSTOMER,FULL,1985-04-03,40,NULL,-1,285000,36,3,0,0,4177,"2025-08-05 18:04:58"
25159704566,2025-08-05,CUSTOMER,FULL,2004-02-25,21,NULL,0,339000,48,4,0,0,3109,"2025-08-05 18:04:47"
25159706704,2025-08-05,CUSTOMER,FULL,1992-07-10,33,NULL,0,617000,71,6,0,0,10244,"2025-08-05 18:04:08"
25159119082,2025-07-24,CUSTOMER,FULL,1997-12-25,27,1960-03-10,65,414000,36,3,0,0,3728,"2025-08-05 18:03:57"
8800442510,2025-08-02,CUSTOMER,FULL,1990-03-04,35,NULL,-1,750000,59,5,0,0,12585,"2025-08-05 18:02:12"
25159710346,2025-08-05,CUSTOMER,FULL,1988-05-26,37,1968-02-18,57,530000,50,5,0,0,9575,"2025-08-05 18:02:08"
25159136939,2025-07-25,CUSTOMER,FULL,1996-01-01,29,NULL,-1,870000,57,5,0,0,10256,"2025-08-05 18:02:04"
8800488291,2025-07-28,CUSTOMER,FULL,1982-03-25,43,1986-08-15,38,930000,72,6,0,0,30903,"2025-08-05 18:01:46"
25159054115,2025-07-21,CUSTOMER,FULL,1985-06-01,40,1963-01-01,62,1000000,35,3,0,0,15506,"2025-08-05 18:01:33"
25159706911,2025-08-05,CUSTOMER,FULL,2001-06-12,24,1985-01-01,40,313500,36,3,0,0,2560,"2025-08-05 18:01:27"
8800539527,2025-08-05,CUSTOMER,FULL,1980-01-01,45,NULL,0,575000,30,3,0,0,13781,"2025-08-05 18:01:05"
25159703857,2025-08-05,CUSTOMER,FULL,1991-09-25,33,NULL,0,250000,24,2,0,0,2015,"2025-08-05 18:00:26"
25159709123,2025-08-05,CUSTOMER,FULL,1986-05-02,39,NULL,0,330000,48,4,0,0,5448,"2025-08-05 18:00:18"
25159689334,2025-08-04,CO-APPLICANT,FULL,1980-01-01,45,1999-11-03,25,331000,42,4,0,0,3145,"2025-08-05 17:59:22"
25159711726,2025-08-05,CUSTOMER,FULL,1994-08-15,30,NULL,0,1100000,84,7,0,0,18705,"2025-08-05 17:58:21"
25159692167,2025-08-04,CUSTOMER,FULL,2003-04-18,22,1981-01-01,44,322000,48,4,0,0,2991,"2025-08-05 17:58:16"
8800168026,2025-08-05,CUSTOMER,FULL,2003-12-09,21,1977-02-15,48,148000,24,2,0,0,975,"2025-08-05 17:57:26"
8800520090,2025-08-05,CUSTOMER,FULL,1984-11-19,40,NULL,0,331000,60,5,0,0,6840,"2025-08-05 17:56:21"
25159687756,2025-08-04,CUSTOMER,FULL,1978-05-25,47,NULL,-1,1049000,60,5,0,0,43906,"2025-08-05 17:56:10"
25158965170,2025-07-15,CUSTOMER,FULL,1990-09-01,34,NULL,-1,350000,42,4,0,0,4659,"2025-08-05 17:56:08"
25159404659,2025-07-30,CUSTOMER,FULL,1988-01-12,37,NULL,-1,330000,60,5,0,0,5697,"2025-08-05 17:55:45"
25159658670,2025-08-01,CUSTOMER,FULL,1986-08-07,38,1950-07-05,75,450000,47,4,0,0,7339,"2025-08-05 17:55:28"
25159705346,2025-08-05,CUSTOMER,FULL,1964-07-01,61,1996-12-16,28,180000,12,1,0,0,11050,"2025-08-05 17:52:58"
8800136239,2025-08-05,CUSTOMER,FULL,1984-09-17,40,NULL,0,900000,60,5,0,0,20996,"2025-08-05 17:52:20"
8800377852,2025-07-25,CUSTOMER,FULL,1997-12-20,27,NULL,-1,200000,24,2,0,0,1393,"2025-08-05 17:52:03"
8800412308,2025-07-31,CUSTOMER,FULL,1993-01-01,32,1991-01-01,34,713000,54,5,0,0,8986,"2025-08-05 17:52:03"
25159688312,2025-08-04,CUSTOMER,FULL,1986-01-12,39,1991-01-01,34,1900000,48,4,0,0,33205,"2025-08-05 17:51:18"
25159707875,2025-08-05,CUSTOMER,FULL,1994-05-09,31,NULL,0,325000,42,4,0,0,3464,"2025-08-05 17:50:33"
25159710112,2025-08-05,CUSTOMER,FULL,1994-08-06,30,NULL,0,440000,48,4,0,0,4954,"2025-08-05 17:50:33"
8800435310,2025-07-31,CUSTOMER,FULL,1980-06-20,45,NULL,-1,400000,30,3,0,0,9478,"2025-08-05 17:49:41"
25159511155,2025-07-31,CUSTOMER,FULL,1994-01-27,31,NULL,-1,185000,36,3,0,0,1690,"2025-08-05 17:49:29"
25159710111,2025-08-05,CO-APPLICANT,FULL,1970-01-01,55,1990-06-12,35,430000,48,4,0,0,6033,"2025-08-05 17:49:19"
8800515412,2025-08-05,CUSTOMER,FULL,1991-07-24,34,NULL,0,260000,30,3,0,0,2817,"2025-08-05 17:47:31"
8800553232,2025-08-05,CUSTOMER,FULL,1982-04-15,43,1991-08-19,33,330000,36,3,0,0,5947,"2025-08-05 17:47:25"
8800217439,2025-08-05,CUSTOMER,FULL,1979-04-10,46,NULL,0,500000,60,5,0,0,19063,"2025-08-05 17:47:18"
8800548953,2025-08-02,CUSTOMER,FULL,1980-01-01,45,NULL,-1,400000,36,3,0,0,9478,"2025-08-05 17:47:01"
8800482528,2025-08-02,CUSTOMER,FULL,1973-08-02,52,NULL,-1,350000,60,5,0,0,23798,"2025-08-05 17:46:44"
8800436371,2025-08-04,CUSTOMER,FULL,1985-01-01,40,1990-01-01,35,266000,36,3,0,0,3899,"2025-08-05 17:46:40"
25159704753,2025-08-05,CUSTOMER,FULL,1998-08-06,26,NULL,0,1300000,84,7,0,0,20725,"2025-08-05 17:46:35"
8800356634,2025-08-04,CUSTOMER,FULL,2001-07-10,24,1975-01-01,50,630000,47,4,0,0,6706,"2025-08-05 17:46:22"
8800334235,2025-08-05,CUSTOMER,FULL,1978-06-12,47,NULL,0,550000,24,2,0,0,9939,"2025-08-05 17:45:05"
8800164285,2025-08-05,CUSTOMER,FULL,1997-01-01,28,NULL,0,550000,48,4,0,0,5939,"2025-08-05 17:44:45"
25158836608,2025-07-10,CUSTOMER,FULL,2005-03-31,20,NULL,-1,201500,24,2,0,0,1391,"2025-08-05 17:44:28"
25159117756,2025-07-24,CUSTOMER,FULL,1990-04-24,35,NULL,-1,309000,42,4,0,0,3738,"2025-08-05 17:44:19"
8800422668,2025-07-30,CUSTOMER,FULL,1990-04-03,35,NULL,-1,850000,60,5,0,0,11956,"2025-08-05 17:43:50"
8800441806,2025-07-30,CUSTOMER,FULL,1994-06-01,31,NULL,-1,750000,60,5,0,0,10452,"2025-08-05 17:43:40"
25159705273,2025-08-05,CUSTOMER,FULL,1975-01-28,50,NULL,0,280000,36,3,0,0,11118,"2025-08-05 17:43:19"
25159697465,2025-08-05,CUSTOMER,FULL,1991-11-05,33,NULL,0,500000,24,2,0,0,3965,"2025-08-05 17:40:49"
8800541126,2025-08-05,CUSTOMER,FULL,1990-01-30,35,NULL,0,520000,30,3,0,0,5922,"2025-08-05 17:40:33"
25159692533,2025-08-04,CUSTOMER,FULL,1989-01-01,36,NULL,-1,190000,18,2,0,0,1703,"2025-08-05 17:40:28"
25159693608,2025-08-04,CUSTOMER,FULL,1993-07-02,32,NULL,-1,430000,48,4,0,0,5232,"2025-08-05 17:40:04"
8800458211,2025-08-05,CUSTOMER,FULL,1999-08-10,25,NULL,0,1000000,36,3,0,0,8201,"2025-08-05 17:39:48"
8800239444,2025-08-04,CUSTOMER,FULL,1989-01-01,36,NULL,-1,160000,30,3,0,0,1913,"2025-08-05 17:38:43"
25159707805,2025-08-05,CUSTOMER,FULL,1991-05-23,34,NULL,0,1000000,47,4,0,0,13311,"2025-08-05 17:38:24"
25159125645,2025-07-25,CUSTOMER,FULL,1994-12-01,30,NULL,-1,250000,30,3,0,0,2366,"2025-08-05 17:38:18"
8800448963,2025-07-30,CUSTOMER,FULL,1981-10-15,43,NULL,-1,600000,48,4,0,0,14776,"2025-08-05 17:37:31"
25159711233,2025-08-05,CUSTOMER,FULL,1996-01-01,29,NULL,0,520000,24,2,0,0,3713,"2025-08-05 17:37:26"
25159695075,2025-08-04,CUSTOMER,FULL,1985-01-01,40,1986-01-01,39,800000,48,4,0,0,14047,"2025-08-05 17:37:10"
25159705613,2025-08-05,CUSTOMER,FULL,1989-07-25,36,1989-06-03,36,270000,48,4,0,0,4012,"2025-08-05 17:36:51"
25159062249,2025-07-21,CUSTOMER,FULL,2005-01-01,20,NULL,-1,132000,24,2,0,0,856,"2025-08-05 17:36:05"
8800458011,2025-08-04,CUSTOMER,FULL,1980-06-29,45,NULL,-1,600000,60,5,0,0,21120,"2025-08-05 17:36:05"
25159703043,2025-08-05,CUSTOMER,FULL,2003-08-25,21,1968-06-01,57,1050800,60,5,0,0,10986,"2025-08-05 17:35:51"
25159710097,2025-08-05,CUSTOMER,FULL,1991-01-01,34,NULL,0,263000,36,3,0,0,2607,"2025-08-05 17:35:03"
8800133688,2025-08-05,CUSTOMER,FULL,1985-01-01,40,1986-01-01,39,350000,36,3,0,0,5469,"2025-08-05 17:32:49"
25159661859,2025-08-01,CUSTOMER,FULL,1996-08-03,28,NULL,-1,135000,18,2,0,0,975,"2025-08-05 17:32:14"
8800559627,2025-08-05,CUSTOMER,FULL,1986-10-12,38,NULL,0,247000,36,3,0,0,3364,"2025-08-05 17:31:41"
25159711098,2025-08-05,CUSTOMER,FULL,1995-09-11,29,NULL,0,836000,48,4,0,0,8593,"2025-08-05 17:30:11"
25157595177,2025-06-20,CUSTOMER,"PARTIAL FINANCE AMOUNT",1977-06-01,48,1978-01-01,47,450000,48,4,337500,0,13493,"2025-08-05 17:29:47"
25159709659,2025-08-05,CUSTOMER,FULL,1987-02-04,38,NULL,0,800000,60,5,0,0,14604,"2025-08-05 17:29:39"
25159707907,2025-08-05,CUSTOMER,FULL,1992-12-13,32,1965-04-12,60,956000,60,5,0,0,12048,"2025-08-05 17:28:55"
25159708559,2025-08-05,CUSTOMER,FULL,2005-06-27,20,1973-10-20,51,1350000,48,4,0,0,12187,"2025-08-05 17:28:45"
25159706901,2025-08-05,CUSTOMER,FULL,2001-04-04,24,NULL,0,323000,36,3,0,0,2638,"2025-08-05 17:28:43"
8800231589,2025-08-05,CUSTOMER,FULL,1993-06-05,32,NULL,0,600000,48,4,0,0,7300,"2025-08-05 17:28:37"
8800466636,2025-08-04,CUSTOMER,FULL,1975-02-18,50,2000-02-12,25,720000,60,5,0,0,41402,"2025-08-05 17:27:34"
8800236615,2025-08-04,CUSTOMER,FULL,1990-08-08,34,NULL,-1,100000,12,1,0,0,820,"2025-08-05 17:27:31"
25159705925,2025-08-05,CUSTOMER,FULL,2002-07-17,23,1970-07-04,55,900000,48,4,0,0,9580,"2025-08-05 17:27:14"
25159676863,2025-08-02,CUSTOMER,FULL,1998-09-17,26,1976-02-07,49,1100000,84,7,0,0,17536,"2025-08-05 17:25:53"
25159308429,2025-07-29,CUSTOMER,FULL,1993-10-17,31,NULL,-1,999000,48,4,0,0,10645,"2025-08-05 17:25:32"
25159668307,2025-08-01,CUSTOMER,FULL,1998-01-01,27,1973-02-01,52,267000,48,4,0,0,2685,"2025-08-05 17:24:55"
25159708796,2025-08-05,CUSTOMER,FULL,1990-01-01,35,NULL,0,320000,48,4,0,0,3871,"2025-08-05 17:23:00"
25159663593,2025-08-01,CUSTOMER,FULL,1995-02-02,30,1969-03-20,56,275000,36,3,0,0,2467,"2025-08-05 17:22:52"
8800493009,2025-08-05,CUSTOMER,FULL,1994-05-06,31,NULL,0,475000,36,3,0,0,4619,"2025-08-05 17:21:39"
8800487712,2025-07-31,CUSTOMER,FULL,2002-01-01,23,NULL,-1,600000,60,5,0,0,7491,"2025-08-05 17:21:10"
8800027169,2025-08-05,CUSTOMER,FULL,1965-07-03,60,NULL,0,272000,42,4,0,0,27956,"2025-08-05 17:20:57"
25159705172,2025-08-05,CUSTOMER,"PARTIAL FINANCE AMOUNT",1976-01-01,49,NULL,0,250000,36,3,125000,0,4499,"2025-08-05 17:19:51"
8800488231,2025-08-05,CUSTOMER,FULL,1982-02-16,43,NULL,0,240000,24,2,0,0,3651,"2025-08-05 17:18:48"
25159711184,2025-08-05,CUSTOMER,FULL,1990-01-01,35,NULL,0,285000,48,4,0,0,3448,"2025-08-05 17:18:02"
8800274780,2025-08-05,CUSTOMER,FULL,1991-01-27,34,NULL,0,332000,54,5,0,0,4482,"2025-08-05 17:17:32"
8800421515,2025-07-26,CUSTOMER,FULL,2002-08-17,22,1973-01-15,52,104000,24,2,0,0,725,"2025-08-05 17:17:29"
8800294205,2025-08-04,CUSTOMER,FULL,1985-03-15,40,1985-06-18,40,450000,60,5,0,0,10498,"2025-08-05 17:17:26"
25159691932,2025-08-04,CUSTOMER,FULL,1996-01-01,29,NULL,-1,870000,60,5,0,0,10256,"2025-08-05 17:17:00"
25159689925,2025-08-04,CUSTOMER,FULL,1993-01-19,32,NULL,-1,322000,48,4,0,0,3519,"2025-08-05 17:16:49"
25159709688,2025-08-05,CUSTOMER,FULL,1990-01-01,35,NULL,0,490000,24,2,0,0,4337,"2025-08-05 17:16:48"
25159664925,2025-08-05,CO-APPLICANT,FULL,2000-01-01,25,2004-10-10,20,930000,48,4,0,0,9855,"2025-08-05 17:16:28"
8800532213,2025-08-05,CUSTOMER,FULL,1996-02-20,29,2000-05-15,25,650000,36,3,0,0,6029,"2025-08-05 17:15:38"
25159710262,2025-08-05,CUSTOMER,FULL,1991-05-16,34,NULL,0,310000,36,3,0,0,3359,"2025-08-05 17:15:22"
25159013669,2025-07-18,CUSTOMER,FULL,1975-08-01,49,NULL,-1,800000,60,5,0,0,40441,"2025-08-05 17:15:11"
25159708351,2025-08-05,CUSTOMER,FULL,1993-01-01,32,1997-11-15,27,710000,60,5,0,0,8948,"2025-08-05 17:13:29"
8800551579,2025-08-05,CUSTOMER,FULL,1998-01-01,27,1968-01-01,57,660000,60,5,0,0,8357,"2025-08-05 17:12:44"
8800502189,2025-08-05,CUSTOMER,FULL,1985-08-02,40,NULL,0,650000,60,5,0,0,14543,"2025-08-05 17:12:34"
25159710918,2025-08-05,CUSTOMER,FULL,1994-01-01,31,NULL,0,360000,42,4,0,0,3836,"2025-08-05 17:12:12"
25159532475,2025-07-31,CUSTOMER,FULL,1975-01-01,50,1995-04-05,30,300000,48,4,0,0,14497,"2025-08-05 17:12:10"
25159681920,2025-08-03,CUSTOMER,FULL,1999-10-18,25,1973-06-24,52,740000,48,4,0,0,7877,"2025-08-05 17:11:56"
8800525362,2025-08-05,CUSTOMER,FULL,1989-11-06,35,NULL,0,1600000,84,7,0,0,32550,"2025-08-05 17:11:52"
8800498058,2025-07-21,CUSTOMER,FULL,1988-01-01,37,1969-07-04,56,700000,60,5,0,0,12085,"2025-08-05 17:11:40"
25159164313,2025-07-27,CUSTOMER,FULL,1979-01-01,46,NULL,-1,620000,36,3,0,0,16220,"2025-08-05 17:11:11"
25159710856,2025-08-05,CUSTOMER,FULL,1982-02-20,43,NULL,0,650000,45,4,0,0,14198,"2025-08-05 17:10:54"
25159710063,2025-08-05,CUSTOMER,FULL,2000-01-01,25,NULL,0,900000,36,3,0,0,7381,"2025-08-05 17:10:52"
25159670246,2025-08-02,CUSTOMER,FULL,1995-01-01,30,NULL,-1,810000,72,6,0,0,12311,"2025-08-05 17:10:10"
25159102915,2025-07-24,CUSTOMER,FULL,1995-05-20,30,NULL,-1,700000,48,4,0,0,7955,"2025-08-05 17:09:03"
25159708530,2025-08-05,CUSTOMER,FULL,1979-08-15,45,NULL,0,100000,24,2,0,0,1774,"2025-08-05 17:08:53"
8800508232,2025-08-05,CUSTOMER,FULL,1971-10-31,53,NULL,0,110000,12,1,0,0,3441,"2025-08-05 17:08:36"
8800411497,2025-08-05,CUSTOMER,FULL,1990-07-26,35,NULL,0,375000,33,3,0,0,4257,"2025-08-05 17:06:59"
25158780281,2025-08-05,CUSTOMER,FULL,1986-08-20,38,NULL,0,205000,36,3,0,0,2683,"2025-08-05 17:06:29"
25159708821,2025-08-05,CUSTOMER,FULL,1993-09-05,31,NULL,0,130000,18,2,0,0,975,"2025-08-05 17:04:36"
25159706697,2025-08-05,CUSTOMER,FULL,1995-01-01,30,NULL,0,760000,71,6,0,0,11551,"2025-08-05 17:04:32"
25159687847,2025-08-04,CUSTOMER,FULL,1984-01-01,41,NULL,-1,435000,60,5,0,0,10959,"2025-08-05 17:04:24"
8800408233,2025-08-05,CUSTOMER,FULL,1985-12-01,39,2003-10-06,21,580000,72,6,0,0,14811,"2025-08-05 17:04:18"
25159118391,2025-07-24,CUSTOMER,FULL,2001-01-01,24,NULL,-1,645000,48,4,0,0,6082,"2025-08-05 17:03:18"
25159709665,2025-08-05,CUSTOMER,FULL,1973-01-25,52,NULL,0,150000,36,3,0,0,7162,"2025-08-05 17:03:06"
25159700826,2025-08-05,CUSTOMER,FULL,2001-12-19,23,NULL,0,297000,36,3,0,0,2615,"2025-08-05 17:02:58"
8800470683,2025-08-05,CUSTOMER,FULL,1994-02-08,31,NULL,0,410000,36,3,0,0,3929,"2025-08-05 17:02:21"
25159710044,2025-08-05,CUSTOMER,FULL,1997-02-17,28,1996-03-27,29,1500000,84,7,0,0,24515,"2025-08-05 17:02:17"
25159701635,2025-08-05,CUSTOMER,FULL,1971-03-06,54,NULL,0,275000,36,3,0,0,15602,"2025-08-05 17:02:00"
25159686758,2025-08-04,CUSTOMER,FULL,2000-04-10,25,NULL,-1,230000,36,3,0,0,1887,"2025-08-05 17:01:43"
25159710270,2025-08-05,CUSTOMER,FULL,1985-01-01,40,NULL,0,700000,48,4,0,0,13175,"2025-08-05 17:01:37"
25159669479,2025-08-02,CUSTOMER,FULL,1979-01-01,46,NULL,-1,70000,12,1,0,0,1161,"2025-08-05 17:00:44"
8800522869,2025-08-02,CUSTOMER,FULL,1997-01-09,28,NULL,-1,343837,60,5,0,0,3993,"2025-08-05 17:00:26"
25159688774,2025-08-04,CUSTOMER,FULL,2001-01-01,24,2006-08-06,18,950000,72,6,0,0,12701,"2025-08-05 16:59:57"
8800218542,2025-08-04,CUSTOMER,FULL,1995-02-07,30,NULL,-1,500000,12,1,0,0,3699,"2025-08-05 16:59:35"
25158820796,2025-08-01,CUSTOMER,FULL,1977-10-05,47,NULL,-1,400000,36,3,0,0,11602,"2025-08-05 16:59:31"
8800458895,2025-08-05,CUSTOMER,FULL,1979-01-01,46,NULL,0,117000,18,2,0,0,2490,"2025-08-05 16:59:09"
25159680615,2025-08-03,CUSTOMER,FULL,2004-02-02,21,1973-01-01,52,250000,18,2,0,0,1738,"2025-08-05 16:58:47"
8800202373,2025-08-05,CUSTOMER,FULL,1984-10-10,40,NULL,0,450000,48,4,0,0,8714,"2025-08-05 16:58:46"
8800454961,2025-08-05,CUSTOMER,FULL,2002-06-01,23,1976-01-01,49,880000,60,5,0,0,9388,"2025-08-05 16:58:12"
25159142349,2025-07-26,CUSTOMER,FULL,1997-07-05,28,1996-01-01,29,920000,72,6,0,0,13495,"2025-08-05 16:57:13"
25159110391,2025-07-24,CUSTOMER,FULL,2002-09-12,22,NULL,-1,1150000,60,5,0,0,12186,"2025-08-05 16:57:05"
25159705313,2025-08-05,CUSTOMER,FULL,1999-06-19,26,NULL,0,300000,30,3,0,0,2673,"2025-08-05 16:56:58"
25159695012,2025-08-04,CUSTOMER,"PARTIAL TENURE",1977-05-05,48,NULL,-1,340000,36,3,0,2,8394,"2025-08-05 16:56:52"
8800476231,2025-07-31,CUSTOMER,FULL,1994-01-01,31,NULL,-1,320000,48,4,0,0,3410,"2025-08-05 16:56:47"
25159702338,2025-08-05,CUSTOMER,FULL,1995-01-01,30,NULL,0,700000,60,5,0,0,9442,"2025-08-05 16:56:31"
8800446716,2025-07-26,CUSTOMER,FULL,1996-03-15,29,1997-01-01,28,323000,42,4,0,0,3320,"2025-08-05 16:56:10"
8800570953,2025-08-05,CUSTOMER,FULL,1996-12-05,28,NULL,0,500000,60,5,0,0,6266,"2025-08-05 16:55:52"
25159709886,2025-08-05,CUSTOMER,FULL,1984-06-01,41,NULL,0,300000,48,4,0,0,6266,"2025-08-05 16:55:42"
8800410110,2025-08-05,CUSTOMER,FULL,1975-09-20,49,1980-05-20,45,650000,60,5,0,0,33956,"2025-08-05 16:55:29"
25159709998,2025-08-05,CUSTOMER,FULL,1983-03-28,42,NULL,0,500000,60,5,0,0,13240,"2025-08-05 16:55:19"
8800479431,2025-08-05,CUSTOMER,FULL,2000-06-05,25,NULL,0,600000,47,4,0,0,6266,"2025-08-05 16:55:09"
8800559406,2025-08-05,CUSTOMER,FULL,1998-09-13,26,NULL,0,548000,60,5,0,0,6874,"2025-08-05 16:54:02"
8800507877,2025-08-05,CUSTOMER,FULL,1998-08-15,26,NULL,0,550000,45,4,0,0,5803,"2025-08-05 16:53:45"
25157676456,2025-06-26,CUSTOMER,FULL,1994-04-28,31,NULL,-1,550000,36,3,0,0,5270,"2025-08-05 16:53:37"
8800520029,2025-08-05,CUSTOMER,FULL,1991-01-07,34,1973-12-19,51,800000,36,3,0,0,7930,"2025-08-05 16:53:01"
25159709206,2025-08-05,CUSTOMER,FULL,2002-05-05,23,NULL,0,330000,48,4,0,0,3088,"2025-08-05 16:52:39"
25159671695,2025-08-02,CUSTOMER,FULL,1982-03-02,43,NULL,-1,291500,48,4,0,0,6367,"2025-08-05 16:52:25"
25159709187,2025-08-05,CUSTOMER,FULL,1981-06-16,44,NULL,0,150000,17,2,0,0,2487,"2025-08-05 16:51:22"
8800289778,2025-08-05,CUSTOMER,FULL,1971-01-01,54,NULL,0,513000,60,5,0,0,39384,"2025-08-05 16:51:15"
25159678159,2025-08-02,CUSTOMER,FULL,2000-11-05,24,1980-01-01,45,345000,42,4,0,0,3253,"2025-08-05 16:50:05"
25158020847,2025-08-05,CUSTOMER,"PARTIAL FINANCE AMOUNT",1967-04-15,58,NULL,0,350000,24,2,175000,0,10549,"2025-08-05 16:49:04"
25159702723,2025-08-05,CUSTOMER,FULL,1976-01-01,49,1998-12-08,26,100000,36,3,0,0,3564,"2025-08-05 16:48:57"
25159019770,2025-08-04,CUSTOMER,FULL,1998-04-12,27,NULL,-1,550000,48,4,0,0,5906,"2025-08-05 16:48:19"
25159709745,2025-08-05,CUSTOMER,FULL,1998-05-03,27,1975-01-01,50,500000,24,2,0,0,3481,"2025-08-05 16:47:02"
25159677064,2025-08-02,CUSTOMER,FULL,1996-12-23,28,NULL,-1,915000,60,5,0,0,11758,"2025-08-05 16:46:49"
8800274439,2025-07-10,CUSTOMER,FULL,1979-09-16,45,NULL,-1,531000,18,2,0,0,9656,"2025-08-05 16:46:21"
25159705372,2025-08-05,CUSTOMER,FULL,1982-06-15,43,NULL,0,860000,66,6,0,0,28577,"2025-08-05 16:45:59"
25159710084,2025-08-05,CUSTOMER,FULL,1980-02-27,45,NULL,0,300000,42,4,0,0,8808,"2025-08-05 16:45:51"
8800471842,2025-08-03,CUSTOMER,FULL,2000-01-01,25,1995-01-01,30,330000,48,4,0,0,3135,"2025-08-05 16:44:53"
8800300443,2025-08-04,CUSTOMER,FULL,1985-10-01,39,NULL,-1,325000,30,3,0,0,4733,"2025-08-05 16:43:43"
25159710295,2025-08-05,CUSTOMER,FULL,1989-06-02,36,NULL,0,940000,60,5,0,0,15407,"2025-08-05 16:43:32"
8800385586,2025-08-05,CUSTOMER,FULL,1996-11-22,28,1989-07-12,36,1025000,60,5,0,0,11902,"2025-08-05 16:42:30"
8800484802,2025-08-04,CUSTOMER,FULL,1989-02-10,36,NULL,-1,400000,48,4,0,0,5754,"2025-08-05 16:41:24"
8800251846,2025-08-04,CUSTOMER,FULL,1997-02-10,28,NULL,-1,465000,30,3,0,0,4225,"2025-08-05 16:41:23"
8800458206,2025-08-01,CUSTOMER,FULL,1995-01-01,30,NULL,-1,159000,24,2,0,0,1183,"2025-08-05 16:40:37"
25157484061,2025-06-11,CUSTOMER,FULL,1990-12-24,34,1998-07-09,26,600000,48,4,0,0,7796,"2025-08-05 16:40:05"
25159198342,2025-07-28,CUSTOMER,FULL,1992-10-02,32,NULL,-1,622000,60,5,0,0,7839,"2025-08-05 16:39:59"
25159111315,2025-07-24,CUSTOMER,FULL,1964-04-25,61,NULL,-1,360000,48,4,0,0,40110,"2025-08-05 16:39:33"
25159422382,2025-07-30,CO-APPLICANT,FULL,2000-01-01,25,1994-10-08,30,1080000,60,5,0,0,12961,"2025-08-05 16:39:25"
8800542684,2025-08-05,CUSTOMER,FULL,1990-02-02,35,NULL,0,308900,60,5,0,0,4345,"2025-08-05 16:39:13"
8800498183,2025-08-02,CUSTOMER,FULL,1986-03-10,39,1991-01-19,34,2500000,60,5,0,0,54192,"2025-08-05 16:39:08"
8800466998,2025-08-02,CUSTOMER,FULL,1998-01-01,27,NULL,-1,440000,48,4,0,0,4424,"2025-08-05 16:38:51"
8800484911,2025-08-05,CUSTOMER,FULL,1972-08-20,52,NULL,0,255000,24,2,0,0,7290,"2025-08-05 16:38:31"
25159132512,2025-07-25,CUSTOMER,FULL,1996-01-01,29,NULL,-1,520000,24,2,0,0,3713,"2025-08-05 16:37:00"
8800434061,2025-07-21,CUSTOMER,FULL,2003-07-07,22,1969-01-01,56,270000,36,3,0,0,2161,"2025-08-05 16:36:18"
8800500880,2025-08-05,CUSTOMER,FULL,1996-07-02,29,NULL,0,420000,48,4,0,0,4654,"2025-08-05 16:36:16"
25159705644,2025-08-05,CUSTOMER,FULL,1995-10-14,29,NULL,0,500000,48,4,0,0,5541,"2025-08-05 16:35:17"
25159709188,2025-08-05,CUSTOMER,FULL,1989-05-18,36,NULL,0,134000,36,3,0,0,1602,"2025-08-05 16:34:56"
25159702998,2025-08-05,CUSTOMER,FULL,1991-08-23,33,NULL,0,892000,72,6,0,0,14810,"2025-08-05 16:33:22"
8800524976,2025-08-05,CUSTOMER,FULL,2001-02-01,24,NULL,0,765000,48,4,0,0,7213,"2025-08-05 16:33:20"
8800535352,2025-08-05,CUSTOMER,FULL,1977-12-06,47,NULL,0,420000,24,2,0,0,9323,"2025-08-05 16:33:04"
8800477283,2025-07-26,CUSTOMER,FULL,2003-07-20,22,2002-04-08,23,320000,36,3,0,0,2561,"2025-08-05 16:32:39"
8800456267,2025-08-04,CUSTOMER,FULL,1984-11-17,40,NULL,-1,450000,46,4,0,0,8470,"2025-08-05 16:32:17"
25159671896,2025-08-02,CUSTOMER,FULL,1984-10-07,40,NULL,-1,220000,48,4,0,0,3863,"2025-08-05 16:31:34"
25159677789,2025-08-02,CUSTOMER,FULL,1983-01-01,42,1986-01-01,39,456000,60,5,0,0,12468,"2025-08-05 16:31:09"
25159669915,2025-08-02,CUSTOMER,FULL,2001-01-01,24,NULL,-1,270000,59,5,0,0,3228,"2025-08-05 16:30:44"
25159709326,2025-08-05,CUSTOMER,FULL,1997-01-01,28,1993-01-01,32,580000,60,5,0,0,7454,"2025-08-05 16:30:25"
8800401375,2025-08-05,CUSTOMER,FULL,1998-04-16,27,NULL,0,620000,30,3,0,0,5378,"2025-08-05 16:29:45"
25159694615,2025-08-04,CUSTOMER,FULL,1985-01-01,40,NULL,-1,550000,46,4,0,0,10352,"2025-08-05 16:29:34"
25159704595,2025-08-05,CUSTOMER,FULL,2004-04-08,21,NULL,0,240000,36,3,0,0,2113,"2025-08-05 16:29:14"
8800422701,2025-07-22,CUSTOMER,FULL,1989-01-08,36,1989-01-08,36,661000,48,4,0,0,9820,"2025-08-05 16:28:28"
8800478669,2025-07-31,CUSTOMER,FULL,1978-01-01,47,NULL,-1,795000,48,4,0,0,27843,"2025-08-05 16:28:15"
8800423420,2025-08-04,CUSTOMER,FULL,1988-04-10,37,1966-03-06,59,700000,36,3,0,0,8855,"2025-08-05 16:28:09"
8800454933,2025-08-05,CUSTOMER,FULL,1992-09-05,32,NULL,0,110000,24,2,0,0,844,"2025-08-05 16:27:57"
8800470380,2025-07-21,CUSTOMER,FULL,1986-10-10,38,1978-07-12,47,1020304,84,7,0,0,28089,"2025-08-05 16:27:25"
8800230138,2025-07-18,CUSTOMER,FULL,1996-01-12,29,NULL,-1,669000,48,4,0,0,7413,"2025-08-05 16:27:01"
25159704362,2025-08-05,CUSTOMER,FULL,1984-03-15,41,1981-05-14,44,200000,24,2,0,0,2599,"2025-08-05 16:26:49"
25159669857,2025-08-02,CUSTOMER,FULL,1992-10-13,32,NULL,-1,350000,48,4,0,0,3825,"2025-08-05 16:25:44"
25159671822,2025-08-02,CO-APPLICANT,FULL,1983-01-01,42,1984-01-01,41,595000,59,5,0,0,14990,"2025-08-05 16:25:15"
8800552216,2025-08-05,CUSTOMER,FULL,2000-01-01,25,1971-01-01,54,773000,72,6,0,0,11092,"2025-08-05 16:25:09"
25159706462,2025-08-05,CUSTOMER,FULL,1983-09-02,41,NULL,0,80000,24,2,0,0,1040,"2025-08-05 16:23:31"
8800494407,2025-08-04,CUSTOMER,FULL,1982-07-15,43,NULL,-1,950000,60,5,0,0,24662,"2025-08-05 16:23:29"
25159689765,2025-08-04,CUSTOMER,FULL,1983-05-17,42,NULL,-1,230000,36,3,0,0,4183,"2025-08-05 16:23:03"
25159167687,2025-07-28,CUSTOMER,FULL,2002-11-26,22,NULL,-1,385000,36,3,0,0,3081,"2025-08-05 16:22:43"
25159704654,2025-08-05,CUSTOMER,FULL,1993-01-05,32,NULL,0,333000,54,5,0,0,4197,"2025-08-05 16:20:50"
25159709089,2025-08-05,CUSTOMER,FULL,1979-02-10,46,2005-03-05,20,130000,24,2,0,0,2605,"2025-08-05 16:20:50"
25158932912,2025-07-14,CUSTOMER,FULL,1987-05-20,38,NULL,-1,1000000,60,5,0,0,20226,"2025-08-05 16:20:10"
8800192958,2025-08-05,CUSTOMER,FULL,1991-09-08,33,NULL,0,310000,24,2,0,0,2448,"2025-08-05 16:19:01"
25159706837,2025-08-05,CUSTOMER,FULL,2002-09-26,22,NULL,0,842000,72,6,0,0,11079,"2025-08-05 16:18:18"
25159708062,2025-08-05,CUSTOMER,FULL,2001-02-24,24,NULL,0,260000,30,3,0,0,2289,"2025-08-05 16:17:47"
25159640096,2025-08-01,CUSTOMER,FULL,1987-07-20,38,NULL,-1,450000,48,4,0,0,7339,"2025-08-05 16:17:14"
25159670264,2025-08-02,CUSTOMER,FULL,1985-01-01,40,1986-01-01,39,910000,72,6,0,0,23903,"2025-08-05 16:17:05"
25159537334,2025-07-31,CUSTOMER,FULL,1990-04-07,35,NULL,-1,440000,48,4,0,0,6002,"2025-08-05 16:17:02"
25159708489,2025-08-05,CUSTOMER,FULL,2000-02-22,25,NULL,0,295000,36,3,0,0,2420,"2025-08-05 16:16:59"
8800523956,2025-08-04,CUSTOMER,FULL,1987-04-21,38,NULL,-1,180000,12,1,0,0,1801,"2025-08-05 16:16:37"
8800486883,2025-08-05,CUSTOMER,FULL,1990-01-01,35,NULL,0,1500000,36,3,0,0,15364,"2025-08-05 16:16:28"
25159709278,2025-08-05,CUSTOMER,FULL,1982-06-22,43,1988-11-10,36,550000,60,5,0,0,16394,"2025-08-05 16:16:22"
25159699327,2025-08-05,CUSTOMER,FULL,1996-01-01,29,1966-01-01,59,280000,36,3,0,0,2548,"2025-08-05 16:16:18"
8800535010,2025-07-29,CUSTOMER,FULL,2002-05-10,23,NULL,-1,640000,60,5,0,0,6828,"2025-08-05 16:15:58"
8800240098,2025-07-18,CO-APPLICANT,"PARTIAL FINANCE AMOUNT",1965-04-03,60,1972-01-05,53,140000,24,2,105000,0,4343,"2025-08-05 16:15:57"
25159677430,2025-08-02,CUSTOMER,FULL,1986-01-01,39,1991-01-01,34,131000,24,2,0,0,1498,"2025-08-05 16:15:53"
8800467584,2025-07-29,CUSTOMER,FULL,1994-12-15,30,1985-01-01,40,330000,48,4,0,0,3443,"2025-08-05 16:15:28"
8800419269,2025-07-24,CUSTOMER,FULL,1985-07-18,40,NULL,-1,700000,48,4,0,0,13555,"2025-08-05 16:14:59"
25158982676,2025-07-16,CUSTOMER,FULL,2000-05-18,25,1980-12-22,44,313000,42,4,0,0,2974,"2025-08-05 16:13:46"
25159709090,2025-08-05,CUSTOMER,FULL,1992-08-12,32,NULL,0,255000,20,2,0,0,1955,"2025-08-05 16:12:36"
8800412309,2025-08-05,CUSTOMER,FULL,1999-08-08,25,1998-08-06,26,390000,36,3,0,0,3199,"2025-08-05 16:12:00"
8800002239,2025-08-04,CUSTOMER,FULL,1987-09-11,37,NULL,-1,295000,36,3,0,0,3770,"2025-08-05 16:11:16"
25159685018,2025-08-04,CUSTOMER,FULL,1990-03-05,35,1996-02-03,29,150000,12,1,0,0,756,"2025-08-05 16:10:58"
25159685478,2025-08-04,CUSTOMER,FULL,1982-01-01,43,2006-03-24,19,208000,36,3,0,0,4112,"2025-08-05 16:10:40"
8800434164,2025-08-05,CUSTOMER,FULL,1985-10-10,39,1968-11-15,56,600000,48,4,0,0,10819,"2025-08-05 16:10:10"
8800048191,2025-08-05,CUSTOMER,FULL,1993-08-13,31,NULL,0,180000,24,2,0,0,1349,"2025-08-05 16:09:53"
25159709100,2025-08-05,CUSTOMER,FULL,1981-01-01,44,1984-01-01,41,842000,72,6,0,0,30552,"2025-08-05 16:09:12"
25159165467,2025-07-27,CUSTOMER,FULL,1988-04-14,37,NULL,-1,900000,59,5,0,0,15538,"2025-08-05 16:08:06"
25159553182,2025-07-31,CUSTOMER,FULL,1984-01-01,41,1984-01-01,41,250000,36,3,0,0,4207,"2025-08-05 16:07:49"
25159709419,2025-08-05,CUSTOMER,FULL,1974-01-01,51,1999-01-01,26,925000,60,5,0,0,58450,"2025-08-05 16:07:45"
25159703916,2025-08-05,CUSTOMER,FULL,1991-05-31,34,1986-05-28,39,470000,36,3,0,0,5092,"2025-08-05 16:06:22"
8800467834,2025-07-30,CUSTOMER,FULL,1986-06-19,39,NULL,-1,410000,48,4,0,0,6769,"2025-08-05 16:04:56"
25159703082,2025-08-05,CUSTOMER,FULL,1993-09-07,31,1996-03-13,29,700000,59,5,0,0,8574,"2025-08-05 16:04:40"
25159708451,2025-08-05,CUSTOMER,FULL,1997-08-28,27,NULL,0,700000,48,4,0,0,7459,"2025-08-05 16:04:40"
25159709462,2025-08-05,CUSTOMER,FULL,1995-03-12,30,NULL,0,900000,60,5,0,0,10801,"2025-08-05 16:03:44"
25159708932,2025-08-05,CUSTOMER,FULL,1977-05-06,48,1976-02-11,49,160000,30,3,0,0,5172,"2025-08-05 16:02:54"
8800533730,2025-08-04,CUSTOMER,FULL,1977-01-01,48,1978-02-10,47,266000,48,4,0,0,10534,"2025-08-05 16:02:45"
25158762350,2025-07-07,CUSTOMER,FULL,2001-01-08,24,1970-01-01,55,570000,48,4,0,0,6067,"2025-08-05 16:02:32"
8800057423,2025-08-05,CUSTOMER,FULL,1981-01-01,44,1975-01-01,50,190000,12,1,0,0,2689,"2025-08-05 16:02:04"
25159670205,2025-08-02,CUSTOMER,FULL,2001-03-10,24,1971-01-01,54,1054995,71,6,0,0,14105,"2025-08-05 16:00:50"
25159708700,2025-08-05,CUSTOMER,FULL,1994-03-17,31,NULL,0,1320000,48,4,0,0,14066,"2025-08-05 16:00:25"
25159672101,2025-08-02,CUSTOMER,FULL,1979-11-15,45,NULL,-1,270000,36,3,0,0,5738,"2025-08-05 16:00:12"
25159687203,2025-08-04,CUSTOMER,FULL,1986-05-20,39,NULL,-1,600000,60,5,0,0,11640,"2025-08-05 16:00:08"
25159707599,2025-08-05,CUSTOMER,FULL,1998-04-15,27,NULL,0,300000,36,3,0,0,2702,"2025-08-05 16:00:08"
25159709140,2025-08-05,CO-APPLICANT,FULL,1974-01-15,51,2001-05-04,24,525000,30,3,0,0,4622,"2025-08-05 15:58:17"
25159708988,2025-08-05,CUSTOMER,FULL,1971-01-01,54,NULL,0,305000,48,4,0,0,21083,"2025-08-05 15:57:56"
8800567477,2025-08-05,CUSTOMER,FULL,1986-10-16,38,NULL,0,420000,36,3,0,0,5670,"2025-08-05 15:57:39"
8800544552,2025-08-05,CUSTOMER,FULL,1969-05-18,56,1994-02-02,31,600000,35,3,0,0,38240,"2025-08-05 15:57:24"
25159391746,2025-07-30,CUSTOMER,FULL,1995-05-02,30,2007-01-24,18,695000,60,5,0,0,9374,"2025-08-05 15:56:18"
25159136571,2025-07-25,CUSTOMER,FULL,1994-01-01,31,1999-01-01,26,308000,30,3,0,0,2814,"2025-08-05 15:56:07"
8800351896,2025-08-04,CUSTOMER,FULL,1991-12-06,33,1992-11-11,32,250000,36,3,0,0,2599,"2025-08-05 15:56:07"
25159705127,2025-08-05,CUSTOMER,FULL,2004-03-18,21,1975-06-01,50,600000,48,4,0,0,5502,"2025-08-05 15:55:52"
8800549501,2025-07-30,CO-APPLICANT,FULL,2000-01-01,25,1979-02-04,46,753000,60,5,0,0,29696,"2025-08-05 15:55:49"
25159687568,2025-08-04,CUSTOMER,FULL,1989-10-01,35,NULL,-1,830000,48,4,0,0,10039,"2025-08-05 15:55:29"
25159709009,2025-08-05,CUSTOMER,FULL,1979-10-12,45,1974-05-01,51,999000,24,2,0,0,15257,"2025-08-05 15:54:57"
25159707071,2025-08-05,CUSTOMER,FULL,1977-01-01,48,1979-08-09,45,200000,12,1,0,0,3949,"2025-08-05 15:54:36"
25159705393,2025-08-05,CUSTOMER,FULL,1994-04-02,31,1995-01-01,30,335000,48,4,0,0,3570,"2025-08-05 15:54:33"
25159689799,2025-08-04,CUSTOMER,FULL,1989-11-26,35,NULL,-1,200000,36,3,0,0,2278,"2025-08-05 15:54:30"
25159693948,2025-08-05,CUSTOMER,FULL,1993-03-01,32,NULL,0,350000,36,3,0,0,3267,"2025-08-05 15:54:27"
25159702743,2025-08-05,CUSTOMER,FULL,1988-07-25,37,NULL,0,500000,48,4,0,0,7895,"2025-08-05 15:53:47"
8800182013,2025-08-05,CUSTOMER,FULL,1996-06-18,29,NULL,0,210000,24,2,0,0,1548,"2025-08-05 15:52:25"
25159515763,2025-07-31,CUSTOMER,"PARTIAL TENURE",1980-06-06,45,NULL,-1,750000,60,5,0,2,13638,"2025-08-05 15:51:48"
8800323235,2025-08-04,CUSTOMER,FULL,1991-12-07,33,1991-07-14,34,400000,36,3,0,0,4159,"2025-08-05 15:50:58"
25157669656,2025-06-25,CUSTOMER,"PARTIAL FINANCE AMOUNT",1962-09-22,62,NULL,-1,300000,36,3,225000,0,22170,"2025-08-05 15:50:55"
25159709128,2025-08-05,CUSTOMER,FULL,1981-01-15,44,NULL,0,292600,36,3,0,0,5704,"2025-08-05 15:50:10"
25159396038,2025-07-30,CUSTOMER,FULL,1972-01-01,53,NULL,-1,80000,24,2,0,0,3309,"2025-08-05 15:49:11"
25159513755,2025-07-31,CUSTOMER,FULL,1977-04-12,48,NULL,-1,170000,30,3,0,0,5495,"2025-08-05 15:49:08"
8800287888,2025-08-04,CUSTOMER,FULL,1980-06-01,45,NULL,-1,448000,48,4,0,0,13269,"2025-08-05 15:49:06"
25159671298,2025-08-02,CUSTOMER,FULL,1983-01-01,42,NULL,-1,1300000,60,5,0,0,35543,"2025-08-05 15:48:55"
8800491543,2025-08-01,CUSTOMER,FULL,1992-01-11,33,NULL,-1,267000,42,4,0,0,3006,"2025-08-05 15:48:44"
25159708779,2025-08-05,CUSTOMER,FULL,1999-10-19,25,NULL,0,220000,36,3,0,0,1937,"2025-08-05 15:48:43"
25158744549,2025-07-05,CUSTOMER,FULL,1986-08-08,38,NULL,-1,180000,36,3,0,0,2430,"2025-08-05 15:47:19"
25159692603,2025-08-04,CUSTOMER,FULL,1997-02-19,28,1988-12-31,36,880000,60,5,0,0,11309,"2025-08-05 15:47:12"
8800458775,2025-08-05,CUSTOMER,FULL,1994-10-20,30,1989-12-25,35,321000,60,5,0,0,3853,"2025-08-05 15:46:55"
8800318366,2025-07-30,CUSTOMER,FULL,1979-01-01,46,NULL,-1,250000,24,2,0,0,5010,"2025-08-05 15:46:18"
25159698702,2025-08-05,CUSTOMER,FULL,1988-05-07,37,NULL,0,1020000,60,5,0,0,17609,"2025-08-05 15:46:12"
25159708518,2025-08-05,CUSTOMER,FULL,1994-04-17,31,NULL,0,320000,60,5,0,0,4460,"2025-08-05 15:46:02"
25159534788,2025-07-31,CUSTOMER,FULL,1975-01-01,50,NULL,-1,900000,60,5,0,0,49808,"2025-08-05 15:45:25"
25159431342,2025-07-30,CUSTOMER,FULL,1970-02-03,55,NULL,-1,250000,36,3,0,0,14187,"2025-08-05 15:45:03"
8800399795,2025-08-05,CUSTOMER,FULL,1990-04-07,35,NULL,0,760000,36,3,0,0,7785,"2025-08-05 15:44:48"
8800327474,2025-07-01,CO-APPLICANT,FULL,1996-08-04,28,1992-04-15,33,331000,48,4,0,0,3727,"2025-08-05 15:44:01"
25159708741,2025-08-05,CUSTOMER,FULL,1985-10-20,39,NULL,0,340000,36,3,0,0,4703,"2025-08-05 15:43:35"
25159667655,2025-08-01,CUSTOMER,FULL,1998-08-04,26,NULL,-1,980000,48,4,0,0,9784,"2025-08-05 15:43:19"
25159688272,2025-08-04,CUSTOMER,FULL,1998-08-12,26,NULL,-1,820000,36,3,0,0,7219,"2025-08-05 15:43:19"
25159171059,2025-07-28,CUSTOMER,FULL,1972-07-01,53,NULL,-1,880000,48,4,0,0,55929,"2025-08-05 15:43:03"
25157570905,2025-06-18,CUSTOMER,FULL,1992-01-01,33,1994-01-01,31,774000,60,5,0,0,10084,"2025-08-05 15:42:51"
8800462033,2025-08-05,CUSTOMER,FULL,1982-01-01,43,1980-01-01,45,350000,36,3,0,0,6918,"2025-08-05 15:42:32"
25159412633,2025-07-30,CUSTOMER,FULL,2001-02-20,24,NULL,-1,75000,24,2,0,0,523,"2025-08-05 15:41:30"
8800173109,2025-07-23,CUSTOMER,FULL,1965-10-23,59,1985-03-05,40,200000,24,2,0,0,12778,"2025-08-05 15:41:09"
8800488012,2025-08-04,CUSTOMER,FULL,1992-06-08,33,1989-03-20,36,890000,60,5,0,0,11595,"2025-08-05 15:40:58"
25159646831,2025-08-01,CUSTOMER,FULL,1985-01-01,40,NULL,-1,300000,48,4,0,0,5810,"2025-08-05 15:40:51"
25159385277,2025-07-30,CUSTOMER,FULL,1989-01-23,36,NULL,-1,1025700,60,5,0,0,16812,"2025-08-05 15:39:57"
25159706967,2025-08-05,CUSTOMER,FULL,1996-12-27,28,1976-01-01,49,700000,48,4,0,0,7558,"2025-08-05 15:39:46"
8800496038,2025-08-05,CUSTOMER,FULL,1980-02-11,45,NULL,0,110000,12,1,0,0,1021,"2025-08-05 15:39:10"
25159708549,2025-08-05,CUSTOMER,FULL,1991-03-05,34,NULL,0,300000,60,5,0,0,4050,"2025-08-05 15:38:46"
8800540837,2025-08-05,CUSTOMER,FULL,1990-10-02,34,NULL,0,556583,84,7,0,0,11921,"2025-08-05 15:38:44"
25159707962,2025-08-05,CUSTOMER,FULL,2002-08-08,22,NULL,0,700000,47,4,0,0,7096,"2025-08-05 15:38:28"
25159385420,2025-07-30,CUSTOMER,FULL,1991-02-01,34,1989-10-21,35,1000000,60,5,0,0,15907,"2025-08-05 15:38:07"
25159703393,2025-08-05,CUSTOMER,FULL,1986-01-01,39,NULL,0,530000,36,3,0,0,7718,"2025-08-05 15:38:00"
8800128260,2025-08-05,CUSTOMER,FULL,1976-03-01,49,NULL,0,230000,42,4,0,0,10105,"2025-08-05 15:37:50"
25159665768,2025-08-01,CUSTOMER,FULL,1997-07-10,28,NULL,-1,720000,60,5,0,0,8361,"2025-08-05 15:36:06"
25159705682,2025-08-05,CUSTOMER,FULL,2000-07-07,25,NULL,0,750000,36,3,0,0,6603,"2025-08-05 15:35:51"
25159704000,2025-08-05,CUSTOMER,FULL,1975-11-12,49,2000-02-02,25,285000,48,4,0,0,12437,"2025-08-05 15:35:38"
8800011555,2025-07-24,CUSTOMER,FULL,1985-03-22,40,NULL,-1,460000,48,4,0,0,8908,"2025-08-05 15:35:17"
25159555843,2025-07-31,CUSTOMER,FULL,1991-06-21,34,NULL,-1,1100000,60,5,0,0,14850,"2025-08-05 15:35:12"
8800416423,2025-07-31,CUSTOMER,FULL,1985-06-01,40,1962-01-01,63,530000,60,5,0,0,12365,"2025-08-05 15:34:55"
8800486051,2025-08-05,CUSTOMER,FULL,1988-05-22,37,NULL,0,490000,48,4,0,0,7477,"2025-08-05 15:33:26"
25159693216,2025-08-04,CUSTOMER,FULL,1978-03-30,47,1984-06-06,41,632000,36,3,0,0,18488,"2025-08-05 15:33:01"
25159669296,2025-08-02,CUSTOMER,FULL,1972-06-01,53,1978-01-01,47,1100000,60,5,0,0,78257,"2025-08-05 15:32:36"
25159708387,2025-08-05,CUSTOMER,FULL,1985-06-10,40,NULL,0,800000,36,3,0,0,12499,"2025-08-05 15:32:07"
8800462163,2025-08-04,CUSTOMER,FULL,1983-08-10,41,1960-01-01,65,510000,60,5,0,0,12849,"2025-08-05 15:32:04"
25159569821,2025-07-31,CUSTOMER,FULL,2005-07-30,20,1984-07-15,41,833000,60,5,0,0,8572,"2025-08-05 15:31:26"
25159692908,2025-08-04,CUSTOMER,FULL,2003-05-17,22,1966-01-01,59,800000,72,6,0,0,10526,"2025-08-05 15:30:58"
8800387364,2025-08-04,CUSTOMER,FULL,1982-01-01,43,NULL,-1,870000,48,4,0,0,19003,"2025-08-05 15:30:43"
25157943479,2025-08-05,CUSTOMER,FULL,1998-05-13,27,NULL,0,250000,16,2,0,0,1838,"2025-08-05 15:30:07"
25159701239,2025-08-05,CUSTOMER,FULL,2000-06-16,25,NULL,0,920000,36,3,0,0,8121,"2025-08-05 15:29:53"
25159708033,2025-08-05,CO-APPLICANT,FULL,1965-01-01,60,1991-06-26,34,410000,60,5,0,0,6522,"2025-08-05 15:29:44"
25159513756,2025-07-31,CUSTOMER,FULL,1994-05-11,31,2004-06-17,21,931000,60,5,0,0,11404,"2025-08-05 15:29:40"
8800482331,2025-08-01,CUSTOMER,FULL,1989-04-04,36,NULL,-1,800000,58,5,0,0,13566,"2025-08-05 15:29:36"
8800492534,2025-08-04,CUSTOMER,FULL,1990-06-06,35,NULL,-1,790000,30,3,0,0,8092,"2025-08-05 15:29:27"
25159708698,2025-08-05,CUSTOMER,FULL,1987-08-03,38,NULL,0,1900000,84,7,0,0,49930,"2025-08-05 15:29:23"
25159694335,2025-08-04,CUSTOMER,FULL,1985-01-23,40,NULL,-1,500000,60,5,0,0,11187,"2025-08-05 15:28:25"
8800387324,2025-08-05,CUSTOMER,FULL,1971-01-01,54,NULL,0,650000,84,7,0,0,71278,"2025-08-05 15:28:18"
8800500953,2025-07-30,CUSTOMER,FULL,1999-07-09,26,NULL,-1,300000,48,4,0,0,3165,"2025-08-05 15:28:07"
25159708538,2025-08-05,CO-APPLICANT,FULL,1975-04-04,50,1996-06-20,29,300000,36,3,0,0,2730,"2025-08-05 15:27:32"
8800033411,2025-08-05,CUSTOMER,FULL,1989-12-05,35,NULL,0,4734194,58,5,0,0,75919,"2025-08-05 15:27:21"
25157294033,2025-06-04,CUSTOMER,FULL,1987-01-01,38,NULL,-1,327000,48,4,0,0,5098,"2025-08-05 15:27:18"
25159667966,2025-08-01,CUSTOMER,FULL,1998-05-15,27,NULL,-1,600000,60,5,0,0,6882,"2025-08-05 15:26:06"
25159188189,2025-07-28,CUSTOMER,FULL,2000-03-16,25,1999-05-05,26,820000,60,5,0,0,8883,"2025-08-05 15:25:50"
8800385080,2025-07-11,CUSTOMER,FULL,1988-08-05,36,NULL,-1,200000,24,2,0,0,1870,"2025-08-05 15:25:06"
25159334662,2025-07-29,CUSTOMER,FULL,1998-01-01,27,NULL,-1,55000,12,1,0,0,229,"2025-08-05 15:24:20"
8800441715,2025-08-02,CUSTOMER,FULL,1984-08-12,40,1988-01-01,37,950000,72,6,0,0,24954,"2025-08-05 15:23:59"
25159702007,2025-08-05,CUSTOMER,FULL,2001-07-20,24,NULL,0,260000,12,1,0,0,1808,"2025-08-05 15:23:24"
25159703160,2025-08-05,CUSTOMER,FULL,1995-11-20,29,NULL,0,650000,24,2,0,0,4790,"2025-08-05 15:22:45"
25159134160,2025-07-25,CUSTOMER,FULL,1969-05-15,56,1981-01-01,44,286000,36,3,0,0,18133,"2025-08-05 15:22:00"
25159683614,2025-08-04,CUSTOMER,FULL,1985-08-12,39,NULL,-1,1300000,48,4,0,0,21461,"2025-08-05 15:21:04"
25159707896,2025-08-05,CUSTOMER,FULL,1979-11-15,45,NULL,0,150000,24,2,0,0,2661,"2025-08-05 15:20:42"
8800539613,2025-08-05,CUSTOMER,FULL,1997-03-17,28,NULL,0,999000,72,6,0,0,14653,"2025-08-05 15:20:22"
8800292250,2025-08-05,CUSTOMER,FULL,1993-01-06,32,1992-06-22,33,250000,12,1,0,0,1113,"2025-08-05 15:19:47"
8800284112,2025-08-01,CUSTOMER,FULL,1980-03-07,45,NULL,-1,380000,60,5,0,0,13376,"2025-08-05 15:19:39"
25159708160,2025-08-05,CUSTOMER,FULL,1975-01-01,50,1993-04-14,32,650000,60,5,0,0,37376,"2025-08-05 15:18:53"
25159707940,2025-08-05,CUSTOMER,FULL,1980-03-23,45,NULL,0,430000,60,5,0,0,15136,"2025-08-05 15:18:18"
25159700577,2025-08-05,CUSTOMER,FULL,1998-10-06,26,1962-01-01,63,510000,60,5,0,0,6398,"2025-08-05 15:17:44"
25159674619,2025-08-02,CUSTOMER,FULL,1998-01-01,27,NULL,-1,500000,36,3,0,0,4420,"2025-08-05 15:17:32"
25159017879,2025-07-18,CUSTOMER,"PARTIAL TENURE",1979-06-11,46,1970-01-01,55,4400000,60,5,0,2,72948,"2025-08-05 15:17:26"
8800494380,2025-07-29,CUSTOMER,FULL,1993-04-05,32,NULL,-1,610000,60,5,0,0,8840,"2025-08-05 15:16:50"
25158921071,2025-07-12,CUSTOMER,FULL,2002-05-01,23,1978-06-27,47,897000,60,5,0,0,10617,"2025-08-05 15:16:10"
8800530402,2025-07-31,CUSTOMER,FULL,1996-02-03,29,1994-02-01,31,308000,42,4,0,0,3166,"2025-08-05 15:14:55"
8800201236,2025-08-05,CUSTOMER,FULL,1996-10-17,28,NULL,0,140000,24,2,0,0,985,"2025-08-05 15:14:05"
25159171885,2025-07-28,CUSTOMER,FULL,1999-02-10,26,1975-02-23,50,500000,60,5,0,0,6095,"2025-08-05 15:12:29"
8800470039,2025-08-05,CUSTOMER,FULL,1992-12-25,32,1968-08-15,56,630000,24,2,0,0,4870,"2025-08-05 15:11:56"
25159700394,2025-08-05,CO-APPLICANT,FULL,1981-04-03,44,2000-02-28,25,305000,47,4,0,0,3247,"2025-08-05 15:11:42"
25159149869,2025-07-26,CUSTOMER,FULL,2000-12-30,24,NULL,-1,298001,48,4,0,0,2810,"2025-08-05 15:11:39"
25158666291,2025-07-04,CUSTOMER,FULL,2000-01-01,25,NULL,-1,328000,48,4,0,0,3116,"2025-08-05 15:11:27"
25159009665,2025-07-17,CUSTOMER,FULL,2003-07-06,22,1964-01-01,61,1500000,54,5,0,0,18727,"2025-08-05 15:11:18"
25159682376,2025-08-03,CUSTOMER,FULL,1975-01-01,50,NULL,-1,90000,17,2,0,0,2790,"2025-08-05 15:10:45"
25159113006,2025-07-24,CUSTOMER,FULL,1994-01-01,31,NULL,-1,328000,36,3,0,0,2996,"2025-08-05 15:10:32"
25159091645,2025-07-23,CUSTOMER,FULL,1989-01-10,36,NULL,-1,680000,60,5,0,0,12101,"2025-08-05 15:10:27"
25159693654,2025-08-04,CUSTOMER,FULL,1988-08-15,36,NULL,-1,600000,48,4,0,0,8914,"2025-08-05 15:10:21"
8800312947,2025-08-05,CUSTOMER,FULL,1993-12-08,31,NULL,0,250000,36,3,0,0,2396,"2025-08-05 15:09:23"
8800550703,2025-08-02,CUSTOMER,FULL,1998-08-10,26,2005-01-01,20,307500,36,3,0,0,2642,"2025-08-05 15:08:56"
25159708178,2025-08-05,CUSTOMER,FULL,1986-08-15,38,NULL,0,695000,48,4,0,0,10834,"2025-08-05 15:08:40"
25159288176,2025-07-29,CUSTOMER,FULL,1983-06-04,42,NULL,-1,430000,36,3,0,0,7825,"2025-08-05 15:08:29"
25159694866,2025-08-04,CUSTOMER,FULL,1976-08-15,48,1994-01-08,31,400000,24,2,0,0,7898,"2025-08-05 15:08:28"
25159708207,2025-08-05,CUSTOMER,FULL,1999-01-01,26,1974-01-01,51,925000,60,5,0,0,11603,"2025-08-05 15:07:50"
8800452660,2025-08-02,CUSTOMER,FULL,1996-04-27,29,NULL,-1,100000,24,2,0,0,737,"2025-08-05 15:06:58"
25159705565,2025-08-05,CUSTOMER,FULL,1985-09-04,39,NULL,0,400000,36,3,0,0,5825,"2025-08-05 15:05:25"
25159703832,2025-08-05,CO-APPLICANT,FULL,1974-01-01,51,1981-01-01,44,330000,48,4,0,0,8891,"2025-08-05 15:05:01"
8800509759,2025-08-01,CUSTOMER,FULL,1990-01-01,35,NULL,-1,312000,36,3,0,0,3196,"2025-08-05 15:04:59"
25159324304,2025-07-29,CUSTOMER,FULL,1977-06-17,48,2004-12-09,20,1400000,47,4,0,0,55442,"2025-08-05 15:04:48"
25159701617,2025-08-05,CUSTOMER,FULL,2002-02-01,23,1976-02-01,49,320000,48,4,0,0,2995,"2025-08-05 15:04:20"
8800275688,2025-08-04,CUSTOMER,FULL,1987-01-01,38,1986-02-06,39,520000,24,2,0,0,5486,"2025-08-05 15:03:44"
8800548527,2025-08-05,CUSTOMER,FULL,1993-02-01,32,NULL,0,500000,24,2,0,0,3833,"2025-08-05 15:03:44"
25159666152,2025-08-01,CUSTOMER,FULL,1990-08-15,34,NULL,-1,290000,36,3,0,0,2875,"2025-08-05 15:03:00"
25159690413,2025-08-04,CUSTOMER,FULL,1984-11-29,40,NULL,-1,900000,48,4,0,0,15803,"2025-08-05 15:02:02"
8800302366,2025-07-28,CUSTOMER,FULL,1999-09-06,25,1997-12-12,27,309839,48,4,0,0,3298,"2025-08-05 15:01:57"
8800419629,2025-08-05,CUSTOMER,FULL,1994-07-21,31,NULL,0,202000,36,3,0,0,1965,"2025-08-05 15:01:32"
25159167160,2025-07-28,CUSTOMER,FULL,1973-02-01,52,NULL,-1,110000,18,2,0,0,4067,"2025-08-05 15:01:26"
8800557255,2025-08-05,CUSTOMER,FULL,1988-01-20,37,NULL,0,275000,36,3,0,0,3424,"2025-08-05 15:00:31"
8800400746,2025-08-05,CUSTOMER,FULL,1974-01-01,51,1994-02-02,31,70000,12,1,0,0,1215,"2025-08-05 15:00:21"
8800399348,2025-07-30,CUSTOMER,FULL,1997-01-05,28,NULL,-1,778000,72,6,0,0,11412,"2025-08-05 14:59:47"
25159703644,2025-08-05,CUSTOMER,FULL,1992-01-01,33,NULL,0,319000,36,3,0,0,3057,"2025-08-05 14:59:41"
25159664129,2025-08-04,CUSTOMER,FULL,1982-01-01,43,NULL,-1,270000,36,3,0,0,5337,"2025-08-05 14:59:13"
8800373241,2025-06-26,CUSTOMER,FULL,1991-01-25,34,NULL,-1,400000,36,3,0,0,4329,"2025-08-05 14:58:58"
8800129032,2025-08-04,CUSTOMER,FULL,2000-08-16,24,NULL,-1,230000,24,2,0,0,1561,"2025-08-05 14:58:41"
8800424311,2025-08-04,CUSTOMER,FULL,1996-11-16,28,1962-01-01,63,300000,36,3,0,0,2684,"2025-08-05 14:58:21"
8800579426,2025-08-05,CUSTOMER,FULL,1973-05-30,52,NULL,0,850000,48,4,0,0,49458,"2025-08-05 14:57:03"
25159311261,2025-07-29,CUSTOMER,FULL,1982-12-31,42,NULL,-1,335003,42,4,0,0,6772,"2025-08-05 14:56:38"
8800555302,2025-08-05,CUSTOMER,FULL,1988-01-01,37,NULL,0,325000,36,3,0,0,4112,"2025-08-05 14:56:19"
8800503054,2025-08-05,CUSTOMER,FULL,1986-08-14,38,NULL,0,375000,24,2,0,0,3752,"2025-08-05 14:55:45"
8800222253,2025-08-05,CUSTOMER,FULL,1991-10-03,33,NULL,0,1000000,24,2,0,0,7930,"2025-08-05 14:55:40"
25159011745,2025-07-17,CUSTOMER,FULL,1992-01-01,33,NULL,-1,400000,24,2,0,0,3172,"2025-08-05 14:55:04"
25159688969,2025-08-04,CO-APPLICANT,FULL,1973-01-01,52,1997-02-09,28,600000,36,3,0,0,5367,"2025-08-05 14:55:02"
8800530595,2025-08-04,CUSTOMER,FULL,1999-05-04,26,NULL,-1,295000,36,3,0,0,2535,"2025-08-05 14:53:52"
8800003946,2025-07-31,CUSTOMER,FULL,1997-06-30,28,2001-04-24,24,75000,11,1,0,0,308,"2025-08-05 14:53:28"
8800339236,2025-08-05,CUSTOMER,FULL,1973-05-16,52,NULL,0,300000,24,2,0,0,11375,"2025-08-05 14:53:17"
25159689614,2025-08-04,CUSTOMER,FULL,1985-07-14,40,NULL,-1,220000,24,2,0,0,2479,"2025-08-05 14:53:01"
25159513722,2025-07-31,CUSTOMER,FULL,1976-01-01,49,NULL,-1,300000,24,2,0,0,8256,"2025-08-05 14:52:32"
25159705656,2025-08-05,CUSTOMER,FULL,2003-08-24,21,1977-01-01,48,312000,42,4,0,0,2861,"2025-08-05 14:51:57"
8800478489,2025-08-04,CUSTOMER,FULL,1996-06-02,29,NULL,-1,331000,60,5,0,0,3902,"2025-08-05 14:51:38"
25159706073,2025-08-05,CUSTOMER,FULL,1994-01-01,31,1998-04-05,27,880000,48,4,0,0,9377,"2025-08-05 14:51:14"
8800434854,2025-07-24,CUSTOMER,FULL,1977-01-01,48,1986-01-01,39,315000,48,4,0,0,12133,"2025-08-05 14:50:30"
8800360773,2025-08-04,CUSTOMER,FULL,1987-05-30,38,NULL,-1,600000,46,4,0,0,10104,"2025-08-05 14:50:22"
25159672200,2025-08-02,CUSTOMER,FULL,1991-01-01,34,NULL,-1,263000,36,3,0,0,2607,"2025-08-05 14:50:13"
8800549128,2025-08-05,CUSTOMER,"PARTIAL TENURE",1973-01-09,52,NULL,0,400000,48,4,0,2,15166,"2025-08-05 14:50:10"
25159220092,2025-08-04,CUSTOMER,FULL,1985-03-02,40,NULL,-1,200000,36,3,0,0,3125,"2025-08-05 14:50:01"
8800270255,2025-07-14,CUSTOMER,FULL,1989-03-04,36,NULL,-1,300000,30,3,0,0,3569,"2025-08-05 14:49:24"
8800239445,2025-08-05,CUSTOMER,FULL,1984-02-01,41,NULL,0,400000,36,3,0,0,6698,"2025-08-05 14:48:44"
25159506481,2025-07-31,CUSTOMER,FULL,1990-05-28,35,NULL,-1,520000,60,5,0,0,8726,"2025-08-05 14:48:10"
8800469384,2025-08-02,CUSTOMER,FULL,1985-07-01,40,2007-08-02,18,500000,48,4,0,0,8780,"2025-08-05 14:48:01"
25159703054,2025-08-05,CUSTOMER,FULL,2000-01-01,25,2002-01-01,23,331800,42,4,0,0,3152,"2025-08-05 14:47:42"
8800547552,2025-08-04,CUSTOMER,FULL,1996-07-07,29,NULL,-1,720000,48,4,0,0,7978,"2025-08-05 14:45:45"
25159705615,2025-08-05,CUSTOMER,FULL,1999-01-30,26,NULL,0,475000,42,4,0,0,4742,"2025-08-05 14:45:31"
25159653232,2025-08-01,CUSTOMER,FULL,1972-07-05,53,1996-08-30,28,1300000,48,4,0,0,80459,"2025-08-05 14:41:56"
8800213203,2025-08-05,CUSTOMER,FULL,1987-08-10,37,NULL,0,550000,36,3,0,0,7029,"2025-08-05 14:41:47"
8800334808,2025-08-05,CUSTOMER,FULL,1992-01-01,33,1989-01-01,36,700000,60,5,0,0,9120,"2025-08-05 14:41:42"
25159410289,2025-07-30,CUSTOMER,FULL,1997-05-12,28,1970-01-01,55,290000,42,4,0,0,2940,"2025-08-05 14:40:08"
25159695333,2025-08-04,CUSTOMER,FULL,1999-07-15,26,1973-01-27,52,600000,36,3,0,0,5346,"2025-08-05 14:39:18"
8800185674,2025-07-02,CUSTOMER,FULL,2002-06-09,23,1988-01-01,37,265000,36,3,0,0,2142,"2025-08-05 14:38:50"
25156596651,2025-08-04,CUSTOMER,FULL,1993-01-01,32,1968-01-01,57,300000,30,3,0,0,3009,"2025-08-05 14:38:24"
8800559234,2025-08-03,CUSTOMER,FULL,1983-11-20,41,NULL,-1,1000000,60,5,0,0,22208,"2025-08-05 14:37:24"
25159698456,2025-08-05,CUSTOMER,FULL,1984-05-11,41,NULL,0,220000,24,2,0,0,2859,"2025-08-05 14:37:03"
25159664980,2025-08-01,CUSTOMER,FULL,2004-07-20,21,1975-01-01,50,980000,60,5,0,0,10246,"2025-08-05 14:36:36"
25159677440,2025-08-02,CUSTOMER,FULL,1984-01-01,41,NULL,-1,310000,42,4,0,0,5835,"2025-08-05 14:35:30"
8800223688,2025-06-29,CUSTOMER,FULL,1973-10-04,51,NULL,-1,160000,36,3,0,0,6973,"2025-08-05 14:35:23"
25159695998,2025-08-04,CUSTOMER,FULL,1985-07-25,40,NULL,-1,295000,36,3,0,0,4324,"2025-08-05 14:35:17"
25159694893,2025-08-04,CUSTOMER,FULL,1991-01-30,34,NULL,-1,300000,24,2,0,0,2458,"2025-08-05 14:34:38"
25159563829,2025-07-31,CUSTOMER,FULL,2005-06-16,20,NULL,-1,330000,48,4,0,0,2979,"2025-08-05 14:34:36"
8800542486,2025-08-04,CUSTOMER,FULL,1982-01-02,43,NULL,-1,1055000,72,6,0,0,35057,"2025-08-05 14:33:48"
8800540263,2025-08-02,CUSTOMER,FULL,1977-05-20,48,NULL,-1,1900000,60,5,0,0,87528,"2025-08-05 14:33:37"
8800459604,2025-08-02,CUSTOMER,FULL,2001-01-22,24,1970-01-01,55,510000,54,5,0,0,6368,"2025-08-05 14:33:26"
8800104164,2025-08-05,CUSTOMER,FULL,1986-05-15,39,1992-01-22,33,800000,48,4,0,0,14425,"2025-08-05 14:32:59"
25159706078,2025-08-05,CUSTOMER,FULL,2001-07-03,24,NULL,0,600000,60,5,0,0,7491,"2025-08-05 14:32:51"
8800469645,2025-08-01,CUSTOMER,FULL,1996-02-04,29,1965-11-19,59,800000,30,3,0,0,7420,"2025-08-05 14:32:45"
8800578826,2025-08-05,CUSTOMER,FULL,1998-08-02,27,NULL,0,150000,23,2,0,0,1103,"2025-08-05 14:32:41"
8800410397,2025-08-04,CUSTOMER,FULL,1985-08-21,39,1991-05-22,34,161000,24,2,0,0,1815,"2025-08-05 14:32:28"
25159153221,2025-07-26,CUSTOMER,FULL,1978-01-01,47,NULL,-1,600000,36,3,0,0,17552,"2025-08-05 14:31:13"
25159296958,2025-07-29,CUSTOMER,FULL,1994-07-04,31,1995-01-01,30,400000,60,5,0,0,5405,"2025-08-05 14:31:03"
25159678131,2025-08-02,CUSTOMER,FULL,1983-03-12,42,NULL,-1,500000,54,5,0,0,13671,"2025-08-05 14:30:29"
25159687451,2025-08-04,CUSTOMER,FULL,1997-09-13,27,1972-01-01,53,500000,48,4,0,0,5027,"2025-08-05 14:30:20"
25159546229,2025-08-02,CUSTOMER,FULL,1991-01-01,34,NULL,-1,900000,60,5,0,0,14316,"2025-08-05 14:29:40"
25159539910,2025-07-31,CUSTOMER,FULL,1995-07-02,30,1969-01-01,56,900000,60,5,0,0,10801,"2025-08-05 14:29:19"
25159705061,2025-08-05,CUSTOMER,FULL,1981-01-01,44,1984-01-01,41,842000,72,6,0,0,30552,"2025-08-05 14:29:08"
25159481940,2025-07-31,CUSTOMER,FULL,2004-10-22,20,1982-08-07,42,770000,60,5,0,0,7923,"2025-08-05 14:28:14"
8800514901,2025-08-02,CUSTOMER,FULL,1985-12-25,39,1990-03-02,35,150000,36,3,0,0,2165,"2025-08-05 14:27:28"
8800518205,2025-07-29,CUSTOMER,FULL,1992-09-18,32,NULL,-1,500000,24,2,0,0,3833,"2025-08-05 14:27:27"
25159548152,2025-07-31,CUSTOMER,FULL,1996-08-15,28,1996-09-14,28,331000,48,4,0,0,3356,"2025-08-05 14:27:21"
25159331225,2025-07-29,CUSTOMER,FULL,1996-01-08,29,1964-05-18,61,750000,48,4,0,0,8311,"2025-08-05 14:27:05"
25159690399,2025-08-04,CUSTOMER,FULL,1973-08-25,51,NULL,-1,520000,48,4,0,0,27250,"2025-08-05 14:26:22"
25159702403,2025-08-05,CUSTOMER,FULL,1985-06-01,40,NULL,0,300000,24,2,0,0,3622,"2025-08-05 14:26:18"
25158709550,2025-07-04,CUSTOMER,FULL,2001-05-25,24,1965-01-01,60,545000,60,5,0,0,6804,"2025-08-05 14:25:05"
25159704581,2025-08-05,CUSTOMER,FULL,1969-01-01,56,NULL,0,224000,36,3,0,0,14202,"2025-08-05 14:23:48"
8800492494,2025-08-05,CUSTOMER,FULL,1974-05-09,51,NULL,0,1060000,72,6,0,0,75399,"2025-08-05 14:23:10"
25159172350,2025-07-28,CUSTOMER,FULL,1984-11-05,40,1974-02-15,51,800000,35,3,0,0,12405,"2025-08-05 14:22:47"
25159702810,2025-08-05,CUSTOMER,FULL,1969-01-01,56,NULL,0,90000,20,2,0,0,4723,"2025-08-05 14:22:31"
8800468358,2025-08-04,CUSTOMER,FULL,1986-05-16,39,1989-12-04,35,725000,60,5,0,0,15716,"2025-08-05 14:22:12"
25159687808,2025-08-04,CUSTOMER,FULL,1977-08-29,47,NULL,-1,467000,54,5,0,0,20076,"2025-08-05 14:21:20"
25159704538,2025-08-05,CO-APPLICANT,FULL,1966-01-01,59,1993-03-06,32,300000,30,3,0,0,2978,"2025-08-05 14:20:58"
8800516526,2025-08-05,CUSTOMER,FULL,1978-01-01,47,NULL,0,200000,30,3,0,0,5851,"2025-08-05 14:20:09"
8800529801,2025-07-29,CUSTOMER,FULL,1991-06-08,34,NULL,-1,160000,30,3,0,0,1734,"2025-08-05 14:20:06"
8800397986,2025-08-05,CUSTOMER,FULL,2002-01-01,23,NULL,0,500000,24,2,0,0,3184,"2025-08-05 14:19:25"
25159187621,2025-07-28,CUSTOMER,FULL,1997-01-01,28,1999-01-01,26,220000,30,3,0,0,1999,"2025-08-05 14:18:44"
25159703039,2025-08-05,CO-APPLICANT,FULL,1983-01-01,42,1990-01-01,35,1000000,42,4,0,0,14031,"2025-08-05 14:18:21"
8800483374,2025-07-31,CUSTOMER,FULL,1999-10-02,25,1960-01-01,65,565000,60,5,0,0,7054,"2025-08-05 14:17:27"
8800330963,2025-08-05,CUSTOMER,FULL,1979-01-01,46,NULL,0,70000,12,1,0,0,1161,"2025-08-05 14:17:23"
8800540133,2025-08-01,CUSTOMER,FULL,1982-04-05,43,NULL,-1,300000,36,3,0,0,5406,"2025-08-05 14:15:45"
25159701966,2025-08-05,CUSTOMER,FULL,1992-04-02,33,1986-06-01,39,650000,42,4,0,0,8085,"2025-08-05 14:15:21"
25159045965,2025-07-20,CUSTOMER,FULL,2000-02-22,25,1948-01-01,77,1600000,60,5,0,0,19976,"2025-08-05 14:14:55"
8800452249,2025-08-05,CUSTOMER,FULL,1985-09-01,39,NULL,0,250000,24,2,0,0,2662,"2025-08-05 14:14:54"
25159065676,2025-07-22,CUSTOMER,FULL,1996-01-22,29,NULL,-1,500000,60,5,0,0,6561,"2025-08-05 14:14:43"
8800509259,2025-08-05,CUSTOMER,FULL,1981-01-01,44,NULL,0,730052,60,5,0,0,23846,"2025-08-05 14:12:52"
25159508564,2025-08-01,CUSTOMER,FULL,1985-07-11,40,NULL,-1,487000,24,2,0,0,5919,"2025-08-05 14:12:05"
25159691440,2025-08-04,CUSTOMER,FULL,1999-01-01,26,1966-03-01,59,200000,24,2,0,0,1465,"2025-08-05 14:11:32"
8800479916,2025-08-05,CUSTOMER,FULL,2004-01-01,21,NULL,0,258000,60,5,0,0,2698,"2025-08-05 14:10:06"
8800495831,2025-07-24,CUSTOMER,FULL,1988-01-01,37,NULL,-1,331000,60,5,0,0,5715,"2025-08-05 14:09:48"
8800223475,2025-08-05,CUSTOMER,FULL,1977-03-01,48,NULL,0,250000,24,2,0,0,6172,"2025-08-05 14:09:26"
25159687062,2025-08-05,CUSTOMER,FULL,1976-07-14,49,NULL,0,350000,48,4,0,0,15376,"2025-08-05 14:09:21"
25159682822,2025-08-03,CUSTOMER,FULL,1978-06-19,47,NULL,-1,810000,72,6,0,0,40106,"2025-08-05 14:08:30"
25159702784,2025-08-05,CUSTOMER,FULL,1994-05-09,31,NULL,0,275000,36,3,0,0,2512,"2025-08-05 14:07:37"
8800223745,2025-08-05,CUSTOMER,FULL,1992-07-07,33,1988-02-17,37,525000,48,4,0,0,6530,"2025-08-05 14:07:37"
25159415165,2025-07-30,CUSTOMER,FULL,1998-06-30,27,1973-01-01,52,500000,40,4,0,0,5328,"2025-08-05 14:06:29"
25159692792,2025-08-04,CUSTOMER,FULL,1990-08-19,34,NULL,-1,250000,60,5,0,0,3812,"2025-08-05 14:06:24"
8800559702,2025-08-05,CUSTOMER,FULL,1986-04-08,39,NULL,0,250000,22,2,0,0,2818,"2025-08-05 14:05:48"
25159057859,2025-08-04,CUSTOMER,FULL,1989-05-12,36,NULL,-1,730000,48,4,0,0,10501,"2025-08-05 14:05:06"
25159659497,2025-08-01,CUSTOMER,FULL,1993-06-01,32,NULL,-1,859000,60,5,0,0,10826,"2025-08-05 14:03:59"
25159146687,2025-07-26,CUSTOMER,FULL,1980-01-01,45,1970-01-01,55,300000,24,2,0,0,5456,"2025-08-05 14:03:53"
25159693636,2025-08-04,CUSTOMER,FULL,1969-01-01,56,NULL,-1,700000,36,3,0,0,44381,"2025-08-05 14:03:06"
25159189859,2025-07-28,CUSTOMER,FULL,1993-11-23,31,NULL,-1,700000,60,5,0,0,9458,"2025-08-05 14:01:58"
25159336143,2025-07-29,CUSTOMER,FULL,2005-04-23,20,1967-02-10,58,1028000,72,6,0,0,13198,"2025-08-05 14:01:55"
25159705303,2025-08-05,CUSTOMER,FULL,1986-08-12,38,NULL,0,150000,18,2,0,0,1501,"2025-08-05 14:01:33"
25159706370,2025-08-05,CUSTOMER,FULL,1983-01-01,42,NULL,0,157000,24,2,0,0,2185,"2025-08-05 14:01:26"
8800134805,2025-07-28,CUSTOMER,FULL,2003-08-12,21,1976-02-06,49,305000,48,4,0,0,2797,"2025-08-05 14:01:23"
25159705436,2025-08-05,CUSTOMER,FULL,1990-03-10,35,1994-01-01,31,500000,48,4,0,0,7016,"2025-08-05 14:01:21"
25159668281,2025-08-01,CUSTOMER,FULL,1998-07-16,27,1971-01-01,54,500000,18,2,0,0,3675,"2025-08-05 14:01:11"
25159704858,2025-08-05,CUSTOMER,FULL,1991-07-14,34,1961-01-01,64,600000,48,4,0,0,7987,"2025-08-05 14:01:08"
25159683886,2025-08-04,CUSTOMER,FULL,1969-03-01,56,NULL,-1,160000,24,2,0,0,8396,"2025-08-05 13:59:57"
25159145843,2025-07-26,CUSTOMER,FULL,1990-11-01,34,NULL,-1,180000,24,2,0,0,1475,"2025-08-05 13:59:11"
25159690093,2025-08-04,CUSTOMER,FULL,1976-01-01,49,NULL,-1,600000,36,3,0,0,20660,"2025-08-05 13:59:04"
25159706311,2025-08-05,CUSTOMER,FULL,1998-06-30,27,NULL,0,825600,60,5,0,0,9470,"2025-08-05 13:58:09"
25159548298,2025-08-01,CUSTOMER,FULL,1997-04-20,28,NULL,-1,700000,48,4,0,0,7616,"2025-08-05 13:58:08"
8800387637,2025-08-04,CUSTOMER,FULL,1989-01-23,36,NULL,-1,960000,60,5,0,0,15735,"2025-08-05 13:57:59"
25159702302,2025-08-05,CUSTOMER,"PARTIAL TENURE",1980-01-01,45,NULL,0,500000,36,3,0,2,9092,"2025-08-05 13:57:40"
25159705975,2025-08-05,CUSTOMER,FULL,1962-11-15,62,NULL,0,160000,30,3,0,0,15480,"2025-08-05 13:57:18"
25159393774,2025-07-30,CUSTOMER,FULL,1997-09-28,27,NULL,-1,1050000,72,6,0,0,15203,"2025-08-05 13:57:01"
25159705899,2025-08-05,CUSTOMER,FULL,1990-04-04,35,NULL,0,530000,48,4,0,0,7437,"2025-08-05 13:56:57"
25158814662,2025-07-10,CUSTOMER,FULL,1978-05-20,47,NULL,-1,200000,23,2,0,0,3615,"2025-08-05 13:56:52"
8800435256,2025-08-05,CUSTOMER,FULL,1990-01-20,35,NULL,0,250000,24,2,0,0,2130,"2025-08-05 13:56:49"
25159644783,2025-08-01,CUSTOMER,FULL,1989-05-12,36,NULL,-1,100000,18,2,0,0,897,"2025-08-05 13:56:45"
8800523636,2025-08-05,CUSTOMER,FULL,1981-05-04,44,1982-04-15,43,250000,21,2,0,0,3538,"2025-08-05 13:56:07"
25159693397,2025-08-05,CUSTOMER,FULL,1988-10-08,36,NULL,0,440000,48,4,0,0,6195,"2025-08-05 13:55:03"
25159684964,2025-08-04,CUSTOMER,FULL,1991-10-21,33,NULL,-1,2100000,84,7,0,0,39178,"2025-08-05 13:54:51"
8800140304,2025-08-05,CUSTOMER,FULL,1995-12-13,29,NULL,0,425000,48,4,0,0,4710,"2025-08-05 13:54:06"
8800425075,2025-08-05,CUSTOMER,FULL,1998-06-15,27,NULL,0,320000,24,2,0,0,2352,"2025-08-05 13:52:33"
25159687220,2025-08-04,CUSTOMER,FULL,2002-01-01,23,1977-01-01,48,934500,72,6,0,0,12395,"2025-08-05 13:52:21"
25157877880,2025-08-02,CUSTOMER,FULL,1986-07-05,39,NULL,-1,500000,36,3,0,0,7216,"2025-08-05 13:52:18"
25159667881,2025-08-01,CUSTOMER,FULL,1983-12-30,41,NULL,-1,1123000,60,5,0,0,24940,"2025-08-05 13:52:10"
25159672464,2025-08-02,CUSTOMER,FULL,1993-06-22,32,1996-09-10,28,331000,48,4,0,0,3617,"2025-08-05 13:52:00"
8800423827,2025-08-05,CUSTOMER,FULL,1997-01-01,28,NULL,0,330000,41,4,0,0,3345,"2025-08-05 13:49:34"
25159417378,2025-07-30,CUSTOMER,FULL,1992-07-22,33,NULL,-1,335000,36,3,0,0,3210,"2025-08-05 13:49:30"
8800405726,2025-07-16,CUSTOMER,FULL,1994-12-12,30,NULL,-1,700000,48,4,0,0,7955,"2025-08-05 13:49:28"
25159320370,2025-07-29,CUSTOMER,FULL,1979-10-02,45,1981-01-01,44,1100000,72,6,0,0,43704,"2025-08-05 13:48:36"
8800273011,2025-08-05,CUSTOMER,FULL,1994-02-15,31,NULL,0,170000,24,2,0,0,1275,"2025-08-05 13:45:26"
25159693390,2025-08-04,CUSTOMER,FULL,1993-07-01,32,1967-03-10,58,870000,60,5,0,0,10965,"2025-08-05 13:45:13"
25159686049,2025-08-04,CUSTOMER,FULL,1984-07-20,41,NULL,-1,845000,72,6,0,0,23871,"2025-08-05 13:44:48"
25159011191,2025-07-26,CUSTOMER,FULL,1991-08-09,33,NULL,-1,715000,48,4,0,0,9079,"2025-08-05 13:44:42"
8800494382,2025-08-05,CUSTOMER,FULL,1992-07-03,33,1959-06-05,66,530000,60,5,0,0,8024,"2025-08-05 13:43:54"
25159703048,2025-08-05,CUSTOMER,FULL,1993-01-01,32,NULL,0,142000,24,2,0,0,1098,"2025-08-05 13:43:23"
25159701272,2025-08-05,CUSTOMER,FULL,2003-03-02,22,1946-01-01,79,800000,48,4,0,0,7430,"2025-08-05 13:43:08"
8800443037,2025-08-05,CUSTOMER,FULL,1985-01-01,40,NULL,0,650000,36,3,0,0,10079,"2025-08-05 13:42:21"
25159506835,2025-07-31,CUSTOMER,FULL,1997-01-31,28,2000-01-01,25,313000,42,4,0,0,3173,"2025-08-05 13:41:43"
25159705516,2025-08-05,CUSTOMER,FULL,1984-02-06,41,NULL,0,480000,36,3,0,0,8038,"2025-08-05 13:41:34"
25159125656,2025-07-25,CUSTOMER,FULL,1991-04-20,34,NULL,-1,500000,60,5,0,0,7954,"2025-08-05 13:39:52"
8800525030,2025-08-02,CUSTOMER,FULL,1968-01-01,57,NULL,-1,300000,48,4,0,0,25970,"2025-08-05 13:39:46"
25159701992,2025-08-05,CUSTOMER,FULL,1996-01-01,29,2000-08-25,24,430000,48,4,0,0,4765,"2025-08-05 13:39:40"
25159702652,2025-08-05,CUSTOMER,FULL,1982-05-15,43,1979-12-20,45,600000,60,5,0,0,17403,"2025-08-05 13:39:38"
25159128400,2025-07-25,CUSTOMER,FULL,2002-06-02,23,NULL,-1,1180000,60,5,0,0,12588,"2025-08-05 13:39:24"
25159705991,2025-08-05,CUSTOMER,FULL,1995-01-01,30,NULL,0,258000,48,4,0,0,2692,"2025-08-05 13:38:57"
8800567804,2025-08-05,CUSTOMER,"PARTIAL TENURE",1971-01-01,54,1971-01-01,54,480000,48,4,0,2,20855,"2025-08-05 13:38:40"
25159705834,2025-08-05,CUSTOMER,FULL,2000-03-04,25,NULL,0,600000,48,4,0,0,6387,"2025-08-05 13:38:27"
25159701377,2025-08-05,CUSTOMER,FULL,1995-02-20,30,1973-01-20,52,1550000,72,6,0,0,23558,"2025-08-05 13:36:50"
8800469911,2025-08-01,CUSTOMER,FULL,1988-07-10,37,NULL,-1,450000,59,5,0,0,8130,"2025-08-05 13:36:31"
8800467492,2025-08-05,CUSTOMER,FULL,1993-11-16,31,NULL,0,208000,48,4,0,0,2217,"2025-08-05 13:36:27"
25159664202,2025-08-01,CUSTOMER,FULL,1989-12-25,35,1960-07-31,65,365000,36,3,0,0,4157,"2025-08-05 13:35:38"
8800321853,2025-08-05,CUSTOMER,FULL,1995-01-01,30,NULL,0,600000,42,4,0,0,6819,"2025-08-05 13:35:37"
25159706061,2025-08-05,CUSTOMER,FULL,2000-07-27,25,1992-02-04,33,292000,35,3,0,0,2395,"2025-08-05 13:35:05"
25159684887,2025-08-04,CUSTOMER,FULL,1995-05-01,30,1982-01-01,43,560000,36,3,0,0,5023,"2025-08-05 13:34:22"
25159669605,2025-08-02,CUSTOMER,FULL,1993-01-01,32,1997-01-01,28,1000000,48,4,0,0,10927,"2025-08-05 13:33:47"
8800471162,2025-08-03,CUSTOMER,FULL,1984-07-05,41,1987-01-01,38,1085000,72,6,0,0,30651,"2025-08-05 13:33:03"
25159692835,2025-08-04,CUSTOMER,"PARTIAL FINANCE AMOUNT",1980-05-10,45,NULL,-1,510000,48,4,255000,0,7553,"2025-08-05 13:32:58"
25159705862,2025-08-05,CUSTOMER,FULL,1970-07-15,55,NULL,0,144000,24,2,0,0,6751,"2025-08-05 13:32:55"
25159691685,2025-08-04,CUSTOMER,FULL,1986-06-17,39,NULL,-1,850000,60,5,0,0,16490,"2025-08-05 13:32:45"
8800276079,2025-08-05,CUSTOMER,FULL,1983-07-05,42,1987-07-20,38,3983000,59,5,0,0,105467,"2025-08-05 13:32:44"
25159705037,2025-08-05,CUSTOMER,FULL,1992-06-02,33,1970-09-05,54,820000,60,5,0,0,11950,"2025-08-05 13:32:23"
25159704298,2025-08-05,CUSTOMER,FULL,1999-01-26,26,NULL,0,355000,40,4,0,0,3783,"2025-08-05 13:31:49"
25159332081,2025-07-29,CUSTOMER,FULL,1993-10-22,31,NULL,-1,350000,12,1,0,0,1516,"2025-08-05 13:29:51"
25159673299,2025-08-02,CUSTOMER,FULL,1999-09-24,25,1973-01-01,52,350000,36,3,0,0,3081,"2025-08-05 13:29:20"
25159170704,2025-07-28,CUSTOMER,FULL,1989-03-04,36,NULL,-1,700000,60,5,0,0,12457,"2025-08-05 13:29:07"
8800435622,2025-08-01,CUSTOMER,FULL,1966-06-01,59,1991-01-01,34,470000,36,3,0,0,37148,"2025-08-05 13:28:37"
25159106860,2025-07-24,CUSTOMER,FULL,1995-06-10,30,1984-06-27,41,620000,48,4,0,0,7046,"2025-08-05 13:28:34"
25158913072,2025-07-12,CUSTOMER,FULL,1997-07-01,28,1976-01-01,49,700000,60,5,0,0,8128,"2025-08-05 13:28:18"
25159705048,2025-08-05,CUSTOMER,FULL,1993-03-01,32,NULL,0,350000,35,3,0,0,3474,"2025-08-05 13:28:05"
25159701226,2025-08-05,CUSTOMER,FULL,1992-02-02,33,NULL,0,400000,36,3,0,0,4159,"2025-08-05 13:27:58"
8800240199,2025-07-22,CUSTOMER,FULL,1977-01-01,48,NULL,-1,600000,24,2,0,0,11847,"2025-08-05 13:27:07"
25159705624,2025-08-05,CUSTOMER,FULL,1985-01-01,40,NULL,0,260000,24,2,0,0,3139,"2025-08-05 13:25:43"
8800419296,2025-07-23,CUSTOMER,FULL,1991-01-01,34,1986-01-01,39,313000,35,3,0,0,3103,"2025-08-05 13:25:40"
25159704646,2025-08-05,CUSTOMER,FULL,1978-06-25,47,NULL,0,705600,60,5,0,0,30482,"2025-08-05 13:25:13"
25159705531,2025-08-05,CUSTOMER,FULL,1995-03-12,30,NULL,0,700000,36,3,0,0,6278,"2025-08-05 13:25:05"
8800160159,2025-07-26,CUSTOMER,FULL,1994-05-19,31,NULL,-1,670000,60,5,0,0,9053,"2025-08-05 13:24:29"
8800172786,2025-08-05,CUSTOMER,FULL,1982-06-12,43,NULL,0,200000,24,2,0,0,2643,"2025-08-05 13:23:37"
8800299054,2025-08-05,CUSTOMER,FULL,1991-07-14,34,NULL,0,230000,24,2,0,0,1884,"2025-08-05 13:23:11"
25158921388,2025-07-12,CUSTOMER,FULL,1993-06-01,32,NULL,-1,320000,36,3,0,0,3210,"2025-08-05 13:22:55"
25159673633,2025-08-02,CUSTOMER,FULL,1994-07-01,31,NULL,-1,180000,24,2,0,0,1350,"2025-08-05 13:21:50"
25159082416,2025-07-22,CUSTOMER,FULL,1995-01-26,30,NULL,-1,500000,36,3,0,0,4656,"2025-08-05 13:21:34"
8800444626,2025-07-11,CUSTOMER,FULL,1992-01-26,33,NULL,-1,450000,36,3,0,0,4679,"2025-08-05 13:21:22"
8800277458,2025-08-05,CUSTOMER,FULL,1983-01-01,42,NULL,0,1140000,60,5,0,0,31169,"2025-08-05 13:21:00"
25159689555,2025-08-04,CUSTOMER,FULL,1993-04-05,32,1969-01-01,56,757000,60,5,0,0,9541,"2025-08-05 13:20:38"
8800569876,2025-08-04,CUSTOMER,FULL,1992-02-26,33,NULL,-1,105000,23,2,0,0,847,"2025-08-05 13:20:05"
25159159484,2025-07-26,CUSTOMER,FULL,2006-03-15,19,2000-11-07,24,312000,59,5,0,0,3148,"2025-08-05 13:19:57"
8800181439,2025-07-25,CUSTOMER,FULL,1990-08-01,34,NULL,-1,650000,59,5,0,0,9910,"2025-08-05 13:19:54"
25159674274,2025-08-02,CO-APPLICANT,FULL,2000-01-01,25,1994-07-08,31,711000,48,4,0,0,8340,"2025-08-05 13:18:50"
8800358829,2025-08-05,CUSTOMER,FULL,1962-01-27,63,1988-08-21,36,800000,15,2,0,0,59803,"2025-08-05 13:18:22"
8800461054,2025-08-04,CUSTOMER,FULL,1999-06-30,26,1969-01-09,56,750000,60,5,0,0,9408,"2025-08-05 13:17:43"
25159686362,2025-08-04,CUSTOMER,FULL,1968-05-21,57,NULL,-1,120000,35,3,0,0,8539,"2025-08-05 13:17:39"
8800500431,2025-08-05,CUSTOMER,FULL,1982-03-20,43,NULL,0,530000,48,4,0,0,12852,"2025-08-05 13:17:10"
8800547795,2025-08-05,CUSTOMER,FULL,2003-03-14,22,1975-05-31,50,640000,84,7,0,0,10339,"2025-08-05 13:17:08"
25159680649,2025-08-03,CUSTOMER,FULL,1981-12-15,43,NULL,-1,900000,84,7,0,0,34431,"2025-08-05 13:16:39"
25159669571,2025-08-02,CUSTOMER,FULL,1996-01-01,29,NULL,-1,555000,48,4,0,0,6150,"2025-08-05 13:15:25"
25159705361,2025-08-05,CUSTOMER,FULL,1990-08-12,34,NULL,0,500000,36,3,0,0,5411,"2025-08-05 13:15:19"
25159152687,2025-07-26,CUSTOMER,FULL,2001-03-20,24,1980-03-22,45,500000,35,3,0,0,4083,"2025-08-05 13:15:05"
25159704966,2025-08-05,CUSTOMER,FULL,1985-12-10,39,NULL,0,650000,36,3,0,0,9381,"2025-08-05 13:14:39"
8800521763,2025-08-04,CUSTOMER,FULL,1991-06-21,34,NULL,-1,1000000,72,6,0,0,17240,"2025-08-05 13:13:41"
25159500933,2025-07-31,CUSTOMER,FULL,1997-01-01,28,NULL,-1,308000,36,3,0,0,2686,"2025-08-05 13:13:12"
25159703966,2025-08-05,CUSTOMER,FULL,1993-07-05,32,NULL,0,805000,48,4,0,0,8797,"2025-08-05 13:12:57"
25157976355,2025-08-04,CUSTOMER,FULL,1977-12-05,47,1982-01-04,43,800000,48,4,0,0,28018,"2025-08-05 13:12:54"
25159705356,2025-08-05,CUSTOMER,FULL,1979-01-01,46,1982-01-01,43,420000,48,4,0,0,13753,"2025-08-05 13:12:10"
25159704060,2025-08-05,CUSTOMER,FULL,1990-01-30,35,NULL,0,520000,30,3,0,0,5922,"2025-08-05 13:11:48"
8800456179,2025-08-05,CUSTOMER,FULL,1983-01-01,42,1975-07-13,50,459000,36,3,0,0,8347,"2025-08-05 13:11:10"
25159703336,2025-08-05,CUSTOMER,"PARTIAL FINANCE AMOUNT",1979-02-15,46,NULL,0,400000,24,2,300000,0,6011,"2025-08-05 13:10:43"
25159703359,2025-08-05,CUSTOMER,FULL,1995-03-13,30,1999-01-01,26,110000,24,2,0,0,814,"2025-08-05 13:10:31"
25159704584,2025-08-05,CUSTOMER,FULL,1998-02-03,27,NULL,0,346000,47,4,0,0,3479,"2025-08-05 13:10:07"
25158913676,2025-07-12,CUSTOMER,FULL,1989-01-01,36,NULL,-1,400000,48,4,0,0,5943,"2025-08-05 13:09:38"
25159701743,2025-08-05,CUSTOMER,FULL,1976-03-25,49,1966-03-07,59,350000,48,4,0,0,15376,"2025-08-05 13:09:37"
25159030237,2025-07-18,CUSTOMER,FULL,1968-01-01,57,1992-09-02,32,210000,36,3,0,0,14266,"2025-08-05 13:09:12"
25159688548,2025-08-04,CUSTOMER,FULL,1993-07-07,32,NULL,-1,650000,60,5,0,0,9419,"2025-08-05 13:08:04"
25158847219,2025-08-05,CUSTOMER,FULL,1988-04-15,37,NULL,0,525000,48,4,0,0,7763,"2025-08-05 13:07:41"
25159702901,2025-08-05,CUSTOMER,FULL,1993-01-01,32,1965-01-01,60,350000,42,4,0,0,4259,"2025-08-05 13:07:32"
25159688097,2025-08-04,CUSTOMER,FULL,1996-04-25,29,1997-05-25,28,272000,36,3,0,0,2404,"2025-08-05 13:07:28"
8800230074,2025-08-04,CUSTOMER,"PARTIAL FINANCE AMOUNT",1962-09-22,62,NULL,-1,300000,36,3,225000,0,22170,"2025-08-05 13:06:35"
25159683491,2025-08-04,CUSTOMER,FULL,1975-03-12,50,NULL,-1,499000,60,5,0,0,28564,"2025-08-05 13:06:13"
25159149730,2025-07-26,CUSTOMER,FULL,2001-01-01,24,NULL,-1,317000,36,3,0,0,2589,"2025-08-05 13:06:12"
8800420921,2025-08-04,CUSTOMER,FULL,1996-01-12,29,1993-02-18,32,256000,36,3,0,0,2263,"2025-08-05 13:05:35"
8800167014,2025-07-28,CUSTOMER,FULL,1998-01-01,27,NULL,-1,100000,24,2,0,0,735,"2025-08-05 13:05:29"
25159568183,2025-07-31,CUSTOMER,FULL,1976-05-15,49,NULL,-1,890000,48,4,0,0,37640,"2025-08-05 13:04:54"
25159150152,2025-07-26,CUSTOMER,FULL,2004-11-08,20,1974-06-15,51,462000,36,3,0,0,4046,"2025-08-05 13:04:38"
8800269724,2025-08-01,CUSTOMER,FULL,1990-09-12,34,NULL,-1,300000,24,2,0,0,2528,"2025-08-05 13:04:30"
25159705353,2025-08-05,CUSTOMER,FULL,1996-01-01,29,1992-01-01,33,550000,60,5,0,0,7217,"2025-08-05 13:04:19"
25159705324,2025-08-05,CUSTOMER,FULL,1990-01-19,35,NULL,0,210000,12,1,0,0,1004,"2025-08-05 13:04:09"
8800557052,2025-08-05,CUSTOMER,FULL,2002-09-25,22,NULL,0,120000,24,2,0,0,724,"2025-08-05 13:03:46"
25159705092,2025-08-05,CUSTOMER,FULL,2001-01-24,24,NULL,0,683500,60,5,0,0,7356,"2025-08-05 13:02:54"
8800541751,2025-08-04,CUSTOMER,FULL,1994-01-01,31,NULL,-1,1332000,36,3,0,0,12952,"2025-08-05 13:02:51"
25159692352,2025-08-04,CUSTOMER,FULL,2002-09-06,22,2001-04-05,24,970000,60,5,0,0,10279,"2025-08-05 13:02:42"
25159652366,2025-08-01,CUSTOMER,FULL,1997-01-01,28,NULL,-1,1050000,60,5,0,0,12192,"2025-08-05 13:02:16"
8800230206,2025-08-01,CUSTOMER,FULL,1986-04-04,39,NULL,-1,958000,60,5,0,0,18585,"2025-08-05 13:02:15"
25159528597,2025-07-31,CUSTOMER,FULL,2001-08-11,23,2004-02-04,21,250000,36,3,0,0,2021,"2025-08-05 13:02:11"
25159315932,2025-07-29,CUSTOMER,FULL,1987-12-04,37,NULL,-1,900000,36,3,0,0,11205,"2025-08-05 13:01:59"
25159705175,2025-08-05,CUSTOMER,FULL,1983-12-14,41,NULL,0,330000,48,4,0,0,6211,"2025-08-05 13:01:29"
25159680916,2025-08-05,CUSTOMER,FULL,1991-07-10,34,NULL,0,1350000,42,4,0,0,17970,"2025-08-05 13:01:18"
8800469258,2025-08-05,CUSTOMER,FULL,1970-10-15,54,NULL,0,560000,48,4,0,0,38710,"2025-08-05 13:00:28"
25159704933,2025-08-05,CUSTOMER,FULL,2005-03-01,20,1977-01-01,48,343000,48,4,0,0,3097,"2025-08-05 13:00:20"
25159702182,2025-08-05,CUSTOMER,FULL,1980-04-30,45,NULL,0,260000,36,3,0,0,6161,"2025-08-05 13:00:09"
25159700553,2025-08-05,CUSTOMER,FULL,2001-06-24,24,1999-11-23,25,825000,84,7,0,0,13347,"2025-08-05 12:59:59"
8800516097,2025-08-05,CUSTOMER,FULL,2003-02-14,22,1981-01-19,44,935000,36,3,0,0,8044,"2025-08-05 12:59:54"
8800155194,2025-08-05,CUSTOMER,FULL,2007-06-10,18,1978-01-01,47,828000,59,5,0,0,8159,"2025-08-05 12:59:33"
25159669913,2025-08-02,CUSTOMER,FULL,1977-12-12,47,1978-01-01,47,319000,36,3,0,0,9117,"2025-08-05 12:58:59"
25159704243,2025-08-05,CUSTOMER,FULL,1981-01-06,44,NULL,0,470000,24,2,0,0,7660,"2025-08-05 12:58:35"
8800445598,2025-07-31,CUSTOMER,FULL,1988-03-20,37,2000-04-02,25,220000,18,2,0,0,2181,"2025-08-05 12:58:29"
25157953725,2025-07-01,CO-APPLICANT,FULL,2000-01-01,25,1993-07-15,31,872000,60,5,0,0,10681,"2025-08-05 12:56:58"
8800437929,2025-07-30,CUSTOMER,FULL,1974-01-01,51,NULL,-1,990000,48,4,0,0,52558,"2025-08-05 12:56:40"
8800288430,2025-08-05,CUSTOMER,FULL,1978-01-01,47,2000-07-01,25,300000,24,2,0,0,6659,"2025-08-05 12:56:38"
8800122293,2025-08-04,CUSTOMER,FULL,1996-11-26,28,1967-11-07,57,495000,48,4,0,0,5386,"2025-08-05 12:56:37"
8800404527,2025-08-02,CUSTOMER,FULL,1995-11-14,29,NULL,-1,230000,36,3,0,0,2134,"2025-08-05 12:56:24"
25159705077,2025-08-05,CUSTOMER,FULL,1977-02-02,48,NULL,0,145000,36,3,0,0,4682,"2025-08-05 12:56:18"
8800470165,2025-08-05,CUSTOMER,FULL,1982-03-26,43,NULL,0,550000,60,5,0,0,16394,"2025-08-05 12:54:14"
8800274445,2025-08-05,CUSTOMER,FULL,1981-06-14,44,NULL,0,420000,24,2,0,0,6964,"2025-08-05 12:54:02"
25159304293,2025-07-29,CUSTOMER,FULL,1979-02-14,46,NULL,-1,490000,48,4,0,0,16046,"2025-08-05 12:53:50"
25159703787,2025-08-05,CUSTOMER,FULL,1974-04-22,51,NULL,0,750000,36,3,0,0,32179,"2025-08-05 12:53:46"
25158951764,2025-07-15,CUSTOMER,FULL,1986-02-18,39,1987-12-12,37,2100000,60,5,0,0,40739,"2025-08-05 12:52:52"
25159692054,2025-08-04,CUSTOMER,FULL,1986-01-19,39,NULL,-1,442000,48,4,0,0,7970,"2025-08-05 12:52:47"
8800461404,2025-08-04,CUSTOMER,FULL,1987-05-11,38,1971-01-01,54,1525000,36,3,0,0,20587,"2025-08-05 12:52:38"
25159669636,2025-08-02,CUSTOMER,FULL,2004-04-14,21,1966-01-01,59,899000,72,6,0,0,11701,"2025-08-05 12:52:26"
8800533729,2025-08-02,CUSTOMER,FULL,1989-11-30,35,1994-03-01,31,180000,36,3,0,0,2044,"2025-08-05 12:52:19"
25159703416,2025-08-05,CUSTOMER,FULL,1990-01-12,35,1984-07-06,41,610000,36,3,0,0,6248,"2025-08-05 12:50:36"
25159685090,2025-08-04,CUSTOMER,FULL,1994-10-11,30,1968-08-05,56,185000,35,3,0,0,1751,"2025-08-05 12:49:57"
25159702232,2025-08-05,CUSTOMER,"PARTIAL FINANCE AMOUNT",1966-07-16,59,NULL,0,300000,48,4,225000,0,22252,"2025-08-05 12:49:30"
25159704655,2025-08-05,CUSTOMER,FULL,1989-01-01,36,NULL,0,355000,36,3,0,0,4273,"2025-08-05 12:49:16"
25159547508,2025-07-31,CUSTOMER,FULL,1982-01-01,43,1987-03-05,38,385000,35,3,0,0,6938,"2025-08-05 12:48:34"
8800512531,2025-08-05,CUSTOMER,FULL,1997-11-05,27,NULL,0,450000,48,4,0,0,4833,"2025-08-05 12:48:31"
25159327538,2025-07-29,CUSTOMER,FULL,1990-07-11,35,NULL,-1,320000,36,3,0,0,3644,"2025-08-05 12:48:10"
8800450004,2025-07-15,CUSTOMER,FULL,1999-07-19,25,1993-04-19,32,315000,36,3,0,0,2584,"2025-08-05 12:47:56"
8800539805,2025-08-04,CUSTOMER,FULL,1988-02-22,37,NULL,-1,401000,60,5,0,0,7595,"2025-08-05 12:47:55"
25159703460,2025-08-05,CUSTOMER,"PARTIAL FINANCE AMOUNT",1967-05-06,58,1972-06-01,53,875000,59,5,437500,0,46509,"2025-08-05 12:47:50"
25158938579,2025-07-14,CUSTOMER,FULL,1993-01-01,32,NULL,-1,331000,42,4,0,0,3617,"2025-08-05 12:47:47"
8800483211,2025-07-23,CUSTOMER,FULL,1981-03-20,44,NULL,-1,793000,60,5,0,0,22402,"2025-08-05 12:47:32"
25159690485,2025-08-04,CUSTOMER,FULL,1992-01-01,33,NULL,-1,570000,48,4,0,0,7238,"2025-08-05 12:47:22"
25159107737,2025-07-24,CUSTOMER,FULL,1992-07-09,33,NULL,-1,220000,60,5,0,0,3207,"2025-08-05 12:47:14"
25159672103,2025-08-02,CUSTOMER,FULL,1994-06-06,31,NULL,-1,310000,23,2,0,0,2324,"2025-08-05 12:46:58"
8800488558,2025-08-05,CUSTOMER,FULL,1997-03-20,28,1960-07-30,65,230000,48,4,0,0,2503,"2025-08-05 12:46:26"
25159703637,2025-08-05,CUSTOMER,FULL,1989-10-10,35,1989-06-30,36,340000,36,3,0,0,3872,"2025-08-05 12:46:22"
8800458923,2025-08-05,CUSTOMER,FULL,1985-03-07,40,NULL,0,325000,42,4,0,0,5707,"2025-08-05 12:46:05"
8800189773,2025-07-24,CUSTOMER,FULL,1988-04-12,37,NULL,-1,300000,18,2,0,0,3087,"2025-08-05 12:45:55"
25159703614,2025-08-05,CUSTOMER,FULL,1982-02-01,43,NULL,0,510000,48,4,0,0,12560,"2025-08-05 12:45:10"
8800360137,2025-08-05,CUSTOMER,FULL,1997-05-11,28,NULL,0,150000,24,2,0,0,1055,"2025-08-05 12:44:49"
25159124957,2025-07-25,CUSTOMER,FULL,1992-01-01,33,1986-04-02,39,104000,24,2,0,0,822,"2025-08-05 12:44:39"
25159703389,2025-08-05,CUSTOMER,FULL,2000-11-02,24,NULL,0,770000,60,5,0,0,8287,"2025-08-05 12:42:57"
25159665475,2025-08-01,CUSTOMER,FULL,1979-07-01,46,NULL,-1,330000,36,3,0,0,8610,"2025-08-05 12:42:47"
25159701798,2025-08-05,CUSTOMER,FULL,1985-01-01,40,NULL,0,350000,48,4,0,0,6778,"2025-08-05 12:42:47"
25159703908,2025-08-05,CUSTOMER,FULL,1998-06-01,27,NULL,0,500000,36,3,0,0,4502,"2025-08-05 12:42:35"
25159685459,2025-08-04,CUSTOMER,FULL,1984-04-18,41,NULL,-1,450000,36,3,0,0,7535,"2025-08-05 12:41:38"
25159703333,2025-08-05,CUSTOMER,FULL,1998-05-10,27,NULL,0,325000,36,3,0,0,2819,"2025-08-05 12:40:50"
25158933870,2025-07-14,CUSTOMER,FULL,1992-01-01,33,NULL,-1,330000,48,4,0,0,3715,"2025-08-05 12:40:47"
8800168723,2025-08-05,CUSTOMER,FULL,1990-01-01,35,NULL,0,225000,36,3,0,0,2563,"2025-08-05 12:40:46"
8800190138,2025-08-05,CUSTOMER,FULL,1992-09-10,32,NULL,0,400000,24,2,0,0,3066,"2025-08-05 12:40:43"
8800427304,2025-08-05,CUSTOMER,FULL,1988-06-13,37,NULL,0,268000,24,2,0,0,2530,"2025-08-05 12:40:29"
8800342280,2025-06-19,CUSTOMER,FULL,1988-02-18,37,NULL,-1,825000,36,3,0,0,10271,"2025-08-05 12:40:14"
25159391543,2025-07-30,CUSTOMER,FULL,1988-02-02,37,1974-01-01,51,530000,60,5,0,0,9150,"2025-08-05 12:40:11"
25159690347,2025-08-04,CUSTOMER,FULL,1995-05-20,30,1996-01-01,29,316000,42,4,0,0,3297,"2025-08-05 12:39:45"
8800376676,2025-06-29,CUSTOMER,FULL,1990-08-25,34,NULL,-1,737000,60,5,0,0,9949,"2025-08-05 12:39:01"
8800375287,2025-08-01,CUSTOMER,FULL,2006-10-25,18,1980-06-25,45,256000,18,2,0,0,1701,"2025-08-05 12:38:57"
8800377894,2025-08-04,CUSTOMER,FULL,1978-05-07,47,NULL,-1,325000,36,3,0,0,9507,"2025-08-05 12:38:56"
25156612196,2025-07-31,CUSTOMER,FULL,1980-05-20,45,1985-05-07,40,650000,35,3,0,0,15578,"2025-08-05 12:38:50"
25159690001,2025-08-04,CUSTOMER,FULL,1994-01-01,31,NULL,-1,275000,48,4,0,0,2931,"2025-08-05 12:38:27"
25159703419,2025-08-05,CUSTOMER,FULL,1998-04-15,27,1968-01-01,57,300000,30,3,0,0,2702,"2025-08-05 12:38:24"
25159692342,2025-08-04,CUSTOMER,FULL,1987-08-09,37,NULL,-1,750000,35,3,0,0,9337,"2025-08-05 12:37:38"
25159688066,2025-08-04,CUSTOMER,FULL,1986-01-13,39,NULL,-1,1080000,60,5,0,0,20952,"2025-08-05 12:37:29"
8800549127,2025-08-04,CUSTOMER,"PARTIAL TENURE",1973-01-09,52,NULL,-1,400000,48,4,0,2,15166,"2025-08-05 12:37:13"
8800274112,2025-08-04,CO-APPLICANT,FULL,1969-06-01,56,1993-12-08,31,250000,24,2,0,0,1874,"2025-08-05 12:36:49"
25159703074,2025-08-05,CUSTOMER,FULL,1988-01-01,37,NULL,0,400000,36,3,0,0,5112,"2025-08-05 12:35:19"
25159099225,2025-07-23,CUSTOMER,FULL,1995-05-25,30,NULL,-1,300000,48,4,0,0,3378,"2025-08-05 12:35:02"
25159675962,2025-08-02,CUSTOMER,"PARTIAL FINANCE AMOUNT",1969-05-02,56,NULL,-1,660000,60,5,495000,0,47324,"2025-08-05 12:34:56"
25159134032,2025-07-25,CUSTOMER,FULL,1981-01-25,44,NULL,-1,1095000,72,6,0,0,39733,"2025-08-05 12:34:43"
8800437774,2025-08-05,CUSTOMER,FULL,1980-02-25,45,NULL,0,300000,38,4,0,0,8808,"2025-08-05 12:33:37"
25159704133,2025-08-05,CUSTOMER,FULL,1982-03-30,43,NULL,0,290000,41,4,0,0,6335,"2025-08-05 12:31:43"
25159660320,2025-08-01,CUSTOMER,FULL,1989-06-19,36,NULL,-1,500000,60,5,0,0,8479,"2025-08-05 12:31:16"
25159702538,2025-08-05,CUSTOMER,FULL,2004-01-01,21,1980-01-01,45,925000,60,5,0,0,9671,"2025-08-05 12:31:11"
8800447884,2025-08-04,CUSTOMER,FULL,1990-07-20,35,NULL,-1,400000,30,3,0,0,4555,"2025-08-05 12:30:46"
25159693671,2025-08-04,CUSTOMER,FULL,1998-02-20,27,1993-07-04,32,350000,48,4,0,0,3730,"2025-08-05 12:29:57"
25159519040,2025-07-31,CUSTOMER,FULL,1994-01-01,31,1992-01-01,33,800000,60,5,0,0,11149,"2025-08-05 12:29:40"
25159703121,2025-08-05,CUSTOMER,FULL,1981-01-01,44,NULL,0,350000,36,3,0,0,7554,"2025-08-05 12:29:25"
25159669757,2025-08-02,CUSTOMER,FULL,1986-05-05,39,NULL,-1,630000,48,4,0,0,10401,"2025-08-05 12:28:32"
25159664368,2025-08-01,CUSTOMER,FULL,1984-04-19,41,NULL,-1,594000,36,3,0,0,9947,"2025-08-05 12:28:14"
25159168528,2025-07-30,CO-APPLICANT,FULL,2000-01-01,25,2003-06-18,22,878000,48,4,0,0,9346,"2025-08-05 12:27:50"
25159703912,2025-08-05,CUSTOMER,FULL,1989-10-06,35,NULL,0,405000,48,4,0,0,5525,"2025-08-05 12:27:49"
25159703607,2025-08-05,CUSTOMER,FULL,1997-03-07,28,1973-08-18,51,420000,48,4,0,0,4570,"2025-08-05 12:27:07"
8800432295,2025-07-24,CUSTOMER,FULL,1997-05-27,28,2002-04-12,23,337000,60,5,0,0,3913,"2025-08-05 12:27:05"
8800533256,2025-08-02,CUSTOMER,FULL,1985-01-01,40,NULL,-1,225000,24,2,0,0,2717,"2025-08-05 12:26:52"
25159399681,2025-07-30,CUSTOMER,FULL,1998-01-04,27,1968-01-01,57,599781,60,5,0,0,6880,"2025-08-05 12:26:40"
25159125984,2025-07-25,CUSTOMER,FULL,1995-02-14,30,NULL,-1,425000,60,5,0,0,5101,"2025-08-05 12:26:38"
25158962518,2025-07-28,CUSTOMER,FULL,1993-02-02,32,NULL,-1,560000,48,4,0,0,6813,"2025-08-05 12:26:24"
25159061999,2025-07-21,CUSTOMER,FULL,1980-09-13,44,NULL,-1,500000,60,5,0,0,14125,"2025-08-05 12:25:26"
25159671530,2025-08-02,CUSTOMER,FULL,1995-10-30,29,NULL,-1,344000,48,4,0,0,3536,"2025-08-05 12:25:25"
8800483093,2025-08-05,CUSTOMER,FULL,1980-05-03,45,NULL,0,200000,24,2,0,0,3637,"2025-08-05 12:25:10"
25159701619,2025-08-05,CUSTOMER,FULL,1994-04-04,31,NULL,0,154000,24,2,0,0,1155,"2025-08-05 12:25:04"
25159704420,2025-08-05,CUSTOMER,FULL,1983-01-01,42,NULL,0,500000,48,4,0,0,11311,"2025-08-05 12:25:01"
8800046924,2025-08-05,CUSTOMER,FULL,1990-01-01,35,NULL,0,320000,48,4,0,0,3871,"2025-08-05 12:24:56"
25159688675,2025-08-04,CUSTOMER,FULL,1975-09-15,49,NULL,-1,340000,48,4,0,0,14837,"2025-08-05 12:24:51"
25159393051,2025-07-30,CUSTOMER,FULL,1995-02-07,30,1999-06-05,26,1200000,60,5,0,0,14401,"2025-08-05 12:24:49"
25159519232,2025-07-31,CUSTOMER,FULL,1992-02-04,33,NULL,-1,292000,41,4,0,0,3288,"2025-08-05 12:24:36"
25159522891,2025-07-31,CUSTOMER,FULL,1994-01-01,31,NULL,-1,270000,36,3,0,0,2466,"2025-08-05 12:24:26"
8800493008,2025-08-04,CUSTOMER,FULL,1993-07-05,32,NULL,-1,750000,60,5,0,0,10497,"2025-08-05 12:21:50"
25159658780,2025-08-01,CUSTOMER,FULL,1992-02-09,33,1970-12-15,54,825000,84,7,0,0,16764,"2025-08-05 12:21:40"
25159387022,2025-07-30,CUSTOMER,FULL,2002-01-01,23,1990-01-01,35,1800000,60,5,0,0,22472,"2025-08-05 12:20:52"
25159146015,2025-07-26,CUSTOMER,FULL,1996-01-01,29,1961-01-01,64,840000,72,6,0,0,12509,"2025-08-05 12:20:21"
8800402469,2025-08-02,CUSTOMER,FULL,1991-11-26,33,1997-12-18,27,486000,35,3,0,0,5024,"2025-08-05 12:19:40"
8800541203,2025-08-05,CUSTOMER,FULL,1995-06-30,30,NULL,0,200000,24,2,0,0,1480,"2025-08-05 12:19:21"
25159703987,2025-08-05,CUSTOMER,FULL,1980-11-13,44,2002-05-20,23,800000,31,3,0,0,15595,"2025-08-05 12:19:18"
8800246600,2025-08-05,CUSTOMER,FULL,1979-05-05,46,NULL,0,450000,36,3,0,0,11911,"2025-08-05 12:18:54"
25159686366,2025-08-04,CUSTOMER,FULL,1990-02-07,35,NULL,-1,320000,36,3,0,0,3278,"2025-08-05 12:18:34"
8800262599,2025-08-04,CUSTOMER,FULL,1997-09-03,27,NULL,-1,100000,24,2,0,0,735,"2025-08-05 12:18:22"
8800436703,2025-07-22,CUSTOMER,FULL,2001-12-15,23,1974-07-05,51,1050000,60,5,0,0,13109,"2025-08-05 12:18:05"
25159704017,2025-08-05,CUSTOMER,FULL,1988-01-01,37,NULL,0,200000,36,3,0,0,2556,"2025-08-05 12:15:52"
25159704106,2025-08-05,CUSTOMER,FULL,1995-01-01,30,NULL,0,780000,24,2,0,0,5799,"2025-08-05 12:15:17"
8800251847,2025-08-05,CUSTOMER,FULL,2001-07-07,24,NULL,0,550000,60,5,0,0,6575,"2025-08-05 12:15:17"
8800481612,2025-07-28,CUSTOMER,FULL,1990-02-24,35,NULL,-1,283000,42,4,0,0,3423,"2025-08-05 12:14:51"
25159518179,2025-07-31,CUSTOMER,FULL,2004-07-13,21,1963-12-19,61,1085000,60,5,0,0,11344,"2025-08-05 12:14:43"
25159694376,2025-08-04,CUSTOMER,FULL,1984-02-14,41,NULL,-1,300000,60,5,0,0,7282,"2025-08-05 12:14:05"
8800297198,2025-08-02,CUSTOMER,"PARTIAL FINANCE AMOUNT",1979-01-01,46,NULL,-1,220000,30,3,110000,0,2878,"2025-08-05 12:14:05"
25159314774,2025-07-29,CUSTOMER,FULL,2000-06-01,25,2004-03-02,21,323000,42,4,0,0,3069,"2025-08-05 12:13:43"
8800459910,2025-08-05,CUSTOMER,FULL,1997-07-15,28,NULL,0,500000,36,3,0,0,4473,"2025-08-05 12:11:59"
25159542837,2025-07-31,CUSTOMER,FULL,2001-12-15,23,1977-01-01,48,1680000,60,5,0,0,17921,"2025-08-05 12:11:24"
25159702721,2025-08-05,CUSTOMER,FULL,1991-07-10,34,1962-08-22,62,210000,48,4,0,0,2729,"2025-08-05 12:10:26"
25157649360,2025-06-24,CUSTOMER,FULL,2005-01-01,20,1977-01-01,48,343000,48,4,0,0,3097,"2025-08-05 12:10:15"
25159295486,2025-07-29,CUSTOMER,FULL,1981-09-08,43,NULL,-1,235000,30,3,0,0,4235,"2025-08-05 12:09:27"
8800241422,2025-08-03,CUSTOMER,FULL,1997-05-20,28,1972-01-01,53,930000,35,3,0,0,8450,"2025-08-05 12:08:45"
8800463355,2025-07-30,CUSTOMER,FULL,1999-08-06,25,NULL,-1,1000000,60,5,0,0,10833,"2025-08-05 12:08:32"
25159693558,2025-08-04,CUSTOMER,FULL,1985-12-10,39,NULL,-1,810000,60,5,0,0,17559,"2025-08-05 12:08:02"
8800559277,2025-08-05,CUSTOMER,FULL,2002-10-18,22,1986-01-01,39,280000,48,4,0,0,2601,"2025-08-05 12:07:50"
25159677189,2025-08-02,CUSTOMER,FULL,2001-08-31,23,1987-01-01,38,1870000,84,7,0,0,27495,"2025-08-05 12:07:01"
25159077828,2025-07-22,CUSTOMER,FULL,1994-06-06,31,NULL,-1,308000,36,3,0,0,2814,"2025-08-05 12:07:00"
25159687527,2025-08-04,CUSTOMER,FULL,2002-07-29,23,1973-01-01,52,300000,42,4,0,0,2808,"2025-08-05 12:06:30"
25159684823,2025-08-04,CUSTOMER,FULL,1995-07-10,30,NULL,-1,700000,60,5,0,0,9177,"2025-08-05 12:06:20"
25159693212,2025-08-04,CUSTOMER,FULL,2000-10-15,24,1981-01-01,44,950000,48,4,0,0,8957,"2025-08-05 12:06:16"
25159701974,2025-08-05,CUSTOMER,FULL,2003-01-01,22,NULL,0,939000,60,5,0,0,9951,"2025-08-05 12:06:06"
8800080147,2025-07-30,CUSTOMER,FULL,1992-05-10,33,NULL,-1,330000,60,5,0,0,4810,"2025-08-05 12:04:46"
8800459605,2025-08-04,CUSTOMER,FULL,1990-01-01,35,NULL,-1,450000,36,3,0,0,5125,"2025-08-05 12:04:36"
25159434503,2025-08-04,CUSTOMER,FULL,1991-07-15,34,1988-01-01,37,620000,48,4,0,0,8253,"2025-08-05 12:04:01"
8800267471,2025-08-05,CUSTOMER,FULL,1984-04-10,41,NULL,0,500000,30,3,0,0,8414,"2025-08-05 12:03:48"
25159670227,2025-08-02,CUSTOMER,FULL,1986-03-09,39,1987-04-15,38,310000,48,4,0,0,5118,"2025-08-05 12:03:12"
25159525364,2025-07-31,CO-APPLICANT,FULL,1969-01-01,56,1999-01-01,26,450000,42,4,0,0,4795,"2025-08-05 12:02:40"
25159668736,2025-08-02,CUSTOMER,FULL,1991-01-01,34,1993-01-01,32,340000,35,3,0,0,3680,"2025-08-05 12:02:26"
8800494827,2025-07-21,CUSTOMER,FULL,1972-01-01,53,2004-01-01,21,220000,24,2,0,0,6882,"2025-08-05 12:01:53"
25159677397,2025-08-02,CUSTOMER,FULL,1991-01-16,34,NULL,-1,659000,48,4,0,0,8772,"2025-08-05 12:00:36"
8800033531,2025-07-31,CUSTOMER,FULL,1992-04-03,33,NULL,-1,350000,42,4,0,0,4444,"2025-08-05 12:00:34"
25159702531,2025-08-05,CUSTOMER,FULL,1975-08-21,49,1984-09-28,40,4900000,59,5,0,0,255796,"2025-08-05 12:00:13"
25159700706,2025-08-05,CUSTOMER,FULL,1982-05-02,43,NULL,0,1000000,60,5,0,0,25960,"2025-08-05 12:00:02"
8800528135,2025-08-03,CUSTOMER,FULL,1972-06-02,53,NULL,-1,160000,30,3,0,0,8126,"2025-08-05 11:59:16"
8800520728,2025-08-05,CO-APPLICANT,FULL,1971-01-01,54,1994-06-17,31,475000,36,3,0,0,4552,"2025-08-05 11:58:04"
25159688132,2025-08-04,CO-APPLICANT,FULL,1965-11-25,59,1984-03-05,41,350000,48,4,0,0,7311,"2025-08-05 11:57:23"
25158821406,2025-07-11,CUSTOMER,FULL,2001-06-12,24,1972-08-21,52,890000,60,5,0,0,11112,"2025-08-05 11:57:20"
25159153797,2025-07-26,CUSTOMER,FULL,1994-08-23,30,NULL,-1,65000,23,2,0,0,475,"2025-08-05 11:57:17"
25159681477,2025-08-03,CUSTOMER,FULL,2001-01-01,24,1980-01-01,45,320000,48,4,0,0,3018,"2025-08-05 11:56:33"
8800279898,2025-08-05,CUSTOMER,FULL,1983-01-01,42,NULL,0,150000,15,2,0,0,2087,"2025-08-05 11:56:28"
25159083786,2025-07-22,CUSTOMER,FULL,1998-09-08,26,NULL,-1,917000,72,6,0,0,13137,"2025-08-05 11:56:24"
8800246973,2025-08-05,CUSTOMER,FULL,2000-05-06,25,NULL,0,1350000,60,5,0,0,14624,"2025-08-05 11:56:03"
25159703456,2025-08-05,CUSTOMER,FULL,1991-07-01,34,NULL,0,248000,24,2,0,0,2031,"2025-08-05 11:55:52"
25159664393,2025-08-01,CUSTOMER,FULL,1993-01-12,32,NULL,-1,280000,48,4,0,0,3407,"2025-08-05 11:54:23"
25158998988,2025-07-17,CUSTOMER,FULL,1980-03-13,45,1983-12-02,41,590000,48,4,0,0,17322,"2025-08-05 11:54:07"
25159544472,2025-07-31,CUSTOMER,FULL,1994-01-01,31,NULL,-1,950000,60,5,0,0,11636,"2025-08-05 11:54:06"
8800510706,2025-08-05,CUSTOMER,FULL,1971-06-15,54,NULL,0,1300000,55,5,0,0,103407,"2025-08-05 11:53:54"
25159126935,2025-07-25,CUSTOMER,FULL,2002-05-07,23,2001-05-05,24,670000,60,5,0,0,8365,"2025-08-05 11:53:08"
8800553630,2025-08-04,CUSTOMER,FULL,1995-05-05,30,NULL,-1,800000,60,5,0,0,9601,"2025-08-05 11:53:03"
8800522229,2025-08-05,CUSTOMER,FULL,1969-06-01,56,NULL,0,350000,36,3,0,0,23190,"2025-08-05 11:52:56"
8800573551,2025-08-05,CUSTOMER,FULL,1992-01-05,33,NULL,0,287837,60,5,0,0,3750,"2025-08-05 11:52:55"
25159040849,2025-07-19,CUSTOMER,FULL,2006-08-10,18,1982-06-10,43,325000,60,5,0,0,3203,"2025-08-05 11:52:52"
25159702891,2025-08-05,CUSTOMER,FULL,1974-01-01,51,NULL,0,1060000,72,6,0,0,75399,"2025-08-05 11:52:48"
25159535923,2025-07-31,CUSTOMER,FULL,1996-10-01,28,NULL,-1,490000,60,5,0,0,6297,"2025-08-05 11:52:45"
8800487184,2025-07-27,CUSTOMER,FULL,2002-09-09,22,1939-06-03,86,730000,60,5,0,0,9114,"2025-08-05 11:52:19"
8800157489,2025-08-04,CUSTOMER,FULL,1993-01-01,32,NULL,-1,360000,36,3,0,0,3573,"2025-08-05 11:50:54"
25159691725,2025-08-04,CUSTOMER,FULL,1999-08-08,25,NULL,-1,1002000,60,5,0,0,10855,"2025-08-05 11:50:53"
8800307728,2025-08-05,CUSTOMER,FULL,1997-10-01,27,1999-08-03,26,80000,24,2,0,0,557,"2025-08-05 11:50:16"
25159702735,2025-08-05,CUSTOMER,FULL,2000-01-17,25,NULL,0,300000,24,2,0,0,2089,"2025-08-05 11:50:15"
8800241423,2025-08-04,CUSTOMER,FULL,1994-12-31,30,1966-07-16,59,630000,35,3,0,0,5963,"2025-08-05 11:50:08"
25159701356,2025-08-05,CUSTOMER,FULL,1974-09-30,50,NULL,0,160000,36,3,0,0,6269,"2025-08-05 11:49:30"
25159691978,2025-08-04,CUSTOMER,FULL,1997-04-23,28,1978-01-01,47,869500,48,4,0,0,8814,"2025-08-05 11:49:10"
8800118497,2025-08-05,CUSTOMER,"PARTIAL TENURE",1968-01-01,57,NULL,0,520000,48,4,0,2,28901,"2025-08-05 11:48:53"
25159686468,2025-08-04,CUSTOMER,FULL,1977-09-17,47,1980-01-01,45,725000,60,5,0,0,30345,"2025-08-05 11:48:46"
25159703001,2025-08-05,CUSTOMER,FULL,1987-02-20,38,NULL,0,597000,36,3,0,0,7813,"2025-08-05 11:48:28"
25159701616,2025-08-05,CUSTOMER,FULL,1972-01-01,53,1968-03-02,57,500000,60,5,0,0,37784,"2025-08-05 11:48:24"
8800540751,2025-08-05,CUSTOMER,FULL,1991-01-19,34,NULL,0,260000,30,3,0,0,2817,"2025-08-05 11:47:38"
25159681252,2025-08-03,CUSTOMER,FULL,2003-03-15,22,1982-01-01,43,930000,48,4,0,0,8637,"2025-08-05 11:46:59"
8800475133,2025-08-05,CUSTOMER,FULL,1989-05-05,36,1986-11-28,38,125000,24,2,0,0,1169,"2025-08-05 11:46:25"
8800523990,2025-08-05,CUSTOMER,FULL,1996-08-05,29,NULL,0,450000,30,3,0,0,4174,"2025-08-05 11:46:00"
8800555377,2025-08-04,CUSTOMER,FULL,1999-06-18,26,1966-01-01,59,95000,18,2,0,0,675,"2025-08-05 11:45:31"
8800439451,2025-08-01,CUSTOMER,FULL,1978-01-01,47,NULL,-1,120000,24,2,0,0,2664,"2025-08-05 11:45:24"
25159173985,2025-07-28,CUSTOMER,FULL,1995-09-28,29,1976-01-01,49,500000,48,4,0,0,5505,"2025-08-05 11:45:21"
8800445596,2025-07-31,CUSTOMER,FULL,1990-06-26,35,1995-10-28,29,800000,48,4,0,0,11225,"2025-08-05 11:43:45"
25159687232,2025-08-04,CUSTOMER,FULL,1990-01-01,35,NULL,-1,400000,36,3,0,0,4097,"2025-08-05 11:43:43"
25159672252,2025-08-02,CUSTOMER,FULL,1998-09-06,26,NULL,-1,715000,60,5,0,0,8969,"2025-08-05 11:42:52"
8800274013,2025-08-05,CUSTOMER,FULL,1987-01-01,38,NULL,0,380000,36,3,0,0,5175,"2025-08-05 11:41:38"
25159698626,2025-08-05,CUSTOMER,FULL,1977-01-01,48,NULL,0,420000,36,3,0,0,13560,"2025-08-05 11:40:15"
8800520627,2025-08-05,CUSTOMER,FULL,1971-08-01,54,NULL,0,200000,21,2,0,0,6832,"2025-08-05 11:40:02"
8800047442,2025-08-05,CUSTOMER,"PARTIAL FINANCE AMOUNT",1976-09-30,48,NULL,0,500000,24,2,250000,0,4937,"2025-08-05 11:38:52"
25159693003,2025-08-05,CUSTOMER,FULL,1991-01-01,34,NULL,0,1006000,84,7,0,0,21546,"2025-08-05 11:38:29"
25159159369,2025-07-26,CUSTOMER,FULL,1992-09-12,32,1973-01-01,52,360000,24,2,0,0,2791,"2025-08-05 11:37:11"
25159702306,2025-08-05,CUSTOMER,FULL,2004-01-01,21,1971-01-01,54,315000,48,4,0,0,2889,"2025-08-05 11:37:08"
25159659282,2025-08-01,CUSTOMER,FULL,1994-05-10,31,NULL,-1,1200000,72,6,0,0,18692,"2025-08-05 11:36:46"
25159702608,2025-08-05,CUSTOMER,"PARTIAL FINANCE AMOUNT",1975-01-01,50,NULL,0,80000,18,2,60000,0,1843,"2025-08-05 11:36:45"
25159388939,2025-07-30,CUSTOMER,FULL,1995-01-01,30,NULL,-1,290000,47,4,0,0,3265,"2025-08-05 11:36:28"
25159109595,2025-07-24,CUSTOMER,FULL,1998-01-01,27,1981-10-09,43,500000,35,3,0,0,4502,"2025-08-05 11:36:06"
25159692333,2025-08-04,CUSTOMER,FULL,1996-11-01,28,1978-07-12,47,610000,60,5,0,0,7083,"2025-08-05 11:35:25"
8800539328,2025-08-04,CUSTOMER,FULL,1996-02-20,29,NULL,-1,268000,36,3,0,0,2369,"2025-08-05 11:34:24"
8800274111,2025-07-22,CUSTOMER,FULL,1981-01-01,44,NULL,-1,250000,24,2,0,0,4145,"2025-08-05 11:33:56"
25159693657,2025-08-04,CUSTOMER,FULL,2005-03-21,20,1979-01-01,46,160000,24,2,0,0,1037,"2025-08-05 11:33:44"
25159663747,2025-08-01,CUSTOMER,FULL,1998-01-11,27,NULL,-1,742000,60,5,0,0,9395,"2025-08-05 11:33:07"
8800467987,2025-08-05,CUSTOMER,FULL,1978-07-20,47,NULL,0,180000,20,2,0,0,3996,"2025-08-05 11:32:36"
25159177275,2025-07-28,CUSTOMER,FULL,1999-01-01,26,1976-05-03,49,970000,4,1,0,0,4007,"2025-08-05 11:32:35"
25159680435,2025-08-03,CUSTOMER,FULL,1986-07-10,39,NULL,-1,300000,36,3,0,0,4369,"2025-08-05 11:32:14"
8800489552,2025-07-30,CUSTOMER,FULL,1977-06-14,48,NULL,-1,300000,30,3,0,0,9686,"2025-08-05 11:31:27"
8800264231,2025-08-05,CUSTOMER,FULL,1990-01-01,35,1963-01-01,62,500000,36,3,0,0,5676,"2025-08-05 11:31:14"
8800484061,2025-08-04,CUSTOMER,FULL,1976-07-12,49,NULL,-1,93000,24,2,0,0,2560,"2025-08-05 11:29:46"
25159690194,2025-08-04,CUSTOMER,FULL,1996-02-27,29,1966-01-01,59,950000,60,5,0,0,11199,"2025-08-05 11:29:24"
25159702744,2025-08-05,CUSTOMER,FULL,1987-01-25,38,1991-01-01,34,5300000,47,4,0,0,86431,"2025-08-05 11:29:15"
8800188524,2025-07-23,CUSTOMER,FULL,1997-03-12,28,NULL,-1,313000,48,4,0,0,3173,"2025-08-05 11:27:35"
25159674950,2025-08-02,CUSTOMER,FULL,1992-01-01,33,NULL,-1,1000000,60,5,0,0,13028,"2025-08-05 11:27:06"
25159702321,2025-08-05,CUSTOMER,FULL,1997-01-01,28,NULL,0,810000,60,5,0,0,9406,"2025-08-05 11:27:03"
8800223474,2025-08-02,CUSTOMER,FULL,1986-01-01,39,NULL,-1,350000,24,2,0,0,3945,"2025-08-05 11:26:57"
25159691110,2025-08-04,CUSTOMER,FULL,1990-11-15,34,NULL,-1,300000,36,3,0,0,3247,"2025-08-05 11:26:32"
8800465003,2025-08-01,CUSTOMER,FULL,2001-06-28,24,1971-01-01,54,1000000,60,5,0,0,10762,"2025-08-05 11:26:16"
25159663112,2025-08-01,CUSTOMER,FULL,1990-11-28,34,1963-01-01,62,310000,54,5,0,0,4727,"2025-08-05 11:26:00"
25159674557,2025-08-02,CUSTOMER,FULL,1993-01-01,32,NULL,-1,410000,48,4,0,0,4906,"2025-08-05 11:25:17"
8800557904,2025-08-04,CUSTOMER,FULL,1997-01-01,28,2004-09-15,20,675000,60,5,0,0,7838,"2025-08-05 11:24:27"
25159056149,2025-07-21,CO-APPLICANT,FULL,1969-01-01,56,1999-01-01,26,310000,36,3,0,0,2664,"2025-08-05 11:23:52"
8800113241,2025-08-04,CUSTOMER,FULL,1980-01-01,45,NULL,-1,303000,36,3,0,0,7180,"2025-08-05 11:23:48"
25159693307,2025-08-04,CUSTOMER,FULL,1991-01-02,34,1989-10-16,35,970000,60,5,0,0,13095,"2025-08-05 11:22:34"
25159660425,2025-08-01,CUSTOMER,FULL,1998-01-01,27,NULL,-1,200000,24,2,0,0,1393,"2025-08-05 11:21:55"
25159702329,2025-08-05,CUSTOMER,FULL,1992-01-01,33,NULL,0,300000,24,2,0,0,2418,"2025-08-05 11:21:39"
8800204300,2025-08-01,CUSTOMER,FULL,1972-09-30,52,1976-01-01,49,1670000,60,5,0,0,109684,"2025-08-05 11:21:11"
25159686124,2025-08-04,CUSTOMER,FULL,1989-04-15,36,1974-12-16,50,210000,36,3,0,0,2511,"2025-08-05 11:21:06"
25159681516,2025-08-03,CUSTOMER,FULL,1987-10-04,37,NULL,-1,660000,72,6,0,0,14681,"2025-08-05 11:20:56"
25159691060,2025-08-04,CUSTOMER,FULL,1994-02-22,31,1992-08-15,32,150000,24,2,0,0,1125,"2025-08-05 11:20:26"
25159683836,2025-08-04,CUSTOMER,FULL,2002-01-01,23,1990-06-06,35,335000,36,3,0,0,2949,"2025-08-05 11:19:58"
25159686050,2025-08-04,CUSTOMER,FULL,1976-12-08,48,NULL,-1,300000,30,3,0,0,9697,"2025-08-05 11:19:49"
25159698906,2025-08-05,CUSTOMER,FULL,1975-06-30,50,NULL,0,205000,30,3,0,0,8032,"2025-08-05 11:18:57"
8800554410,2025-08-05,CUSTOMER,FULL,1979-06-01,46,NULL,0,150000,18,2,0,0,2487,"2025-08-05 11:17:56"
25159668712,2025-08-02,CUSTOMER,FULL,1988-01-01,37,NULL,-1,772000,71,6,0,0,16826,"2025-08-05 11:16:50"
25157707663,2025-06-28,CUSTOMER,FULL,1985-01-01,40,NULL,-1,320000,48,4,0,0,5619,"2025-08-05 11:16:13"
25159682883,2025-08-03,CUSTOMER,FULL,1996-01-01,29,1971-01-01,54,165000,24,2,0,0,1208,"2025-08-05 11:15:17"
8800541255,2025-08-04,CUSTOMER,FULL,1971-06-06,54,NULL,-1,408000,60,5,0,0,31323,"2025-08-05 11:15:12"
25159120571,2025-07-24,CUSTOMER,FULL,2002-09-09,22,1939-06-03,86,730000,60,5,0,0,9114,"2025-08-05 11:14:26"
8800165320,2025-08-04,CUSTOMER,FULL,1995-06-03,30,1978-01-01,47,500000,42,4,0,0,5629,"2025-08-05 11:14:20"
25159179843,2025-07-28,CO-APPLICANT,FULL,1962-01-01,63,1999-01-10,26,230000,36,3,0,0,2025,"2025-08-05 11:14:11"
25159649193,2025-08-01,CUSTOMER,FULL,1981-01-01,44,1982-07-01,43,100000,24,2,0,0,1658,"2025-08-05 11:13:39"
8800265118,2025-06-23,CUSTOMER,FULL,1986-01-01,39,1991-01-01,34,258000,36,3,0,0,3569,"2025-08-05 11:13:00"
25159671422,2025-08-02,CUSTOMER,FULL,1994-10-17,30,NULL,-1,400000,48,4,0,0,4503,"2025-08-05 11:12:33"
8800388450,2025-08-01,CUSTOMER,FULL,1994-02-25,31,1990-10-02,34,1800000,84,7,0,0,31393,"2025-08-05 11:12:06"
8800138989,2025-07-08,CUSTOMER,FULL,2001-05-11,24,1979-06-20,46,1100000,60,5,0,0,11838,"2025-08-05 11:11:57"
8800458742,2025-08-05,CUSTOMER,FULL,1997-10-01,27,NULL,0,150000,36,3,0,0,1351,"2025-08-05 11:11:33"
8800229754,2025-08-04,CUSTOMER,FULL,1985-01-01,40,NULL,-1,430000,48,4,0,0,8327,"2025-08-05 11:10:37"
8800240051,2025-06-25,CUSTOMER,FULL,1998-08-07,26,1954-01-01,71,300000,36,3,0,0,2641,"2025-08-05 11:10:19"
25159668662,2025-08-02,CUSTOMER,FULL,1992-01-01,33,NULL,-1,300000,36,3,0,0,2875,"2025-08-05 11:10:07"
25159701530,2025-08-05,CUSTOMER,FULL,1995-01-05,30,1991-03-02,34,945000,60,5,0,0,11341,"2025-08-05 11:09:51"
25159701717,2025-08-05,CUSTOMER,FULL,1973-01-05,52,1993-10-07,31,850000,60,5,0,0,57793,"2025-08-05 11:09:31"
8800570201,2025-08-03,CUSTOMER,FULL,1995-01-01,30,NULL,-1,525000,24,2,0,0,3884,"2025-08-05 11:09:27"
8800133485,2025-08-05,CUSTOMER,FULL,1983-07-20,42,1984-01-03,41,400000,60,5,0,0,10592,"2025-08-05 11:08:02"
25159694908,2025-08-04,CUSTOMER,FULL,1983-01-01,42,NULL,-1,331000,42,4,0,0,6691,"2025-08-05 11:07:58"
8800405206,2025-08-05,CUSTOMER,FULL,1990-12-07,34,NULL,0,400000,36,3,0,0,4329,"2025-08-05 11:06:36"
8800481909,2025-08-05,CUSTOMER,FULL,1990-09-01,34,NULL,0,350000,36,3,0,0,3792,"2025-08-05 11:06:16"
8800357363,2025-08-04,CUSTOMER,FULL,1992-01-01,33,1993-01-01,32,1800000,30,3,0,0,18713,"2025-08-05 11:05:48"
25159695957,2025-08-04,CUSTOMER,FULL,2003-09-03,21,1976-01-01,49,1065000,71,6,0,0,13862,"2025-08-05 11:04:58"
25159683492,2025-08-04,CUSTOMER,FULL,1990-12-04,34,NULL,-1,655000,48,4,0,0,8510,"2025-08-05 11:04:21"
25159701851,2025-08-05,CUSTOMER,FULL,1987-03-23,38,1992-08-01,33,600000,60,5,0,0,12136,"2025-08-05 11:03:12"
8800374814,2025-07-28,CUSTOMER,FULL,1988-01-01,37,1987-01-01,38,550000,60,5,0,0,10417,"2025-08-05 11:02:23"
8800521060,2025-07-29,CUSTOMER,FULL,1981-02-02,44,NULL,-1,800000,36,3,0,0,15595,"2025-08-05 11:01:24"
25159697999,2025-08-05,CUSTOMER,FULL,1998-10-08,26,NULL,0,430000,30,3,0,0,3786,"2025-08-05 11:00:41"
8800210638,2025-08-05,CUSTOMER,FULL,1981-08-12,43,NULL,0,350000,48,4,0,0,8488,"2025-08-05 11:00:34"
25159701387,2025-08-05,CUSTOMER,FULL,1993-12-28,31,NULL,0,200000,24,2,0,0,1500,"2025-08-05 11:00:19"
25159688467,2025-08-04,CUSTOMER,FULL,1984-06-26,41,NULL,-1,318000,42,4,0,0,5986,"2025-08-05 11:00:12"
8800519161,2025-08-05,CUSTOMER,FULL,1972-09-30,52,NULL,0,165000,24,2,0,0,4717,"2025-08-05 10:58:42"
25159688978,2025-08-04,CUSTOMER,FULL,1990-01-01,35,1995-01-01,30,950000,60,5,0,0,13363,"2025-08-05 10:58:22"
8800550729,2025-08-05,CUSTOMER,FULL,1989-01-30,36,NULL,0,300000,18,2,0,0,2689,"2025-08-05 10:58:14"
8800538205,2025-08-01,CUSTOMER,FULL,1980-04-25,45,NULL,-1,270000,24,2,0,0,4124,"2025-08-05 10:57:36"
8800474567,2025-08-02,CUSTOMER,FULL,2000-02-04,25,1980-01-01,45,296000,36,3,0,0,2428,"2025-08-05 10:56:53"
8800425095,2025-07-30,CUSTOMER,FULL,1987-01-01,38,2004-01-01,21,320000,42,4,0,0,5219,"2025-08-05 10:56:12"
25159164172,2025-07-27,CUSTOMER,FULL,1986-11-01,38,1988-01-01,37,620000,60,5,0,0,11318,"2025-08-05 10:55:47"
25159118662,2025-07-24,CUSTOMER,FULL,2001-11-11,23,1975-06-17,50,630000,60,5,0,0,6721,"2025-08-05 10:54:07"
8800503222,2025-07-28,CUSTOMER,FULL,1993-08-16,31,1995-04-27,30,332864,60,5,0,0,4078,"2025-08-05 10:52:58"
25159685186,2025-08-04,CUSTOMER,FULL,2003-10-13,21,2005-03-27,20,283000,36,3,0,0,2241,"2025-08-05 10:52:48"
25159670868,2025-08-02,CUSTOMER,FULL,1993-07-02,32,NULL,-1,500000,54,5,0,0,6998,"2025-08-05 10:52:00"
25159152525,2025-07-27,CUSTOMER,FULL,1986-07-03,39,1988-07-04,37,950000,60,5,0,0,20593,"2025-08-05 10:51:27"
8800500273,2025-08-04,CUSTOMER,FULL,1993-11-10,31,2002-03-10,23,1700000,84,7,0,0,29649,"2025-08-05 10:47:26"
8800537737,2025-08-02,CUSTOMER,FULL,1998-06-08,27,1977-06-01,48,390000,15,2,0,0,2716,"2025-08-05 10:46:39"
8800504563,2025-08-01,CUSTOMER,FULL,1996-06-01,29,NULL,-1,550000,48,4,0,0,6056,"2025-08-05 10:44:48"
25159557656,2025-07-31,CUSTOMER,FULL,1984-11-03,40,NULL,-1,920000,60,5,0,0,19009,"2025-08-05 10:44:38"
8800482592,2025-08-04,CUSTOMER,FULL,1989-10-14,35,NULL,-1,600000,48,4,0,0,8185,"2025-08-05 10:44:12"
25159050632,2025-07-21,CUSTOMER,FULL,1987-06-22,38,NULL,-1,320000,36,3,0,0,4320,"2025-08-05 10:44:09"
25159659633,2025-08-01,CUSTOMER,FULL,1969-04-20,56,NULL,-1,158000,24,2,0,0,8183,"2025-08-05 10:43:09"
8800558701,2025-08-05,CUSTOMER,FULL,1972-03-05,53,1966-05-30,59,100000,18,2,0,0,4136,"2025-08-05 10:42:59"
25159687730,2025-08-04,CUSTOMER,FULL,1996-01-14,29,1988-07-01,37,350000,36,3,0,0,3247,"2025-08-05 10:41:03"
25159166203,2025-07-30,CUSTOMER,FULL,2002-08-06,22,1993-12-18,31,670000,60,5,0,0,8365,"2025-08-05 10:39:55"
25159697713,2025-08-05,CUSTOMER,FULL,1991-05-04,34,1990-02-01,35,252000,30,3,0,0,2727,"2025-08-05 10:38:18"
25159700667,2025-08-05,CUSTOMER,FULL,1989-01-01,36,1989-01-01,36,199000,36,3,0,0,2396,"2025-08-05 10:37:26"
8800228944,2025-08-05,CUSTOMER,FULL,1992-06-05,33,1963-07-01,62,1500000,60,5,0,0,19541,"2025-08-05 10:37:19"
25158927077,2025-07-14,CUSTOMER,FULL,1999-01-02,26,1978-01-01,47,360000,48,4,0,0,3798,"2025-08-05 10:37:03"
25159686315,2025-08-04,CUSTOMER,FULL,1984-01-08,41,NULL,-1,310000,60,5,0,0,7525,"2025-08-05 10:36:53"
25159111449,2025-07-24,CUSTOMER,FULL,1999-01-01,26,1962-01-01,63,1150000,60,5,0,0,13068,"2025-08-05 10:36:46"
25159686007,2025-08-04,CUSTOMER,FULL,1984-12-18,40,NULL,-1,450000,36,3,0,0,7031,"2025-08-05 10:36:29"
8800269125,2025-07-15,CUSTOMER,FULL,1978-08-01,46,1978-08-01,46,1400000,35,3,0,0,37055,"2025-08-05 10:36:25"
25159700265,2025-08-05,CUSTOMER,FULL,1993-08-07,31,NULL,0,300000,30,3,0,0,2740,"2025-08-05 10:35:30"
25159683557,2025-08-04,CUSTOMER,FULL,1994-05-21,31,1998-10-22,26,119000,24,2,0,0,899,"2025-08-05 10:35:09"
8800521297,2025-08-05,CUSTOMER,FULL,2004-09-18,20,NULL,0,938000,60,5,0,0,9652,"2025-08-05 10:34:07"
25159700735,2025-08-05,CUSTOMER,FULL,1990-01-01,35,NULL,0,250000,36,3,0,0,2847,"2025-08-05 10:33:12"
8800547830,2025-08-04,CUSTOMER,FULL,1978-01-01,47,NULL,-1,250000,24,2,0,0,4518,"2025-08-05 10:32:32"
25159118177,2025-07-24,CUSTOMER,FULL,1990-01-01,35,NULL,-1,338000,36,3,0,0,3462,"2025-08-05 10:32:27"
8800501399,2025-08-04,CUSTOMER,FULL,1966-01-09,59,NULL,-1,1200000,84,7,0,0,183783,"2025-08-05 10:31:57"
25159022626,2025-07-18,CUSTOMER,FULL,2001-08-24,23,2001-01-14,24,400000,36,3,0,0,3522,"2025-08-05 10:31:54"
8800488287,2025-07-24,CUSTOMER,FULL,1991-01-01,34,NULL,-1,300000,36,3,0,0,2974,"2025-08-05 10:31:35"
8800245209,2025-07-29,CUSTOMER,FULL,1995-12-29,29,NULL,-1,550000,36,3,0,0,5102,"2025-08-05 10:31:02"
8800314443,2025-07-25,CUSTOMER,FULL,1979-03-17,46,1972-05-06,53,530000,48,4,0,0,17355,"2025-08-05 10:30:58"
8800267136,2025-07-12,CUSTOMER,FULL,1967-05-04,58,NULL,-1,715000,48,4,0,0,66231,"2025-08-05 10:30:25"
8800436113,2025-08-04,CUSTOMER,FULL,1984-10-05,40,1986-05-05,39,310000,30,3,0,0,4544,"2025-08-05 10:28:29"
25159700829,2025-08-05,CUSTOMER,FULL,2001-01-01,24,NULL,0,290000,30,3,0,0,2369,"2025-08-05 10:27:47"
25158919689,2025-07-12,CUSTOMER,FULL,2004-03-31,21,1968-02-13,57,250000,36,3,0,0,1980,"2025-08-05 10:27:04"
25159692058,2025-08-04,CUSTOMER,FULL,1997-11-19,27,1964-10-15,60,200000,48,4,0,0,2148,"2025-08-05 10:27:00"
25159670185,2025-08-02,CO-APPLICANT,FULL,2000-01-01,25,1974-12-31,50,5250000,60,5,0,0,300520,"2025-08-05 10:26:54"
8800205539,2025-08-05,CUSTOMER,FULL,1986-08-04,39,NULL,0,700000,48,4,0,0,12234,"2025-08-05 10:25:55"
8800455363,2025-07-21,CUSTOMER,FULL,1982-03-06,43,1963-01-01,62,1250000,60,5,0,0,32450,"2025-08-05 10:24:08"
8800461151,2025-07-29,CUSTOMER,FULL,1998-12-08,26,1960-03-20,65,950000,48,4,0,0,10022,"2025-08-05 10:23:49"
25159661964,2025-08-01,CUSTOMER,FULL,1992-12-26,32,NULL,-1,195000,48,4,0,0,2131,"2025-08-05 10:23:38"
25159688259,2025-08-04,CUSTOMER,FULL,1996-01-01,29,1985-01-01,40,169000,24,2,0,0,1237,"2025-08-05 10:23:28"
8800216376,2025-08-05,CUSTOMER,FULL,2000-05-22,25,1970-02-19,55,320000,48,4,0,0,3040,"2025-08-05 10:22:39"
25159688795,2025-08-04,CUSTOMER,FULL,1990-05-18,35,NULL,-1,240000,24,2,0,0,2051,"2025-08-05 10:22:37"
25159667231,2025-08-01,CUSTOMER,FULL,1999-05-07,26,1973-01-01,52,800000,72,6,0,0,11564,"2025-08-05 10:21:33"
8800494334,2025-08-02,CUSTOMER,FULL,1982-03-08,43,NULL,-1,175000,47,4,0,0,4244,"2025-08-05 10:20:43"
25159508884,2025-07-31,CUSTOMER,FULL,1985-07-11,40,NULL,-1,300000,44,4,0,0,5647,"2025-08-05 10:19:26"
25159677629,2025-08-02,CUSTOMER,FULL,1993-03-18,32,1971-06-01,54,740000,60,5,0,0,9326,"2025-08-05 10:15:38"
8800479430,2025-08-04,CUSTOMER,FULL,2000-06-05,25,NULL,-1,600000,47,4,0,0,6266,"2025-08-05 10:13:56"
25159692159,2025-08-04,CUSTOMER,FULL,2003-03-09,22,NULL,-1,200000,48,4,0,0,2028,"2025-08-05 10:11:17"
25159385472,2025-07-30,CUSTOMER,FULL,1981-01-01,44,1988-01-01,37,331000,42,4,0,0,7859,"2025-08-05 10:10:35"
8800504627,2025-07-25,CUSTOMER,FULL,1988-07-11,37,NULL,-1,330000,42,4,0,0,4880,"2025-08-05 10:10:33"
25159282816,2025-07-29,CUSTOMER,FULL,2002-01-01,23,1981-01-01,44,320000,36,3,0,0,2587,"2025-08-05 10:10:18"
8800410638,2025-08-04,CUSTOMER,FULL,1985-06-01,40,NULL,-1,300000,22,2,0,0,3381,"2025-08-05 10:07:45"
8800003867,2025-08-01,CUSTOMER,FULL,1975-05-05,50,1977-05-20,48,600000,48,4,0,0,28993,"2025-08-05 10:07:18"
8800508839,2025-08-04,CUSTOMER,FULL,1971-10-08,53,NULL,-1,120000,24,2,0,0,4964,"2025-08-05 10:06:36"
8800287889,2025-08-04,CUSTOMER,FULL,1984-04-01,41,NULL,-1,530000,48,4,0,0,9976,"2025-08-05 10:04:50"
8800450965,2025-07-21,CUSTOMER,FULL,1991-05-09,34,1989-01-01,36,1450000,60,5,0,0,23065,"2025-08-05 10:04:45"
25159052255,2025-07-21,CUSTOMER,FULL,1986-10-04,38,1968-03-27,57,2400000,47,4,0,0,39139,"2025-08-05 10:02:42"
8800266850,2025-08-02,CUSTOMER,FULL,2004-02-20,21,1972-01-01,53,664000,60,5,0,0,8290,"2025-08-05 10:00:36"
25159506541,2025-07-31,CUSTOMER,FULL,1996-10-01,28,1975-11-07,49,1885000,84,7,0,0,30807,"2025-08-05 09:56:05"
25159695238,2025-08-04,CUSTOMER,FULL,1997-05-24,28,NULL,-1,680000,48,4,0,0,6893,"2025-08-05 09:49:47"
25159692171,2025-08-04,CO-APPLICANT,FULL,1965-01-01,60,2003-07-23,22,380000,42,4,0,0,4045,"2025-08-05 09:47:53"
25159165526,2025-07-28,CUSTOMER,FULL,1995-10-10,29,1962-01-01,63,835000,60,5,0,0,10957,"2025-08-05 09:43:22"
25159413398,2025-07-30,CUSTOMER,FULL,1995-06-03,30,1978-01-01,47,500000,42,4,0,0,5629,"2025-08-05 09:43:15"
8800463393,2025-07-31,CUSTOMER,FULL,1978-04-24,47,NULL,-1,770000,72,6,0,0,38816,"2025-08-05 09:43:09"
25159669124,2025-08-02,CUSTOMER,FULL,1976-06-14,49,NULL,-1,300000,24,2,0,0,8256,"2025-08-05 09:42:33"
25159694861,2025-08-04,CUSTOMER,FULL,1985-07-21,40,NULL,-1,916000,24,2,0,0,10322,"2025-08-05 09:41:25"
25159696202,2025-08-04,CUSTOMER,FULL,2003-01-01,22,1950-01-01,75,610000,60,5,0,0,7616,"2025-08-05 09:34:30"
8800452375,2025-08-05,CUSTOMER,FULL,1989-03-11,36,NULL,0,480000,18,2,0,0,4302,"2025-08-05 09:29:36"
25159667181,2025-08-01,CUSTOMER,FULL,1986-01-01,39,NULL,-1,365000,36,3,0,0,5048,"2025-08-05 09:20:33"
25159695276,2025-08-04,CUSTOMER,FULL,1992-10-10,32,NULL,-1,450000,36,3,0,0,4514,"2025-08-05 09:14:47"
25159684409,2025-08-04,CUSTOMER,FULL,1973-11-01,51,NULL,-1,200000,24,2,0,0,6844,"2025-08-05 09:13:26"
25159179364,2025-07-28,CUSTOMER,FULL,1995-03-26,30,NULL,-1,850000,59,5,0,0,11144,"2025-08-05 09:12:06"
8800364824,2025-08-05,CUSTOMER,FULL,1966-01-02,59,NULL,0,500000,36,3,0,0,39519,"2025-08-05 09:12:05"
8800479357,2025-08-04,CUSTOMER,FULL,1987-07-14,38,NULL,-1,400000,36,3,0,0,5400,"2025-08-05 09:10:52"
8800511686,2025-08-05,CUSTOMER,FULL,2002-03-13,23,NULL,0,337000,54,5,0,0,3595,"2025-08-05 09:09:08"
8800540381,2025-08-05,CUSTOMER,FULL,1978-06-01,47,NULL,0,330000,48,4,0,0,11834,"2025-08-05 09:06:57"
8800467874,2025-08-05,CUSTOMER,FULL,1995-01-01,30,NULL,0,780000,60,5,0,0,9361,"2025-08-05 09:01:27"
25159699256,2025-08-05,CUSTOMER,FULL,1985-01-01,40,NULL,0,315000,24,2,0,0,3829,"2025-08-05 08:56:54"
25159668830,2025-08-02,CUSTOMER,FULL,1993-12-02,31,NULL,-1,1000000,36,3,0,0,9582,"2025-08-05 08:51:08"
25159677945,2025-08-02,CUSTOMER,FULL,2003-01-18,22,1970-01-01,55,947500,72,6,0,0,12467,"2025-08-05 08:50:38"
8800115320,2025-08-02,CUSTOMER,FULL,1973-01-01,52,NULL,-1,180000,30,3,0,0,8594,"2025-08-05 08:49:52"
25159698587,2025-08-05,CUSTOMER,FULL,1996-01-01,29,NULL,0,450000,30,3,0,0,4095,"2025-08-05 08:43:39"
25159695468,2025-08-04,CUSTOMER,FULL,1994-06-26,31,1969-06-05,56,1035000,60,5,0,0,12678,"2025-08-05 08:42:03"
25159698718,2025-08-05,CUSTOMER,FULL,2002-06-10,23,1980-01-01,45,870000,59,5,0,0,9281,"2025-08-05 08:41:15"
8800472167,2025-08-02,CUSTOMER,FULL,1980-11-04,44,NULL,-1,597000,60,5,0,0,16865,"2025-08-05 08:38:19"
25159692240,2025-08-04,CUSTOMER,FULL,1987-01-01,38,1978-02-05,47,700296,36,3,0,0,9165,"2025-08-05 08:36:36"
8800304930,2025-08-05,CUSTOMER,FULL,2003-01-01,22,NULL,0,500000,48,4,0,0,5322,"2025-08-05 08:36:10"
25159324904,2025-07-29,CUSTOMER,FULL,1981-01-01,44,1997-09-11,27,700000,48,4,0,0,18858,"2025-08-05 08:35:28"
25159688120,2025-08-04,CUSTOMER,FULL,1993-05-12,32,1994-09-01,30,312000,36,3,0,0,2913,"2025-08-05 08:34:43"
25159689570,2025-08-04,CUSTOMER,FULL,1984-07-01,41,1989-06-05,36,330000,42,4,0,0,6211,"2025-08-05 08:34:08"
25159683771,2025-08-04,CUSTOMER,FULL,1989-01-01,36,2005-02-07,20,980000,60,5,0,0,16063,"2025-08-05 08:34:05"
8800406775,2025-08-05,CUSTOMER,FULL,1979-01-01,46,NULL,0,800000,60,5,0,0,31549,"2025-08-05 08:31:49"
25159698467,2025-08-05,CUSTOMER,FULL,1987-01-01,38,1982-01-01,43,242000,42,4,0,0,3773,"2025-08-05 08:25:34"
25159680378,2025-08-03,CUSTOMER,"PARTIAL FINANCE AMOUNT",1978-01-01,47,NULL,-1,450000,48,4,337500,0,12267,"2025-08-05 08:23:51"
25159691090,2025-08-04,CUSTOMER,FULL,1990-01-01,35,1991-05-20,34,600000,60,5,0,0,10068,"2025-08-05 08:22:48"
8800350911,2025-07-12,CUSTOMER,FULL,1998-06-25,27,1999-06-06,26,450000,48,4,0,0,4833,"2025-08-05 08:21:00"
25159662534,2025-08-01,CO-APPLICANT,FULL,1971-02-03,54,2003-11-15,21,330000,24,2,0,0,2294,"2025-08-05 08:19:22"
8800440583,2025-08-02,CUSTOMER,FULL,1990-07-06,35,1995-03-22,30,840000,48,4,0,0,10160,"2025-08-05 08:17:29"
25159670011,2025-08-02,CUSTOMER,FULL,1985-11-13,39,1989-01-01,36,895000,60,5,0,0,17363,"2025-08-05 08:14:45"
8800519427,2025-08-02,CUSTOMER,FULL,1986-02-03,39,NULL,-1,314000,54,5,0,0,6092,"2025-08-05 08:12:42"
25159679383,2025-08-03,CUSTOMER,FULL,1990-01-01,35,1962-03-02,63,600000,48,4,0,0,8419,"2025-08-05 08:05:13"
25159095714,2025-07-23,CUSTOMER,FULL,1994-02-02,31,1965-07-01,60,650000,59,5,0,0,9059,"2025-08-05 08:03:05"
8800551126,2025-08-02,CUSTOMER,FULL,1990-01-01,35,NULL,-1,300000,36,3,0,0,3417,"2025-08-05 08:00:11"
8800272397,2025-08-03,CUSTOMER,FULL,1996-01-01,29,1997-12-12,27,400000,23,2,0,0,2927,"2025-08-05 07:58:15"
25158913998,2025-07-12,CUSTOMER,FULL,1989-04-14,36,1971-07-19,53,1150000,84,7,0,0,27710,"2025-08-05 07:57:50"
8800452533,2025-08-04,CUSTOMER,FULL,1981-08-04,44,1952-04-01,73,150000,36,3,0,0,3238,"2025-08-05 07:51:30"
25159385554,2025-07-30,CUSTOMER,FULL,1993-02-23,32,1988-05-31,37,224150,24,2,0,0,1718,"2025-08-05 07:48:42"
25159697003,2025-08-05,CUSTOMER,FULL,1992-01-01,33,1965-01-01,60,335000,36,3,0,0,3210,"2025-08-05 07:44:44"
25159126160,2025-07-26,CUSTOMER,FULL,2000-12-23,24,NULL,-1,800000,60,5,0,0,9988,"2025-08-05 07:40:22"
25159691784,2025-08-04,CUSTOMER,FULL,1993-08-11,31,NULL,-1,300000,30,3,0,0,2875,"2025-08-05 07:35:24"
25159686200,2025-08-04,CUSTOMER,FULL,1983-05-01,42,NULL,-1,170000,24,2,0,0,2366,"2025-08-05 07:32:18"
25159690414,2025-08-04,CUSTOMER,FULL,1990-10-02,34,NULL,-1,280000,36,3,0,0,3030,"2025-08-05 07:31:39"
25159681287,2025-08-03,CUSTOMER,FULL,1977-08-16,47,NULL,-1,270000,36,3,0,0,7832,"2025-08-05 07:29:03"
25159669921,2025-08-02,CUSTOMER,FULL,1988-02-15,37,NULL,-1,380000,36,3,0,0,4731,"2025-08-05 07:26:20"
8800545831,2025-08-04,CUSTOMER,FULL,1978-08-01,47,NULL,-1,720000,60,5,0,0,30136,"2025-08-05 07:23:11"
25159031365,2025-07-18,CUSTOMER,FULL,1979-04-12,46,NULL,-1,220000,36,3,0,0,5740,"2025-08-05 07:19:32"
25159681371,2025-08-04,CUSTOMER,FULL,1997-08-20,27,NULL,-1,660000,48,4,0,0,7088,"2025-08-05 06:57:00"
25159687752,2025-08-04,CUSTOMER,FULL,1990-01-01,35,1951-01-01,74,350000,36,3,0,0,3986,"2025-08-05 06:51:05"
8800560531,2025-08-04,CUSTOMER,FULL,1993-01-01,32,NULL,-1,1000000,48,4,0,0,10927,"2025-08-05 06:41:34"
25158959819,2025-07-15,CUSTOMER,"PARTIAL TENURE",1974-05-05,51,NULL,-1,290000,36,3,0,2,9924,"2025-08-05 06:37:56"
25159678894,2025-08-04,CUSTOMER,FULL,1994-10-23,30,NULL,-1,650000,48,4,0,0,7387,"2025-08-05 06:21:03"
25159696220,2025-08-05,CUSTOMER,FULL,1990-04-03,35,NULL,0,700000,60,5,0,0,9846,"2025-08-05 06:18:25"
25159696193,2025-08-04,CUSTOMER,FULL,2000-07-08,25,1978-01-01,47,331000,36,3,0,0,2715,"2025-08-05 06:04:02"
25159420929,2025-07-30,CUSTOMER,FULL,1997-06-16,28,1971-01-01,54,615000,48,4,0,0,6234,"2025-08-05 05:25:46"
8800504169,2025-07-29,CUSTOMER,FULL,1998-02-03,27,NULL,-1,700000,60,5,0,0,8863,"2025-08-05 00:30:00"
8800478631,2025-08-04,CUSTOMER,FULL,1985-06-01,40,1984-01-01,41,113000,18,2,0,0,1274,"2025-08-05 00:12:48"
25159695923,2025-08-04,CUSTOMER,FULL,1979-01-01,46,NULL,-1,300000,30,3,0,0,7849,"2025-08-05 00:08:02"
25159692376,2025-08-04,CUSTOMER,FULL,1995-04-16,30,NULL,-1,930000,72,6,0,0,14135,"2025-08-05 00:06:40"
25159690796,2025-08-04,CUSTOMER,FULL,1983-07-05,42,1987-07-20,38,3983000,58,5,0,0,105467,"2025-08-04 23:59:55"
25159690375,2025-08-04,CUSTOMER,FULL,1990-03-24,35,1984-07-19,41,999000,48,4,0,0,14017,"2025-08-04 23:51:05"
8800012654,2025-08-04,CUSTOMER,FULL,1994-02-02,31,NULL,0,320000,24,2,0,0,2398,"2025-08-04 23:49:21"
25159691577,2025-08-04,CUSTOMER,FULL,1976-04-24,49,2004-01-14,21,325000,24,2,0,0,7030,"2025-08-04 23:41:34"
25159695983,2025-08-04,CUSTOMER,FULL,1992-02-10,33,NULL,0,945000,60,5,0,0,12311,"2025-08-04 23:37:34"
25159695849,2025-08-04,CUSTOMER,FULL,1968-04-16,57,1979-03-03,46,160000,24,2,0,0,8893,"2025-08-04 23:32:58"
8800494911,2025-07-31,CUSTOMER,FULL,2000-06-09,25,NULL,-1,760000,60,5,0,0,8233,"2025-08-04 23:26:23"
8800314045,2025-08-04,CUSTOMER,FULL,1999-01-01,26,NULL,0,330000,36,3,0,0,2835,"2025-08-04 23:25:36"
25159681042,2025-08-03,CUSTOMER,FULL,1995-05-01,30,NULL,-1,348000,48,4,0,0,3631,"2025-08-04 23:17:34"
8800511994,2025-07-31,CUSTOMER,FULL,1998-04-06,27,NULL,-1,520000,47,4,0,0,5584,"2025-08-04 23:12:20"
25159340306,2025-07-29,CUSTOMER,FULL,1987-01-01,38,NULL,-1,900000,36,3,0,0,11778,"2025-08-04 22:59:58"
25159687964,2025-08-04,CUSTOMER,FULL,1993-01-01,32,NULL,0,330000,48,4,0,0,3606,"2025-08-04 22:59:37"
25159695736,2025-08-04,CUSTOMER,FULL,1977-05-25,48,NULL,0,80000,24,2,0,0,1580,"2025-08-04 22:57:44"
25159688127,2025-08-04,CUSTOMER,FULL,1996-04-11,29,NULL,0,890000,60,5,0,0,10492,"2025-08-04 22:50:39"
25159695822,2025-08-04,CUSTOMER,FULL,1998-01-01,27,NULL,0,265000,36,3,0,0,2299,"2025-08-04 22:48:09"
25159070288,2025-07-22,CUSTOMER,FULL,2000-10-02,24,1970-01-01,55,380000,35,3,0,0,3332,"2025-08-04 22:46:32"
25159677504,2025-08-02,CUSTOMER,FULL,1989-01-04,36,NULL,-1,290000,36,3,0,0,3450,"2025-08-04 22:40:58"
25159522998,2025-07-31,CUSTOMER,FULL,1987-07-20,38,NULL,-1,610000,48,4,0,0,9509,"2025-08-04 22:36:01"
25159536265,2025-07-31,CUSTOMER,FULL,1978-01-02,47,NULL,-1,250000,24,2,0,0,4518,"2025-08-04 22:23:56"
25159137073,2025-07-25,CUSTOMER,FULL,1997-01-08,28,NULL,-1,271000,36,3,0,0,2364,"2025-08-04 22:18:07"
8800106697,2025-07-13,CUSTOMER,FULL,1993-01-08,32,NULL,-1,300000,36,3,0,0,2978,"2025-08-04 22:17:34"
8800491080,2025-08-04,CUSTOMER,FULL,2002-07-10,23,1983-01-03,42,220000,36,3,0,0,1779,"2025-08-04 22:14:14"
25159674216,2025-08-02,CUSTOMER,FULL,1997-11-17,27,1970-03-06,55,800000,48,4,0,0,8043,"2025-08-04 22:07:03"
8800483415,2025-07-22,CUSTOMER,FULL,2000-01-20,25,NULL,-1,318037,60,5,0,0,3446,"2025-08-04 22:05:31"
25158998348,2025-07-17,CUSTOMER,FULL,2002-12-11,22,1977-01-01,48,970000,72,6,0,0,12763,"2025-08-04 22:01:46"
8800127694,2025-08-04,CUSTOMER,FULL,1989-11-20,35,NULL,0,240000,36,3,0,0,2725,"2025-08-04 21:54:13"
8800411943,2025-08-04,CUSTOMER,FULL,1990-06-01,35,1983-06-01,42,1450000,72,6,0,0,28506,"2025-08-04 21:48:23"
25159695639,2025-08-04,CUSTOMER,FULL,1997-03-11,28,1967-04-05,58,250000,24,2,0,0,1759,"2025-08-04 21:46:18"
25159695584,2025-08-04,CUSTOMER,FULL,1998-01-01,27,NULL,0,250000,15,2,0,0,1838,"2025-08-04 21:44:01"
25159181740,2025-07-28,CUSTOMER,FULL,1996-03-05,29,NULL,-1,180000,24,2,0,0,1327,"2025-08-04 21:41:08"
25157644328,2025-06-24,CUSTOMER,FULL,1996-01-01,29,NULL,-1,300000,36,3,0,0,2783,"2025-08-04 21:37:40"
25159293447,2025-07-29,CUSTOMER,FULL,1997-01-01,28,NULL,-1,400000,33,3,0,0,3578,"2025-08-04 21:36:23"
8800451615,2025-08-04,CUSTOMER,FULL,1999-07-03,26,NULL,0,240000,12,1,0,0,1757,"2025-08-04 21:35:44"
25159686762,2025-08-04,CUSTOMER,FULL,1997-03-15,28,1970-01-01,55,415000,36,3,0,0,3712,"2025-08-04 21:34:50"
8800520855,2025-08-04,CUSTOMER,FULL,2004-01-01,21,1978-05-12,47,850000,60,5,0,0,10612,"2025-08-04 21:34:24"
8800434134,2025-08-04,CUSTOMER,FULL,1995-12-09,29,NULL,0,200000,24,2,0,0,1474,"2025-08-04 21:33:16"
8800521796,2025-08-04,CUSTOMER,FULL,1981-04-20,44,1985-07-28,40,400000,48,4,0,0,9497,"2025-08-04 21:33:06"
25159694488,2025-08-04,CUSTOMER,FULL,1986-04-14,39,1980-10-29,44,440000,36,3,0,0,6350,"2025-08-04 21:26:52"
25159671391,2025-08-02,CUSTOMER,FULL,2002-09-30,22,1998-01-01,27,930000,72,6,0,0,12237,"2025-08-04 21:22:17"
8800182329,2025-07-11,CUSTOMER,FULL,1984-06-10,41,NULL,-1,305000,36,3,0,0,5133,"2025-08-04 21:18:34"
25159694517,2025-08-04,CUSTOMER,FULL,2003-01-01,22,1977-01-01,48,330000,36,3,0,0,2641,"2025-08-04 21:17:15"
8800530704,2025-08-04,CUSTOMER,FULL,1991-06-06,34,1994-04-05,31,450000,48,4,0,0,5847,"2025-08-04 21:10:29"
25158836490,2025-07-10,CUSTOMER,FULL,1990-12-24,34,1974-01-01,51,600000,48,4,0,0,7796,"2025-08-04 21:02:17"
25159169296,2025-07-28,CUSTOMER,FULL,1996-07-01,29,NULL,-1,159000,35,3,0,0,1475,"2025-08-04 21:00:25"
25159409762,2025-07-30,CO-APPLICANT,FULL,1965-01-01,60,1989-01-01,36,405000,36,3,0,0,4875,"2025-08-04 20:59:21"
8800314040,2025-08-01,CUSTOMER,FULL,1985-06-13,40,1994-09-08,30,295000,36,3,0,0,4324,"2025-08-04 20:58:31"
8800502757,2025-07-30,CUSTOMER,FULL,1982-07-23,43,NULL,-1,890000,60,5,0,0,23105,"2025-08-04 20:57:50"
25159121568,2025-07-25,CUSTOMER,FULL,2002-01-20,23,1968-01-01,57,200000,48,4,0,0,2047,"2025-08-04 20:56:39"
25159344525,2025-07-29,CUSTOMER,FULL,1990-03-16,35,NULL,-1,310000,42,4,0,0,3750,"2025-08-04 20:55:31"
25159678840,2025-08-02,CUSTOMER,FULL,1992-01-01,33,NULL,-1,330000,42,4,0,0,3715,"2025-08-04 20:52:41"
8800543255,2025-08-02,CUSTOMER,FULL,1998-01-04,27,NULL,-1,330000,54,5,0,0,3785,"2025-08-04 20:50:43"
8800463396,2025-08-04,CUSTOMER,FULL,1984-01-01,41,1979-12-11,45,1140000,60,5,0,0,28721,"2025-08-04 20:48:31"
8800531723,2025-08-04,CUSTOMER,FULL,1977-04-08,48,NULL,0,721000,48,4,0,0,27770,"2025-08-04 20:44:26"
25159694114,2025-08-04,CUSTOMER,FULL,1996-02-25,29,1972-05-15,53,105000,24,2,0,0,774,"2025-08-04 20:42:14"
25159689380,2025-08-04,CUSTOMER,FULL,1986-05-10,39,NULL,0,1038000,59,5,0,0,20137,"2025-08-04 20:29:22"
8800165193,2025-08-04,CUSTOMER,FULL,1991-07-26,34,NULL,0,300000,18,2,0,0,2458,"2025-08-04 20:27:16"
25159689085,2025-08-04,CUSTOMER,FULL,1999-08-18,25,1992-02-24,33,592825,60,5,0,0,6422,"2025-08-04 20:27:01"
8800004094,2025-07-16,CUSTOMER,FULL,1998-05-01,27,NULL,-1,250000,12,1,0,0,1018,"2025-08-04 20:26:16"
25159690924,2025-08-04,CUSTOMER,FULL,2001-12-27,23,NULL,0,698000,48,4,0,0,7430,"2025-08-04 20:21:02"
25159691583,2025-08-04,CUSTOMER,FULL,2000-07-08,25,1975-01-01,50,860000,60,5,0,0,9316,"2025-08-04 20:14:11"
25159694619,2025-08-04,CUSTOMER,FULL,1977-07-09,48,NULL,0,793000,60,5,0,0,36532,"2025-08-04 20:13:41"
25159133722,2025-07-25,CUSTOMER,FULL,1991-01-18,34,1963-01-01,62,500000,60,5,0,0,7954,"2025-08-04 20:10:12"
25159682746,2025-08-03,CUSTOMER,FULL,2001-03-10,24,1980-10-03,44,800000,48,4,0,0,7543,"2025-08-04 20:03:41"
25159685047,2025-08-04,CUSTOMER,FULL,1987-05-03,38,NULL,0,510000,48,4,0,0,8588,"2025-08-04 19:57:43"
25159084076,2025-07-22,CUSTOMER,FULL,1990-01-01,35,NULL,-1,886000,72,6,0,0,15955,"2025-08-04 19:57:21"
25159679200,2025-08-02,CO-APPLICANT,FULL,2000-01-01,25,1985-04-01,40,512000,48,4,0,0,9915,"2025-08-04 19:49:41"
8800502605,2025-07-28,CUSTOMER,FULL,1998-07-05,27,1995-01-26,30,185000,36,3,0,0,1666,"2025-08-04 19:47:19"
25159680657,2025-08-03,CUSTOMER,FULL,1986-01-01,39,NULL,-1,668000,35,3,0,0,9239,"2025-08-04 19:46:37"
25159693510,2025-08-04,CUSTOMER,FULL,1978-01-01,47,1994-01-01,31,330000,42,4,0,0,11558,"2025-08-04 19:46:30"
8800513434,2025-08-04,CUSTOMER,FULL,1985-02-20,40,NULL,0,160000,24,2,0,0,1803,"2025-08-04 19:46:21"
25159687766,2025-08-04,CUSTOMER,FULL,1977-02-25,48,NULL,0,999000,59,5,0,0,46022,"2025-08-04 19:38:20"
25159668227,2025-08-01,CUSTOMER,FULL,1975-07-07,50,NULL,-1,330000,42,4,0,0,15281,"2025-08-04 19:37:20"
25159691818,2025-08-04,CUSTOMER,FULL,1984-08-08,40,1982-10-14,42,327000,36,3,0,0,4793,"2025-08-04 19:30:42"
25159694635,2025-08-04,CUSTOMER,FULL,1976-01-12,49,1974-06-11,51,700000,35,3,0,0,24946,"2025-08-04 19:28:37"
25159682972,2025-08-03,CUSTOMER,FULL,2005-01-01,20,1973-01-01,52,945000,60,5,0,0,9724,"2025-08-04 19:26:58"
25159316959,2025-07-29,CUSTOMER,FULL,1988-01-01,37,1979-01-01,46,153000,24,2,0,0,1575,"2025-08-04 19:22:41"
25159614460,2025-08-01,CUSTOMER,FULL,1983-05-08,42,NULL,-1,390000,48,4,0,0,8823,"2025-08-04 19:22:04"
25159694890,2025-08-04,CUSTOMER,FULL,1990-04-16,35,NULL,0,1035000,60,5,0,0,14558,"2025-08-04 19:19:19"
8800539627,2025-07-27,CO-APPLICANT,FULL,2000-01-01,25,2004-10-01,20,669000,48,4,0,0,7089,"2025-08-04 19:18:36"
8800147384,2025-08-03,CUSTOMER,FULL,1998-06-12,27,1978-01-01,47,2058001,59,5,0,0,25329,"2025-08-04 19:14:07"
25159686695,2025-08-04,CUSTOMER,FULL,2001-07-10,24,NULL,0,350000,36,3,0,0,3081,"2025-08-04 19:11:38"
8800054809,2025-08-04,CUSTOMER,FULL,1991-08-04,34,1983-09-27,41,600000,60,5,0,0,9544,"2025-08-04 19:10:46"
25159176168,2025-07-28,CUSTOMER,FULL,1996-10-02,28,1993-06-29,32,557250,48,4,0,0,6063,"2025-08-04 19:08:49"
25159694881,2025-08-04,CO-APPLICANT,FULL,1983-06-17,42,1992-04-05,33,700000,60,5,0,0,10598,"2025-08-04 19:07:37"
25159688469,2025-08-04,CUSTOMER,FULL,1991-12-05,33,1994-10-11,30,140000,48,4,0,0,1742,"2025-08-04 19:05:47"
25159685136,2025-08-04,CUSTOMER,FULL,2002-08-12,22,1974-01-05,51,170000,30,3,0,0,1361,"2025-08-04 19:03:48"
8800420758,2025-08-04,CUSTOMER,FULL,1996-04-07,29,1994-07-15,31,210000,36,3,0,0,1948,"2025-08-04 19:03:27"
8800538077,2025-08-01,CUSTOMER,FULL,1985-06-13,40,NULL,-1,748000,60,5,0,0,15456,"2025-08-04 19:02:02"
8800491861,2025-08-01,CUSTOMER,FULL,1988-04-03,37,NULL,-1,1350000,84,7,0,0,33358,"2025-08-04 18:58:38"
8800572576,2025-08-04,CUSTOMER,FULL,1987-02-22,38,NULL,0,300000,36,3,0,0,4086,"2025-08-04 18:58:01"
25159693290,2025-08-04,CUSTOMER,FULL,1990-03-01,35,1997-12-31,27,548000,84,7,0,0,12422,"2025-08-04 18:57:19"
25159521205,2025-07-31,CUSTOMER,FULL,1988-12-02,36,NULL,-1,100000,12,1,0,0,530,"2025-08-04 18:57:18"
25159694633,2025-08-04,CO-APPLICANT,FULL,1988-01-01,37,2004-01-01,21,525000,48,4,0,0,5588,"2025-08-04 18:56:27"
8800453375,2025-07-20,CUSTOMER,FULL,1996-01-01,29,NULL,-1,320000,42,4,0,0,3289,"2025-08-04 18:55:47"
25158742441,2025-07-04,CUSTOMER,FULL,1979-05-07,46,NULL,-1,205000,30,3,0,0,5363,"2025-08-04 18:54:43"
25159691071,2025-08-04,CUSTOMER,FULL,1992-09-03,32,1963-01-01,62,400000,30,3,0,0,3970,"2025-08-04 18:54:13"
8800297197,2025-08-02,CUSTOMER,FULL,1981-06-06,44,NULL,-1,180000,24,2,0,0,2985,"2025-08-04 18:54:01"
25159669845,2025-08-02,CUSTOMER,FULL,1983-07-15,42,1987-07-03,38,335000,36,3,0,0,5606,"2025-08-04 18:53:00"
25159693965,2025-08-04,CUSTOMER,FULL,1996-04-24,29,1994-04-16,31,350000,36,3,0,0,3185,"2025-08-04 18:50:18"
8800434359,2025-08-04,CUSTOMER,FULL,1982-09-22,42,NULL,0,310000,48,4,0,0,6267,"2025-08-04 18:47:25"
8800289201,2025-08-04,CUSTOMER,FULL,1988-07-02,37,NULL,0,230000,24,2,0,0,2280,"2025-08-04 18:46:47"
8800146500,2025-07-18,CUSTOMER,FULL,1986-04-30,39,1997-01-01,28,380000,48,4,0,0,6852,"2025-08-04 18:46:08"
25159694472,2025-08-04,CUSTOMER,FULL,1992-01-01,33,NULL,0,295000,36,3,0,0,2827,"2025-08-04 18:45:24"
25159670606,2025-08-02,CUSTOMER,FULL,2000-05-07,25,NULL,-1,875000,60,5,0,0,9479,"2025-08-04 18:44:18"
25159069435,2025-07-22,CUSTOMER,FULL,1991-06-15,34,NULL,-1,4600000,58,5,0,0,70130,"2025-08-04 18:44:12"
25159691734,2025-08-04,CUSTOMER,FULL,1987-05-23,38,1995-07-01,30,128000,24,2,0,0,1389,"2025-08-04 18:42:45"
25159691140,2025-08-04,CUSTOMER,FULL,1989-05-20,36,1960-01-25,65,342000,29,3,0,0,4089,"2025-08-04 18:42:17"
25159614277,2025-08-01,CUSTOMER,FULL,1979-01-01,46,NULL,-1,290000,36,3,0,0,7587,"2025-08-04 18:39:54"
8800223328,2025-08-04,CUSTOMER,FULL,1991-01-01,34,NULL,0,240000,24,2,0,0,1966,"2025-08-04 18:39:51"
8800356636,2025-08-04,CUSTOMER,FULL,1999-09-14,25,1969-01-01,56,440000,47,4,0,0,4684,"2025-08-04 18:37:35"
25159694221,2025-08-04,CUSTOMER,FULL,1992-05-30,33,NULL,0,1300000,84,7,0,0,24253,"2025-08-04 18:36:34"
8800514454,2025-08-04,CUSTOMER,FULL,1994-04-06,31,NULL,0,500000,42,4,0,0,5788,"2025-08-04 18:36:11"
8800508773,2025-08-04,CUSTOMER,FULL,1989-07-01,36,NULL,0,400000,46,4,0,0,5754,"2025-08-04 18:35:02"
25159690054,2025-08-04,CUSTOMER,FULL,1989-06-22,36,NULL,0,1010000,72,6,0,0,20833,"2025-08-04 18:34:58"
8800478054,2025-07-28,CUSTOMER,FULL,1995-02-04,30,1983-06-30,42,330000,48,4,0,0,3443,"2025-08-04 18:33:14"
25159680762,2025-08-03,CUSTOMER,FULL,1991-01-01,34,1989-01-01,36,265000,24,2,0,0,2171,"2025-08-04 18:30:19"
25159158293,2025-07-26,CUSTOMER,FULL,2001-06-16,24,NULL,-1,250000,36,3,0,0,2042,"2025-08-04 18:27:44"
25159689953,2025-08-04,CUSTOMER,FULL,1998-07-24,27,1995-02-28,30,450000,48,4,0,0,4795,"2025-08-04 18:26:49"
25159692029,2025-08-04,CUSTOMER,FULL,1981-09-20,43,NULL,0,1765000,84,7,0,0,67522,"2025-08-04 18:26:17"
25159159764,2025-07-26,CUSTOMER,FULL,1986-01-01,39,NULL,-1,1840000,48,4,0,0,30376,"2025-08-04 18:25:38"
8800576626,2025-08-04,CUSTOMER,FULL,1997-08-19,27,NULL,0,330000,48,4,0,0,3517,"2025-08-04 18:24:47"
25159663031,2025-08-01,CUSTOMER,FULL,1976-06-01,49,1966-10-12,58,415000,36,3,0,0,14290,"2025-08-04 18:24:13"
25159510577,2025-07-31,CUSTOMER,FULL,2002-05-16,23,1977-01-01,48,285000,48,4,0,0,2667,"2025-08-04 18:23:24"
25159677817,2025-08-02,CUSTOMER,FULL,1985-06-01,40,1984-01-01,41,113000,18,2,0,0,1274,"2025-08-04 18:23:21"
25159694258,2025-08-04,CUSTOMER,FULL,1990-07-03,35,NULL,0,548000,60,5,0,0,9196,"2025-08-04 18:21:53"
25159693991,2025-08-04,CUSTOMER,FULL,1995-01-12,30,NULL,0,350000,36,3,0,0,3259,"2025-08-04 18:20:56"
25159693252,2025-08-04,CUSTOMER,FULL,1995-07-17,30,NULL,0,343000,48,4,0,0,3578,"2025-08-04 18:20:30"
25159539464,2025-07-31,CUSTOMER,FULL,1986-02-22,39,NULL,-1,145000,36,3,0,0,2006,"2025-08-04 18:19:23"
8800533208,2025-08-04,CUSTOMER,FULL,1999-04-21,26,NULL,0,625000,60,5,0,0,7840,"2025-08-04 18:18:39"
8800538076,2025-07-31,CUSTOMER,FULL,1967-05-06,58,NULL,-1,400000,36,3,0,0,29180,"2025-08-04 18:18:31"
25159694058,2025-08-04,CUSTOMER,FULL,2003-07-18,22,1971-02-12,54,138000,36,3,0,0,1188,"2025-08-04 18:18:24"
8800398839,2025-08-04,CUSTOMER,FULL,1981-07-06,44,NULL,0,321000,36,3,0,0,6989,"2025-08-04 18:16:16"
8800504166,2025-07-28,CUSTOMER,FULL,2000-02-17,25,1994-12-02,30,750000,72,6,0,0,10762,"2025-08-04 18:15:02"
8800509028,2025-08-04,CUSTOMER,FULL,2003-07-13,22,1981-01-01,44,360000,48,4,0,0,3832,"2025-08-04 18:14:28"
25158869107,2025-07-11,CUSTOMER,FULL,1986-10-19,38,NULL,-1,311000,48,4,0,0,5237,"2025-08-04 18:14:24"
25159677372,2025-08-02,CUSTOMER,FULL,1988-01-26,37,1969-01-01,56,254000,36,3,0,0,3163,"2025-08-04 18:14:11"
25159693919,2025-08-04,CUSTOMER,FULL,1998-01-01,27,1994-01-01,31,310000,48,4,0,0,3117,"2025-08-04 18:13:56"
8800472812,2025-07-28,CUSTOMER,FULL,2003-01-01,22,1970-01-01,55,219000,36,3,0,0,1753,"2025-08-04 18:11:00"
25159650629,2025-08-01,CUSTOMER,FULL,1989-12-03,35,NULL,-1,322000,48,4,0,0,3895,"2025-08-04 18:10:59"
8800239710,2025-08-02,CUSTOMER,FULL,1983-05-25,42,NULL,-1,250000,28,3,0,0,4546,"2025-08-04 18:09:04"
25159692170,2025-08-04,CUSTOMER,FULL,1991-01-01,34,NULL,0,863100,72,6,0,0,14880,"2025-08-04 18:06:55"
25159690207,2025-08-04,CUSTOMER,FULL,1988-11-07,36,NULL,0,1110000,60,5,0,0,18822,"2025-08-04 18:06:50"
8800525355,2025-07-29,CUSTOMER,FULL,2003-10-16,21,1981-01-01,44,1200000,60,5,0,0,12546,"2025-08-04 18:06:43"
25159693640,2025-08-04,CUSTOMER,FULL,1992-01-01,33,NULL,0,300000,36,3,0,0,3119,"2025-08-04 18:06:39"
25159683611,2025-08-04,CUSTOMER,FULL,1998-01-01,27,1969-01-01,56,900000,60,5,0,0,10323,"2025-08-04 18:06:27"
8800511095,2025-07-29,CUSTOMER,FULL,1988-02-08,37,NULL,-1,450000,48,4,0,0,6654,"2025-08-04 18:06:17"
25159418996,2025-07-30,CUSTOMER,FULL,1989-07-10,36,NULL,-1,290000,35,3,0,0,3467,"2025-08-04 18:05:29"
25159677740,2025-08-02,CUSTOMER,FULL,1992-02-10,33,NULL,-1,910000,60,5,0,0,11855,"2025-08-04 18:04:28"
25159688486,2025-08-04,CUSTOMER,FULL,1994-03-03,31,1995-01-07,30,378000,47,4,0,0,4434,"2025-08-04 18:04:14"
25158979189,2025-07-16,CUSTOMER,FULL,1998-05-12,27,1972-08-10,52,730000,48,4,0,0,7340,"2025-08-04 18:04:09"
25159537603,2025-07-31,CUSTOMER,FULL,1981-07-15,44,NULL,-1,220000,23,2,0,0,3113,"2025-08-04 18:01:39"
25159689084,2025-08-04,CO-APPLICANT,FULL,1968-01-01,57,2005-04-14,20,300000,36,3,0,0,2627,"2025-08-04 18:01:37"
25159684081,2025-08-04,CUSTOMER,FULL,1985-01-01,40,NULL,0,530000,48,4,0,0,10263,"2025-08-04 18:01:18"
25157586529,2025-06-19,CUSTOMER,"PARTIAL FINANCE AMOUNT",1978-02-10,47,1981-05-04,44,1860010,59,5,930005,0,39979,"2025-08-04 18:00:55"
25159693446,2025-08-04,CUSTOMER,FULL,1978-06-15,47,NULL,0,270000,36,3,0,0,7717,"2025-08-04 18:00:51"
25159689035,2025-08-04,CUSTOMER,FULL,1992-02-12,33,NULL,0,360000,36,3,0,0,3722,"2025-08-04 18:00:19"
25159691232,2025-08-04,CUSTOMER,FULL,1997-07-05,28,NULL,0,330000,42,4,0,0,3345,"2025-08-04 18:00:05"
25159688825,2025-08-04,CUSTOMER,FULL,1982-12-03,42,1997-10-03,27,150000,24,2,0,0,1869,"2025-08-04 17:58:44"
25159694003,2025-08-04,CUSTOMER,FULL,1977-06-12,48,NULL,0,148000,35,3,0,0,4637,"2025-08-04 17:58:43"
8800321140,2025-08-02,CUSTOMER,FULL,1982-01-01,43,NULL,-1,600000,36,3,0,0,10812,"2025-08-04 17:57:08"
8800278598,2025-07-28,CUSTOMER,FULL,2001-02-04,24,1966-04-22,59,90000,35,3,0,0,793,"2025-08-04 17:56:29"
8800255812,2025-08-04,CUSTOMER,FULL,1993-08-12,31,2001-01-01,24,290000,36,3,0,0,2649,"2025-08-04 17:56:26"
25159693225,2025-08-04,CUSTOMER,FULL,1984-08-05,40,NULL,0,450000,36,3,0,0,7031,"2025-08-04 17:56:17"
25159692895,2025-08-04,CUSTOMER,FULL,2002-08-18,22,1984-07-12,41,585000,60,5,0,0,7304,"2025-08-04 17:56:09"
25158043014,2025-07-02,CUSTOMER,FULL,1992-06-20,33,1995-10-08,29,360000,48,4,0,0,4571,"2025-08-04 17:54:43"
25159693169,2025-08-04,CUSTOMER,FULL,1973-01-01,52,NULL,0,100000,24,2,0,0,2859,"2025-08-04 17:54:31"
25159677222,2025-08-02,CUSTOMER,FULL,2003-01-01,22,1983-01-01,42,710000,60,5,0,0,7524,"2025-08-04 17:53:58"
25159188300,2025-07-28,CUSTOMER,FULL,2004-04-06,21,1979-01-01,46,950000,72,6,0,0,12365,"2025-08-04 17:53:46"
25159676493,2025-08-02,CUSTOMER,FULL,1985-07-12,40,NULL,-1,250000,36,3,0,0,3877,"2025-08-04 17:53:16"
25159693129,2025-08-04,CUSTOMER,FULL,2000-10-26,24,1976-10-22,48,550000,30,3,0,0,4842,"2025-08-04 17:50:33"
25159686418,2025-08-04,CUSTOMER,FULL,1998-02-10,27,1995-08-22,29,730000,59,5,0,0,8373,"2025-08-04 17:50:10"
25159688654,2025-08-04,CUSTOMER,FULL,1981-05-17,44,NULL,0,450000,36,3,0,0,9797,"2025-08-04 17:49:37"
25159684768,2025-08-04,CUSTOMER,FULL,1991-02-16,34,NULL,0,635400,60,5,0,0,8578,"2025-08-04 17:47:54"
25159689045,2025-08-04,CUSTOMER,FULL,2003-05-20,22,1989-08-10,35,306000,42,4,0,0,2842,"2025-08-04 17:47:50"
8800405767,2025-08-04,CUSTOMER,FULL,1993-07-05,32,NULL,0,950000,48,4,0,0,11558,"2025-08-04 17:47:26"
8800284980,2025-06-17,CUSTOMER,FULL,2005-03-18,20,2000-01-01,25,313000,42,4,0,0,2826,"2025-08-04 17:46:20"
25159659029,2025-08-01,CUSTOMER,FULL,1998-01-01,27,1993-01-01,32,250000,24,2,0,0,1791,"2025-08-04 17:45:17"
8800499584,2025-08-04,CUSTOMER,FULL,1995-01-05,30,NULL,0,540000,48,4,0,0,5633,"2025-08-04 17:44:12"
8800121841,2025-08-04,CUSTOMER,FULL,2003-06-13,22,1967-01-01,58,340000,36,3,0,0,2925,"2025-08-04 17:43:16"
25159686432,2025-08-04,CUSTOMER,FULL,1987-08-26,37,NULL,0,1000000,60,5,0,0,17264,"2025-08-04 17:43:08"
25159693685,2025-08-04,CUSTOMER,FULL,1986-08-31,38,NULL,0,710000,60,5,0,0,12961,"2025-08-04 17:42:48"
25159425013,2025-07-30,CUSTOMER,FULL,1992-06-15,33,NULL,-1,770000,60,5,0,0,10031,"2025-08-04 17:42:25"
25159688258,2025-08-04,CUSTOMER,FULL,1997-11-25,27,NULL,0,331000,36,3,0,0,2871,"2025-08-04 17:38:37"
25159519642,2025-07-31,CUSTOMER,FULL,1996-08-01,28,1972-09-01,52,147000,24,2,0,0,1062,"2025-08-04 17:38:19"
8800006624,2025-08-04,CUSTOMER,FULL,1999-07-05,26,1964-01-24,61,710000,36,3,0,0,6100,"2025-08-04 17:37:32"
8800106420,2025-06-26,CUSTOMER,FULL,1980-01-01,45,1978-01-01,47,728000,48,4,0,0,21562,"2025-08-04 17:35:42"
8800471389,2025-08-04,CUSTOMER,FULL,1980-01-01,45,NULL,0,1021000,60,5,0,0,31578,"2025-08-04 17:35:36"
8800501565,2025-08-04,CUSTOMER,FULL,1970-10-06,54,NULL,0,160000,24,2,0,0,6952,"2025-08-04 17:35:30"
25159684899,2025-08-04,CUSTOMER,FULL,1987-12-05,37,NULL,0,1175000,60,5,0,0,20285,"2025-08-04 17:34:46"
25159689707,2025-08-04,CUSTOMER,FULL,1985-07-08,40,NULL,0,500000,48,4,0,0,9682,"2025-08-04 17:34:18"
8800366953,2025-08-04,CUSTOMER,FULL,1989-11-02,35,NULL,0,900000,72,6,0,0,16207,"2025-08-04 17:32:21"
8800513064,2025-08-01,CUSTOMER,FULL,1999-01-05,26,NULL,-1,795000,60,5,0,0,9034,"2025-08-04 17:30:18"
25159677054,2025-08-04,CUSTOMER,FULL,1991-01-01,34,1964-01-01,61,590000,72,6,0,0,10980,"2025-08-04 17:29:35"
8800511685,2025-08-04,CUSTOMER,FULL,1998-01-03,27,NULL,0,336000,54,5,0,0,3854,"2025-08-04 17:29:10"
8800550856,2025-08-04,CUSTOMER,FULL,1980-08-01,45,NULL,0,1500000,84,7,0,0,68800,"2025-08-04 17:27:59"
25159658237,2025-08-01,CUSTOMER,FULL,2005-02-01,20,1978-01-01,47,700000,48,4,0,0,6906,"2025-08-04 17:27:36"
25159076064,2025-07-22,CUSTOMER,FULL,1991-05-13,34,1996-02-06,29,1050000,60,5,0,0,14175,"2025-08-04 17:26:36"
8800519085,2025-08-04,CUSTOMER,FULL,2001-12-14,23,1962-01-01,63,465000,48,4,0,0,4950,"2025-08-04 17:25:21"
25159691749,2025-08-04,CUSTOMER,FULL,1970-07-28,55,1981-04-06,44,350000,36,3,0,0,21510,"2025-08-04 17:23:28"
8800506437,2025-08-04,CUSTOMER,FULL,2002-05-01,23,NULL,0,740000,48,4,0,0,7571,"2025-08-04 17:22:10"
25159692623,2025-08-04,CUSTOMER,FULL,1994-02-16,31,NULL,0,170000,36,3,0,0,1553,"2025-08-04 17:21:46"
8800306796,2025-08-04,CO-APPLICANT,FULL,1974-01-01,51,1987-01-01,38,130000,18,2,0,0,1372,"2025-08-04 17:21:04"
25159169747,2025-07-28,CUSTOMER,FULL,1995-06-22,30,NULL,-1,700000,72,6,0,0,10962,"2025-08-04 17:20:43"
25159680983,2025-08-03,CUSTOMER,FULL,1990-03-27,35,NULL,-1,300000,36,3,0,0,3417,"2025-08-04 17:20:34"
8800268914,2025-08-04,CUSTOMER,FULL,2001-02-04,24,NULL,0,441000,36,3,0,0,3883,"2025-08-04 17:20:18"
25159691143,2025-08-04,CUSTOMER,FULL,1973-05-22,52,NULL,0,550000,60,5,0,0,38077,"2025-08-04 17:20:14"
8800229171,2025-07-24,CUSTOMER,FULL,2000-01-01,25,1973-01-01,52,475000,48,4,0,0,4961,"2025-08-04 17:20:11"
8800406262,2025-07-09,CUSTOMER,FULL,1998-10-10,26,1972-01-01,53,2400000,48,4,0,0,25319,"2025-08-04 17:19:47"
25159692190,2025-08-04,CUSTOMER,FULL,2005-01-01,20,1984-01-01,41,318000,36,3,0,0,2481,"2025-08-04 17:19:22"
8800524553,2025-08-04,CUSTOMER,FULL,1985-07-02,40,1990-01-01,35,460000,60,5,0,0,10732,"2025-08-04 17:18:55"
25159152884,2025-07-26,CUSTOMER,FULL,1995-01-01,30,NULL,-1,310000,42,4,0,0,3234,"2025-08-04 17:18:20"
25158839488,2025-07-10,CUSTOMER,"PARTIAL FINANCE AMOUNT",1976-09-30,48,NULL,-1,500000,24,2,250000,0,4937,"2025-08-04 17:17:27"
8800529081,2025-08-04,CUSTOMER,FULL,1987-01-23,38,NULL,0,510000,36,3,0,0,6674,"2025-08-04 17:17:14"
25159673958,2025-08-02,CUSTOMER,FULL,1999-10-22,25,1970-01-01,55,1010000,60,5,0,0,10941,"2025-08-04 17:16:35"
25159683711,2025-08-04,CUSTOMER,FULL,2003-01-01,22,1967-01-01,58,251163,36,3,0,0,2010,"2025-08-04 17:15:27"
25159693048,2025-08-04,CUSTOMER,FULL,1992-01-01,33,1987-09-05,37,475000,48,4,0,0,6031,"2025-08-04 17:15:01"
25159514796,2025-07-31,CUSTOMER,FULL,1984-05-01,41,NULL,-1,875000,48,4,0,0,18276,"2025-08-04 17:14:55"
25158997582,2025-07-17,CUSTOMER,FULL,1994-06-29,31,NULL,-1,1100000,60,5,0,0,15330,"2025-08-04 17:14:33"
25159678422,2025-08-02,CUSTOMER,FULL,1992-08-12,32,NULL,-1,700000,42,4,0,0,7649,"2025-08-04 17:14:00"
25159689864,2025-08-04,CUSTOMER,FULL,2001-03-01,24,1975-05-12,50,735000,48,4,0,0,6930,"2025-08-04 17:13:56"
25159661713,2025-08-01,CUSTOMER,FULL,1981-01-15,44,1978-06-04,47,2800000,47,4,0,0,74572,"2025-08-04 17:13:15"
8800539329,2025-08-04,CUSTOMER,FULL,2003-01-01,22,1969-01-01,56,960000,60,5,0,0,10173,"2025-08-04 17:12:32"
25159315004,2025-07-29,CUSTOMER,FULL,2000-09-22,24,1974-07-16,51,580000,60,5,0,0,7241,"2025-08-04 17:11:45"
25159143619,2025-07-28,CUSTOMER,FULL,1995-07-24,30,NULL,-1,2560000,59,5,0,0,33562,"2025-08-04 17:10:23"
8800522862,2025-07-29,CUSTOMER,FULL,1984-03-05,41,NULL,-1,236837,60,5,0,0,5260,"2025-08-04 17:06:03"
25159014707,2025-07-18,CUSTOMER,FULL,1992-03-28,33,NULL,-1,313000,42,4,0,0,3524,"2025-08-04 17:05:50"
25159661324,2025-08-01,CUSTOMER,FULL,1995-01-01,30,NULL,-1,180000,24,2,0,0,1313,"2025-08-04 17:05:35"
25159689088,2025-08-04,CUSTOMER,FULL,1995-10-19,29,NULL,0,225000,24,2,0,0,1658,"2025-08-04 17:04:59"
8800550158,2025-08-04,CUSTOMER,FULL,2003-03-20,22,1981-10-26,43,585000,60,5,0,0,7304,"2025-08-04 17:04:53"
25159692913,2025-08-04,CUSTOMER,FULL,1983-01-01,42,2002-03-13,23,90000,20,2,0,0,1121,"2025-08-04 17:04:49"
8800525606,2025-08-04,CUSTOMER,FULL,1971-01-01,54,1975-01-01,50,100000,24,2,0,0,4496,"2025-08-04 17:04:43"
25159662970,2025-08-01,CUSTOMER,FULL,1985-04-12,40,NULL,-1,580000,48,4,0,0,11232,"2025-08-04 17:03:54"
25159691739,2025-08-04,CUSTOMER,FULL,1988-10-18,36,NULL,0,500000,46,4,0,0,7193,"2025-08-04 17:03:16"
8800482405,2025-08-04,CUSTOMER,FULL,1995-12-19,29,1987-10-27,37,1000000,72,6,0,0,15211,"2025-08-04 17:01:44"
8800453005,2025-08-04,CUSTOMER,FULL,1984-09-27,40,NULL,0,100000,24,2,0,0,1127,"2025-08-04 17:01:03"
8800503003,2025-08-04,CUSTOMER,FULL,1990-01-01,35,NULL,0,320000,48,4,0,0,3871,"2025-08-04 17:00:23"
8800452557,2025-07-28,CUSTOMER,FULL,1982-09-30,42,NULL,-1,950000,60,5,0,0,25156,"2025-08-04 16:59:55"
25159692825,2025-08-04,CUSTOMER,FULL,2006-01-30,19,1979-07-03,46,975000,60,5,0,0,9837,"2025-08-04 16:59:35"
25159692998,2025-08-04,CUSTOMER,FULL,1982-01-11,43,NULL,0,1625000,60,5,0,0,42185,"2025-08-04 16:59:25"
8800411942,2025-08-04,CUSTOMER,FULL,1987-01-01,38,NULL,0,645000,72,6,0,0,15344,"2025-08-04 16:59:18"
8800487109,2025-07-29,CUSTOMER,FULL,1993-06-07,32,NULL,-1,200000,36,3,0,0,1867,"2025-08-04 16:59:16"
25159692848,2025-08-04,CUSTOMER,FULL,1993-08-14,31,NULL,0,310000,36,3,0,0,2832,"2025-08-04 16:59:01"
8800401943,2025-07-31,CUSTOMER,FULL,2005-01-20,20,1976-01-04,49,865302,60,5,0,0,10773,"2025-08-04 16:57:50"
25159687295,2025-08-04,CUSTOMER,FULL,1981-11-21,43,NULL,0,200000,24,2,0,0,2643,"2025-08-04 16:57:47"
25157353915,2025-06-07,CUSTOMER,FULL,2004-04-14,21,1966-01-01,59,700000,60,5,0,0,8120,"2025-08-04 16:57:32"
25159150873,2025-07-26,CUSTOMER,FULL,1988-01-01,37,NULL,-1,161000,24,2,0,0,1657,"2025-08-04 16:56:59"
25159692887,2025-08-04,CUSTOMER,FULL,1992-01-26,33,NULL,0,175000,24,2,0,0,1388,"2025-08-04 16:56:07"
25158769744,2025-07-07,CO-APPLICANT,FULL,1975-01-01,50,2003-04-16,22,300000,30,3,0,0,2641,"2025-08-04 16:55:57"
25159680958,2025-08-03,CUSTOMER,FULL,1996-03-05,29,NULL,-1,75000,24,2,0,0,536,"2025-08-04 16:55:27"
25159176046,2025-07-28,CUSTOMER,FULL,2001-10-28,23,1983-01-01,42,990000,72,6,0,0,13131,"2025-08-04 16:53:13"
25159692479,2025-08-04,CUSTOMER,FULL,2001-02-02,24,NULL,0,370000,36,3,0,0,3022,"2025-08-04 16:53:06"
8800017151,2025-08-04,CUSTOMER,FULL,1989-10-10,35,1989-06-30,36,340000,36,3,0,0,3872,"2025-08-04 16:52:53"
25159692155,2025-08-04,CUSTOMER,FULL,1988-01-01,37,1986-04-15,39,1000000,24,2,0,0,9912,"2025-08-04 16:52:33"
8800526943,2025-08-04,CUSTOMER,FULL,1998-08-22,26,2001-08-12,23,710000,60,5,0,0,8906,"2025-08-04 16:51:55"
25159631322,2025-08-01,CUSTOMER,FULL,1999-08-11,25,1998-01-20,27,305000,48,4,0,0,2898,"2025-08-04 16:50:36"
25159512483,2025-07-31,CUSTOMER,FULL,1987-01-01,38,NULL,-1,510000,36,3,0,0,6885,"2025-08-04 16:49:00"
8800407359,2025-08-04,CUSTOMER,FULL,2007-08-04,18,NULL,0,850000,24,2,0,0,4715,"2025-08-04 16:48:51"
25159690602,2025-08-04,CUSTOMER,FULL,1996-01-01,29,1970-01-01,55,475000,36,3,0,0,4406,"2025-08-04 16:47:48"
25159529287,2025-08-04,CUSTOMER,FULL,1998-05-10,27,1955-09-05,69,300000,60,5,0,0,3799,"2025-08-04 16:47:43"
25159690238,2025-08-04,CUSTOMER,FULL,1997-01-12,28,1976-12-18,48,965000,48,4,0,0,9782,"2025-08-04 16:46:42"
8800466161,2025-07-17,CO-APPLICANT,FULL,2000-01-01,25,1976-01-01,49,744000,48,4,0,0,32685,"2025-08-04 16:45:26"
25159663195,2025-08-01,CUSTOMER,FULL,1992-11-11,32,NULL,-1,250000,19,2,0,0,1939,"2025-08-04 16:44:58"
8800442648,2025-08-04,CUSTOMER,FULL,1993-12-03,31,NULL,0,572000,60,5,0,0,7972,"2025-08-04 16:44:57"
8800339234,2025-07-31,CUSTOMER,FULL,1973-05-16,52,NULL,-1,300000,24,2,0,0,11375,"2025-08-04 16:44:17"
8800470073,2025-07-27,CUSTOMER,FULL,1985-06-19,40,NULL,-1,330000,48,4,0,0,5795,"2025-08-04 16:44:12"
25159692515,2025-08-04,CUSTOMER,FULL,1990-06-26,35,NULL,0,534000,54,5,0,0,7512,"2025-08-04 16:43:43"
8800555602,2025-08-02,CUSTOMER,FULL,1971-10-09,53,2001-05-01,24,250000,36,3,0,0,12181,"2025-08-04 16:43:41"
25159095778,2025-07-23,CUSTOMER,FULL,1991-09-20,33,NULL,-1,550000,36,3,0,0,5270,"2025-08-04 16:41:02"
25159332385,2025-07-29,CUSTOMER,FULL,1995-03-10,30,NULL,-1,776000,60,5,0,0,9313,"2025-08-04 16:40:29"
8800546027,2025-08-02,CUSTOMER,FULL,1991-01-01,34,1964-01-01,61,590000,72,6,0,0,10980,"2025-08-04 16:40:02"
8800503534,2025-08-04,CUSTOMER,FULL,1981-03-12,44,NULL,0,75000,30,3,0,0,1619,"2025-08-04 16:38:43"
8800500274,2025-08-04,CUSTOMER,FULL,1979-02-24,46,NULL,0,600000,60,5,0,0,23662,"2025-08-04 16:37:49"
25159689838,2025-08-04,CUSTOMER,FULL,1991-03-20,34,NULL,0,750000,72,6,0,0,12930,"2025-08-04 16:35:50"
25159424874,2025-07-30,CUSTOMER,FULL,1997-05-25,28,NULL,-1,486500,48,4,0,0,4932,"2025-08-04 16:35:38"
25158763883,2025-08-04,CUSTOMER,FULL,2000-12-16,24,NULL,0,1000000,48,4,0,0,10644,"2025-08-04 16:34:52"
8800415459,2025-07-16,CUSTOMER,FULL,2002-06-30,23,NULL,-1,880000,48,4,0,0,9367,"2025-08-04 16:34:47"
25159662079,2025-08-01,CUSTOMER,FULL,1984-10-19,40,NULL,-1,331500,36,3,0,0,4859,"2025-08-04 16:33:12"
25158241222,2025-08-04,CUSTOMER,FULL,1970-12-01,54,NULL,0,330000,36,3,0,0,18127,"2025-08-04 16:32:49"
8800554476,2025-08-04,CUSTOMER,FULL,1999-07-27,26,1998-01-15,27,610000,48,4,0,0,6500,"2025-08-04 16:32:40"
25159692375,2025-08-04,CUSTOMER,FULL,1990-05-16,35,NULL,0,480000,54,5,0,0,6752,"2025-08-04 16:31:52"
8800539077,2025-08-04,CUSTOMER,FULL,1997-05-14,28,1991-06-25,34,800000,60,5,0,0,9289,"2025-08-04 16:31:51"
25159691403,2025-08-04,CUSTOMER,FULL,2000-06-01,25,1958-01-01,67,664000,60,5,0,0,8290,"2025-08-04 16:30:57"
8800505076,2025-08-04,CUSTOMER,FULL,1987-01-01,38,NULL,0,1500000,60,5,0,0,27382,"2025-08-04 16:29:44"
25159666207,2025-08-01,CUSTOMER,FULL,1983-02-25,42,1979-01-01,46,800000,60,5,0,0,19154,"2025-08-04 16:29:43"
25159536154,2025-07-31,CUSTOMER,FULL,2003-10-15,21,1979-07-12,46,910000,60,5,0,0,9514,"2025-08-04 16:29:08"
25159684143,2025-08-04,CUSTOMER,FULL,1988-04-07,37,NULL,0,255000,24,2,0,0,2528,"2025-08-04 16:28:47"
8800202384,2025-08-04,CUSTOMER,FULL,1985-04-05,40,NULL,0,1400000,34,3,0,0,21708,"2025-08-04 16:28:06"
25159110302,2025-07-24,CUSTOMER,FULL,1970-12-18,54,NULL,-1,243000,48,4,0,0,16256,"2025-08-04 16:27:32"
8800192547,2025-08-04,CUSTOMER,FULL,1987-06-03,38,NULL,0,200000,24,2,0,0,2001,"2025-08-04 16:27:25"
25159689394,2025-08-04,CUSTOMER,FULL,1979-07-01,46,NULL,0,960000,60,5,0,0,36601,"2025-08-04 16:26:54"
25159691880,2025-08-04,CUSTOMER,FULL,1987-11-24,37,1995-01-01,30,900000,47,4,0,0,13307,"2025-08-04 16:26:43"
8800512433,2025-08-04,CUSTOMER,FULL,1997-09-05,27,1999-01-01,26,600000,46,4,0,0,6394,"2025-08-04 16:26:38"
8800529986,2025-08-04,CUSTOMER,FULL,1971-01-01,54,NULL,0,573000,36,3,0,0,31475,"2025-08-04 16:25:52"
8800293595,2025-07-21,CUSTOMER,FULL,1989-01-01,36,1979-01-01,46,715000,60,5,0,0,12723,"2025-08-04 16:24:48"
8800382672,2025-08-02,CUSTOMER,FULL,1982-01-01,43,2003-09-12,21,1450000,60,5,0,0,37642,"2025-08-04 16:23:35"
8800497003,2025-08-04,CUSTOMER,FULL,1985-01-01,40,NULL,0,190000,24,2,0,0,2294,"2025-08-04 16:22:59"
25159414212,2025-07-30,CUSTOMER,FULL,1987-11-04,37,1957-01-09,68,1082000,71,6,0,0,23582,"2025-08-04 16:22:35"
8800314044,2025-08-04,CUSTOMER,FULL,1997-01-01,28,NULL,0,330000,36,3,0,0,2878,"2025-08-04 16:21:52"
8800197970,2025-08-02,CUSTOMER,FULL,1995-07-06,30,NULL,-1,2000000,84,7,0,0,34008,"2025-08-04 16:21:00"
8800089060,2025-08-04,CUSTOMER,FULL,1986-07-11,39,NULL,0,390000,36,3,0,0,5629,"2025-08-04 16:20:25"
25159685746,2025-08-04,CUSTOMER,FULL,1976-06-04,49,NULL,0,1019000,60,5,0,0,51512,"2025-08-04 16:19:08"
25155683425,2025-08-04,CUSTOMER,FULL,1983-05-04,42,1986-07-28,39,110000,24,2,0,0,1371,"2025-08-04 16:19:05"
25159690370,2025-08-04,CUSTOMER,FULL,1998-01-01,27,1997-04-09,28,160000,30,3,0,0,1441,"2025-08-04 16:18:38"
25159690727,2025-08-04,CUSTOMER,FULL,1973-01-01,52,NULL,0,200000,24,2,0,0,5718,"2025-08-04 16:17:26"
25159692347,2025-08-04,CUSTOMER,FULL,1992-07-02,33,NULL,0,560000,48,4,0,0,7111,"2025-08-04 16:17:17"
25159663012,2025-08-01,CUSTOMER,FULL,1989-07-20,36,1998-03-03,27,1049001,72,6,0,0,21638,"2025-08-04 16:17:01"
25159091822,2025-07-23,CUSTOMER,FULL,1994-04-01,31,NULL,-1,220000,48,4,0,0,2547,"2025-08-04 16:16:36"
8800419896,2025-07-29,CUSTOMER,FULL,1991-04-27,34,NULL,-1,980000,60,5,0,0,15589,"2025-08-04 16:16:02"
25159691347,2025-08-04,CUSTOMER,FULL,2001-12-16,23,NULL,0,150000,24,2,0,0,956,"2025-08-04 16:15:20"
8800006623,2025-08-04,CUSTOMER,FULL,1999-07-05,26,1964-01-24,61,710000,36,3,0,0,6100,"2025-08-04 16:15:01"
25159665378,2025-08-01,CUSTOMER,FULL,1995-01-01,30,1949-01-01,76,842000,72,6,0,0,12798,"2025-08-04 16:14:33"
25159691371,2025-08-04,CUSTOMER,FULL,1985-06-12,40,NULL,0,800000,60,5,0,0,16530,"2025-08-04 16:13:43"
25159688682,2025-08-04,CUSTOMER,FULL,1991-10-09,33,1961-06-01,64,800000,84,7,0,0,16256,"2025-08-04 16:13:05"
25159413720,2025-07-30,CUSTOMER,FULL,1990-07-11,35,1995-06-18,30,780000,72,6,0,0,14046,"2025-08-04 16:11:50"
25159687602,2025-08-04,CUSTOMER,FULL,1964-01-01,61,NULL,0,330000,42,4,0,0,36448,"2025-08-04 16:11:49"
25159691065,2025-08-04,CUSTOMER,FULL,1987-01-01,38,NULL,0,290000,48,4,0,0,4521,"2025-08-04 16:11:31"
25159685254,2025-08-04,CUSTOMER,FULL,1995-06-06,30,1980-01-01,45,670000,36,3,0,0,6009,"2025-08-04 16:11:04"
8800434075,2025-08-04,CUSTOMER,FULL,1994-01-01,31,NULL,0,330000,42,4,0,0,3517,"2025-08-04 16:10:58"
25159653326,2025-08-01,CUSTOMER,FULL,1993-05-10,32,NULL,-1,1000000,72,6,0,0,16037,"2025-08-04 16:10:36"
8800387193,2025-08-04,CUSTOMER,FULL,1995-07-30,30,1983-05-17,42,600000,48,4,0,0,6755,"2025-08-04 16:10:36"
8800500628,2025-08-04,CUSTOMER,FULL,1978-05-30,47,NULL,0,230000,24,2,0,0,5106,"2025-08-04 16:10:00"
25159676209,2025-08-02,CUSTOMER,FULL,2000-02-05,25,NULL,-1,331500,36,3,0,0,2719,"2025-08-04 16:08:13"
25159691894,2025-08-04,CUSTOMER,FULL,1985-01-01,40,NULL,0,840000,60,5,0,0,17356,"2025-08-04 16:07:01"
25159285883,2025-07-29,CUSTOMER,FULL,1982-07-03,43,NULL,-1,330000,42,4,0,0,7208,"2025-08-04 16:06:49"
25159687976,2025-08-04,CUSTOMER,FULL,1996-03-01,29,1975-01-01,50,400000,48,4,0,0,4433,"2025-08-04 16:06:12"
25159120889,2025-07-24,CUSTOMER,FULL,2005-01-01,20,2001-01-01,24,318000,42,4,0,0,2871,"2025-08-04 16:06:09"
25159690359,2025-08-04,CUSTOMER,FULL,1990-03-11,35,1991-07-15,34,600000,48,4,0,0,8419,"2025-08-04 16:03:52"
8800157375,2025-07-22,CUSTOMER,FULL,1989-05-18,36,NULL,-1,232000,24,2,0,0,2079,"2025-08-04 16:03:38"
25159392188,2025-07-30,CUSTOMER,FULL,1987-07-27,38,1965-08-06,59,790000,72,6,0,0,18794,"2025-08-04 16:03:22"
8800178716,2025-08-04,CUSTOMER,FULL,1988-05-31,37,2001-05-10,24,50000,18,2,0,0,496,"2025-08-04 16:02:42"
8800031617,2025-08-04,CUSTOMER,FULL,1987-01-01,38,NULL,0,393000,36,3,0,0,5352,"2025-08-04 16:01:01"
25159686741,2025-08-04,CUSTOMER,FULL,1985-07-05,40,NULL,0,200000,30,3,0,0,3102,"2025-08-04 15:59:37"
25159689387,2025-08-04,CUSTOMER,FULL,1984-01-02,41,NULL,0,300000,36,3,0,0,5049,"2025-08-04 15:59:11"
25159691221,2025-08-04,CUSTOMER,"PARTIAL TENURE",1978-01-01,47,NULL,0,550000,59,5,0,2,12208,"2025-08-04 15:58:22"
8800537740,2025-08-04,CUSTOMER,"PARTIAL FINANCE AMOUNT",1974-06-01,51,NULL,0,250000,36,3,125000,0,5448,"2025-08-04 15:57:20"
25159689125,2025-08-04,CUSTOMER,FULL,1997-10-05,27,NULL,0,118000,24,2,0,0,846,"2025-08-04 15:56:51"
25159691170,2025-08-04,CUSTOMER,FULL,1999-05-08,26,NULL,0,335000,42,4,0,0,3345,"2025-08-04 15:56:39"
8800483732,2025-07-29,CUSTOMER,FULL,1999-03-23,26,1965-01-25,60,200000,36,3,0,0,1782,"2025-08-04 15:56:22"
25159689670,2025-08-04,CUSTOMER,FULL,2003-02-08,22,NULL,0,157000,24,2,0,0,1049,"2025-08-04 15:56:18"
8800195995,2025-07-30,CUSTOMER,FULL,1998-04-04,27,NULL,-1,250000,31,3,0,0,2251,"2025-08-04 15:55:54"
25159524358,2025-07-31,CUSTOMER,FULL,1985-02-26,40,NULL,-1,950000,60,5,0,0,19629,"2025-08-04 15:55:36"
25159156580,2025-07-26,CUSTOMER,FULL,1992-01-01,33,1998-01-06,27,323000,48,4,0,0,3637,"2025-08-04 15:55:18"
25159069772,2025-07-22,CUSTOMER,FULL,1995-05-04,30,NULL,-1,280000,36,3,0,0,2512,"2025-08-04 15:54:55"
25159691230,2025-08-04,CUSTOMER,FULL,1971-04-12,54,1981-01-01,44,215000,24,2,0,0,7345,"2025-08-04 15:54:39"
25159690205,2025-08-04,CUSTOMER,FULL,1990-05-15,35,NULL,0,1000000,36,3,0,0,10243,"2025-08-04 15:54:30"
25159687160,2025-08-04,CUSTOMER,FULL,1985-06-13,40,NULL,0,200000,24,2,0,0,2415,"2025-08-04 15:53:49"
25159668832,2025-08-02,CUSTOMER,FULL,2002-04-10,23,1992-01-01,33,313000,42,4,0,0,2929,"2025-08-04 15:52:06"
25159662704,2025-08-01,CUSTOMER,FULL,1973-01-01,52,2006-01-01,19,700000,55,5,0,0,48462,"2025-08-04 15:51:59"
8800560901,2025-08-04,CUSTOMER,FULL,1986-06-03,39,NULL,0,832000,72,6,0,0,20441,"2025-08-04 15:51:12"
25159540042,2025-08-01,CUSTOMER,FULL,1985-11-25,39,NULL,-1,600000,48,4,0,0,10819,"2025-08-04 15:50:58"
25159542177,2025-07-31,CUSTOMER,FULL,1991-01-01,34,NULL,-1,460000,48,4,0,0,6123,"2025-08-04 15:50:30"
8800543281,2025-08-04,CUSTOMER,FULL,1983-07-12,42,NULL,0,520000,60,5,0,0,14218,"2025-08-04 15:50:16"
25159664834,2025-08-01,CUSTOMER,FULL,1989-01-01,36,1976-01-10,49,170000,30,3,0,0,2023,"2025-08-04 15:50:13"
25159541795,2025-07-31,CUSTOMER,FULL,1983-01-01,42,NULL,-1,970000,72,6,0,0,29657,"2025-08-04 15:50:01"
25159688973,2025-08-04,CUSTOMER,FULL,1983-01-25,42,NULL,0,600000,48,4,0,0,13573,"2025-08-04 15:49:54"
25159527433,2025-07-31,CUSTOMER,FULL,2002-05-18,23,1963-04-30,62,825800,84,7,0,0,13341,"2025-08-04 15:49:36"
8800295157,2025-08-04,CUSTOMER,FULL,1994-07-14,31,NULL,0,470000,36,3,0,0,4504,"2025-08-04 15:48:02"
8800243324,2025-08-04,CUSTOMER,FULL,1982-01-01,43,NULL,0,400000,36,3,0,0,7906,"2025-08-04 15:47:53"
8800204367,2025-07-24,CUSTOMER,FULL,2002-06-21,23,1976-01-01,49,828000,59,5,0,0,8833,"2025-08-04 15:47:34"
25159526438,2025-07-31,CUSTOMER,FULL,1999-02-05,26,NULL,-1,331000,60,5,0,0,3762,"2025-08-04 15:47:31"
8800557152,2025-08-04,CUSTOMER,FULL,1986-01-13,39,NULL,0,800000,24,2,0,0,8516,"2025-08-04 15:47:24"
25159678371,2025-08-04,CUSTOMER,FULL,1993-02-09,32,NULL,0,450000,48,4,0,0,5475,"2025-08-04 15:47:22"
25159182447,2025-07-28,CUSTOMER,FULL,1996-01-01,29,NULL,-1,1039000,60,5,0,0,12248,"2025-08-04 15:46:50"
8800386963,2025-08-04,CUSTOMER,FULL,2004-06-21,21,1978-01-01,47,1460000,60,5,0,0,15265,"2025-08-04 15:46:39"
8800107014,2025-08-01,CUSTOMER,FULL,1975-12-07,49,NULL,-1,920000,60,5,0,0,46508,"2025-08-04 15:46:24"
25159629141,2025-08-01,CUSTOMER,FULL,1995-01-01,30,1990-01-01,35,310000,48,4,0,0,3234,"2025-08-04 15:46:10"
25159679541,2025-08-02,CUSTOMER,FULL,2000-01-01,25,1980-01-01,45,890000,60,5,0,0,9641,"2025-08-04 15:45:48"
25159000811,2025-07-17,CUSTOMER,FULL,1990-07-06,35,1958-01-01,67,120000,24,2,0,0,1023,"2025-08-04 15:44:51"
25159341965,2025-07-30,CUSTOMER,FULL,1993-03-15,32,NULL,-1,625000,24,2,0,0,4846,"2025-08-04 15:44:32"
25159691380,2025-08-04,CO-APPLICANT,FULL,1964-01-01,61,1987-07-11,38,261000,36,3,0,0,3555,"2025-08-04 15:44:32"
25159689829,2025-08-04,CUSTOMER,FULL,1987-10-31,37,1985-12-28,39,450000,36,3,0,0,5751,"2025-08-04 15:43:43"
8800521275,2025-08-04,CUSTOMER,FULL,1991-01-01,34,NULL,0,1070000,84,7,0,0,22917,"2025-08-04 15:42:13"
25159690201,2025-08-04,CUSTOMER,FULL,1994-01-01,31,1967-01-01,58,920000,60,5,0,0,12821,"2025-08-04 15:42:01"
25159422449,2025-07-30,CUSTOMER,FULL,1977-01-01,48,NULL,-1,181000,36,3,0,0,5671,"2025-08-04 15:40:55"
8800298153,2025-08-04,CUSTOMER,FULL,1984-08-08,40,1951-08-05,73,1850000,84,7,0,0,59116,"2025-08-04 15:40:32"
8800544067,2025-08-04,CUSTOMER,FULL,1992-12-10,32,NULL,0,990000,60,5,0,0,12477,"2025-08-04 15:40:10"
25159667094,2025-08-01,CUSTOMER,FULL,1974-06-01,51,NULL,-1,331000,47,4,0,0,16733,"2025-08-04 15:39:50"
8800466082,2025-08-04,CUSTOMER,FULL,1996-02-25,29,NULL,0,700000,48,4,0,0,7707,"2025-08-04 15:39:14"
25159650457,2025-08-01,CUSTOMER,FULL,1991-05-09,34,NULL,-1,510000,48,4,0,0,6789,"2025-08-04 15:39:07"
8800491534,2025-07-28,CUSTOMER,FULL,1999-12-12,25,NULL,-1,328000,54,5,0,0,3554,"2025-08-04 15:38:27"
8800469382,2025-07-30,CUSTOMER,FULL,1985-05-15,40,NULL,-1,360000,36,3,0,0,5625,"2025-08-04 15:38:04"
8800332282,2025-08-04,CUSTOMER,FULL,1985-04-01,40,NULL,0,400000,23,2,0,0,4508,"2025-08-04 15:38:02"
25159526373,2025-07-31,CUSTOMER,FULL,2000-04-03,25,NULL,-1,312000,54,5,0,0,3380,"2025-08-04 15:37:37"
25159684365,2025-08-04,CUSTOMER,FULL,2006-05-02,19,1979-02-10,46,800000,60,5,0,0,8072,"2025-08-04 15:37:02"
8800431856,2025-08-04,CUSTOMER,FULL,1984-01-01,41,2002-07-08,23,511000,48,4,0,0,10408,"2025-08-04 15:35:42"
8800299706,2025-08-04,CUSTOMER,FULL,1983-11-22,41,1988-06-17,37,820000,60,5,0,0,20659,"2025-08-04 15:35:31"
25159690279,2025-08-04,CUSTOMER,FULL,1992-07-01,33,NULL,0,300500,24,2,0,0,2383,"2025-08-04 15:35:21"
8800537153,2025-08-04,CUSTOMER,FULL,1979-03-12,46,NULL,0,960000,72,6,0,0,43296,"2025-08-04 15:34:15"
25159690632,2025-08-04,CO-APPLICANT,FULL,2000-01-01,25,1992-10-01,32,989000,48,4,0,0,12032,"2025-08-04 15:33:56"
8800356467,2025-07-14,CUSTOMER,FULL,1999-08-12,25,1964-01-01,61,920000,36,3,0,0,7545,"2025-08-04 15:33:53"
8800165807,2025-08-01,CUSTOMER,FULL,1990-02-05,35,NULL,-1,779000,60,5,0,0,12493,"2025-08-04 15:31:34"
25159272836,2025-07-29,CUSTOMER,FULL,1982-02-05,43,NULL,-1,195000,36,3,0,0,3514,"2025-08-04 15:31:17"
25159118404,2025-07-24,CUSTOMER,FULL,1991-09-08,33,NULL,-1,170000,36,3,0,0,1768,"2025-08-04 15:30:33"
25159684957,2025-08-04,CUSTOMER,FULL,2003-01-01,22,1964-01-01,61,950000,60,5,0,0,10067,"2025-08-04 15:30:30"
8800498942,2025-08-04,CUSTOMER,FULL,2003-09-25,21,1975-06-22,50,103850,36,3,0,0,882,"2025-08-04 15:30:04"
25159025186,2025-07-18,CUSTOMER,FULL,2003-12-15,21,1994-11-17,30,472000,48,4,0,0,5024,"2025-08-04 15:28:57"
25159671278,2025-08-02,CUSTOMER,FULL,1983-06-06,42,1994-05-16,31,480000,48,4,0,0,10858,"2025-08-04 15:26:44"
8800540582,2025-08-04,CUSTOMER,FULL,1986-10-06,38,NULL,0,420000,36,3,0,0,5720,"2025-08-04 15:26:43"
25159513871,2025-07-31,CUSTOMER,FULL,2000-02-15,25,1973-01-01,52,990000,36,3,0,0,8119,"2025-08-04 15:26:37"
25159683510,2025-08-04,CUSTOMER,FULL,1995-08-07,29,NULL,0,300000,23,2,0,0,2142,"2025-08-04 15:25:16"
25159072309,2025-07-22,CUSTOMER,FULL,2002-06-02,23,1998-06-02,27,800000,72,6,0,0,10611,"2025-08-04 15:24:45"
8800380897,2025-08-01,CUSTOMER,FULL,1995-01-31,30,1989-01-25,36,300000,60,5,0,0,4047,"2025-08-04 15:24:00"
8800473697,2025-08-04,CUSTOMER,FULL,1992-01-09,33,NULL,0,550000,48,4,0,0,6841,"2025-08-04 15:23:24"
25159684259,2025-08-04,CUSTOMER,FULL,1960-08-10,64,1985-01-30,40,488000,48,4,0,0,67086,"2025-08-04 15:23:04"
25159685479,2025-08-04,CUSTOMER,FULL,1981-01-01,44,2005-08-10,19,552000,48,4,0,0,13106,"2025-08-04 15:20:42"
25159486281,2025-07-31,CUSTOMER,FULL,1990-01-01,35,NULL,-1,864750,60,5,0,0,12164,"2025-08-04 15:19:43"
25159680719,2025-08-03,CUSTOMER,FULL,1984-08-24,40,NULL,-1,280000,36,3,0,0,4104,"2025-08-04 15:19:20"
8800496036,2025-08-04,CO-APPLICANT,FULL,1967-01-01,58,1999-09-18,25,700000,24,2,0,0,4874,"2025-08-04 15:18:43"
8800420283,2025-08-04,CUSTOMER,FULL,1983-07-14,42,NULL,0,600000,42,4,0,0,12129,"2025-08-04 15:17:48"
25159059974,2025-07-21,CUSTOMER,FULL,2004-01-01,21,NULL,-1,310000,36,3,0,0,2455,"2025-08-04 15:16:57"
8800523326,2025-08-01,CUSTOMER,FULL,1995-01-01,30,NULL,-1,700000,36,3,0,0,6278,"2025-08-04 15:16:26"
8800452953,2025-07-17,CUSTOMER,FULL,1993-04-22,32,1966-06-01,59,1050000,60,5,0,0,13233,"2025-08-04 15:16:24"
25159680935,2025-08-03,CUSTOMER,FULL,1997-12-14,27,NULL,-1,600000,24,2,0,0,4298,"2025-08-04 15:16:20"
25159687431,2025-08-04,CUSTOMER,FULL,2004-01-05,21,1955-01-01,70,835000,54,5,0,0,8730,"2025-08-04 15:14:34"
25159690685,2025-08-04,CUSTOMER,FULL,1970-11-03,54,NULL,0,300000,24,2,0,0,13035,"2025-08-04 15:14:30"
8800529110,2025-08-04,CUSTOMER,FULL,1988-01-01,37,NULL,0,950000,60,5,0,0,17993,"2025-08-04 15:13:28"
25159686853,2025-08-04,CUSTOMER,FULL,1996-08-06,28,NULL,0,313000,48,4,0,0,3173,"2025-08-04 15:13:07"
8800404795,2025-08-04,CUSTOMER,FULL,1982-01-02,43,NULL,0,958000,72,6,0,0,31834,"2025-08-04 15:11:41"
8800409372,2025-07-31,CUSTOMER,FULL,1981-09-20,43,NULL,-1,1765000,60,5,0,0,45820,"2025-08-04 15:10:30"
8800296833,2025-08-04,CUSTOMER,FULL,1992-12-15,32,NULL,0,250000,24,2,0,0,1917,"2025-08-04 15:10:19"
25159675569,2025-08-02,CUSTOMER,FULL,1988-07-20,37,NULL,-1,300000,42,4,0,0,4436,"2025-08-04 15:08:52"
25159028043,2025-07-18,CUSTOMER,FULL,1997-09-15,27,NULL,-1,1331599,84,7,0,0,21464,"2025-08-04 15:07:58"
25159663784,2025-08-01,CUSTOMER,FULL,1976-09-10,48,1980-04-28,45,110000,12,1,0,0,2172,"2025-08-04 15:07:41"
25159690293,2025-08-04,CUSTOMER,FULL,2005-07-07,20,1980-08-11,44,820000,60,5,0,0,8438,"2025-08-04 15:07:31"
25159070990,2025-07-22,CUSTOMER,FULL,1978-01-01,47,NULL,-1,1060000,60,5,0,0,44366,"2025-08-04 15:07:30"
25159687909,2025-08-04,CUSTOMER,FULL,1998-08-08,26,NULL,0,215000,24,2,0,0,1528,"2025-08-04 15:07:29"
25159689630,2025-08-04,CUSTOMER,FULL,2005-07-20,20,2000-07-14,25,800000,60,5,0,0,8232,"2025-08-04 15:07:26"
25159690520,2025-08-04,CUSTOMER,FULL,1984-01-01,41,NULL,0,120000,30,3,0,0,2020,"2025-08-04 15:07:04"
8800492105,2025-07-26,CUSTOMER,FULL,1985-12-12,39,1987-01-01,38,670000,47,4,0,0,12081,"2025-08-04 15:07:00"
25159689540,2025-08-04,CUSTOMER,FULL,1987-03-01,38,1980-01-01,45,300000,36,3,0,0,4086,"2025-08-04 15:06:28"
25159133107,2025-07-25,CUSTOMER,FULL,1997-12-12,27,NULL,-1,210000,41,4,0,0,2112,"2025-08-04 15:06:20"
8800532335,2025-08-04,CUSTOMER,FULL,1977-01-02,48,1980-01-01,45,200000,18,2,0,0,4938,"2025-08-04 15:04:56"
8800284272,2025-07-21,CUSTOMER,FULL,1995-01-01,30,NULL,-1,1100000,60,5,0,0,13201,"2025-08-04 15:04:47"
8800491533,2025-07-26,CUSTOMER,FULL,1989-01-01,36,NULL,-1,330000,54,5,0,0,5409,"2025-08-04 15:04:08"
25159673555,2025-08-02,CUSTOMER,FULL,1998-10-20,26,NULL,-1,327000,48,4,0,0,3265,"2025-08-04 15:03:21"
8800314399,2025-06-29,CUSTOMER,FULL,1995-01-01,30,NULL,-1,322000,42,4,0,0,3359,"2025-08-04 15:03:12"
8800492006,2025-08-04,CUSTOMER,FULL,1989-01-05,36,1985-01-05,40,1050000,60,5,0,0,18685,"2025-08-04 15:02:39"
8800540885,2025-08-04,CUSTOMER,FULL,1997-04-21,28,1994-02-20,31,325000,42,4,0,0,3295,"2025-08-04 15:02:15"
25159683051,2025-08-03,CUSTOMER,FULL,1993-10-25,31,NULL,-1,850000,36,3,0,0,7764,"2025-08-04 15:02:11"
25159539441,2025-08-04,CUSTOMER,FULL,1998-08-05,26,1977-06-03,48,1100000,72,6,0,0,15901,"2025-08-04 15:02:10"
25158866810,2025-07-11,CUSTOMER,FULL,1973-01-01,52,1989-12-16,35,900000,60,5,0,0,59111,"2025-08-04 15:01:54"
8800212409,2025-06-28,CUSTOMER,FULL,1998-02-03,27,1967-01-01,58,350000,47,4,0,0,3730,"2025-08-04 15:01:17"
25159688732,2025-08-04,CUSTOMER,FULL,1982-06-15,43,NULL,0,650000,48,4,0,0,14198,"2025-08-04 15:01:14"
8800429589,2025-07-30,CUSTOMER,FULL,2005-11-22,19,1988-07-17,37,1350000,60,5,0,0,13621,"2025-08-04 15:00:42"
25159099375,2025-07-23,CUSTOMER,FULL,1984-03-20,41,1972-01-01,53,181000,30,3,0,0,2828,"2025-08-04 15:00:27"
25159668881,2025-08-02,CUSTOMER,FULL,1985-01-01,40,1986-01-01,39,800000,48,4,0,0,14047,"2025-08-04 15:00:13"
25159678483,2025-08-02,CUSTOMER,FULL,1981-01-01,44,1975-01-01,50,190000,12,1,0,0,2689,"2025-08-04 14:59:54"
25159689367,2025-08-04,CUSTOMER,FULL,1985-07-02,40,1954-06-01,71,600000,60,5,0,0,13998,"2025-08-04 14:59:44"
25159684298,2025-08-04,CUSTOMER,FULL,1983-11-18,41,NULL,0,302000,48,4,0,0,5684,"2025-08-04 14:59:26"
8800465002,2025-07-31,CUSTOMER,FULL,2000-08-01,24,1970-11-10,54,950000,48,4,0,0,8957,"2025-08-04 14:59:12"
25159689304,2025-08-04,CUSTOMER,FULL,1999-08-25,25,1963-01-01,62,450000,36,3,0,0,3972,"2025-08-04 14:57:25"
25159688911,2025-08-04,CUSTOMER,"PARTIAL TENURE",1977-11-24,47,NULL,0,304000,42,4,0,2,7100,"2025-08-04 14:57:02"
8800157248,2025-08-04,CUSTOMER,FULL,1984-06-06,41,NULL,0,650000,60,5,0,0,16376,"2025-08-04 14:56:53"
25159679568,2025-08-02,CUSTOMER,FULL,1985-05-11,40,1986-01-26,39,850000,60,5,0,0,17563,"2025-08-04 14:56:28"
25159685130,2025-08-04,CUSTOMER,FULL,1996-01-01,29,NULL,0,480000,48,4,0,0,4934,"2025-08-04 14:56:19"
8800449833,2025-08-01,CUSTOMER,FULL,1983-08-01,42,1975-07-01,50,115000,24,2,0,0,1433,"2025-08-04 14:55:45"
8800217438,2025-08-04,CUSTOMER,FULL,1990-05-14,35,NULL,0,200000,36,3,0,0,2278,"2025-08-04 14:55:16"
8800426641,2025-08-04,CUSTOMER,FULL,1977-01-01,48,NULL,0,500000,48,4,0,0,19801,"2025-08-04 14:54:55"
8800117319,2025-08-04,CUSTOMER,FULL,1993-11-25,31,NULL,0,400000,30,3,0,0,3654,"2025-08-04 14:54:32"
8800483377,2025-08-04,CUSTOMER,FULL,1990-08-25,34,NULL,0,475000,36,3,0,0,5140,"2025-08-04 14:54:30"
25159479998,2025-07-31,CUSTOMER,FULL,1993-01-01,32,NULL,-1,304500,36,3,0,0,2843,"2025-08-04 14:53:56"
25159685030,2025-08-04,CUSTOMER,FULL,1989-04-19,36,1999-04-19,26,500000,48,4,0,0,7429,"2025-08-04 14:53:51"
8800274224,2025-07-30,CUSTOMER,FULL,1985-11-15,39,NULL,-1,145000,24,2,0,0,1658,"2025-08-04 14:53:48"
25158986094,2025-07-24,CUSTOMER,FULL,1990-01-01,35,NULL,-1,630000,72,6,0,0,12386,"2025-08-04 14:53:46"
25159670231,2025-08-02,CUSTOMER,FULL,2000-06-03,25,NULL,-1,650000,60,5,0,0,8115,"2025-08-04 14:53:10"
25159689926,2025-08-04,CUSTOMER,FULL,1971-08-02,54,NULL,0,300000,36,3,0,0,16479,"2025-08-04 14:53:05"
8800117639,2025-08-04,CUSTOMER,FULL,1973-01-01,52,NULL,0,330000,36,3,0,0,15756,"2025-08-04 14:52:45"
25159146710,2025-07-26,CUSTOMER,FULL,1994-06-07,31,2003-01-01,22,946000,60,5,0,0,11587,"2025-08-04 14:52:38"
25159688526,2025-08-04,CUSTOMER,FULL,1971-06-03,54,NULL,0,1000000,48,4,0,0,66895,"2025-08-04 14:52:38"
25159689679,2025-08-04,CUSTOMER,FULL,1968-04-18,57,NULL,0,320140,48,4,0,0,26633,"2025-08-04 14:51:04"
8800510548,2025-07-31,CUSTOMER,FULL,1994-01-01,31,NULL,-1,318000,36,3,0,0,2905,"2025-08-04 14:50:58"
25159683680,2025-08-04,CUSTOMER,FULL,1995-02-08,30,NULL,0,202000,35,3,0,0,1812,"2025-08-04 14:50:41"
8800543254,2025-08-02,CUSTOMER,FULL,1989-01-01,36,NULL,-1,318000,48,4,0,0,4477,"2025-08-04 14:49:45"
25159689970,2025-08-04,CUSTOMER,FULL,1988-05-02,37,NULL,0,180000,30,3,0,0,2277,"2025-08-04 14:48:40"
8800540379,2025-08-01,CUSTOMER,FULL,1991-03-20,34,NULL,-1,100000,12,1,0,0,820,"2025-08-04 14:48:30"
25159686012,2025-08-04,CUSTOMER,FULL,1991-05-20,34,1999-01-01,26,160000,30,3,0,0,1734,"2025-08-04 14:48:20"
25159690316,2025-08-04,CUSTOMER,FULL,1992-05-09,33,1949-01-01,76,650000,60,5,0,0,9841,"2025-08-04 14:48:18"
25159684660,2025-08-04,CUSTOMER,FULL,2001-08-18,23,2004-01-01,21,1169000,60,5,0,0,12470,"2025-08-04 14:48:08"
8800521858,2025-08-04,CUSTOMER,FULL,1988-04-12,37,NULL,0,331000,48,4,0,0,4894,"2025-08-04 14:46:37"
8800476550,2025-08-04,CUSTOMER,FULL,1979-06-01,46,NULL,0,300000,22,2,0,0,6011,"2025-08-04 14:46:05"
25159685467,2025-08-04,CUSTOMER,FULL,1980-06-30,45,NULL,0,299000,60,5,0,0,10525,"2025-08-04 14:45:22"
25159317947,2025-07-30,CUSTOMER,FULL,1984-12-25,40,1980-10-21,44,492000,60,5,0,0,11478,"2025-08-04 14:44:50"
8800543030,2025-08-04,CUSTOMER,FULL,1991-09-29,33,1990-04-14,35,450000,36,3,0,0,4652,"2025-08-04 14:42:52"
8800514565,2025-08-04,CUSTOMER,"PARTIAL FINANCE AMOUNT",1979-01-01,46,NULL,0,260000,20,2,195000,0,3908,"2025-08-04 14:41:31"
25159680946,2025-08-03,CUSTOMER,FULL,1989-04-01,36,1970-04-09,55,785000,60,5,0,0,12867,"2025-08-04 14:41:14"
25159689709,2025-08-04,CUSTOMER,FULL,1993-12-15,31,NULL,0,210000,30,3,0,0,2042,"2025-08-04 14:40:25"
25159685597,2025-08-04,CUSTOMER,FULL,1993-01-03,32,1983-08-18,41,980000,59,5,0,0,12351,"2025-08-04 14:40:17"
25159689956,2025-08-04,CUSTOMER,FULL,2000-10-06,24,NULL,0,290000,42,4,0,0,2735,"2025-08-04 14:39:39"
25159670234,2025-08-02,CUSTOMER,FULL,1999-07-15,26,NULL,-1,1065000,60,5,0,0,12103,"2025-08-04 14:39:17"
8800474115,2025-08-02,CUSTOMER,FULL,1990-06-12,35,NULL,-1,340000,48,4,0,0,4113,"2025-08-04 14:38:53"
25159684026,2025-08-04,CUSTOMER,FULL,1993-02-27,32,NULL,0,200000,24,2,0,0,1533,"2025-08-04 14:37:41"
25159689370,2025-08-04,CUSTOMER,FULL,1986-01-22,39,1986-11-25,38,950000,60,5,0,0,18430,"2025-08-04 14:37:30"
25159172361,2025-07-28,CUSTOMER,FULL,1991-04-12,34,NULL,-1,270000,24,2,0,0,2212,"2025-08-04 14:37:06"
25159136811,2025-07-25,CUSTOMER,FULL,1997-05-10,28,2002-04-10,23,3135000,46,4,0,0,33849,"2025-08-04 14:36:35"
8800514453,2025-08-04,CUSTOMER,FULL,1994-04-06,31,NULL,0,500000,42,4,0,0,5788,"2025-08-04 14:35:26"
25159435899,2025-07-30,CUSTOMER,FULL,1988-01-01,37,NULL,-1,1200000,60,5,0,0,20717,"2025-08-04 14:35:25"
25159687853,2025-08-04,CUSTOMER,FULL,1981-01-01,44,NULL,0,640000,60,5,0,0,18080,"2025-08-04 14:35:10"
25159551068,2025-07-31,CUSTOMER,FULL,1995-07-15,30,NULL,-1,1095000,48,4,0,0,11423,"2025-08-04 14:33:54"
25159662459,2025-08-01,CUSTOMER,FULL,1998-09-16,26,2002-05-12,23,291000,36,3,0,0,2500,"2025-08-04 14:33:51"
8800512530,2025-08-01,CUSTOMER,FULL,2004-05-10,21,2002-01-15,23,500000,60,5,0,0,6243,"2025-08-04 14:33:37"
8800436683,2025-08-04,CUSTOMER,FULL,1991-08-01,34,NULL,0,839000,60,5,0,0,11326,"2025-08-04 14:33:03"
25159688339,2025-08-04,CUSTOMER,FULL,2000-01-01,25,NULL,0,154000,48,4,0,0,1609,"2025-08-04 14:32:50"
25159688481,2025-08-04,CUSTOMER,FULL,2001-01-17,24,NULL,0,755000,60,5,0,0,8126,"2025-08-04 14:32:37"
25159681748,2025-08-03,CUSTOMER,FULL,1986-01-01,39,NULL,-1,330000,48,4,0,0,5448,"2025-08-04 14:31:46"
25159129920,2025-07-25,CUSTOMER,FULL,1983-05-10,42,1985-01-01,40,1035000,60,5,0,0,24781,"2025-08-04 14:31:16"
8800433860,2025-07-23,CUSTOMER,FULL,1997-05-02,28,2003-12-15,21,100000,23,2,0,0,737,"2025-08-04 14:31:15"
8800310836,2025-08-04,CUSTOMER,FULL,1991-01-01,34,NULL,0,380000,36,3,0,0,4112,"2025-08-04 14:30:45"
25159669567,2025-08-02,CUSTOMER,FULL,1973-01-01,52,NULL,-1,253000,48,4,0,0,13936,"2025-08-04 14:30:31"
25159490442,2025-07-31,CUSTOMER,FULL,1980-08-10,44,NULL,-1,300000,30,3,0,0,6475,"2025-08-04 14:30:22"
25159687467,2025-08-04,CUSTOMER,FULL,1989-01-01,36,NULL,0,250000,24,2,0,0,2241,"2025-08-04 14:29:30"
25159689412,2025-08-04,CUSTOMER,FULL,2006-03-07,19,2000-01-09,25,983000,60,5,0,0,9918,"2025-08-04 14:29:29"
25159689115,2025-08-04,CO-APPLICANT,FULL,1974-01-01,51,1994-02-07,31,380000,48,4,0,0,4458,"2025-08-04 14:29:23"
8800419599,2025-08-04,CUSTOMER,FULL,1980-07-20,45,NULL,0,300000,36,3,0,0,7190,"2025-08-04 14:29:20"
25159306154,2025-07-29,CUSTOMER,FULL,1997-01-01,28,NULL,-1,2000000,48,4,0,0,21760,"2025-08-04 14:29:18"
25159689797,2025-08-04,CUSTOMER,FULL,1977-01-01,48,NULL,0,295000,36,3,0,0,9243,"2025-08-04 14:28:50"
25159689331,2025-08-04,CUSTOMER,FULL,1972-05-01,53,1953-01-01,72,600000,60,5,0,0,45341,"2025-08-04 14:28:05"
8800385373,2025-07-31,CUSTOMER,FULL,1997-04-05,28,1975-01-01,50,773000,60,5,0,0,9934,"2025-08-04 14:27:50"
25159665629,2025-08-01,CUSTOMER,FULL,1985-01-01,40,NULL,-1,270000,48,4,0,0,4741,"2025-08-04 14:27:22"
8800510705,2025-08-04,CUSTOMER,FULL,1988-05-07,37,1992-07-20,33,650000,35,3,0,0,8223,"2025-08-04 14:27:17"
25159163138,2025-07-27,CUSTOMER,FULL,1992-10-27,32,NULL,-1,1499000,60,5,0,0,21722,"2025-08-04 14:27:12"
25159165547,2025-07-28,CUSTOMER,FULL,1984-01-01,41,2002-04-15,23,1130000,72,6,0,0,31922,"2025-08-04 14:27:06"
25159013820,2025-07-18,CUSTOMER,FULL,1995-08-05,29,NULL,-1,600000,36,3,0,0,5565,"2025-08-04 14:26:58"
25159689224,2025-08-04,CUSTOMER,FULL,2003-03-03,22,NULL,0,970000,48,4,0,0,9009,"2025-08-04 14:25:19"
25159667418,2025-08-01,CUSTOMER,FULL,1996-07-11,29,NULL,-1,980000,60,5,0,0,11553,"2025-08-04 14:25:14"
25159685992,2025-08-04,CUSTOMER,FULL,1983-07-04,42,1973-01-01,52,900000,84,7,0,0,33889,"2025-08-04 14:24:49"
8800385099,2025-08-04,CUSTOMER,FULL,1983-01-01,42,1979-01-01,46,1600000,84,7,0,0,56206,"2025-08-04 14:24:47"
8800522228,2025-08-04,CUSTOMER,FULL,1977-01-01,48,NULL,0,400000,36,3,0,0,12914,"2025-08-04 14:24:24"
25157927854,2025-06-30,CUSTOMER,FULL,1994-01-01,31,1990-01-01,35,268000,36,3,0,0,2448,"2025-08-04 14:24:12"
25159129568,2025-07-25,CUSTOMER,FULL,1986-09-22,38,NULL,-1,150000,12,1,0,0,893,"2025-08-04 14:23:11"
25159669448,2025-08-02,CUSTOMER,FULL,1994-02-02,31,1985-06-16,40,700000,24,2,0,0,5287,"2025-08-04 14:23:05"
25159686700,2025-08-04,CUSTOMER,FULL,1990-07-15,35,NULL,0,220000,24,2,0,0,1881,"2025-08-04 14:23:01"
25159689507,2025-08-04,CUSTOMER,FULL,1992-11-26,32,NULL,0,329000,54,5,0,0,4147,"2025-08-04 14:22:56"
8800496037,2025-08-04,CUSTOMER,FULL,1980-07-01,45,NULL,0,150000,24,2,0,0,2728,"2025-08-04 14:22:55"
25159668011,2025-08-01,CUSTOMER,FULL,1997-03-25,28,NULL,-1,280000,36,3,0,0,2442,"2025-08-04 14:22:30"
8800353676,2025-08-03,CUSTOMER,FULL,1991-05-10,34,1997-10-10,27,900000,72,6,0,0,15516,"2025-08-04 14:22:19"
25159409680,2025-07-30,CUSTOMER,FULL,1995-07-12,30,NULL,-1,700000,60,5,0,0,9442,"2025-08-04 14:22:17"
25159688967,2025-08-04,CUSTOMER,FULL,2002-09-24,22,1965-01-19,60,850000,60,5,0,0,10612,"2025-08-04 14:21:57"
8800458740,2025-08-04,CUSTOMER,FULL,1999-02-28,26,NULL,0,770000,36,3,0,0,6860,"2025-08-04 14:21:28"
25159404289,2025-07-30,CUSTOMER,FULL,1996-06-21,29,NULL,-1,930000,60,5,0,0,10964,"2025-08-04 14:19:46"
25159153377,2025-07-26,CUSTOMER,FULL,1987-12-06,37,1980-04-09,45,319000,60,5,0,0,5508,"2025-08-04 14:18:34"
25159676521,2025-08-02,CUSTOMER,FULL,1994-10-12,30,NULL,-1,750000,60,5,0,0,10116,"2025-08-04 14:18:21"
8800349181,2025-08-02,CUSTOMER,FULL,1992-08-13,32,1959-02-12,66,4800000,58,5,0,0,67176,"2025-08-04 14:17:47"
25159580104,2025-07-31,CUSTOMER,FULL,1986-10-09,38,NULL,-1,270000,36,3,0,0,3645,"2025-08-04 14:16:15"
25159395268,2025-07-30,CUSTOMER,FULL,1991-01-31,34,1986-01-01,39,330000,42,4,0,0,3840,"2025-08-04 14:15:51"
8800167940,2025-07-24,CO-APPLICANT,FULL,2000-01-01,25,1986-12-19,38,710000,48,4,0,0,11956,"2025-08-04 14:15:41"
25159400414,2025-07-30,CUSTOMER,FULL,1990-01-01,35,1975-02-01,50,715000,48,4,0,0,8648,"2025-08-04 14:15:14"
8800437243,2025-08-04,CUSTOMER,FULL,1985-05-20,40,NULL,0,435000,36,3,0,0,6797,"2025-08-04 14:14:56"
25159687265,2025-08-04,CUSTOMER,FULL,1997-12-20,27,NULL,0,293000,48,4,0,0,2946,"2025-08-04 14:14:39"
25159681375,2025-08-03,CUSTOMER,FULL,1987-10-10,37,NULL,-1,331000,42,4,0,0,4894,"2025-08-04 14:14:35"
25159662545,2025-08-01,CUSTOMER,FULL,1994-12-25,30,NULL,-1,180000,36,3,0,0,1676,"2025-08-04 14:13:24"
25159055947,2025-07-21,CUSTOMER,FULL,1992-08-26,32,NULL,-1,1200000,72,6,0,0,19244,"2025-08-04 14:13:02"
25159402346,2025-07-30,CUSTOMER,FULL,1998-12-20,26,1965-01-11,60,720000,60,5,0,0,9032,"2025-08-04 14:13:01"
8800548129,2025-08-04,CUSTOMER,FULL,1999-07-07,26,NULL,0,630000,84,7,0,0,10319,"2025-08-04 14:12:53"
25159688846,2025-08-04,CUSTOMER,FULL,1983-07-15,42,NULL,0,252000,48,4,0,0,5094,"2025-08-04 14:12:34"
8800006622,2025-08-04,CUSTOMER,FULL,1999-07-15,26,1964-01-24,61,710000,36,3,0,0,6100,"2025-08-04 14:12:21"
25159689392,2025-08-04,CUSTOMER,FULL,1979-05-06,46,NULL,0,250000,18,2,0,0,5010,"2025-08-04 14:11:53"
25159672956,2025-08-02,CUSTOMER,FULL,1990-11-05,34,1999-07-21,26,800000,48,4,0,0,10394,"2025-08-04 14:11:08"
25159091142,2025-07-23,CUSTOMER,FULL,1991-01-01,34,2000-02-03,25,400000,35,3,0,0,4329,"2025-08-04 14:10:35"
8800126629,2025-07-31,CUSTOMER,FULL,1984-07-16,41,1991-08-15,33,800000,84,7,0,0,27707,"2025-08-04 14:10:19"
8800540886,2025-08-04,CUSTOMER,FULL,1985-06-09,40,NULL,0,275000,36,3,0,0,4031,"2025-08-04 14:09:58"
25159686733,2025-08-04,CUSTOMER,FULL,1976-05-11,49,NULL,0,80000,12,1,0,0,1206,"2025-08-04 14:09:46"
25158936049,2025-07-14,CUSTOMER,FULL,1993-07-01,32,NULL,-1,500000,48,4,0,0,6083,"2025-08-04 14:09:37"
25157667815,2025-06-25,CUSTOMER,FULL,1991-06-05,34,1951-01-01,74,650000,60,5,0,0,10340,"2025-08-04 14:09:06"
25159671749,2025-08-02,CUSTOMER,FULL,1987-07-05,38,1989-01-01,36,920000,60,5,0,0,16795,"2025-08-04 14:08:47"
25159686823,2025-08-04,CUSTOMER,FULL,1973-12-25,51,NULL,0,430000,48,4,0,0,22828,"2025-08-04 14:07:40"
25159118036,2025-07-24,CUSTOMER,FULL,1999-09-08,25,NULL,-1,300000,24,2,0,0,2054,"2025-08-04 14:07:02"
25159182184,2025-07-28,CUSTOMER,FULL,1986-04-30,39,1997-01-01,28,380000,48,4,0,0,6852,"2025-08-04 14:06:25"
25159688363,2025-08-04,CUSTOMER,FULL,1996-12-26,28,NULL,0,350000,48,4,0,0,3779,"2025-08-04 14:06:15"
8800394693,2025-07-24,CUSTOMER,FULL,1978-01-01,47,2003-09-20,21,820000,60,5,0,0,34321,"2025-08-04 14:06:05"
8800416876,2025-08-04,CUSTOMER,FULL,1986-01-01,39,NULL,0,100000,18,2,0,0,1065,"2025-08-04 14:05:59"
25159688909,2025-08-04,CUSTOMER,FULL,1982-01-01,43,NULL,0,290000,42,4,0,0,6335,"2025-08-04 14:05:43"
25159542204,2025-07-31,CUSTOMER,FULL,1997-04-15,28,NULL,-1,836000,48,4,0,0,9096,"2025-08-04 14:05:24"
25159688396,2025-08-04,CUSTOMER,FULL,1973-01-01,52,1995-05-15,30,690000,60,5,0,0,47770,"2025-08-04 14:03:33"
25159058819,2025-07-21,CUSTOMER,FULL,1980-07-06,45,1992-12-20,32,3200000,48,4,0,0,93947,"2025-08-04 14:03:18"
25159538237,2025-07-31,CUSTOMER,FULL,1983-01-01,42,NULL,-1,315000,36,3,0,0,5271,"2025-08-04 14:03:02"
25159688198,2025-08-04,CUSTOMER,FULL,1983-07-02,42,1978-04-01,47,280000,36,3,0,0,4686,"2025-08-04 14:01:53"
25159428044,2025-07-30,CUSTOMER,FULL,1985-01-01,40,1988-12-02,36,144000,24,2,0,0,1751,"2025-08-04 14:01:09"
8800261698,2025-08-04,CUSTOMER,FULL,1992-05-16,33,2003-02-12,22,710000,60,5,0,0,10749,"2025-08-04 14:00:00"
25159303384,2025-07-29,CUSTOMER,FULL,1982-05-05,43,1990-01-01,35,600000,34,3,0,0,11859,"2025-08-04 13:59:58"
25159416311,2025-07-30,CUSTOMER,FULL,1991-06-01,34,NULL,-1,530000,48,4,0,0,7055,"2025-08-04 13:59:27"
25159678296,2025-08-02,CUSTOMER,FULL,1978-01-01,47,NULL,-1,770000,60,5,0,0,32229,"2025-08-04 13:59:12"
25159687398,2025-08-04,CUSTOMER,FULL,1988-01-01,37,NULL,0,294000,48,4,0,0,4347,"2025-08-04 13:59:12"
25159662309,2025-08-01,CUSTOMER,FULL,1978-12-02,46,2005-08-27,19,305000,36,3,0,0,7979,"2025-08-04 13:58:49"
25159658345,2025-08-01,CUSTOMER,FULL,1972-05-14,53,NULL,-1,250000,23,2,0,0,10340,"2025-08-04 13:57:06"
25159670581,2025-08-02,CUSTOMER,FULL,1983-01-01,42,1975-11-15,49,420000,36,3,0,0,7643,"2025-08-04 13:56:18"
25159687848,2025-08-04,CUSTOMER,FULL,2001-09-23,23,1974-02-18,51,1200000,60,5,0,0,14203,"2025-08-04 13:56:18"
25159678192,2025-08-02,CUSTOMER,FULL,1986-06-01,39,1978-10-10,46,1150000,48,4,0,0,18985,"2025-08-04 13:56:03"
25159683722,2025-08-04,CUSTOMER,FULL,1995-08-18,29,NULL,0,420000,48,4,0,0,4624,"2025-08-04 13:55:13"
25159670886,2025-08-02,CUSTOMER,FULL,1992-07-15,33,NULL,-1,650000,60,5,0,0,8468,"2025-08-04 13:53:55"
25159688359,2025-08-04,CUSTOMER,FULL,1985-01-01,40,NULL,0,450000,36,3,0,0,7031,"2025-08-04 13:53:25"
8800553152,2025-08-02,CUSTOMER,FULL,1994-01-01,31,NULL,-1,500000,47,4,0,0,5328,"2025-08-04 13:53:13"
25159683548,2025-08-04,CUSTOMER,FULL,2001-02-26,24,NULL,0,240000,24,2,0,0,1629,"2025-08-04 13:52:43"
25159406590,2025-07-30,CUSTOMER,FULL,1987-08-27,37,NULL,-1,538000,60,5,0,0,10190,"2025-08-04 13:52:21"
25159688501,2025-08-04,CUSTOMER,FULL,1990-06-30,35,1980-08-14,44,1065000,60,5,0,0,14980,"2025-08-04 13:51:35"
8800539526,2025-08-04,CUSTOMER,FULL,1988-10-16,36,NULL,0,400000,60,5,0,0,6783,"2025-08-04 13:50:30"
8800141748,2025-08-04,CUSTOMER,"PARTIAL FINANCE AMOUNT",1973-09-09,51,NULL,0,400000,36,3,200000,0,8716,"2025-08-04 13:50:01"
25159688518,2025-08-04,CUSTOMER,FULL,1993-05-22,32,NULL,0,200000,24,2,0,0,1551,"2025-08-04 13:49:45"
8800559701,2025-08-02,CUSTOMER,FULL,1996-11-06,28,NULL,-1,240000,22,2,0,0,1734,"2025-08-04 13:49:15"
25159650897,2025-08-01,CUSTOMER,FULL,2003-04-05,22,NULL,-1,330000,42,4,0,0,3065,"2025-08-04 13:49:14"
25159688071,2025-08-04,CUSTOMER,FULL,1986-01-01,39,NULL,0,500000,40,4,0,0,8255,"2025-08-04 13:49:01"
25159687130,2025-08-04,CUSTOMER,FULL,1997-10-28,27,NULL,0,400000,47,4,0,0,4263,"2025-08-04 13:47:55"
25159279242,2025-07-29,CUSTOMER,FULL,2003-09-27,21,1973-01-15,52,575000,60,5,0,0,6012,"2025-08-04 13:47:39"
25159688432,2025-08-04,CUSTOMER,FULL,1979-10-10,45,NULL,0,195000,36,3,0,0,4145,"2025-08-04 13:47:28"
25159688251,2025-08-04,CUSTOMER,FULL,1990-10-13,34,NULL,0,100000,36,3,0,0,1084,"2025-08-04 13:45:26"
25159670807,2025-08-02,CUSTOMER,FULL,2001-05-01,24,1980-06-01,45,1050000,60,5,0,0,11300,"2025-08-04 13:43:56"
25159686805,2025-08-04,CUSTOMER,FULL,1987-10-03,37,1972-01-01,53,330000,36,3,0,0,4109,"2025-08-04 13:43:36"
8800003868,2025-08-04,CUSTOMER,FULL,1970-10-20,54,NULL,0,605000,56,5,0,0,49674,"2025-08-04 13:43:25"
25159688497,2025-08-04,CUSTOMER,FULL,1977-01-01,48,NULL,0,150000,24,2,0,0,3852,"2025-08-04 13:43:19"
25159531734,2025-07-31,CUSTOMER,FULL,1997-05-10,28,1987-05-13,38,600000,23,2,0,0,4418,"2025-08-04 13:42:59"
25158810399,2025-07-09,CUSTOMER,FULL,1977-01-01,48,1974-10-25,50,650000,59,5,0,0,30834,"2025-08-04 13:42:14"
25159688287,2025-08-04,CUSTOMER,FULL,1986-01-01,39,NULL,0,850000,47,4,0,0,14032,"2025-08-04 13:42:08"
25159688157,2025-08-04,CUSTOMER,FULL,1992-03-13,33,NULL,0,890000,60,5,0,0,11595,"2025-08-04 13:41:13"
8800350797,2025-07-31,CUSTOMER,FULL,1972-03-05,53,1966-05-30,59,100000,18,2,0,0,4136,"2025-08-04 13:39:01"
25159680333,2025-08-03,CUSTOMER,FULL,1983-01-10,42,NULL,-1,181000,36,3,0,0,3029,"2025-08-04 13:38:49"
25159687961,2025-08-04,CUSTOMER,FULL,1995-08-17,29,NULL,0,370000,28,3,0,0,3432,"2025-08-04 13:38:28"
25157691325,2025-07-04,CUSTOMER,FULL,1993-06-01,32,1976-01-01,49,346999,36,3,0,0,3444,"2025-08-04 13:37:45"
25159669002,2025-08-02,CUSTOMER,FULL,1977-01-01,48,NULL,-1,320000,36,3,0,0,10026,"2025-08-04 13:37:27"
8800425072,2025-08-04,CUSTOMER,FULL,1986-01-04,39,NULL,0,300000,55,5,0,0,6220,"2025-08-04 13:37:10"
25159146003,2025-07-26,CUSTOMER,FULL,1994-04-15,31,NULL,-1,3300000,58,5,0,0,44587,"2025-08-04 13:36:04"
25159681032,2025-08-03,CUSTOMER,FULL,1996-01-01,29,NULL,-1,543000,60,5,0,0,6401,"2025-08-04 13:36:02"
8800471841,2025-08-03,CUSTOMER,FULL,1982-01-01,43,1984-01-01,41,145000,24,2,0,0,2179,"2025-08-04 13:35:41"
8800503533,2025-08-04,CUSTOMER,FULL,1984-03-15,41,1986-07-03,39,200000,48,4,0,0,4178,"2025-08-04 13:34:38"
25159437350,2025-07-30,CUSTOMER,FULL,1998-09-09,26,2004-01-01,21,570000,60,5,0,0,6478,"2025-08-04 13:34:16"
25159686962,2025-08-04,CUSTOMER,FULL,1998-01-01,27,1974-01-01,51,540000,48,4,0,0,5799,"2025-08-04 13:33:23"
25159677169,2025-08-02,CUSTOMER,FULL,1990-09-01,34,NULL,-1,331500,36,3,0,0,3286,"2025-08-04 13:33:11"
8800505704,2025-07-24,CUSTOMER,FULL,1992-08-04,32,NULL,-1,315000,36,3,0,0,2941,"2025-08-04 13:31:59"
8800194249,2025-07-29,CUSTOMER,FULL,1995-04-20,30,NULL,-1,720000,45,4,0,0,8106,"2025-08-04 13:30:34"
25159662574,2025-08-01,CUSTOMER,FULL,1994-02-17,31,1964-12-15,60,772000,72,6,0,0,12025,"2025-08-04 13:30:03"
25159525103,2025-07-31,CUSTOMER,FULL,1986-01-01,39,1985-01-01,40,944000,60,5,0,0,18313,"2025-08-04 13:29:59"
25159068112,2025-07-22,CUSTOMER,FULL,1989-01-01,36,NULL,-1,630000,36,3,0,0,7583,"2025-08-04 13:29:51"
25159688008,2025-08-04,CUSTOMER,FULL,1995-01-01,30,1962-11-20,62,200000,35,3,0,0,1893,"2025-08-04 13:29:29"
25159687862,2025-08-04,CUSTOMER,FULL,1979-02-04,46,NULL,0,289000,24,2,0,0,4792,"2025-08-04 13:29:27"
25159665350,2025-08-01,CUSTOMER,FULL,2000-01-01,25,1999-09-10,25,450000,48,4,0,0,4790,"2025-08-04 13:28:38"
25159684404,2025-08-04,CUSTOMER,FULL,2002-10-28,22,NULL,0,799000,60,5,0,0,8467,"2025-08-04 13:27:50"
8800115387,2025-08-01,CUSTOMER,FULL,1982-12-07,42,NULL,-1,300000,24,2,0,0,3737,"2025-08-04 13:27:11"
25157694965,2025-06-28,CUSTOMER,FULL,1978-01-01,47,2002-05-24,23,340000,48,4,0,0,11908,"2025-08-04 13:26:56"
8800415460,2025-07-17,CUSTOMER,FULL,2003-03-31,22,1980-05-03,45,969000,48,4,0,0,10314,"2025-08-04 13:24:31"
8800485292,2025-07-28,CUSTOMER,FULL,1983-01-01,42,NULL,-1,258000,24,2,0,0,3590,"2025-08-04 13:24:11"
25159680769,2025-08-03,CUSTOMER,FULL,1995-07-13,30,NULL,-1,1415000,60,5,0,0,16981,"2025-08-04 13:24:10"
25159668819,2025-08-02,CUSTOMER,FULL,2003-07-15,22,1978-01-15,47,540000,48,4,0,0,5748,"2025-08-04 13:24:08"
8800366952,2025-08-04,CUSTOMER,FULL,1996-07-04,29,NULL,0,500000,60,5,0,0,5895,"2025-08-04 13:24:02"
8800312965,2025-08-04,CUSTOMER,FULL,1990-01-01,35,NULL,0,100000,18,2,0,0,855,"2025-08-04 13:23:51"
25159683905,2025-08-04,CUSTOMER,FULL,1996-08-10,28,NULL,0,300000,36,3,0,0,2684,"2025-08-04 13:23:47"
25159686509,2025-08-04,CUSTOMER,FULL,1983-01-01,42,NULL,0,920000,60,5,0,0,22027,"2025-08-04 13:22:38"
25159661082,2025-08-01,CUSTOMER,FULL,1993-12-03,31,NULL,-1,315000,48,4,0,0,3357,"2025-08-04 13:22:19"
25158982247,2025-07-16,CUSTOMER,FULL,1995-05-12,30,1956-04-26,69,700000,60,5,0,0,8401,"2025-08-04 13:22:07"
25159686144,2025-08-04,CUSTOMER,FULL,1976-01-01,49,NULL,0,286000,36,3,0,0,9848,"2025-08-04 13:21:54"
8800470129,2025-08-03,CUSTOMER,FULL,1979-01-01,46,NULL,-1,250000,30,3,0,0,6541,"2025-08-04 13:21:26"
8800504400,2025-08-02,CUSTOMER,FULL,1995-01-02,30,NULL,-1,100000,12,1,0,0,428,"2025-08-04 13:20:24"
8800049687,2025-07-31,CO-APPLICANT,FULL,1968-01-01,57,1983-01-01,42,380000,48,4,0,0,8596,"2025-08-04 13:20:12"
25159667106,2025-08-04,CUSTOMER,FULL,2000-01-01,25,1963-01-01,62,470000,55,5,0,0,5868,"2025-08-04 13:18:47"
25159684275,2025-08-04,CUSTOMER,FULL,1990-07-03,35,1995-04-04,30,350000,47,4,0,0,4775,"2025-08-04 13:18:39"
25159686891,2025-08-04,CUSTOMER,FULL,1982-04-15,43,NULL,0,500000,36,3,0,0,9883,"2025-08-04 13:18:12"
8800559328,2025-08-04,CUSTOMER,FULL,1991-03-04,34,NULL,0,290000,48,4,0,0,3768,"2025-08-04 13:18:11"
25159685531,2025-08-04,CUSTOMER,FULL,1990-03-02,35,1991-05-05,34,675000,60,5,0,0,11327,"2025-08-04 13:17:03"
8800482958,2025-07-29,CUSTOMER,FULL,1998-04-17,27,NULL,-1,294000,36,3,0,0,2550,"2025-08-04 13:16:52"
8800274779,2025-08-04,CUSTOMER,FULL,2005-12-14,19,NULL,0,332000,54,5,0,0,3350,"2025-08-04 13:16:37"
8800399275,2025-08-03,CUSTOMER,FULL,1996-07-01,29,1964-01-01,61,400000,60,5,0,0,5249,"2025-08-04 13:16:14"
25159678819,2025-08-02,CUSTOMER,FULL,1994-06-07,31,2003-01-01,22,946000,60,5,0,0,11587,"2025-08-04 13:15:54"
8800261318,2025-08-04,CUSTOMER,FULL,1989-01-01,36,NULL,0,760000,48,4,0,0,10699,"2025-08-04 13:15:30"
25159672790,2025-08-02,CUSTOMER,FULL,1995-08-03,29,NULL,-1,250000,48,4,0,0,2753,"2025-08-04 13:14:56"
25159686764,2025-08-04,CUSTOMER,FULL,1995-11-03,29,NULL,0,200000,12,1,0,0,829,"2025-08-04 13:14:48"
8800511997,2025-08-02,CUSTOMER,FULL,1995-01-24,30,1965-06-01,60,550000,48,4,0,0,6250,"2025-08-04 13:14:29"
8800492229,2025-08-04,CO-APPLICANT,FULL,1985-01-01,40,2006-05-01,19,385000,36,3,0,0,3331,"2025-08-04 13:14:23"
8800048190,2025-08-04,CUSTOMER,FULL,1994-01-17,31,NULL,0,200000,24,2,0,0,1499,"2025-08-04 13:14:02"
25159658293,2025-08-01,CUSTOMER,FULL,1977-02-15,48,1989-11-15,35,980000,60,5,0,0,45146,"2025-08-04 13:14:01"
8800234411,2025-08-04,CUSTOMER,FULL,1990-08-07,34,NULL,0,450000,36,3,0,0,4870,"2025-08-04 13:13:10"
25159687878,2025-08-04,CUSTOMER,FULL,1998-08-12,26,1966-01-01,59,200000,36,3,0,0,1761,"2025-08-04 13:13:07"
25159687764,2025-08-04,CUSTOMER,FULL,1995-07-07,30,NULL,0,310000,30,3,0,0,2781,"2025-08-04 13:13:00"
8800106667,2025-08-04,CUSTOMER,FULL,1981-03-25,44,NULL,0,230000,24,2,0,0,3814,"2025-08-04 13:12:04"
25159685265,2025-08-04,CUSTOMER,FULL,1991-02-20,34,NULL,0,300000,36,3,0,0,3247,"2025-08-04 13:11:02"
25159672959,2025-08-02,CUSTOMER,FULL,1992-01-01,33,NULL,-1,860000,60,5,0,0,11204,"2025-08-04 13:10:07"
8800441239,2025-07-19,CUSTOMER,FULL,1992-01-01,33,NULL,-1,900000,60,5,0,0,13626,"2025-08-04 13:08:56"
8800525904,2025-08-04,CUSTOMER,FULL,1994-05-28,31,NULL,0,700000,47,4,0,0,8104,"2025-08-04 13:08:37"
25159506440,2025-07-31,CUSTOMER,FULL,1996-07-03,29,NULL,-1,395000,35,3,0,0,3664,"2025-08-04 13:07:52"
8800482487,2025-08-02,CUSTOMER,FULL,1985-01-01,40,1992-01-01,33,750000,55,5,0,0,15497,"2025-08-04 13:07:41"
25159439041,2025-07-30,CUSTOMER,FULL,1993-04-15,32,NULL,-1,264000,54,5,0,0,3328,"2025-08-04 13:07:26"
25159684545,2025-08-04,CUSTOMER,FULL,1981-08-19,43,NULL,0,500000,30,3,0,0,9924,"2025-08-04 13:07:22"
25159669450,2025-08-02,CUSTOMER,FULL,1999-06-10,26,NULL,-1,350000,36,3,0,0,3081,"2025-08-04 13:06:52"
8800495628,2025-08-02,CUSTOMER,FULL,1989-01-01,36,NULL,-1,356000,36,3,0,0,4285,"2025-08-04 13:06:48"
8800399794,2025-08-04,CUSTOMER,FULL,1976-06-23,49,NULL,0,200000,30,3,0,0,7198,"2025-08-04 13:05:34"
25157683622,2025-06-27,CUSTOMER,FULL,1973-04-14,52,1977-05-14,48,150000,36,3,0,0,7017,"2025-08-04 13:04:25"
25158868783,2025-07-11,CUSTOMER,FULL,1972-07-21,52,NULL,-1,175000,36,3,0,0,7847,"2025-08-04 13:04:22"
25159134937,2025-07-25,CUSTOMER,FULL,1986-10-10,38,NULL,-1,330000,48,4,0,0,5144,"2025-08-04 13:04:20"
8800503840,2025-08-03,CUSTOMER,FULL,1989-12-03,35,NULL,-1,450000,60,5,0,0,7551,"2025-08-04 13:03:51"
25159687490,2025-08-04,CUSTOMER,"PARTIAL FINANCE AMOUNT",1974-01-01,51,1975-01-01,50,255000,24,2,191250,0,6545,"2025-08-04 13:03:50"
25159684421,2025-08-04,CUSTOMER,FULL,1991-01-01,34,NULL,0,248000,24,2,0,0,2090,"2025-08-04 13:03:05"
8800497863,2025-07-30,CUSTOMER,FULL,1999-06-04,26,NULL,-1,535000,60,5,0,0,6711,"2025-08-04 13:03:02"
25159130108,2025-08-01,CUSTOMER,FULL,1992-01-05,33,1999-06-15,26,565000,60,5,0,0,8554,"2025-08-04 13:02:14"
25159152476,2025-07-26,CUSTOMER,FULL,1984-07-28,40,1991-11-22,33,1117000,41,4,0,0,21024,"2025-08-04 13:01:34"
25158318429,2025-07-03,CUSTOMER,FULL,1988-01-01,37,2004-04-04,21,1685000,59,5,0,0,30441,"2025-08-04 13:01:31"
25159681705,2025-08-03,CUSTOMER,FULL,1984-12-30,40,1989-01-10,36,330000,48,4,0,0,5795,"2025-08-04 12:59:48"
25159660881,2025-08-02,CO-APPLICANT,FULL,2000-01-01,25,1997-02-06,28,935000,48,4,0,0,10173,"2025-08-04 12:59:29"
8800481616,2025-07-30,CUSTOMER,FULL,1997-01-02,28,1995-10-05,29,318000,48,4,0,0,3224,"2025-08-04 12:58:40"
8800314043,2025-08-04,CUSTOMER,FULL,2002-09-11,22,1974-01-01,51,330000,36,3,0,0,2641,"2025-08-04 12:58:05"
25159507755,2025-07-31,CUSTOMER,FULL,1998-01-01,27,2000-01-01,25,600000,32,3,0,0,5204,"2025-08-04 12:57:51"
25159684761,2025-08-04,CUSTOMER,FULL,1990-01-05,35,NULL,0,600000,60,5,0,0,10068,"2025-08-04 12:56:30"
25159519406,2025-08-02,CUSTOMER,FULL,1996-06-07,29,NULL,-1,680000,72,6,0,0,10343,"2025-08-04 12:56:04"
8800434905,2025-07-15,CUSTOMER,FULL,1994-06-15,31,1981-01-01,44,665000,48,4,0,0,7800,"2025-08-04 12:55:50"
25159673475,2025-08-02,CUSTOMER,FULL,1992-06-16,33,NULL,-1,100000,18,2,0,0,790,"2025-08-04 12:55:29"
25159434182,2025-07-30,CUSTOMER,FULL,1999-04-10,26,NULL,-1,290000,36,3,0,0,2492,"2025-08-04 12:55:01"
8800518958,2025-08-02,CUSTOMER,FULL,1981-01-01,44,NULL,-1,900000,36,3,0,0,19594,"2025-08-04 12:54:25"
25159118340,2025-07-24,CO-APPLICANT,FULL,1966-06-04,59,1995-07-18,30,160000,35,3,0,0,1490,"2025-08-04 12:53:37"
8800166263,2025-08-04,CUSTOMER,FULL,1993-01-01,32,NULL,0,250000,36,3,0,0,2481,"2025-08-04 12:53:29"
8800473678,2025-07-19,CUSTOMER,FULL,1993-01-01,32,1957-01-01,68,650000,48,4,0,0,7778,"2025-08-04 12:53:22"
25159281704,2025-07-29,CUSTOMER,FULL,1997-12-04,27,NULL,-1,900000,60,5,0,0,10323,"2025-08-04 12:53:13"
25159665860,2025-08-01,CUSTOMER,FULL,1986-02-24,39,1959-02-12,66,500000,30,3,0,0,6915,"2025-08-04 12:53:04"
25159527535,2025-07-31,CUSTOMER,FULL,1977-01-01,48,NULL,-1,600000,52,5,0,0,28462,"2025-08-04 12:52:45"
25157637359,2025-06-23,CUSTOMER,FULL,1966-06-20,59,NULL,-1,700000,60,5,0,0,79842,"2025-08-04 12:52:36"
25159028753,2025-07-18,CUSTOMER,FULL,1999-05-25,26,1970-01-01,55,850000,60,5,0,0,10662,"2025-08-04 12:52:29"
25159044944,2025-07-22,CUSTOMER,FULL,1972-10-15,52,NULL,-1,240000,36,3,0,0,11459,"2025-08-04 12:52:08"
25159686614,2025-08-04,CUSTOMER,FULL,2002-05-10,23,1966-01-01,59,620000,60,5,0,0,7741,"2025-08-04 12:52:00"
25158809583,2025-07-09,CUSTOMER,FULL,1996-07-06,29,2000-03-15,25,847789,84,7,0,0,14716,"2025-08-04 12:51:59"
25158775892,2025-07-08,CUSTOMER,FULL,2000-04-16,25,2002-01-03,23,200000,24,2,0,0,1393,"2025-08-04 12:51:45"
8800421971,2025-08-01,CUSTOMER,FULL,1990-10-20,34,NULL,-1,1600000,60,5,0,0,21599,"2025-08-04 12:51:30"
25159663816,2025-08-01,CUSTOMER,FULL,1999-05-06,26,NULL,-1,313000,36,3,0,0,2689,"2025-08-04 12:51:16"
25159420472,2025-07-30,CUSTOMER,FULL,1981-01-01,44,1983-01-01,42,700000,60,5,0,0,22864,"2025-08-04 12:50:22"
8800409807,2025-08-02,CUSTOMER,FULL,2001-01-21,24,NULL,-1,110000,15,2,0,0,765,"2025-08-04 12:50:22"
8800435337,2025-08-04,CUSTOMER,FULL,1967-01-01,58,1992-01-01,33,110000,36,3,0,0,8092,"2025-08-04 12:49:59"
25159682905,2025-08-03,CUSTOMER,FULL,1995-07-20,30,NULL,-1,500000,60,5,0,0,6744,"2025-08-04 12:49:12"
8800528039,2025-08-02,CUSTOMER,FULL,1998-04-13,27,1997-05-08,28,265000,36,3,0,0,2299,"2025-08-04 12:49:06"
25159188602,2025-07-28,CUSTOMER,FULL,1983-01-13,42,NULL,-1,110000,36,3,0,0,2001,"2025-08-04 12:49:03"
8800289456,2025-08-04,CUSTOMER,FULL,2005-02-05,20,NULL,0,500000,60,5,0,0,6225,"2025-08-04 12:49:03"
8800504373,2025-08-04,CUSTOMER,FULL,1994-05-04,31,1988-08-18,36,310000,24,2,0,0,2342,"2025-08-04 12:48:58"
25159681535,2025-08-03,CUSTOMER,FULL,1987-01-01,38,NULL,-1,325000,48,4,0,0,5067,"2025-08-04 12:48:50"
25159686992,2025-08-04,CUSTOMER,FULL,1990-03-06,35,NULL,0,826000,60,5,0,0,11619,"2025-08-04 12:48:46"
8800468738,2025-07-23,CUSTOMER,"PARTIAL TENURE",1970-01-01,55,NULL,-1,295000,36,3,0,2,13831,"2025-08-04 12:47:56"
25159683493,2025-08-04,CUSTOMER,FULL,1995-07-30,30,1983-05-17,42,600000,48,4,0,0,6755,"2025-08-04 12:47:23"
8800489222,2025-07-28,CUSTOMER,FULL,2002-07-18,23,NULL,-1,1000000,60,5,0,0,10668,"2025-08-04 12:46:26"
25159671096,2025-08-02,CUSTOMER,FULL,2001-05-24,24,1964-01-01,61,630000,60,5,0,0,6780,"2025-08-04 12:45:56"
8800344472,2025-08-04,CUSTOMER,FULL,1993-06-05,32,1990-12-21,34,300000,36,3,0,0,3009,"2025-08-04 12:45:36"
25159078567,2025-07-22,CUSTOMER,FULL,1986-01-01,39,1987-01-01,38,735000,72,6,0,0,18058,"2025-08-04 12:45:34"
8800115961,2025-08-04,CUSTOMER,"PARTIAL FINANCE AMOUNT",1976-01-01,49,NULL,0,250000,24,2,187500,0,5160,"2025-08-04 12:45:00"
8800257254,2025-08-04,CUSTOMER,FULL,1990-10-04,34,NULL,0,750000,54,5,0,0,11930,"2025-08-04 12:44:36"
25159108765,2025-07-24,CUSTOMER,FULL,2003-08-12,21,NULL,-1,705000,72,6,0,0,9176,"2025-08-04 12:44:14"
25159523389,2025-07-31,CUSTOMER,FULL,1982-02-14,43,NULL,-1,331000,54,5,0,0,8593,"2025-08-04 12:43:05"
8800501293,2025-07-31,CUSTOMER,FULL,1991-08-11,33,1959-04-15,66,1040000,84,7,0,0,21133,"2025-08-04 12:42:45"
8800176831,2025-07-17,CUSTOMER,FULL,1988-12-09,36,NULL,-1,550000,48,4,0,0,7912,"2025-08-04 12:42:33"
8800466080,2025-07-30,CUSTOMER,FULL,1996-02-25,29,NULL,-1,700000,48,4,0,0,7707,"2025-08-04 12:42:32"
25159678411,2025-08-02,CUSTOMER,FULL,1989-06-01,36,NULL,-1,670000,72,6,0,0,13986,"2025-08-04 12:42:03"
25159331775,2025-07-29,CUSTOMER,FULL,1985-01-12,40,NULL,-1,330000,54,5,0,0,6819,"2025-08-04 12:42:02"
25159659745,2025-08-04,CUSTOMER,FULL,1988-12-07,36,1987-06-19,38,565000,48,4,0,0,8394,"2025-08-04 12:41:48"
8800379651,2025-07-01,CUSTOMER,FULL,1985-05-25,40,NULL,-1,790000,72,6,0,0,21739,"2025-08-04 12:41:45"
8800462614,2025-07-27,CUSTOMER,FULL,1995-06-03,30,NULL,-1,429900,60,5,0,0,5799,"2025-08-04 12:40:24"
8800511684,2025-08-04,CUSTOMER,FULL,1979-05-10,46,NULL,0,286000,54,5,0,0,10904,"2025-08-04 12:40:16"
25159062634,2025-07-21,CUSTOMER,FULL,1999-01-20,26,NULL,-1,145000,24,2,0,0,1031,"2025-08-04 12:40:12"
8800200986,2025-08-04,CO-APPLICANT,FULL,1963-01-01,62,1996-07-10,29,298000,36,3,0,0,2712,"2025-08-04 12:40:07"
25158767682,2025-07-07,CUSTOMER,FULL,1976-05-17,49,2007-06-27,18,750000,60,5,0,0,37914,"2025-08-04 12:40:05"
25159686097,2025-08-04,CUSTOMER,FULL,1980-07-07,45,NULL,0,275000,36,3,0,0,6591,"2025-08-04 12:39:11"
25159682617,2025-08-03,CUSTOMER,"PARTIAL FINANCE AMOUNT",1973-07-10,52,NULL,-1,400000,33,3,200000,0,9549,"2025-08-04 12:39:05"
8800388089,2025-08-02,CUSTOMER,FULL,1988-07-10,37,NULL,-1,280000,24,2,0,0,2643,"2025-08-04 12:38:16"
25159685972,2025-08-04,CUSTOMER,FULL,1998-09-02,26,2003-11-09,21,910000,72,6,0,0,13036,"2025-08-04 12:38:03"
25159667513,2025-08-01,CUSTOMER,FULL,1977-01-01,48,NULL,-1,870000,60,5,0,0,40079,"2025-08-04 12:38:02"
8800178139,2025-08-04,CUSTOMER,FULL,1973-01-01,52,NULL,0,350000,18,2,0,0,12940,"2025-08-04 12:37:36"
25159670163,2025-08-02,CUSTOMER,FULL,1982-08-15,42,NULL,-1,720000,60,5,0,0,19686,"2025-08-04 12:37:17"
8800534488,2025-08-04,CUSTOMER,FULL,1977-01-01,48,NULL,0,644910,48,4,0,0,25783,"2025-08-04 12:36:40"
25159686601,2025-08-04,CUSTOMER,FULL,1985-07-31,40,NULL,0,999000,84,7,0,0,30013,"2025-08-04 12:36:38"
25159685407,2025-08-04,CUSTOMER,FULL,2000-06-17,25,1974-01-01,51,687000,60,5,0,0,7442,"2025-08-04 12:36:36"
8800006621,2025-08-04,CUSTOMER,FULL,1999-07-05,26,1964-01-24,61,710000,36,3,0,0,6100,"2025-08-04 12:36:25"
25159686644,2025-08-04,CUSTOMER,FULL,1982-07-18,43,NULL,0,285000,36,3,0,0,5657,"2025-08-04 12:36:08"
25159685692,2025-08-04,CUSTOMER,FULL,1992-04-25,33,NULL,0,220000,24,2,0,0,1774,"2025-08-04 12:35:51"
25159686292,2025-08-04,CUSTOMER,FULL,2005-01-01,20,1992-06-04,33,1300000,84,7,0,0,18531,"2025-08-04 12:35:34"
8800372343,2025-08-04,CUSTOMER,FULL,1985-03-02,40,NULL,0,200000,36,3,0,0,3125,"2025-08-04 12:35:34"
8800114323,2025-08-04,CUSTOMER,FULL,2001-12-28,23,NULL,0,510000,48,4,0,0,5429,"2025-08-04 12:35:20"
25159520458,2025-07-31,CUSTOMER,FULL,1992-01-05,33,NULL,-1,738000,60,5,0,0,9615,"2025-08-04 12:33:39"
8800337545,2025-06-26,CUSTOMER,FULL,1995-01-01,30,NULL,-1,300000,36,3,0,0,2794,"2025-08-04 12:33:10"
8800473776,2025-08-03,CUSTOMER,FULL,2005-02-15,20,1971-01-01,54,490000,36,3,0,0,4291,"2025-08-04 12:31:52"
8800434059,2025-07-17,CUSTOMER,FULL,1990-03-28,35,NULL,-1,290000,48,4,0,0,3508,"2025-08-04 12:31:26"
25159077251,2025-07-22,CUSTOMER,FULL,1980-06-04,45,NULL,-1,1000000,60,5,0,0,35979,"2025-08-04 12:30:06"
8800127970,2025-08-04,CUSTOMER,FULL,1995-12-13,29,NULL,0,890000,60,5,0,0,10492,"2025-08-04 12:30:06"
8800410230,2025-08-01,CUSTOMER,FULL,1997-02-12,28,1955-05-07,70,1028000,60,5,0,0,11937,"2025-08-04 12:28:31"
8800496035,2025-08-04,CUSTOMER,FULL,1995-10-18,29,NULL,0,490000,48,4,0,0,5430,"2025-08-04 12:28:25"
25159679485,2025-08-02,CUSTOMER,FULL,1990-12-24,34,NULL,-1,331000,48,4,0,0,3852,"2025-08-04 12:28:13"
25159685302,2025-08-04,CUSTOMER,FULL,1984-02-10,41,NULL,0,525000,36,3,0,0,8835,"2025-08-04 12:27:44"
25159685441,2025-08-04,CUSTOMER,FULL,1984-04-22,41,2005-08-27,19,250000,32,3,0,0,4207,"2025-08-04 12:27:34"
8800321661,2025-08-04,CUSTOMER,FULL,1977-01-01,48,NULL,0,420000,36,3,0,0,13560,"2025-08-04 12:26:54"
8800463489,2025-08-01,CUSTOMER,FULL,1997-03-12,28,1967-05-13,58,1200000,84,7,0,0,19612,"2025-08-04 12:26:45"
25159524256,2025-07-31,CUSTOMER,FULL,1995-06-01,30,NULL,-1,400000,48,4,0,0,4546,"2025-08-04 12:26:19"
25159642933,2025-08-01,CUSTOMER,FULL,1988-03-27,37,NULL,-1,270000,30,3,0,0,3416,"2025-08-04 12:25:40"
25159684659,2025-08-04,CUSTOMER,FULL,1985-04-12,40,NULL,0,230000,36,3,0,0,3567,"2025-08-04 12:25:09"
25159392314,2025-07-30,CUSTOMER,FULL,1980-10-01,44,1976-10-20,48,1041000,48,4,0,0,28044,"2025-08-04 12:23:41"
25159673390,2025-08-02,CUSTOMER,FULL,1966-12-08,58,1985-01-01,40,287740,48,4,0,0,25703,"2025-08-04 12:23:08"
25159674361,2025-08-02,CUSTOMER,FULL,1994-01-12,31,NULL,-1,180000,36,3,0,0,1725,"2025-08-04 12:23:04"
25159685088,2025-08-04,CUSTOMER,FULL,1997-07-08,28,1997-07-17,28,800000,72,6,0,0,11734,"2025-08-04 12:23:04"
25159666481,2025-08-01,CUSTOMER,FULL,1990-01-15,35,NULL,-1,1000000,60,5,0,0,14066,"2025-08-04 12:22:58"
8800323550,2025-08-04,CUSTOMER,FULL,1999-07-27,26,1998-01-15,27,610000,48,4,0,0,6500,"2025-08-04 12:22:26"
8800267140,2025-07-17,CUSTOMER,FULL,1983-06-05,42,NULL,-1,600000,36,3,0,0,10918,"2025-08-04 12:22:16"
25159390533,2025-07-30,CUSTOMER,FULL,1999-08-04,25,NULL,-1,320000,36,3,0,0,2625,"2025-08-04 12:21:52"
8800418775,2025-08-04,CUSTOMER,FULL,1980-01-01,45,NULL,0,420000,60,5,0,0,14784,"2025-08-04 12:21:19"
25159670771,2025-08-02,CUSTOMER,FULL,1993-04-26,32,1981-01-01,44,335000,36,3,0,0,3325,"2025-08-04 12:20:46"
25159684499,2025-08-04,CUSTOMER,FULL,1987-01-26,38,NULL,0,400000,48,4,0,0,6736,"2025-08-04 12:20:23"
8800322083,2025-08-04,CUSTOMER,FULL,1989-09-24,35,NULL,0,650000,36,3,0,0,7379,"2025-08-04 12:20:21"
8800500353,2025-08-04,CUSTOMER,FULL,1986-05-24,39,NULL,0,168000,20,2,0,0,1894,"2025-08-04 12:19:07"
25159412892,2025-07-30,CUSTOMER,FULL,1977-01-01,48,NULL,-1,750000,60,5,0,0,35595,"2025-08-04 12:19:01"
8800525832,2025-08-04,CUSTOMER,FULL,1983-05-16,42,NULL,0,340000,36,3,0,0,6183,"2025-08-04 12:18:33"
25159685534,2025-08-04,CUSTOMER,FULL,1998-11-01,26,NULL,0,600000,48,4,0,0,6394,"2025-08-04 12:17:29"
25159672194,2025-08-02,CUSTOMER,FULL,2000-08-12,24,1969-03-11,56,580000,48,4,0,0,5469,"2025-08-04 12:14:56"
8800118809,2025-08-04,CUSTOMER,FULL,1992-06-17,33,NULL,0,135000,24,2,0,0,1066,"2025-08-04 12:14:13"
8800554811,2025-08-04,CUSTOMER,FULL,1989-08-22,35,1983-05-02,42,822000,60,5,0,0,11562,"2025-08-04 12:13:59"
8800401081,2025-08-04,CUSTOMER,FULL,1994-06-10,31,1994-06-21,31,500000,52,5,0,0,6756,"2025-08-04 12:13:37"
8800507551,2025-07-29,CUSTOMER,FULL,2004-01-01,21,1974-07-12,51,1750000,60,5,0,0,18296,"2025-08-04 12:13:36"
25159686156,2025-08-04,CUSTOMER,FULL,1979-08-05,45,NULL,0,270000,48,4,0,0,7927,"2025-08-04 12:12:53"
25159670165,2025-08-02,CO-APPLICANT,FULL,2000-01-01,25,1998-03-30,27,5250000,60,5,0,0,64614,"2025-08-04 12:12:24"
8800505463,2025-07-29,CUSTOMER,FULL,1985-07-16,40,NULL,-1,328000,42,4,0,0,5760,"2025-08-04 12:12:05"
8800357362,2025-08-04,CUSTOMER,FULL,1963-01-01,62,1999-04-17,26,800000,30,3,0,0,78957,"2025-08-04 12:11:28"
8800516081,2025-07-24,CUSTOMER,FULL,1981-09-08,43,NULL,-1,880000,12,1,0,0,11627,"2025-08-04 12:11:14"
25159669066,2025-08-02,CUSTOMER,FULL,1973-01-01,52,NULL,-1,250000,24,2,0,0,7147,"2025-08-04 12:10:38"
25159685814,2025-08-04,CUSTOMER,FULL,1992-04-16,33,NULL,0,155000,24,2,0,0,1230,"2025-08-04 12:09:51"
25159669165,2025-08-02,CUSTOMER,FULL,1977-05-25,48,NULL,-1,80000,24,2,0,0,1580,"2025-08-04 12:09:45"
8800424307,2025-07-25,CUSTOMER,FULL,1985-07-18,40,1996-04-22,29,340000,36,3,0,0,5312,"2025-08-04 12:09:40"
25159686190,2025-08-04,CUSTOMER,FULL,1998-09-21,26,NULL,0,330000,36,3,0,0,2835,"2025-08-04 12:09:28"
8800502707,2025-07-31,CUSTOMER,FULL,1979-01-03,46,1982-02-06,43,620000,60,5,0,0,24451,"2025-08-04 12:09:18"
25158935187,2025-07-14,CUSTOMER,FULL,1994-01-01,31,NULL,-1,500000,60,5,0,0,6125,"2025-08-04 12:08:41"
8800471837,2025-07-31,CUSTOMER,FULL,1989-03-12,36,NULL,-1,160000,24,2,0,0,1573,"2025-08-04 12:07:41"
25159685096,2025-08-04,CUSTOMER,FULL,1986-06-30,39,1971-01-01,54,925000,60,5,0,0,20051,"2025-08-04 12:07:33"
25159684408,2025-08-04,CUSTOMER,FULL,1997-01-01,28,1993-01-01,32,300000,36,3,0,0,2684,"2025-08-04 12:07:26"
25159670371,2025-08-02,CUSTOMER,FULL,2003-02-01,22,NULL,-1,331000,42,4,0,0,3074,"2025-08-04 12:07:20"
8800487406,2025-07-30,CUSTOMER,FULL,2005-01-01,20,NULL,-1,750000,36,3,0,0,5850,"2025-08-04 12:07:02"
8800526528,2025-08-01,CUSTOMER,FULL,1995-08-17,29,NULL,-1,595000,84,7,0,0,10328,"2025-08-04 12:06:46"
25159685494,2025-08-04,CUSTOMER,FULL,1981-01-01,44,NULL,0,262000,36,3,0,0,5705,"2025-08-04 12:06:15"
8800411766,2025-07-08,CUSTOMER,FULL,1973-01-02,52,1983-05-25,42,235000,24,2,0,0,8688,"2025-08-04 12:06:14"
8800385585,2025-08-02,CUSTOMER,FULL,1987-01-01,38,1987-01-16,38,770000,72,6,0,0,17764,"2025-08-04 12:05:10"
25159175379,2025-07-28,CUSTOMER,FULL,1998-04-14,27,NULL,-1,570000,72,6,0,0,8334,"2025-08-04 12:05:02"
25159669770,2025-08-02,CUSTOMER,FULL,1994-01-16,31,1999-06-09,26,500000,48,4,0,0,5788,"2025-08-04 12:04:27"
8800286854,2025-08-04,CUSTOMER,FULL,2001-02-01,24,NULL,0,350000,36,3,0,0,3081,"2025-08-04 12:03:30"
25159685752,2025-08-04,CUSTOMER,FULL,1997-04-17,28,1989-12-20,35,323000,36,3,0,0,2817,"2025-08-04 12:02:54"
25158968339,2025-07-16,CUSTOMER,FULL,1986-07-02,39,1972-01-01,53,500000,36,3,0,0,6915,"2025-08-04 12:02:37"
8800234410,2025-08-04,CUSTOMER,FULL,2005-01-01,20,NULL,0,200000,35,3,0,0,1752,"2025-08-04 12:01:54"
8800233861,2025-07-12,CUSTOMER,FULL,1986-05-13,39,NULL,-1,200000,24,2,0,0,2287,"2025-08-04 12:01:37"
25159666853,2025-08-01,CUSTOMER,FULL,1998-03-26,27,1971-06-01,54,670000,60,5,0,0,8484,"2025-08-04 12:00:57"
8800334218,2025-07-29,CUSTOMER,FULL,1989-01-01,36,NULL,-1,795000,60,5,0,0,13031,"2025-08-04 12:00:57"
8800484591,2025-08-03,CUSTOMER,FULL,1995-12-25,29,1965-06-18,60,532000,72,6,0,0,8092,"2025-08-04 12:00:53"
25159388989,2025-07-30,CUSTOMER,FULL,1994-07-01,31,NULL,-1,800000,60,5,0,0,9799,"2025-08-04 12:00:36"
25159175068,2025-07-28,CUSTOMER,FULL,1988-03-25,37,NULL,-1,322600,60,5,0,0,5570,"2025-08-04 12:00:13"
25158866755,2025-07-11,CUSTOMER,FULL,1998-04-05,27,1969-01-01,56,700000,60,5,0,0,8863,"2025-08-04 12:00:09"
25159315217,2025-07-29,CUSTOMER,FULL,2000-07-26,25,1974-04-12,51,854000,60,5,0,0,9251,"2025-08-04 11:59:46"
25159673363,2025-08-02,CUSTOMER,FULL,1975-01-01,50,1988-01-01,37,1250000,60,5,0,0,69178,"2025-08-04 11:58:51"
25159501564,2025-07-31,CUSTOMER,FULL,1998-01-01,27,1997-01-01,28,625000,48,4,0,0,6284,"2025-08-04 11:58:50"
8800351195,2025-07-31,CUSTOMER,FULL,1980-11-24,44,NULL,-1,550000,18,2,0,0,9119,"2025-08-04 11:58:33"
8800498685,2025-08-02,CUSTOMER,FULL,1992-04-12,33,NULL,-1,300000,24,2,0,0,2369,"2025-08-04 11:58:07"
8800311445,2025-08-01,CUSTOMER,FULL,1995-08-10,29,1992-06-03,33,1250000,72,6,0,0,18615,"2025-08-04 11:57:09"
25159165704,2025-07-28,CUSTOMER,FULL,1990-04-01,35,1993-04-25,32,400000,48,4,0,0,5613,"2025-08-04 11:56:39"
25159668749,2025-08-02,CUSTOMER,FULL,1970-01-01,55,2005-06-13,20,550000,23,2,0,0,25785,"2025-08-04 11:55:37"
25157625042,2025-06-22,CUSTOMER,FULL,1997-08-23,27,1965-03-31,60,647000,59,5,0,0,8192,"2025-08-04 11:54:50"
25159684331,2025-08-04,CUSTOMER,FULL,1987-07-15,38,NULL,0,185000,24,2,0,0,1952,"2025-08-04 11:54:38"
25159680405,2025-08-03,CUSTOMER,FULL,1991-06-26,34,NULL,-1,320000,48,4,0,0,3724,"2025-08-04 11:54:37"
25159048678,2025-07-20,CUSTOMER,FULL,1998-01-09,27,1992-03-25,33,926000,72,6,0,0,13408,"2025-08-04 11:54:35"
25159671198,2025-08-02,CUSTOMER,FULL,1986-02-05,39,NULL,-1,400000,24,2,0,0,4508,"2025-08-04 11:54:20"
25159552178,2025-07-31,CUSTOMER,FULL,2000-08-20,24,1973-06-01,52,1090000,48,4,0,0,10277,"2025-08-04 11:54:14"
8800497527,2025-07-30,CUSTOMER,FULL,1994-04-06,31,NULL,-1,100000,11,1,0,0,432,"2025-08-04 11:53:18"
8800191917,2025-08-04,CUSTOMER,FULL,1983-03-13,42,NULL,0,200000,24,2,0,0,2491,"2025-08-04 11:53:14"
25158802412,2025-08-02,CO-APPLICANT,"PARTIAL FINANCE AMOUNT",1969-02-14,56,1977-01-01,48,250000,36,3,187500,0,6054,"2025-08-04 11:52:41"
25159662653,2025-08-01,CUSTOMER,FULL,1996-08-20,28,NULL,-1,1200000,84,7,0,0,19612,"2025-08-04 11:51:28"
8800472549,2025-08-02,CUSTOMER,FULL,2003-02-12,22,NULL,-1,295000,36,3,0,0,2361,"2025-08-04 11:51:23"
8800548209,2025-08-04,CUSTOMER,FULL,1982-01-01,43,NULL,0,485000,48,4,0,0,10594,"2025-08-04 11:51:20"
25159393635,2025-07-30,CUSTOMER,FULL,1988-10-10,36,NULL,-1,165000,29,3,0,0,1963,"2025-08-04 11:50:03"
25159662383,2025-08-01,CUSTOMER,FULL,1989-07-15,36,1987-09-21,37,280000,36,3,0,0,3331,"2025-08-04 11:49:34"
25159683570,2025-08-04,CUSTOMER,FULL,1989-10-05,35,2003-09-25,21,360000,36,3,0,0,3688,"2025-08-04 11:49:06"
8800162690,2025-08-01,CUSTOMER,FULL,1978-04-24,47,NULL,-1,430000,48,4,0,0,15420,"2025-08-04 11:49:01"
8800302889,2025-08-04,CO-APPLICANT,FULL,1967-03-10,58,1997-01-02,28,80000,18,2,0,0,563,"2025-08-04 11:47:22"
8800551804,2025-08-04,CUSTOMER,FULL,1999-08-22,25,2002-08-21,22,670000,60,5,0,0,8365,"2025-08-04 11:46:16"
25159684167,2025-08-04,CUSTOMER,FULL,1980-02-01,45,NULL,0,425000,60,5,0,0,14960,"2025-08-04 11:45:34"
25159670426,2025-08-02,CUSTOMER,FULL,1986-05-16,39,NULL,-1,699000,58,5,0,0,15152,"2025-08-04 11:45:27"
25159301156,2025-07-29,CUSTOMER,FULL,1968-04-03,57,NULL,-1,1300000,36,3,0,0,88313,"2025-08-04 11:45:21"
8800268093,2025-08-04,CUSTOMER,FULL,1997-05-05,28,NULL,0,500000,42,4,0,0,5399,"2025-08-04 11:45:13"
8800462812,2025-08-04,CUSTOMER,"PARTIAL TENURE",1979-06-09,46,NULL,0,320000,48,4,0,2,6412,"2025-08-04 11:45:09"
8800503532,2025-08-04,CUSTOMER,FULL,1981-03-12,44,NULL,0,75000,30,3,0,0,1619,"2025-08-04 11:42:18"
25159183867,2025-07-28,CUSTOMER,FULL,1991-01-01,34,NULL,-1,621000,48,4,0,0,8266,"2025-08-04 11:42:11"
8800550830,2025-08-04,CUSTOMER,FULL,1993-08-25,31,NULL,0,700000,48,4,0,0,8104,"2025-08-04 11:41:03"
25159301395,2025-07-29,CUSTOMER,FULL,1999-03-21,26,NULL,-1,275000,36,3,0,0,2363,"2025-08-04 11:40:35"
25157677005,2025-06-26,CUSTOMER,FULL,2004-04-06,21,1969-01-01,56,470000,48,4,0,0,5003,"2025-08-04 11:40:06"
25159685107,2025-08-04,CUSTOMER,FULL,1989-01-01,36,NULL,0,150000,18,2,0,0,1402,"2025-08-04 11:39:51"
25159684819,2025-08-04,CUSTOMER,FULL,1994-08-06,30,NULL,0,800000,60,5,0,0,9601,"2025-08-04 11:39:35"
25159685377,2025-08-04,CUSTOMER,FULL,1991-02-05,34,NULL,0,700000,36,3,0,0,6939,"2025-08-04 11:39:02"
25159673447,2025-08-02,CUSTOMER,FULL,1981-06-16,44,NULL,-1,150000,17,2,0,0,2487,"2025-08-04 11:38:41"
25158920588,2025-07-12,CUSTOMER,FULL,1984-01-01,41,NULL,-1,220000,24,2,0,0,2859,"2025-08-04 11:38:19"
8800239873,2025-07-17,CUSTOMER,FULL,1990-01-20,35,NULL,-1,250000,24,2,0,0,2130,"2025-08-04 11:38:12"
25159673594,2025-08-02,CUSTOMER,FULL,1999-05-28,26,1984-01-01,41,805900,60,5,0,0,9158,"2025-08-04 11:38:04"
25159683643,2025-08-04,CUSTOMER,FULL,1970-01-01,55,NULL,0,325000,36,3,0,0,18443,"2025-08-04 11:37:12"
25159537911,2025-07-31,CUSTOMER,FULL,1999-09-10,25,NULL,-1,348000,48,4,0,0,3306,"2025-08-04 11:36:31"
25159679057,2025-08-02,CUSTOMER,FULL,1992-12-26,32,1994-06-10,31,314000,42,4,0,0,3432,"2025-08-04 11:36:14"
8800197100,2025-08-02,CUSTOMER,FULL,1994-03-05,31,NULL,-1,450000,48,4,0,0,5210,"2025-08-04 11:36:12"
8800406922,2025-08-02,CUSTOMER,FULL,1983-01-01,42,NULL,-1,550000,48,4,0,0,12195,"2025-08-04 11:36:09"
25159168826,2025-08-01,CO-APPLICANT,FULL,2000-01-01,25,2001-06-06,24,699000,48,4,0,0,7440,"2025-08-04 11:36:06"
25159406577,2025-07-30,CUSTOMER,FULL,1999-10-30,25,NULL,-1,304000,54,5,0,0,3294,"2025-08-04 11:35:07"
8800476442,2025-08-04,CUSTOMER,FULL,1990-01-01,35,1985-01-01,40,299000,36,3,0,0,3063,"2025-08-04 11:35:02"
25159320754,2025-07-29,CUSTOMER,FULL,2003-03-20,22,1981-10-26,43,595000,60,5,0,0,7429,"2025-08-04 11:33:02"
25159683889,2025-08-04,CUSTOMER,FULL,1968-12-03,56,NULL,0,320000,33,3,0,0,21203,"2025-08-04 11:32:51"
25158778857,2025-07-08,CUSTOMER,FULL,1992-01-01,33,1973-01-01,52,350000,36,3,0,0,3618,"2025-08-04 11:32:35"
8800494337,2025-08-04,CUSTOMER,FULL,1984-11-27,40,NULL,0,300000,35,3,0,0,4652,"2025-08-04 11:32:15"
25159534705,2025-07-31,CUSTOMER,FULL,1989-01-01,36,1988-06-12,37,979000,60,5,0,0,16047,"2025-08-04 11:31:53"
25159684879,2025-08-04,CUSTOMER,FULL,1985-07-03,40,1999-01-01,26,3128000,48,4,0,0,58873,"2025-08-04 11:31:37"
25159418904,2025-07-30,CUSTOMER,FULL,1993-01-15,32,1965-11-26,59,2000000,60,5,0,0,25205,"2025-08-04 11:31:02"
25159677799,2025-08-02,CUSTOMER,FULL,1990-01-01,35,NULL,-1,450000,36,3,0,0,5125,"2025-08-04 11:29:50"
25159685137,2025-08-04,CUSTOMER,FULL,1980-01-01,45,NULL,0,740000,60,5,0,0,22887,"2025-08-04 11:29:34"
25159662629,2025-08-01,CUSTOMER,FULL,1995-05-02,30,NULL,-1,695000,60,5,0,0,8341,"2025-08-04 11:29:16"
8800494907,2025-07-29,CUSTOMER,FULL,1999-01-01,26,NULL,-1,155000,24,2,0,0,1102,"2025-08-04 11:29:16"
8800407647,2025-07-29,CUSTOMER,FULL,1975-10-10,49,1987-10-12,37,245000,36,3,0,0,8436,"2025-08-04 11:29:08"
25158940477,2025-07-14,CUSTOMER,FULL,2001-06-14,24,NULL,-1,625000,60,5,0,0,6726,"2025-08-04 11:27:48"
25159683522,2025-08-04,CUSTOMER,FULL,1998-01-01,27,NULL,0,287000,36,3,0,0,2490,"2025-08-04 11:27:46"
25159065018,2025-07-21,CUSTOMER,FULL,1981-01-01,44,1975-01-01,50,292000,42,4,0,0,6933,"2025-08-04 11:27:01"
25159526569,2025-07-31,CUSTOMER,FULL,1988-07-01,37,2005-03-23,20,324000,48,4,0,0,4791,"2025-08-04 11:26:57"
25159675785,2025-08-02,CUSTOMER,FULL,1996-09-25,28,NULL,-1,380000,36,3,0,0,3399,"2025-08-04 11:26:44"
8800510682,2025-08-04,CUSTOMER,FULL,2000-07-01,25,NULL,0,350000,38,4,0,0,3656,"2025-08-04 11:25:41"
8800397070,2025-08-04,CUSTOMER,FULL,1990-05-30,35,NULL,0,300000,36,3,0,0,3073,"2025-08-04 11:25:30"
25159662639,2025-08-01,CUSTOMER,FULL,1995-01-01,30,NULL,-1,800000,30,3,0,0,7571,"2025-08-04 11:25:18"
8800472851,2025-08-04,CUSTOMER,FULL,1985-01-01,40,1980-01-19,45,600000,60,5,0,0,13998,"2025-08-04 11:25:17"
25159682309,2025-08-03,CUSTOMER,FULL,1989-03-12,36,1994-04-16,31,284000,36,3,0,0,3395,"2025-08-04 11:25:08"
25159685267,2025-08-04,CUSTOMER,FULL,1992-09-19,32,NULL,0,472000,48,4,0,0,5743,"2025-08-04 11:24:56"
8800268434,2025-08-04,CUSTOMER,FULL,1971-01-01,54,NULL,0,235000,24,2,0,0,8028,"2025-08-04 11:24:10"
8800404123,2025-07-31,CUSTOMER,FULL,1991-12-08,33,NULL,-1,310000,36,3,0,0,2971,"2025-08-04 11:23:54"
25159135914,2025-07-26,CUSTOMER,FULL,1997-04-10,28,NULL,-1,606000,48,4,0,0,6594,"2025-08-04 11:23:53"
25159683524,2025-08-04,CUSTOMER,FULL,1994-05-15,31,NULL,0,720000,48,4,0,0,8335,"2025-08-04 11:23:43"
25159684965,2025-08-04,CUSTOMER,FULL,1989-07-10,36,NULL,0,800000,40,4,0,0,11508,"2025-08-04 11:23:34"
8800360772,2025-08-04,CUSTOMER,"PARTIAL FINANCE AMOUNT",1980-07-21,45,NULL,0,1220000,30,3,915000,0,21929,"2025-08-04 11:22:54"
25158982602,2025-07-17,CUSTOMER,FULL,2000-06-15,25,1977-06-01,48,200000,24,2,0,0,1393,"2025-08-04 11:22:34"
25159685112,2025-08-04,CUSTOMER,FULL,1989-01-01,36,NULL,0,350000,48,4,0,0,5200,"2025-08-04 11:22:18"
25159669892,2025-08-02,CUSTOMER,FULL,1980-01-01,45,NULL,-1,580000,36,3,0,0,12327,"2025-08-04 11:21:50"
25159684837,2025-08-04,CUSTOMER,FULL,1996-09-30,28,1990-08-10,34,1035000,60,5,0,0,12018,"2025-08-04 11:21:43"
8800524187,2025-07-31,CUSTOMER,FULL,1978-01-15,47,1988-01-01,37,740000,60,5,0,0,31968,"2025-08-04 11:21:09"
25159152192,2025-07-26,CUSTOMER,FULL,1994-05-18,31,NULL,-1,300000,59,5,0,0,3675,"2025-08-04 11:21:02"
25159169345,2025-07-28,CUSTOMER,FULL,1987-04-02,38,1991-01-01,34,1000000,60,5,0,0,18255,"2025-08-04 11:20:23"
25159684699,2025-08-04,CUSTOMER,FULL,1994-01-01,31,NULL,0,400000,36,3,0,0,3890,"2025-08-04 11:20:12"
25159545400,2025-07-31,CUSTOMER,FULL,1983-11-15,41,NULL,-1,800000,48,4,0,0,16294,"2025-08-04 11:19:56"
25159554264,2025-07-31,CUSTOMER,FULL,1995-04-04,30,NULL,-1,304000,54,5,0,0,3649,"2025-08-04 11:19:40"
8800427865,2025-08-04,CUSTOMER,FULL,1999-08-22,25,NULL,0,300000,24,2,0,0,2184,"2025-08-04 11:19:37"
25159684931,2025-08-04,CUSTOMER,FULL,1990-01-01,35,NULL,0,1400000,84,7,0,0,28481,"2025-08-04 11:19:35"
8800417563,2025-08-04,CUSTOMER,FULL,1991-04-26,34,NULL,0,140000,30,3,0,0,1515,"2025-08-04 11:19:14"
25159684201,2025-08-04,CUSTOMER,FULL,1988-07-25,37,NULL,0,400000,30,3,0,0,5112,"2025-08-04 11:17:52"
8800565351,2025-08-04,CUSTOMER,FULL,1993-01-01,32,1993-01-01,32,180000,24,2,0,0,1396,"2025-08-04 11:15:54"
8800382674,2025-08-03,CUSTOMER,FULL,1985-01-01,40,1991-06-01,34,710000,60,5,0,0,14670,"2025-08-04 11:15:51"
8800128821,2025-08-02,CUSTOMER,FULL,1990-07-04,35,NULL,-1,400000,30,3,0,0,4541,"2025-08-04 11:15:43"
25159127028,2025-07-26,CUSTOMER,FULL,2000-02-08,25,1982-01-01,43,590000,60,5,0,0,7366,"2025-08-04 11:14:59"
25157462559,2025-08-02,CUSTOMER,FULL,1990-01-01,35,NULL,-1,250000,20,2,0,0,2137,"2025-08-04 11:14:17"
25159683786,2025-08-04,CUSTOMER,FULL,2004-08-09,20,NULL,0,300000,12,1,0,0,1208,"2025-08-04 11:14:14"
25159652701,2025-08-01,CUSTOMER,FULL,1965-01-13,60,NULL,-1,270000,48,4,0,0,27929,"2025-08-04 11:13:13"
25159684440,2025-08-04,CUSTOMER,FULL,2006-03-15,19,NULL,0,100000,24,2,0,0,681,"2025-08-04 11:12:30"
8800312873,2025-08-04,CUSTOMER,FULL,1992-01-01,33,1958-01-01,67,320000,24,2,0,0,2580,"2025-08-04 11:12:08"
25159415599,2025-07-30,CUSTOMER,FULL,2002-10-12,22,1976-01-01,49,770000,36,3,0,0,6161,"2025-08-04 11:12:01"
25159677407,2025-08-02,CUSTOMER,FULL,1983-03-14,42,NULL,-1,400000,36,3,0,0,7279,"2025-08-04 11:10:37"
8800485912,2025-07-31,CUSTOMER,FULL,1975-01-01,50,2002-02-24,23,181000,24,2,0,0,5611,"2025-08-04 11:10:24"
8800496904,2025-08-01,CUSTOMER,FULL,1986-07-03,39,1987-01-01,38,800000,36,3,0,0,11064,"2025-08-04 11:10:09"
25159684472,2025-08-04,CUSTOMER,FULL,1982-04-10,43,1987-05-12,38,350000,36,3,0,0,6918,"2025-08-04 11:09:53"
25159681024,2025-08-03,CUSTOMER,FULL,1990-02-13,35,NULL,-1,162000,36,3,0,0,1660,"2025-08-04 11:08:50"
8800504491,2025-08-02,CUSTOMER,FULL,1992-01-01,33,NULL,-1,835000,60,5,0,0,10878,"2025-08-04 11:08:38"
25159665868,2025-08-01,CUSTOMER,FULL,1989-01-01,36,NULL,-1,455000,36,3,0,0,5412,"2025-08-04 11:08:31"
25159671985,2025-08-02,CUSTOMER,FULL,1973-01-01,52,NULL,-1,165000,24,2,0,0,6100,"2025-08-04 11:07:57"
25159682682,2025-08-03,CUSTOMER,FULL,2004-01-01,21,2002-07-12,23,145000,24,2,0,0,955,"2025-08-04 11:07:43"
25159648654,2025-08-01,CUSTOMER,FULL,1987-10-10,37,NULL,-1,580000,36,3,0,0,7337,"2025-08-04 11:07:26"
25159682363,2025-08-03,CUSTOMER,FULL,1999-11-24,25,NULL,-1,271000,48,4,0,0,2575,"2025-08-04 11:07:19"
25159422863,2025-07-30,CUSTOMER,FULL,1985-01-01,40,NULL,-1,160000,18,2,0,0,1803,"2025-08-04 11:06:59"
25159530483,2025-07-31,CUSTOMER,FULL,1987-12-28,37,NULL,-1,800000,72,6,0,0,17436,"2025-08-04 11:06:00"
25159183713,2025-07-28,CUSTOMER,FULL,1987-07-12,38,NULL,-1,803000,72,6,0,0,18525,"2025-08-04 11:05:49"
25159516078,2025-07-31,CUSTOMER,FULL,2002-01-01,23,2004-01-01,21,316000,36,3,0,0,2555,"2025-08-04 11:05:46"
25159674711,2025-08-02,CUSTOMER,FULL,1999-10-15,25,1981-03-14,44,510000,60,5,0,0,5525,"2025-08-04 11:05:35"
25159684128,2025-08-04,CUSTOMER,FULL,1999-01-01,26,NULL,0,450000,36,3,0,0,3962,"2025-08-04 11:03:58"
25159684394,2025-08-04,CUSTOMER,FULL,1989-01-01,36,NULL,0,320000,36,3,0,0,3807,"2025-08-04 11:03:05"
25159018917,2025-07-18,CUSTOMER,FULL,1967-01-01,58,1990-01-01,35,240000,36,3,0,0,18275,"2025-08-04 11:00:59"
25159658245,2025-08-01,CUSTOMER,FULL,2000-10-19,24,NULL,-1,750000,84,7,0,0,12134,"2025-08-04 11:00:50"
8800461846,2025-07-29,CUSTOMER,FULL,1978-06-10,47,NULL,-1,1150000,72,6,0,0,57972,"2025-08-04 11:00:25"
8800374488,2025-08-03,CUSTOMER,FULL,1990-10-17,34,1992-01-01,33,400000,48,4,0,0,5197,"2025-08-04 11:00:09"
25159684328,2025-08-04,CUSTOMER,FULL,1979-07-01,46,NULL,0,200000,23,2,0,0,3316,"2025-08-04 10:59:58"
25159044689,2025-07-19,CUSTOMER,"PARTIAL TENURE",1980-03-02,45,NULL,-1,980000,84,7,0,3,20827,"2025-08-04 10:58:17"
8800540884,2025-08-04,CUSTOMER,FULL,1997-01-01,28,NULL,0,330000,48,4,0,0,3345,"2025-08-04 10:57:59"
8800521805,2025-08-01,CUSTOMER,FULL,1993-08-25,31,NULL,-1,313000,35,3,0,0,2859,"2025-08-04 10:57:47"
8800512408,2025-07-31,CUSTOMER,FULL,1989-12-01,35,1984-06-06,41,265000,36,3,0,0,2715,"2025-08-04 10:57:14"
25159102274,2025-07-24,CUSTOMER,FULL,2001-05-04,24,1982-01-01,43,1025000,60,5,0,0,11031,"2025-08-04 10:57:07"
25159394942,2025-07-30,CUSTOMER,FULL,1991-01-01,34,NULL,-1,380000,24,2,0,0,3112,"2025-08-04 10:55:58"
8800387309,2025-07-05,CUSTOMER,FULL,1985-07-08,39,1975-12-12,49,1800000,72,6,0,0,44222,"2025-08-04 10:53:55"
25159669649,2025-08-02,CUSTOMER,FULL,2002-01-01,23,1969-01-01,56,320000,48,4,0,0,2995,"2025-08-04 10:52:51"
8800514227,2025-08-04,CUSTOMER,FULL,1988-01-01,37,1979-01-01,46,350000,36,3,0,0,4428,"2025-08-04 10:51:53"
8800415917,2025-08-02,CUSTOMER,FULL,1999-04-10,26,NULL,-1,266000,36,3,0,0,2286,"2025-08-04 10:51:40"
25159667825,2025-08-01,CUSTOMER,FULL,1995-12-27,29,NULL,-1,650000,48,4,0,0,7157,"2025-08-04 10:51:36"
8800046908,2025-07-11,CUSTOMER,FULL,2003-09-02,21,1998-01-01,27,318000,48,4,0,0,2916,"2025-08-04 10:51:26"
25159505230,2025-07-31,CUSTOMER,FULL,2002-01-12,23,NULL,-1,301000,48,4,0,0,2817,"2025-08-04 10:50:53"
25158268440,2025-08-01,CO-APPLICANT,FULL,1976-04-10,49,1996-07-21,29,400000,36,3,0,0,3640,"2025-08-04 10:50:17"
25158759356,2025-07-07,CUSTOMER,FULL,2000-02-01,25,NULL,-1,420000,48,4,0,0,4471,"2025-08-04 10:49:56"
25159397855,2025-07-30,CUSTOMER,FULL,1983-01-01,42,NULL,-1,680000,48,4,0,0,15383,"2025-08-04 10:48:57"
25159683705,2025-08-04,CUSTOMER,FULL,2004-09-24,20,1973-01-01,52,930000,60,5,0,0,9570,"2025-08-04 10:48:48"
25159676777,2025-08-02,CUSTOMER,FULL,1980-01-01,45,NULL,-1,290000,35,3,0,0,6164,"2025-08-04 10:47:31"
8800327040,2025-08-04,CUSTOMER,FULL,1989-05-07,36,NULL,0,350000,36,3,0,0,4213,"2025-08-04 10:47:17"
25158751818,2025-07-05,CUSTOMER,"PARTIAL FINANCE AMOUNT",1976-01-01,49,NULL,-1,450000,48,4,225000,0,9885,"2025-08-04 10:46:40"
25159288769,2025-07-29,CUSTOMER,FULL,1989-01-01,36,NULL,-1,125000,24,2,0,0,1121,"2025-08-04 10:46:40"
8800326113,2025-07-09,CUSTOMER,FULL,1971-01-01,54,NULL,-1,490000,48,4,0,0,33871,"2025-08-04 10:46:38"
8800469939,2025-08-02,CUSTOMER,FULL,1987-07-05,38,NULL,-1,350000,60,5,0,0,7079,"2025-08-04 10:46:21"
25159669753,2025-08-02,CUSTOMER,FULL,1999-08-08,25,1998-08-06,26,390000,42,4,0,0,3705,"2025-08-04 10:45:27"
8800481614,2025-07-28,CUSTOMER,FULL,2000-01-01,25,1984-07-01,41,331000,47,4,0,0,3145,"2025-08-04 10:44:20"
8800144296,2025-07-26,CUSTOMER,FULL,1992-01-01,33,NULL,-1,436000,48,4,0,0,5536,"2025-08-04 10:43:46"
8800533355,2025-07-31,CUSTOMER,FULL,1988-10-01,36,NULL,-1,334000,48,4,0,0,4702,"2025-08-04 10:43:09"
8800224615,2025-07-29,CUSTOMER,FULL,1991-03-24,34,NULL,-1,656000,84,7,0,0,14050,"2025-08-04 10:42:56"
25158986403,2025-07-17,CUSTOMER,FULL,1992-05-10,33,1981-01-01,44,948000,48,4,0,0,12037,"2025-08-04 10:42:38"
25159118813,2025-07-24,CUSTOMER,FULL,2002-02-18,23,1975-01-01,50,750000,60,5,0,0,9364,"2025-08-04 10:42:32"
25159435721,2025-07-30,CUSTOMER,FULL,1993-08-11,31,NULL,-1,300000,36,3,0,0,2875,"2025-08-04 10:40:55"
8800429113,2025-08-04,CUSTOMER,FULL,1984-04-05,41,NULL,0,398000,60,5,0,0,9661,"2025-08-04 10:40:26"
8800486475,2025-08-04,CUSTOMER,FULL,1987-02-03,38,NULL,0,350000,48,4,0,0,5708,"2025-08-04 10:38:39"
25159518449,2025-07-31,CUSTOMER,FULL,1984-01-26,41,NULL,-1,333000,60,5,0,0,7396,"2025-08-04 10:38:33"
8800458772,2025-08-04,CUSTOMER,FULL,2000-01-15,25,NULL,0,321000,60,5,0,0,3478,"2025-08-04 10:38:10"
8800370762,2025-06-30,CUSTOMER,FULL,1999-02-25,26,NULL,-1,190000,36,3,0,0,1633,"2025-08-04 10:38:09"
25159684045,2025-08-04,CUSTOMER,FULL,1993-03-04,32,NULL,0,690000,48,4,0,0,7540,"2025-08-04 10:38:05"
8800506983,2025-08-04,CUSTOMER,FULL,1974-06-01,51,NULL,0,300000,60,5,0,0,18755,"2025-08-04 10:36:31"
25159684245,2025-08-04,CUSTOMER,FULL,1992-08-26,32,1994-04-25,31,180000,24,2,0,0,1396,"2025-08-04 10:36:14"
25159311461,2025-07-29,CUSTOMER,FULL,1990-11-20,34,NULL,-1,512000,60,5,0,0,8145,"2025-08-04 10:35:02"
8800192546,2025-08-02,CUSTOMER,FULL,1977-01-01,48,NULL,-1,710000,33,3,0,0,22948,"2025-08-04 10:34:44"
25159104162,2025-07-24,CUSTOMER,FULL,1982-01-01,43,NULL,-1,350000,36,3,0,0,6307,"2025-08-04 10:34:34"
25159683873,2025-08-04,CUSTOMER,FULL,1978-02-10,47,NULL,0,75000,23,2,0,0,1356,"2025-08-04 10:34:31"
8800248454,2025-08-04,CUSTOMER,FULL,1984-09-24,40,NULL,0,450000,48,4,0,0,8470,"2025-08-04 10:31:21"
25159681174,2025-08-03,CUSTOMER,FULL,1995-01-05,30,1991-03-02,34,945000,72,6,0,0,14363,"2025-08-04 10:29:46"
8800525501,2025-08-04,CUSTOMER,FULL,1993-08-15,31,1966-06-01,59,800000,60,5,0,0,10809,"2025-08-04 10:29:43"
25159657970,2025-08-01,CUSTOMER,FULL,1993-01-01,32,1994-02-07,31,150000,24,2,0,0,1150,"2025-08-04 10:29:15"
25159060524,2025-08-04,CUSTOMER,FULL,1970-07-12,55,NULL,0,450000,36,3,0,0,27655,"2025-08-04 10:27:31"
25159669485,2025-08-02,CUSTOMER,FULL,1980-12-10,44,2007-03-08,18,210000,24,2,0,0,2972,"2025-08-04 10:26:44"
25159150869,2025-07-26,CUSTOMER,FULL,1996-01-01,29,NULL,-1,900000,60,5,0,0,10610,"2025-08-04 10:25:49"
8800343893,2025-07-28,CUSTOMER,FULL,1980-05-15,45,NULL,-1,696000,60,5,0,0,25041,"2025-08-04 10:24:04"
25159684332,2025-08-04,CUSTOMER,"PARTIAL TENURE",1978-01-01,47,NULL,0,700000,60,5,0,2,15538,"2025-08-04 10:23:25"
25159519703,2025-07-31,CUSTOMER,FULL,1983-06-17,42,1985-01-01,40,400000,36,3,0,0,7279,"2025-08-04 10:23:14"
25159684220,2025-08-04,CUSTOMER,FULL,1982-02-03,43,NULL,0,450000,60,5,0,0,13052,"2025-08-04 10:21:40"
8800427085,2025-07-31,CUSTOMER,FULL,1990-11-26,34,NULL,-1,600000,48,4,0,0,7987,"2025-08-04 10:19:38"
25159683977,2025-08-04,CUSTOMER,FULL,1981-03-15,44,NULL,0,180000,30,3,0,0,3919,"2025-08-04 10:18:43"
8800181188,2025-08-03,CUSTOMER,FULL,1997-01-01,28,NULL,-1,670000,60,5,0,0,8610,"2025-08-04 10:17:56"
25159390065,2025-07-30,CUSTOMER,FULL,1993-05-05,32,NULL,-1,750000,36,3,0,0,7001,"2025-08-04 10:17:25"
8800443116,2025-07-30,CUSTOMER,FULL,1993-07-11,32,1974-01-01,51,365000,54,5,0,0,5109,"2025-08-04 10:16:36"
25159542899,2025-08-02,CUSTOMER,FULL,1987-01-01,38,NULL,-1,630000,48,4,0,0,10609,"2025-08-04 10:11:53"
8800059012,2025-08-02,CUSTOMER,FULL,1990-09-05,34,NULL,-1,300000,36,3,0,0,3250,"2025-08-04 10:10:52"
25159531882,2025-07-31,CUSTOMER,FULL,1982-02-25,43,NULL,-1,100000,18,2,0,0,1322,"2025-08-04 10:10:07"
8800402499,2025-08-03,CUSTOMER,FULL,1988-08-25,36,NULL,-1,300000,24,2,0,0,2689,"2025-08-04 10:08:24"
8800421517,2025-08-01,CUSTOMER,FULL,1991-06-14,34,NULL,-1,250000,36,3,0,0,2706,"2025-08-04 10:07:37"
25159063658,2025-07-21,CUSTOMER,FULL,1997-03-10,28,1962-01-01,63,800000,60,5,0,0,9289,"2025-08-04 09:57:10"
8800178715,2025-08-02,CUSTOMER,FULL,1988-01-01,37,NULL,-1,680000,60,5,0,0,12879,"2025-08-04 09:43:49"
25159672666,2025-08-02,CUSTOMER,FULL,1990-07-15,35,NULL,-1,220000,24,2,0,0,1881,"2025-08-04 09:43:22"
8800439680,2025-07-23,CUSTOMER,FULL,1996-03-03,29,NULL,-1,310000,60,5,0,0,3655,"2025-08-04 09:41:31"
25159681713,2025-08-03,CUSTOMER,FULL,2004-01-01,21,1971-04-08,54,495000,24,2,0,0,3260,"2025-08-04 09:37:36"
25159127847,2025-07-25,CUSTOMER,FULL,2000-09-15,24,1976-01-01,49,319000,36,3,0,0,2605,"2025-08-04 09:34:17"
25159682559,2025-08-03,CUSTOMER,FULL,2000-03-17,25,1965-07-13,60,755000,60,5,0,0,8179,"2025-08-04 09:34:10"
25159084016,2025-08-04,CUSTOMER,FULL,1999-07-24,26,1973-08-20,51,500000,60,5,0,0,6272,"2025-08-04 09:30:51"
25159683803,2025-08-04,CUSTOMER,FULL,2000-02-04,25,1974-01-01,51,370000,36,3,0,0,3266,"2025-08-04 09:29:54"
8800420757,2025-08-03,CUSTOMER,FULL,1976-06-25,49,1978-09-03,46,330000,48,4,0,0,14401,"2025-08-04 09:26:54"
25159652083,2025-08-01,CUSTOMER,FULL,1996-06-14,29,NULL,-1,80000,24,2,0,0,572,"2025-08-04 09:21:42"
25159335317,2025-07-29,CUSTOMER,FULL,1990-03-05,35,NULL,-1,420000,48,4,0,0,5893,"2025-08-04 09:14:46"
8800415922,2025-08-03,CUSTOMER,FULL,2003-01-10,22,NULL,-1,294000,36,3,0,0,2353,"2025-08-04 09:14:41"
8800535064,2025-08-01,CUSTOMER,FULL,1972-06-05,53,NULL,-1,610000,60,5,0,0,44938,"2025-08-04 09:13:22"
8800382285,2025-08-04,CUSTOMER,FULL,1994-05-12,31,NULL,0,400000,24,2,0,0,2998,"2025-08-04 09:12:30"
25159162796,2025-08-02,CUSTOMER,FULL,2000-06-24,25,1966-02-15,59,600000,60,5,0,0,7491,"2025-08-04 09:09:58"
25159683503,2025-08-04,CUSTOMER,FULL,2000-01-05,25,NULL,0,327000,54,5,0,0,3543,"2025-08-04 09:05:34"
25159683704,2025-08-04,CUSTOMER,FULL,1972-01-01,53,NULL,0,250000,24,2,0,0,7821,"2025-08-04 09:01:21"
25159683613,2025-08-04,CUSTOMER,FULL,1983-01-30,42,NULL,0,315000,48,4,0,0,6368,"2025-08-04 08:58:17"
8800304929,2025-08-02,CUSTOMER,FULL,1963-08-01,62,NULL,-1,594000,48,4,0,0,71305,"2025-08-04 08:54:18"
25159542245,2025-07-31,CUSTOMER,FULL,1993-03-01,32,1996-08-18,28,343000,48,4,0,0,3748,"2025-08-04 08:52:29"
25159164074,2025-07-27,CUSTOMER,FULL,1998-11-17,26,NULL,-1,145000,36,3,0,0,1292,"2025-08-04 08:48:37"
25159664003,2025-08-01,CUSTOMER,FULL,2002-04-09,23,NULL,-1,320000,36,3,0,0,2587,"2025-08-04 08:47:53"
25158804175,2025-07-09,CUSTOMER,FULL,1987-01-01,38,1990-04-01,35,548673,60,5,0,0,11098,"2025-08-04 08:43:49"
25159641990,2025-08-01,CUSTOMER,FULL,1997-07-15,28,NULL,-1,1016500,84,7,0,0,16613,"2025-08-04 08:39:56"
25159120861,2025-07-24,CUSTOMER,FULL,1989-03-15,36,NULL,-1,1103000,60,5,0,0,18079,"2025-08-04 08:37:51"
25159683562,2025-08-04,CUSTOMER,FULL,1970-01-01,55,NULL,0,400000,24,2,0,0,14885,"2025-08-04 08:36:25"
25159072684,2025-07-22,CUSTOMER,FULL,1973-01-01,52,1968-05-19,57,330000,42,4,0,0,18178,"2025-08-04 08:35:25"
8800204587,2025-08-04,CUSTOMER,FULL,1993-04-10,32,NULL,0,350000,30,3,0,0,3511,"2025-08-04 08:32:56"
8800549224,2025-08-03,CUSTOMER,FULL,1989-06-02,36,1990-06-02,35,748000,60,5,0,0,12260,"2025-08-04 08:31:48"
25159683620,2025-08-04,CUSTOMER,FULL,1991-07-28,34,NULL,0,800000,34,3,0,0,8666,"2025-08-04 08:27:15"
25159682577,2025-08-03,CO-APPLICANT,FULL,1973-01-01,52,1999-03-10,26,590000,36,3,0,0,5194,"2025-08-04 08:13:15"
8800262790,2025-08-04,CUSTOMER,FULL,1996-01-15,29,NULL,0,280000,36,3,0,0,2548,"2025-08-04 08:11:25"
25159671511,2025-08-02,CUSTOMER,FULL,1965-05-01,60,NULL,-1,150000,24,2,0,0,10281,"2025-08-04 08:09:35"
8800445559,2025-07-29,CUSTOMER,FULL,1975-10-14,49,1982-01-01,43,610000,84,7,0,0,43001,"2025-08-04 08:03:38"
25159682396,2025-08-03,CUSTOMER,FULL,1995-08-10,29,1985-08-20,39,1175000,60,5,0,0,15030,"2025-08-04 08:01:55"
8800498580,2025-08-04,CUSTOMER,FULL,1972-02-04,53,NULL,0,450000,36,3,0,0,22855,"2025-08-04 08:01:18"
25158946702,2025-07-15,CUSTOMER,FULL,1998-05-18,27,1978-01-01,47,950000,48,4,0,0,9551,"2025-08-04 07:59:17"
25159683582,2025-08-04,CUSTOMER,FULL,1988-01-01,37,NULL,0,300000,36,3,0,0,3795,"2025-08-04 07:50:22"
25159518752,2025-07-31,CUSTOMER,FULL,2005-01-01,20,1975-01-01,50,159000,24,2,0,0,1031,"2025-08-04 07:47:07"
25159675400,2025-08-02,CUSTOMER,FULL,2000-07-17,25,1968-01-01,57,250000,24,2,0,0,1741,"2025-08-04 07:46:17"
25159683558,2025-08-04,CUSTOMER,FULL,1997-09-10,27,NULL,0,390000,24,2,0,0,2867,"2025-08-04 07:36:40"
25159536760,2025-07-31,CUSTOMER,FULL,1996-11-10,28,NULL,-1,790000,60,5,0,0,9173,"2025-08-04 07:35:04"
8800182012,2025-08-02,CUSTOMER,FULL,2000-12-09,24,NULL,-1,560000,48,4,0,0,5789,"2025-08-04 07:25:11"
8800505538,2025-07-30,CUSTOMER,FULL,2002-08-15,22,NULL,-1,276000,36,3,0,0,2209,"2025-08-04 07:20:12"
25159683534,2025-08-04,CUSTOMER,FULL,1981-01-01,44,NULL,0,470000,60,5,0,0,14997,"2025-08-04 07:14:41"
25159634376,2025-08-01,CUSTOMER,FULL,1991-04-05,34,NULL,-1,999900,59,5,0,0,13498,"2025-08-04 07:08:24"
25159668252,2025-08-01,CUSTOMER,FULL,2002-07-10,23,1983-01-03,42,220000,36,3,0,0,1779,"2025-08-04 06:59:24"
25158303968,2025-07-03,CUSTOMER,FULL,1990-06-20,35,NULL,-1,1200000,60,5,0,0,16879,"2025-08-04 06:54:04"
25159305546,2025-07-29,CUSTOMER,FULL,1998-10-20,26,1972-11-26,52,750000,48,4,0,0,7488,"2025-08-04 06:51:36"
8800486411,2025-08-04,CUSTOMER,FULL,1992-03-04,33,NULL,0,500000,48,4,0,0,6219,"2025-08-04 06:50:11"
25159677776,2025-08-02,CUSTOMER,FULL,1999-05-06,26,1965-01-01,60,330000,48,4,0,0,3295,"2025-08-04 06:06:10"
25159660182,2025-08-01,CUSTOMER,FULL,1994-12-15,30,1995-07-26,30,750000,60,5,0,0,9001,"2025-08-04 00:16:23"
8800327844,2025-08-03,CUSTOMER,FULL,1971-05-30,54,NULL,-1,140000,18,2,0,0,6295,"2025-08-04 00:10:23"
25159683230,2025-08-03,CUSTOMER,FULL,1991-02-14,34,NULL,-1,325000,36,3,0,0,3222,"2025-08-04 00:04:55"
8800425390,2025-07-31,CUSTOMER,FULL,1997-10-30,27,NULL,-1,275000,36,3,0,0,2386,"2025-08-04 00:03:34"
25159581622,2025-07-31,CUSTOMER,FULL,1984-03-11,41,NULL,-1,280000,48,4,0,0,5703,"2025-08-04 00:01:19"
25159673970,2025-08-02,CUSTOMER,FULL,1978-08-11,46,NULL,-1,200000,24,2,0,0,3316,"2025-08-03 23:57:06"
25159524752,2025-07-31,CUSTOMER,FULL,1989-06-01,36,NULL,-1,1000000,36,3,0,0,12036,"2025-08-03 23:52:41"
25159546088,2025-07-31,CUSTOMER,FULL,2002-04-05,23,1980-06-05,45,975000,72,6,0,0,12932,"2025-08-03 23:16:20"
25159072635,2025-07-22,CUSTOMER,FULL,1999-03-01,26,2000-02-22,25,180000,24,2,0,0,1279,"2025-08-03 23:06:35"
25159133418,2025-07-25,CUSTOMER,FULL,2002-05-12,23,NULL,-1,350000,48,4,0,0,3726,"2025-08-03 22:43:44"
25158774013,2025-07-07,CUSTOMER,FULL,1994-11-05,30,NULL,-1,325000,36,3,0,0,2915,"2025-08-03 22:40:56"
25159668402,2025-08-01,CUSTOMER,FULL,1998-12-19,26,NULL,-1,2000000,84,7,0,0,31884,"2025-08-03 22:38:47"
25158914774,2025-07-12,CUSTOMER,FULL,1982-01-01,43,1985-01-01,40,305000,36,3,0,0,5496,"2025-08-03 22:38:36"
25159677130,2025-08-02,CUSTOMER,FULL,1992-12-05,32,1964-01-01,61,980000,60,5,0,0,12351,"2025-08-03 22:34:35"
25159665876,2025-08-01,CUSTOMER,FULL,1994-01-01,31,2001-08-30,23,318000,36,3,0,0,2905,"2025-08-03 22:33:19"
8800011224,2025-06-27,CUSTOMER,FULL,1988-07-08,36,NULL,-1,150000,18,2,0,0,1402,"2025-08-03 22:28:31"
25159682859,2025-08-03,CUSTOMER,FULL,1988-04-03,37,NULL,0,360000,30,3,0,0,4482,"2025-08-03 22:15:20"
25159668332,2025-08-01,CUSTOMER,FULL,1999-07-04,26,1973-01-01,52,425000,24,2,0,0,3112,"2025-08-03 22:12:26"
25159188686,2025-07-28,CUSTOMER,FULL,2006-01-01,19,1989-01-01,36,570000,48,4,0,0,5025,"2025-08-03 22:05:37"
25159076751,2025-07-22,CUSTOMER,FULL,1978-12-26,46,1971-02-02,54,152000,23,2,0,0,3234,"2025-08-03 21:44:58"
25158937687,2025-07-14,CUSTOMER,FULL,2004-06-07,21,1970-01-01,55,190000,36,3,0,0,1505,"2025-08-03 21:36:20"
8800327843,2025-08-03,CUSTOMER,FULL,1989-02-13,36,NULL,0,240000,24,2,0,0,2243,"2025-08-03 21:34:04"
8800434357,2025-08-03,CUSTOMER,FULL,2002-01-01,23,1975-01-01,50,295000,48,4,0,0,2761,"2025-08-03 21:08:49"
8800492469,2025-08-03,CUSTOMER,FULL,1997-05-10,28,1995-08-30,29,560000,48,4,0,0,6093,"2025-08-03 20:48:52"
8800548127,2025-08-02,CUSTOMER,FULL,1984-10-01,40,1996-12-13,28,522000,60,5,0,0,12178,"2025-08-03 20:46:48"
25159682383,2025-08-03,CUSTOMER,FULL,1989-07-10,36,1991-12-01,33,710000,48,4,0,0,10548,"2025-08-03 20:45:39"
8800492560,2025-07-31,CUSTOMER,FULL,1999-06-06,26,NULL,-1,700000,48,4,0,0,6988,"2025-08-03 20:38:03"
25158934859,2025-07-14,CUSTOMER,FULL,1991-12-18,33,NULL,-1,475000,60,5,0,0,7192,"2025-08-03 20:36:24"
25159513513,2025-07-31,CUSTOMER,FULL,1994-08-08,30,NULL,-1,900000,36,3,0,0,8072,"2025-08-03 20:35:01"
25159521606,2025-07-31,CUSTOMER,FULL,1992-10-17,32,1995-02-02,30,635000,60,5,0,0,9202,"2025-08-03 20:24:02"
25159634888,2025-08-01,CUSTOMER,FULL,1994-06-04,31,NULL,-1,1055600,72,6,0,0,16443,"2025-08-03 20:12:31"
8800204364,2025-07-21,CUSTOMER,FULL,1995-01-01,30,NULL,-1,800000,59,5,0,0,9601,"2025-08-03 20:07:54"
8800435336,2025-08-02,CUSTOMER,FULL,1967-01-01,58,1992-01-01,33,100000,34,3,0,0,7357,"2025-08-03 19:45:47"
25159321914,2025-07-29,CUSTOMER,FULL,2001-01-01,24,1986-01-01,39,315000,24,2,0,0,2138,"2025-08-03 19:42:43"
8800404770,2025-08-02,CUSTOMER,FULL,2003-03-16,22,1970-01-01,55,1800000,36,3,0,0,15484,"2025-08-03 19:13:40"
8800510532,2025-07-24,CUSTOMER,FULL,1985-02-01,40,NULL,-1,306000,36,3,0,0,4485,"2025-08-03 19:08:46"
25159682065,2025-08-03,CUSTOMER,FULL,1997-07-19,28,1990-01-01,35,740000,60,5,0,0,8593,"2025-08-03 19:07:30"
8800207749,2025-08-02,CUSTOMER,FULL,1982-11-14,42,1977-02-04,48,275000,12,1,0,0,2152,"2025-08-03 18:47:56"
25159680380,2025-08-03,CUSTOMER,"PARTIAL FINANCE AMOUNT",1978-11-29,46,NULL,0,225000,36,3,168750,0,4415,"2025-08-03 18:31:38"
8800404771,2025-08-02,CUSTOMER,FULL,1998-11-17,26,NULL,-1,210000,36,3,0,0,1871,"2025-08-03 18:25:25"
25159681765,2025-08-03,CUSTOMER,FULL,1993-08-15,31,NULL,0,450000,36,3,0,0,4312,"2025-08-03 18:02:00"
25159533411,2025-07-31,CUSTOMER,FULL,1992-06-05,33,NULL,-1,460000,48,4,0,0,5179,"2025-08-03 18:01:52"
8800267761,2025-08-03,CUSTOMER,FULL,2002-04-02,23,NULL,0,620000,24,2,0,0,4178,"2025-08-03 17:55:38"
25159388020,2025-07-30,CUSTOMER,FULL,2002-11-15,22,1973-03-03,52,290000,36,3,0,0,2321,"2025-08-03 17:50:48"
25159681563,2025-08-03,CUSTOMER,FULL,1988-01-10,37,NULL,0,240000,24,2,0,0,2266,"2025-08-03 17:50:10"
25158857264,2025-07-10,CO-APPLICANT,FULL,1977-01-01,48,1982-01-01,43,600000,48,4,0,0,14776,"2025-08-03 17:44:50"
8800457461,2025-07-19,CUSTOMER,FULL,2002-03-01,23,1977-01-01,48,110000,19,2,0,0,701,"2025-08-03 17:43:34"
25159681824,2025-08-03,CUSTOMER,FULL,2002-01-01,23,1974-01-01,51,540000,59,5,0,0,5761,"2025-08-03 17:43:20"
25159337829,2025-08-01,CUSTOMER,FULL,1978-08-01,47,NULL,-1,490000,36,3,0,0,14334,"2025-08-03 17:36:31"
25159677910,2025-08-02,CUSTOMER,FULL,1999-12-16,25,1958-01-01,67,486000,48,4,0,0,5173,"2025-08-03 17:33:18"
8800216061,2025-06-21,CUSTOMER,FULL,1980-03-05,45,NULL,-1,330000,48,4,0,0,8556,"2025-08-03 17:28:10"
25159009226,2025-07-28,CUSTOMER,FULL,1990-01-01,35,1973-01-01,52,840000,60,5,0,0,14095,"2025-08-03 17:26:44"
8800415921,2025-08-02,CUSTOMER,FULL,1999-03-07,26,NULL,-1,243000,36,3,0,0,2088,"2025-08-03 17:15:18"
25159681224,2025-08-03,CUSTOMER,FULL,1993-12-01,31,NULL,0,343000,48,4,0,0,3655,"2025-08-03 17:03:51"
25159681564,2025-08-03,CUSTOMER,FULL,1990-05-26,35,1962-01-02,63,440000,48,4,0,0,6002,"2025-08-03 17:02:52"
8800503955,2025-08-01,CUSTOMER,FULL,1975-01-01,50,NULL,-1,750000,60,5,0,0,43127,"2025-08-03 17:01:04"
25159106873,2025-07-24,CUSTOMER,FULL,1987-01-25,38,1991-01-01,34,5300000,47,4,0,0,86431,"2025-08-03 16:49:27"
25159675157,2025-08-03,CUSTOMER,FULL,1995-03-02,30,1988-01-10,37,1050000,71,6,0,0,16442,"2025-08-03 16:49:06"
8800558204,2025-08-02,CUSTOMER,FULL,1989-01-01,36,1987-01-01,38,370000,36,3,0,0,4401,"2025-08-03 16:47:37"
25159681551,2025-08-03,CUSTOMER,FULL,1985-01-01,40,NULL,0,350000,36,3,0,0,5469,"2025-08-03 16:42:30"
25159118256,2025-07-24,CUSTOMER,FULL,1987-01-03,38,1991-01-01,34,750000,72,6,0,0,17302,"2025-08-03 16:39:53"
25159681499,2025-08-03,CUSTOMER,FULL,2005-07-12,20,1985-09-02,39,293000,48,4,0,0,2645,"2025-08-03 16:38:18"
8800303540,2025-08-01,CUSTOMER,"PARTIAL TENURE",1974-10-19,50,NULL,-1,440000,60,5,0,2,13510,"2025-08-03 16:22:49"
8800484589,2025-08-03,CUSTOMER,FULL,2004-01-01,21,1966-01-01,59,800000,72,6,0,0,11461,"2025-08-03 16:21:51"
25159677464,2025-08-02,CUSTOMER,FULL,1989-08-22,35,NULL,-1,600000,60,5,0,0,8440,"2025-08-03 16:20:49"
8800126290,2025-08-03,CUSTOMER,FULL,2002-08-15,22,NULL,0,210000,23,2,0,0,1267,"2025-08-03 16:16:57"
25159576860,2025-07-31,CUSTOMER,FULL,1983-05-31,42,NULL,-1,465000,60,5,0,0,12313,"2025-08-03 16:14:04"
8800485278,2025-07-21,CUSTOMER,FULL,1996-01-01,29,NULL,-1,295000,36,3,0,0,2608,"2025-08-03 16:12:02"
8800209590,2025-08-01,CUSTOMER,FULL,2001-12-27,23,NULL,-1,470000,48,4,0,0,4809,"2025-08-03 16:12:01"
25159679468,2025-08-02,CUSTOMER,FULL,1991-07-10,34,NULL,-1,500000,36,3,0,0,5417,"2025-08-03 15:59:05"
25159681345,2025-08-03,CO-APPLICANT,FULL,1973-01-01,52,1977-01-01,48,500000,48,4,0,0,19990,"2025-08-03 15:47:28"
8800484590,2025-08-03,CUSTOMER,FULL,1976-01-01,49,2000-01-01,25,800000,60,5,0,0,41791,"2025-08-03 15:47:27"
25159106938,2025-07-25,CUSTOMER,FULL,1975-07-10,50,NULL,-1,800000,60,5,0,0,46002,"2025-08-03 15:38:10"
25159521289,2025-07-31,CUSTOMER,FULL,1990-01-01,35,NULL,-1,170000,36,3,0,0,1930,"2025-08-03 15:17:28"
25159681486,2025-08-03,CUSTOMER,FULL,1993-01-01,32,NULL,0,750000,59,5,0,0,9452,"2025-08-03 15:16:08"
25159029329,2025-08-02,CUSTOMER,FULL,2000-04-24,25,NULL,-1,421000,36,3,0,0,3706,"2025-08-03 15:15:30"
8800478879,2025-08-01,CUSTOMER,FULL,1983-03-13,42,NULL,-1,750000,60,5,0,0,19860,"2025-08-03 15:13:57"
25159301533,2025-07-29,CUSTOMER,FULL,1987-07-05,38,NULL,-1,260000,36,3,0,0,3510,"2025-08-03 15:12:15"
25159143762,2025-07-26,CUSTOMER,FULL,1981-06-01,44,NULL,-1,400000,24,2,0,0,6632,"2025-08-03 15:11:07"
25159673952,2025-08-02,CUSTOMER,FULL,1998-01-01,27,NULL,-1,850000,60,5,0,0,9750,"2025-08-03 14:59:50"
25159399233,2025-07-30,CUSTOMER,FULL,1989-04-02,36,2003-06-10,22,305000,48,4,0,0,4294,"2025-08-03 14:56:11"
8800130544,2025-08-03,CUSTOMER,FULL,2001-06-18,24,1998-11-10,26,850000,60,5,0,0,10161,"2025-08-03 14:47:23"
8800399350,2025-07-31,CUSTOMER,FULL,1993-11-19,31,NULL,-1,738000,72,6,0,0,11496,"2025-08-03 14:30:49"
25159677571,2025-08-02,CUSTOMER,FULL,1986-07-04,39,1958-11-10,66,400000,60,5,0,0,8671,"2025-08-03 14:29:53"
8800504482,2025-07-27,CUSTOMER,FULL,1987-12-08,37,NULL,-1,815000,60,5,0,0,14070,"2025-08-03 14:27:02"
25159007634,2025-07-17,CO-APPLICANT,FULL,2000-01-01,25,1990-07-11,35,660000,60,5,0,0,11075,"2025-08-03 14:19:55"
25159614639,2025-08-01,CUSTOMER,FULL,1998-02-05,27,NULL,-1,480000,36,3,0,0,4243,"2025-08-03 14:15:01"
8800528084,2025-08-03,CUSTOMER,FULL,2002-11-20,22,1967-01-01,58,650000,60,5,0,0,8115,"2025-08-03 14:08:26"
25159681164,2025-08-03,CUSTOMER,FULL,1992-01-01,33,1965-01-01,60,850000,72,6,0,0,14113,"2025-08-03 13:59:10"
25159681182,2025-08-03,CUSTOMER,FULL,1994-01-01,31,NULL,0,280000,36,3,0,0,2558,"2025-08-03 13:57:33"
25159408300,2025-07-30,CUSTOMER,FULL,1996-06-30,29,NULL,-1,555000,48,4,0,0,6150,"2025-08-03 13:56:31"
25159680784,2025-08-03,CUSTOMER,FULL,1999-11-11,25,NULL,0,230000,36,3,0,0,2025,"2025-08-03 13:56:08"
25158857616,2025-07-10,CUSTOMER,FULL,1990-01-01,35,1982-01-01,43,900000,60,5,0,0,15102,"2025-08-03 13:49:10"
8800147071,2025-07-21,CUSTOMER,FULL,1974-11-20,50,NULL,-1,600000,72,6,0,0,40349,"2025-08-03 13:32:18"
25159021474,2025-07-18,CUSTOMER,FULL,1987-08-27,37,NULL,-1,322000,48,4,0,0,4761,"2025-08-03 13:31:21"
25159675288,2025-08-02,CUSTOMER,FULL,2003-01-06,22,1977-01-03,48,545000,60,5,0,0,6804,"2025-08-03 13:27:07"
25159656025,2025-08-01,CUSTOMER,FULL,2005-02-15,20,1971-01-01,54,490000,36,3,0,0,4291,"2025-08-03 13:21:56"
8800283258,2025-07-30,CUSTOMER,FULL,1997-12-24,27,NULL,-1,1593000,60,5,0,0,18272,"2025-08-03 13:17:57"
8800467448,2025-08-02,CUSTOMER,FULL,1977-06-12,48,NULL,-1,330000,60,5,0,0,15654,"2025-08-03 13:16:08"
25159680959,2025-08-03,CUSTOMER,FULL,1983-11-18,41,NULL,0,500000,60,5,0,0,11104,"2025-08-03 13:08:19"
8800535886,2025-08-01,CO-APPLICANT,FULL,2000-01-01,25,1969-11-28,55,537000,48,4,0,0,40181,"2025-08-03 12:56:59"
25159677345,2025-08-02,CUSTOMER,FULL,1995-04-02,30,2001-04-06,24,950000,48,4,0,0,9910,"2025-08-03 12:50:24"
8800344692,2025-07-17,CUSTOMER,FULL,1990-03-06,35,NULL,-1,826000,60,5,0,0,11619,"2025-08-03 12:40:20"
8800497001,2025-08-03,CUSTOMER,FULL,1979-07-02,46,NULL,0,160000,18,2,0,0,3206,"2025-08-03 12:39:10"
25159681022,2025-08-03,CUSTOMER,FULL,1990-04-06,35,NULL,0,328000,54,5,0,0,4614,"2025-08-03 12:36:18"
8800479355,2025-08-03,CUSTOMER,FULL,1990-10-10,34,NULL,0,425000,36,3,0,0,4604,"2025-08-03 12:34:03"
8800565802,2025-08-03,CUSTOMER,FULL,1981-11-11,43,NULL,0,350000,42,4,0,0,8620,"2025-08-03 12:33:11"
25159090209,2025-07-23,CUSTOMER,FULL,1996-03-10,29,1969-01-01,56,1060000,84,7,0,0,17637,"2025-08-03 12:23:31"
25159331045,2025-07-29,CUSTOMER,FULL,1992-05-11,33,NULL,-1,303000,54,5,0,0,3948,"2025-08-03 12:15:00"
25159670932,2025-08-02,CUSTOMER,FULL,2000-01-01,25,1970-01-01,55,550000,48,4,0,0,5854,"2025-08-03 12:14:12"
25159398449,2025-07-30,CUSTOMER,FULL,2001-03-12,24,2003-02-13,22,640000,60,5,0,0,7991,"2025-08-03 12:08:40"
25159680652,2025-08-03,CO-APPLICANT,FULL,1971-03-02,54,1989-03-02,36,800000,60,5,0,0,14236,"2025-08-03 12:06:52"
25159389282,2025-07-30,CUSTOMER,FULL,1995-01-01,30,1997-01-01,28,320000,36,3,0,0,2870,"2025-08-03 12:05:16"
8800364569,2025-07-13,CUSTOMER,FULL,1996-07-17,28,1994-09-12,30,300000,36,3,0,0,2726,"2025-08-03 12:04:14"
8800489040,2025-08-02,CUSTOMER,FULL,2004-02-01,21,1986-05-12,39,780000,60,5,0,0,8155,"2025-08-03 11:57:41"
25159627480,2025-08-01,CUSTOMER,"PARTIAL FINANCE AMOUNT",1969-01-08,56,NULL,-1,330000,48,4,165000,0,12802,"2025-08-03 11:53:56"
25159680619,2025-08-03,CUSTOMER,FULL,1999-09-16,25,1973-01-01,52,890000,59,5,0,0,11112,"2025-08-03 11:49:51"
25159406944,2025-07-30,CUSTOMER,FULL,2000-01-01,25,NULL,-1,350000,36,3,0,0,3081,"2025-08-03 11:45:32"
8800135985,2025-08-03,CUSTOMER,FULL,2001-07-02,24,NULL,0,525000,60,5,0,0,6555,"2025-08-03 11:43:02"
8800538389,2025-08-03,CUSTOMER,FULL,1988-02-04,37,NULL,0,295000,42,4,0,0,4362,"2025-08-03 11:06:31"
25159680574,2025-08-03,CUSTOMER,FULL,1994-01-01,31,NULL,0,820000,60,5,0,0,10044,"2025-08-03 11:04:33"
25159679556,2025-08-02,CUSTOMER,FULL,1989-01-01,36,NULL,-1,154000,24,2,0,0,1514,"2025-08-03 10:58:54"
25159669680,2025-08-02,CUSTOMER,FULL,2002-02-02,23,1981-01-01,44,757000,60,5,0,0,8076,"2025-08-03 10:51:36"
25159165569,2025-07-28,CUSTOMER,FULL,1997-01-05,28,NULL,-1,300000,36,3,0,0,2684,"2025-08-03 10:49:47"
25159670511,2025-08-02,CUSTOMER,FULL,1997-01-01,28,1965-05-14,60,895000,60,5,0,0,10393,"2025-08-03 10:46:12"
8800516016,2025-08-03,CUSTOMER,FULL,1988-12-05,36,NULL,0,650000,48,4,0,0,9657,"2025-08-03 10:44:38"
8800387483,2025-08-02,CO-APPLICANT,FULL,2000-01-01,25,1998-03-30,27,5250000,60,5,0,0,64614,"2025-08-03 10:39:13"
25159657198,2025-08-01,CUSTOMER,FULL,1996-07-10,29,NULL,-1,785000,48,4,0,0,8069,"2025-08-03 10:37:13"
25159643355,2025-08-01,CUSTOMER,FULL,2000-07-04,25,1977-01-01,48,865000,71,6,0,0,11667,"2025-08-03 10:07:51"
25159675654,2025-08-02,CO-APPLICANT,FULL,1973-01-01,52,1999-07-26,26,410000,47,4,0,0,4369,"2025-08-03 10:03:35"
8800415919,2025-08-02,CUSTOMER,FULL,1996-01-05,29,NULL,-1,266000,36,3,0,0,2351,"2025-08-03 09:42:49"
25159680475,2025-08-03,CUSTOMER,"PARTIAL FINANCE AMOUNT",1968-03-05,57,NULL,0,165000,18,2,123750,0,6878,"2025-08-03 09:34:56"
25159075371,2025-07-22,CUSTOMER,FULL,1996-10-23,28,1997-02-06,28,900000,72,6,0,0,13382,"2025-08-03 09:29:25"
25159321216,2025-07-29,CUSTOMER,FULL,1997-06-15,28,NULL,-1,940000,48,4,0,0,10227,"2025-08-03 09:22:42"
25159680393,2025-08-03,CUSTOMER,FULL,2003-01-01,22,1999-01-01,26,813000,60,5,0,0,8615,"2025-08-03 09:13:29"
25159680440,2025-08-03,CUSTOMER,FULL,1994-03-24,31,NULL,0,320000,48,4,0,0,3410,"2025-08-03 09:06:54"
8800415920,2025-08-02,CUSTOMER,FULL,1976-01-01,49,NULL,-1,271000,36,3,0,0,9332,"2025-08-03 08:49:53"
8800345045,2025-07-23,CUSTOMER,FULL,1986-01-01,39,1992-05-25,33,640000,60,5,0,0,13874,"2025-08-03 08:33:43"
25159290646,2025-07-29,CUSTOMER,"PARTIAL FINANCE AMOUNT",1970-05-21,55,NULL,-1,350000,36,3,262500,0,16132,"2025-08-03 08:20:42"
25159679432,2025-08-02,CUSTOMER,FULL,2003-10-14,21,1984-06-01,41,510000,54,5,0,0,5332,"2025-08-03 07:59:26"
8800475411,2025-08-02,CUSTOMER,FULL,2001-07-07,24,1990-01-01,35,500000,48,4,0,0,5169,"2025-08-03 07:37:11"
25159680334,2025-08-03,CUSTOMER,FULL,1994-01-01,31,NULL,0,890000,48,4,0,0,9484,"2025-08-03 06:45:08"
25159641591,2025-08-01,CUSTOMER,FULL,1980-10-12,44,NULL,-1,255000,42,4,0,0,6055,"2025-08-03 06:17:39"
25159679453,2025-08-02,CUSTOMER,FULL,1975-05-30,50,1984-06-02,41,1216331,60,5,0,0,67315,"2025-08-03 02:12:14"
25159581287,2025-07-31,CUSTOMER,FULL,1989-05-07,36,NULL,-1,240000,36,3,0,0,2869,"2025-08-02 23:55:05"
25159679445,2025-08-02,CUSTOMER,FULL,2001-01-01,24,1972-01-01,53,900000,60,5,0,0,9686,"2025-08-02 23:30:16"
25159165316,2025-07-27,CUSTOMER,FULL,1981-07-15,44,NULL,-1,190000,35,3,0,0,4137,"2025-08-02 23:25:03"
8800504173,2025-07-30,CUSTOMER,FULL,1999-08-20,25,1959-12-17,65,670000,60,5,0,0,8365,"2025-08-02 23:21:40"
25159516043,2025-07-31,CUSTOMER,FULL,1996-06-10,29,NULL,-1,530000,48,4,0,0,5873,"2025-08-02 22:43:31"
8800147072,2025-07-24,CUSTOMER,FULL,1986-09-01,38,NULL,-1,520000,60,5,0,0,10518,"2025-08-02 22:40:48"
25159679395,2025-08-02,CUSTOMER,FULL,2004-07-10,21,1978-01-01,47,340000,36,3,0,0,2993,"2025-08-02 22:30:54"
8800432986,2025-08-02,CUSTOMER,FULL,1997-07-29,28,1998-03-05,27,300000,42,4,0,0,3264,"2025-08-02 22:16:25"
25159665317,2025-08-01,CUSTOMER,FULL,1979-01-01,46,NULL,-1,600000,52,5,0,0,22876,"2025-08-02 21:20:22"
25159666437,2025-08-01,CUSTOMER,FULL,1991-04-15,34,1994-04-10,31,1011000,72,6,0,0,17430,"2025-08-02 21:11:04"
25159664105,2025-08-01,CUSTOMER,FULL,1994-09-04,30,NULL,-1,500000,48,4,0,0,5682,"2025-08-02 20:59:26"
25158973483,2025-07-16,CUSTOMER,FULL,1997-10-01,27,1974-07-02,51,2600000,40,4,0,0,27705,"2025-08-02 20:59:22"
25159669098,2025-08-02,CUSTOMER,FULL,1987-11-25,37,NULL,0,295000,36,3,0,0,3673,"2025-08-02 20:42:13"
25159164659,2025-07-27,CUSTOMER,FULL,1998-01-01,27,NULL,-1,210000,36,3,0,0,1822,"2025-08-02 20:36:27"
25159514004,2025-07-31,CUSTOMER,FULL,1985-01-01,40,NULL,-1,295000,36,3,0,0,4324,"2025-08-02 20:24:00"
25159153733,2025-07-26,CUSTOMER,FULL,2007-01-01,18,1976-07-06,49,3268136,58,5,0,0,35518,"2025-08-02 20:11:18"
25159387181,2025-07-30,CUSTOMER,FULL,1996-01-01,29,NULL,-1,790000,60,5,0,0,10367,"2025-08-02 20:06:44"
8800165657,2025-08-02,CUSTOMER,FULL,1977-04-23,48,1997-06-21,28,475000,30,3,0,0,15353,"2025-08-02 19:58:11"
8800415918,2025-08-02,CUSTOMER,FULL,1999-04-10,26,NULL,0,266000,36,3,0,0,2286,"2025-08-02 19:56:56"
8800304020,2025-08-02,CUSTOMER,FULL,1981-08-10,43,NULL,0,306000,42,4,0,0,6684,"2025-08-02 19:53:57"
25159670525,2025-08-02,CUSTOMER,FULL,1977-06-08,48,NULL,0,739000,60,5,0,0,34044,"2025-08-02 19:53:40"
8800118881,2025-08-02,CUSTOMER,FULL,1978-12-10,46,1988-10-15,36,600000,72,6,0,0,27549,"2025-08-02 19:53:09"
25159678598,2025-08-02,CUSTOMER,FULL,1988-05-31,37,2001-05-10,24,650000,60,5,0,0,12311,"2025-08-02 19:46:24"
25158768248,2025-07-07,CUSTOMER,FULL,2001-08-15,23,1978-01-01,47,320000,48,4,0,0,2995,"2025-08-02 19:44:19"
25159679086,2025-08-02,CUSTOMER,FULL,1975-01-01,50,2002-11-22,22,350000,24,2,0,0,10850,"2025-08-02 19:44:02"
25159541187,2025-07-31,CUSTOMER,FULL,1978-07-07,47,1985-01-01,40,700000,48,4,0,0,25103,"2025-08-02 19:42:46"
8800183313,2025-07-30,CUSTOMER,FULL,1994-07-15,31,NULL,-1,800000,60,5,0,0,9799,"2025-08-02 19:41:05"
25159676661,2025-08-02,CUSTOMER,FULL,2003-06-05,22,1981-01-01,44,970000,60,5,0,0,10279,"2025-08-02 19:39:11"
25159300170,2025-07-29,CUSTOMER,FULL,1997-01-01,28,NULL,-1,250000,35,3,0,0,2181,"2025-08-02 19:31:54"
25159678927,2025-08-02,CUSTOMER,FULL,1998-10-20,26,NULL,0,470000,54,5,0,0,5341,"2025-08-02 19:12:53"
8800404528,2025-08-02,CUSTOMER,FULL,1999-12-31,25,1967-02-11,58,500000,48,4,0,0,5222,"2025-08-02 19:10:57"
8800548583,2025-08-02,CUSTOMER,FULL,1995-09-19,29,NULL,0,955000,60,5,0,0,11258,"2025-08-02 19:07:50"
25159027082,2025-07-31,CUSTOMER,FULL,2001-01-01,24,NULL,-1,621000,48,4,0,0,6610,"2025-08-02 19:07:14"
25159182267,2025-07-31,CUSTOMER,FULL,1994-01-01,31,NULL,-1,500000,48,4,0,0,5328,"2025-08-02 18:59:20"
25159671709,2025-08-02,CUSTOMER,FULL,1993-12-08,31,NULL,0,180000,48,4,0,0,2084,"2025-08-02 18:59:02"
8800524854,2025-07-26,CUSTOMER,FULL,1997-07-13,28,1999-10-12,25,3100000,60,5,0,0,39836,"2025-08-02 18:55:53"
25159166628,2025-07-31,CUSTOMER,FULL,2001-08-04,23,NULL,-1,635000,84,7,0,0,10258,"2025-08-02 18:55:27"
25159667938,2025-08-01,CUSTOMER,FULL,1999-02-15,26,2001-02-12,24,735000,72,6,0,0,10625,"2025-08-02 18:55:12"
8800548582,2025-08-01,CUSTOMER,FULL,1995-09-19,29,NULL,-1,955000,60,5,0,0,11258,"2025-08-02 18:54:19"
25159676960,2025-08-02,CUSTOMER,FULL,1996-02-12,29,1956-01-01,69,320000,36,3,0,0,2829,"2025-08-02 18:51:41"
8800272805,2025-08-01,CUSTOMER,FULL,1985-06-01,40,NULL,-1,500000,36,3,0,0,7328,"2025-08-02 18:49:32"
8800486474,2025-08-02,CUSTOMER,FULL,1966-03-10,59,NULL,0,600000,60,5,0,0,68556,"2025-08-02 18:45:04"
25159298024,2025-07-29,CUSTOMER,FULL,1992-11-26,32,1964-09-15,60,800000,60,5,0,0,10082,"2025-08-02 18:44:46"
25157457330,2025-06-11,CUSTOMER,FULL,1996-03-02,29,NULL,-1,320000,36,3,0,0,2829,"2025-08-02 18:41:11"
25159298095,2025-07-29,CUSTOMER,FULL,1999-02-01,26,1995-02-01,30,889500,60,5,0,0,10108,"2025-08-02 18:35:31"
8800467588,2025-08-02,CUSTOMER,FULL,2001-12-01,23,NULL,0,700000,60,5,0,0,7468,"2025-08-02 18:35:25"
8800330962,2025-08-02,CUSTOMER,FULL,1973-06-01,52,NULL,0,150000,24,2,0,0,4289,"2025-08-02 18:34:52"
25159392026,2025-07-30,CUSTOMER,FULL,1999-02-08,26,1976-01-01,49,930000,84,7,0,0,15232,"2025-08-02 18:34:28"
25159678182,2025-08-02,CO-APPLICANT,FULL,2000-01-01,25,1981-07-07,44,660000,48,4,0,0,17781,"2025-08-02 18:27:34"
25159678122,2025-08-02,CUSTOMER,FULL,1991-11-02,33,NULL,0,333237,54,5,0,0,4342,"2025-08-02 18:20:14"
25159678535,2025-08-02,CUSTOMER,FULL,1988-01-01,37,NULL,0,150000,24,2,0,0,1487,"2025-08-02 18:18:23"
25159291276,2025-08-02,CUSTOMER,FULL,2004-07-02,21,1978-09-04,46,750000,48,4,0,0,7983,"2025-08-02 18:18:11"
25159661209,2025-08-01,CUSTOMER,FULL,1998-07-14,27,NULL,-1,1140000,60,5,0,0,13076,"2025-08-02 18:17:29"
25158996820,2025-07-17,CUSTOMER,FULL,2002-02-26,23,1965-01-01,60,1085000,48,4,0,0,10153,"2025-08-02 18:14:06"
25159669429,2025-08-02,CUSTOMER,FULL,1976-06-01,49,NULL,0,700000,59,5,0,0,35386,"2025-08-02 18:12:56"
8800011035,2025-07-26,CUSTOMER,FULL,1985-08-15,39,1980-12-19,44,500000,60,5,0,0,10367,"2025-08-02 18:12:56"
25159394873,2025-07-30,CUSTOMER,FULL,1976-01-01,49,NULL,-1,250000,36,3,0,0,8609,"2025-08-02 18:12:25"
8800385584,2025-07-31,CUSTOMER,FULL,1993-11-25,31,1999-01-01,26,850000,72,6,0,0,13240,"2025-08-02 18:11:34"
8800469385,2025-08-02,CUSTOMER,FULL,1990-06-20,35,NULL,0,300000,30,3,0,0,3073,"2025-08-02 18:06:54"
25159678234,2025-08-02,CUSTOMER,FULL,1975-12-18,49,1981-01-01,44,1400000,36,3,0,0,48206,"2025-08-02 18:06:51"
8800415445,2025-08-02,CUSTOMER,FULL,2001-05-02,24,NULL,0,1028000,72,6,0,0,13744,"2025-08-02 18:01:41"
25159093863,2025-07-23,CUSTOMER,FULL,1978-04-03,47,NULL,-1,180000,12,1,0,0,2197,"2025-08-02 17:57:57"
25159678188,2025-08-02,CUSTOMER,FULL,1983-05-02,42,1980-03-06,45,910000,60,5,0,0,21788,"2025-08-02 17:56:02"
25159678086,2025-08-02,CUSTOMER,FULL,1982-06-01,43,NULL,0,240000,24,2,0,0,3651,"2025-08-02 17:50:23"
8800498579,2025-08-02,CUSTOMER,FULL,1992-07-05,33,NULL,0,320000,60,5,0,0,4664,"2025-08-02 17:47:43"
8800004396,2025-08-02,CUSTOMER,FULL,1999-01-01,26,NULL,0,450000,48,4,0,0,4493,"2025-08-02 17:45:51"
25158995073,2025-07-17,CUSTOMER,FULL,1996-02-10,29,1968-02-07,57,2493000,58,5,0,0,31889,"2025-08-02 17:44:12"
8800478151,2025-07-21,CUSTOMER,FULL,2003-08-08,21,1980-05-19,45,690000,72,6,0,0,9885,"2025-08-02 17:42:31"
8800511833,2025-08-02,CUSTOMER,FULL,1984-01-04,41,NULL,0,80000,24,2,0,0,948,"2025-08-02 17:42:27"
8800500140,2025-08-02,CUSTOMER,FULL,1995-11-06,29,1965-07-31,60,1923000,60,5,0,0,22669,"2025-08-02 17:42:01"
8800470281,2025-08-02,CUSTOMER,FULL,1983-01-01,42,NULL,0,300000,24,2,0,0,4210,"2025-08-02 17:39:53"
25159509652,2025-07-31,CUSTOMER,FULL,1998-07-15,27,1979-01-01,46,220000,18,2,0,0,1532,"2025-08-02 17:34:53"
8800416849,2025-08-01,CUSTOMER,FULL,1997-02-04,28,NULL,-1,205000,24,2,0,0,1481,"2025-08-02 17:34:51"
25159670056,2025-08-02,CUSTOMER,FULL,2001-01-01,24,NULL,0,980000,72,6,0,0,13103,"2025-08-02 17:29:43"
25157624800,2025-06-22,CUSTOMER,FULL,1997-04-08,28,NULL,-1,120000,12,1,0,0,492,"2025-08-02 17:28:49"
25159530381,2025-07-31,CUSTOMER,FULL,1987-08-08,37,NULL,-1,520000,48,4,0,0,7934,"2025-08-02 17:28:37"
25159672747,2025-08-02,CUSTOMER,FULL,1992-01-06,33,NULL,0,490000,35,3,0,0,5066,"2025-08-02 17:28:26"
8800373917,2025-07-27,CUSTOMER,FULL,1968-09-05,56,NULL,-1,425000,36,3,0,0,28160,"2025-08-02 17:27:55"
25159177087,2025-07-28,CUSTOMER,FULL,1975-05-10,50,1979-05-10,46,590000,48,4,0,0,28510,"2025-08-02 17:27:05"
25159297977,2025-07-29,CUSTOMER,FULL,1987-01-01,38,NULL,-1,305000,36,3,0,0,3992,"2025-08-02 17:26:57"
8800526942,2025-08-02,CUSTOMER,FULL,1994-06-16,31,NULL,0,1010000,60,5,0,0,14076,"2025-08-02 17:24:23"
25159677958,2025-08-02,CUSTOMER,FULL,1994-07-15,31,1953-09-24,71,1350000,84,7,0,0,23545,"2025-08-02 17:22:33"
25157419254,2025-06-30,CUSTOMER,FULL,1993-09-18,31,NULL,-1,337500,36,3,0,0,3282,"2025-08-02 17:22:31"
25159665060,2025-08-01,CUSTOMER,FULL,1992-04-15,33,NULL,-1,315000,36,3,0,0,3019,"2025-08-02 17:22:06"
8800461529,2025-08-01,CUSTOMER,FULL,1976-01-01,49,NULL,-1,400000,29,3,0,0,14396,"2025-08-02 17:21:21"
25159118515,2025-07-24,CUSTOMER,FULL,1999-07-25,25,NULL,-1,400000,48,4,0,0,4178,"2025-08-02 17:19:04"
25159553855,2025-07-31,CUSTOMER,FULL,1999-04-12,26,1977-01-01,48,550000,48,4,0,0,5803,"2025-08-02 17:16:11"
8800415630,2025-07-28,CUSTOMER,FULL,1979-07-02,46,NULL,-1,400000,48,4,0,0,12976,"2025-08-02 17:16:11"
8800492562,2025-08-02,CUSTOMER,FULL,2002-03-14,23,1969-06-14,56,815000,48,4,0,0,7627,"2025-08-02 17:15:45"
8800454955,2025-07-25,CUSTOMER,FULL,1983-11-30,41,NULL,-1,600000,60,5,0,0,13325,"2025-08-02 17:13:38"
8800319745,2025-08-01,CUSTOMER,FULL,1963-01-10,62,1988-01-04,37,1100000,60,5,0,0,155890,"2025-08-02 17:10:09"
8800485190,2025-07-30,CUSTOMER,FULL,1986-03-05,39,NULL,-1,350000,60,5,0,0,7257,"2025-08-02 17:08:47"
8800529879,2025-08-01,CUSTOMER,FULL,1987-11-10,37,1985-06-29,40,320000,42,4,0,0,4732,"2025-08-02 17:07:27"
25159677899,2025-08-02,CUSTOMER,FULL,1991-01-01,34,NULL,0,310000,42,4,0,0,3607,"2025-08-02 17:06:45"
25159523405,2025-07-31,CUSTOMER,FULL,1993-09-20,31,NULL,-1,230000,24,2,0,0,1724,"2025-08-02 17:01:56"
25159530032,2025-07-31,CUSTOMER,FULL,1988-08-25,36,NULL,-1,1630000,60,5,0,0,26717,"2025-08-02 17:01:17"
25159672552,2025-08-02,CUSTOMER,FULL,1997-03-04,28,NULL,0,150000,30,3,0,0,1363,"2025-08-02 17:00:13"
25159176690,2025-07-28,CUSTOMER,FULL,2004-09-18,20,1987-01-01,38,326000,36,3,0,0,2543,"2025-08-02 16:59:58"
25159666580,2025-08-01,CUSTOMER,FULL,1992-01-01,33,NULL,-1,305000,24,2,0,0,2459,"2025-08-02 16:58:30"
25159674716,2025-08-02,CUSTOMER,FULL,1994-06-12,31,NULL,0,862000,60,5,0,0,10559,"2025-08-02 16:57:23"
25159543331,2025-07-31,CUSTOMER,FULL,1993-02-02,32,NULL,-1,300000,36,3,0,0,3009,"2025-08-02 16:56:26"
25159669771,2025-08-02,CUSTOMER,FULL,1991-05-05,34,1991-06-05,34,211000,30,3,0,0,2286,"2025-08-02 16:55:56"
8800296732,2025-08-02,CUSTOMER,FULL,1984-03-20,41,NULL,0,310000,36,3,0,0,5217,"2025-08-02 16:53:48"
8800526941,2025-08-02,CUSTOMER,FULL,1993-06-27,32,NULL,0,573000,60,5,0,0,8303,"2025-08-02 16:53:04"
25158940816,2025-07-14,CUSTOMER,FULL,1990-08-26,34,NULL,-1,327000,48,4,0,0,3805,"2025-08-02 16:52:05"
25159672428,2025-08-02,CUSTOMER,FULL,1993-09-26,31,NULL,0,237000,35,3,0,0,2165,"2025-08-02 16:51:18"
8800538387,2025-08-02,CUSTOMER,FULL,2005-03-13,20,1995-05-03,30,315000,42,4,0,0,2844,"2025-08-02 16:51:17"
25159163036,2025-07-27,CUSTOMER,FULL,1988-10-26,36,NULL,-1,500000,48,4,0,0,7193,"2025-08-02 16:50:22"
25159677880,2025-08-02,CUSTOMER,FULL,2002-04-10,23,NULL,0,315001,48,4,0,0,2948,"2025-08-02 16:49:14"
25159517132,2025-07-31,CUSTOMER,FULL,1998-04-16,27,NULL,-1,308000,60,5,0,0,3533,"2025-08-02 16:49:10"
25159678034,2025-08-02,CUSTOMER,FULL,1996-10-20,28,NULL,0,440000,36,3,0,0,3936,"2025-08-02 16:48:37"
25159663057,2025-08-01,CUSTOMER,"PARTIAL FINANCE AMOUNT",1980-01-01,45,1976-01-01,49,453000,48,4,339750,0,10063,"2025-08-02 16:48:34"
25159145095,2025-07-26,CUSTOMER,FULL,1993-01-01,32,NULL,-1,650000,30,3,0,0,6520,"2025-08-02 16:47:56"
25159664230,2025-08-01,CUSTOMER,FULL,1991-01-01,34,NULL,-1,700000,30,3,0,0,7575,"2025-08-02 16:42:54"
25159665342,2025-08-01,CUSTOMER,FULL,1993-01-01,32,1993-01-01,32,180000,24,2,0,0,1396,"2025-08-02 16:42:29"
25159514430,2025-07-31,CUSTOMER,FULL,1996-07-05,29,1969-01-01,56,400000,42,4,0,0,4404,"2025-08-02 16:38:33"
8800420920,2025-08-02,CUSTOMER,FULL,1979-01-01,46,NULL,0,330000,42,4,0,0,10530,"2025-08-02 16:38:26"
25159673964,2025-08-02,CUSTOMER,FULL,1993-09-03,31,1970-02-18,55,260000,48,4,0,0,3010,"2025-08-02 16:36:36"
8800246915,2025-07-29,CUSTOMER,FULL,2000-01-25,25,1969-08-07,55,1493000,72,6,0,0,20137,"2025-08-02 16:36:32"
8800523955,2025-08-02,CUSTOMER,FULL,1989-08-11,35,NULL,0,150000,24,2,0,0,1282,"2025-08-02 16:36:22"
8800459662,2025-07-19,CUSTOMER,FULL,1992-06-15,33,NULL,-1,300000,36,3,0,0,3119,"2025-08-02 16:35:39"
25159395699,2025-07-30,CUSTOMER,FULL,1984-07-10,41,1988-02-16,37,740000,47,4,0,0,13928,"2025-08-02 16:34:33"
25159052902,2025-07-21,CUSTOMER,FULL,1975-02-15,50,NULL,-1,550000,36,3,0,0,21839,"2025-08-02 16:32:11"
25159665628,2025-08-02,CUSTOMER,FULL,1974-01-01,51,NULL,0,470000,60,5,0,0,29699,"2025-08-02 16:31:46"
25159186497,2025-07-28,CUSTOMER,FULL,1973-08-15,51,1995-04-25,30,1030000,48,4,0,0,52068,"2025-08-02 16:31:04"
8800490807,2025-08-02,CUSTOMER,FULL,1997-03-17,28,NULL,0,295001,60,5,0,0,3791,"2025-08-02 16:30:48"
8800559276,2025-08-02,CUSTOMER,FULL,1976-07-12,49,NULL,0,330000,42,4,0,0,13957,"2025-08-02 16:30:03"
25159677610,2025-08-02,CUSTOMER,FULL,1994-08-16,30,2001-11-12,23,1100000,84,7,0,0,18705,"2025-08-02 16:29:14"
8800472530,2025-07-26,CUSTOMER,FULL,1998-01-01,27,NULL,-1,294000,24,2,0,0,2106,"2025-08-02 16:27:57"
25159398721,2025-07-30,CUSTOMER,FULL,1997-01-01,28,NULL,-1,510000,48,4,0,0,5549,"2025-08-02 16:26:55"
25159677492,2025-08-02,CUSTOMER,FULL,2001-01-01,24,1970-01-01,55,600000,48,4,0,0,6387,"2025-08-02 16:26:46"
25159664535,2025-08-01,CUSTOMER,FULL,2005-03-28,20,1968-02-13,57,330000,48,4,0,0,2979,"2025-08-02 16:25:39"
8800027167,2025-08-02,CUSTOMER,FULL,1999-07-07,26,1975-07-13,50,1000000,72,6,0,0,14326,"2025-08-02 16:25:06"
25159677628,2025-08-02,CUSTOMER,FULL,1996-10-20,28,NULL,0,440000,48,4,0,0,4788,"2025-08-02 16:22:54"
8800473692,2025-07-31,CUSTOMER,FULL,1993-05-11,32,NULL,-1,300000,60,5,0,0,4199,"2025-08-02 16:22:01"
25159677528,2025-08-02,CUSTOMER,FULL,1990-01-01,35,NULL,0,180000,24,2,0,0,1539,"2025-08-02 16:20:11"
25159674915,2025-08-02,CUSTOMER,FULL,1980-01-01,45,NULL,0,160000,12,1,0,0,1609,"2025-08-02 16:19:35"
25159416585,2025-07-30,CUSTOMER,FULL,1984-07-05,41,NULL,-1,650000,48,4,0,0,13239,"2025-08-02 16:19:26"
8800483848,2025-07-30,CUSTOMER,FULL,1984-08-18,40,1989-11-10,35,350000,24,2,0,0,3944,"2025-08-02 16:19:15"
8800211572,2025-08-02,CUSTOMER,"PARTIAL FINANCE AMOUNT",1977-06-01,48,NULL,0,550000,60,5,275000,0,13052,"2025-08-02 16:19:08"
25159677699,2025-08-02,CUSTOMER,FULL,1991-08-19,33,NULL,0,280000,36,3,0,0,2895,"2025-08-02 16:19:00"
25159665314,2025-08-01,CUSTOMER,FULL,1998-05-06,27,NULL,-1,710000,54,5,0,0,8144,"2025-08-02 16:17:53"
25159171017,2025-07-28,CUSTOMER,FULL,1998-07-06,27,NULL,-1,260000,36,3,0,0,2298,"2025-08-02 16:16:45"
25159677260,2025-08-02,CUSTOMER,FULL,1997-01-01,28,NULL,0,320000,40,4,0,0,3244,"2025-08-02 16:16:41"
8800319503,2025-07-08,CUSTOMER,FULL,1996-01-01,29,1971-07-05,54,340000,36,3,0,0,3094,"2025-08-02 16:16:22"
8800507453,2025-08-02,CUSTOMER,FULL,1965-01-09,60,1995-05-23,30,255000,30,3,0,0,22102,"2025-08-02 16:12:33"
25159167252,2025-07-28,CUSTOMER,FULL,1985-06-06,40,1985-07-06,40,490000,60,5,0,0,11432,"2025-08-02 16:11:47"
25159170642,2025-07-28,CUSTOMER,FULL,1978-01-05,47,1990-07-17,35,490000,48,4,0,0,17161,"2025-08-02 16:08:41"
25159667528,2025-08-01,CUSTOMER,FULL,1981-01-01,44,1988-09-06,36,800000,60,5,0,0,22600,"2025-08-02 16:08:25"
25159677182,2025-08-02,CUSTOMER,FULL,1996-08-21,28,1984-01-01,41,350000,48,4,0,0,3808,"2025-08-02 16:06:55"
25159655244,2025-08-01,CUSTOMER,FULL,1996-01-12,29,NULL,-1,180000,36,3,0,0,1670,"2025-08-02 16:04:22"
8800419198,2025-07-16,CUSTOMER,FULL,2004-08-24,20,1964-03-24,61,325000,36,3,0,0,2535,"2025-08-02 16:03:55"
25159036405,2025-07-22,CUSTOMER,FULL,1998-03-09,27,NULL,-1,930000,60,5,0,0,11776,"2025-08-02 16:03:33"
25159676557,2025-08-02,CUSTOMER,FULL,1985-01-01,40,NULL,0,280001,36,3,0,0,4104,"2025-08-02 16:02:19"
25159675056,2025-08-02,CUSTOMER,FULL,2000-01-01,25,1991-01-10,34,950000,60,5,0,0,10291,"2025-08-02 16:00:23"
25159672109,2025-08-02,CUSTOMER,FULL,1970-01-01,55,NULL,0,790000,72,6,0,0,81605,"2025-08-02 15:59:41"
25159658389,2025-08-01,CUSTOMER,FULL,1993-05-20,32,1997-02-01,28,1600000,60,5,0,0,20164,"2025-08-02 15:59:04"
25159127065,2025-07-25,CUSTOMER,FULL,1985-12-12,39,NULL,-1,207000,36,3,0,0,2863,"2025-08-02 15:58:25"
25159125766,2025-07-25,CUSTOMER,FULL,1989-09-18,35,NULL,-1,400000,48,4,0,0,5457,"2025-08-02 15:57:56"
8800498002,2025-07-30,CUSTOMER,FULL,1986-08-20,38,NULL,-1,88837,36,3,0,0,1163,"2025-08-02 15:57:51"
25159148236,2025-07-26,CO-APPLICANT,FULL,2000-01-01,25,1991-02-01,34,568000,48,4,0,0,7561,"2025-08-02 15:57:35"
8800031564,2025-08-02,CUSTOMER,FULL,1988-11-03,36,NULL,0,2700000,23,2,0,0,24195,"2025-08-02 15:56:46"
25159040290,2025-07-19,CUSTOMER,FULL,1997-09-10,27,1995-04-07,30,500000,48,4,0,0,5328,"2025-08-02 15:56:07"
8800546805,2025-08-02,CUSTOMER,FULL,1981-01-01,44,1975-01-01,50,800000,60,5,0,0,26130,"2025-08-02 15:56:00"
8800521338,2025-07-28,CUSTOMER,FULL,1990-06-23,35,1986-06-05,39,783000,60,5,0,0,11014,"2025-08-02 15:54:20"
25159677084,2025-08-02,CUSTOMER,FULL,1999-01-10,26,NULL,0,300000,36,3,0,0,2673,"2025-08-02 15:53:30"
25158044093,2025-07-02,CUSTOMER,FULL,1987-01-01,38,NULL,-1,264000,36,3,0,0,3455,"2025-08-02 15:53:01"
25159676892,2025-08-02,CUSTOMER,FULL,1980-12-03,44,NULL,0,320000,36,3,0,0,6238,"2025-08-02 15:51:58"
8800340872,2025-07-28,CUSTOMER,FULL,1993-06-14,32,1952-07-20,73,380000,48,4,0,0,4624,"2025-08-02 15:51:18"
8800144774,2025-08-02,CUSTOMER,FULL,1999-03-13,26,NULL,0,525000,60,5,0,0,5966,"2025-08-02 15:51:09"
25159676043,2025-08-02,CUSTOMER,FULL,1977-01-01,48,NULL,0,800000,60,5,0,0,36854,"2025-08-02 15:49:29"
25159671333,2025-08-02,CUSTOMER,FULL,1995-07-15,30,NULL,0,600000,48,4,0,0,6259,"2025-08-02 15:48:40"
25159316569,2025-07-29,CUSTOMER,"PARTIAL TENURE",1977-01-01,48,2000-01-01,25,580000,59,5,0,2,14318,"2025-08-02 15:48:35"
25159081954,2025-07-22,CUSTOMER,FULL,1998-03-18,27,1993-01-01,32,1540000,84,7,0,0,24823,"2025-08-02 15:47:56"
8800214681,2025-06-12,CUSTOMER,FULL,2002-02-02,23,1979-01-01,46,1300000,84,7,0,0,19114,"2025-08-02 15:47:30"
25158982040,2025-07-16,CUSTOMER,FULL,1992-07-05,33,NULL,-1,320000,60,5,0,0,4664,"2025-08-02 15:46:07"
25159397335,2025-07-30,CUSTOMER,FULL,2003-04-09,22,NULL,-1,735000,60,5,0,0,7789,"2025-08-02 15:42:56"
25159677115,2025-08-02,CUSTOMER,FULL,1978-01-08,47,NULL,0,375000,48,4,0,0,13629,"2025-08-02 15:42:09"
25158983770,2025-07-16,CUSTOMER,FULL,1990-01-01,35,NULL,-1,330000,48,4,0,0,3992,"2025-08-02 15:41:52"
8800295358,2025-07-24,CUSTOMER,FULL,1991-01-01,34,NULL,-1,200000,23,2,0,0,1639,"2025-08-02 15:40:55"
25159677091,2025-08-02,CUSTOMER,FULL,2003-08-09,21,1999-01-01,26,320000,48,4,0,0,2934,"2025-08-02 15:40:48"
8800207526,2025-08-02,CUSTOMER,FULL,1997-11-12,27,1964-04-03,61,850000,53,5,0,0,9750,"2025-08-02 15:40:48"
8800426392,2025-08-01,CUSTOMER,FULL,2000-07-11,25,1993-01-01,32,230000,36,3,0,0,2031,"2025-08-02 15:40:09"
25159677317,2025-08-02,CUSTOMER,FULL,2004-07-01,21,2000-04-04,25,500000,60,5,0,0,6243,"2025-08-02 15:38:43"
8800392770,2025-08-02,CUSTOMER,FULL,2003-12-14,21,NULL,0,660000,60,5,0,0,8240,"2025-08-02 15:38:23"
25159520676,2025-07-31,CUSTOMER,FULL,1984-01-01,41,1972-09-10,52,306000,36,3,0,0,4781,"2025-08-02 15:38:07"
25159164437,2025-07-27,CUSTOMER,FULL,1999-08-15,25,NULL,-1,990000,60,5,0,0,10725,"2025-08-02 15:37:59"
25159677065,2025-08-02,CUSTOMER,FULL,2001-03-15,24,NULL,0,900000,18,2,0,0,6107,"2025-08-02 15:34:46"
25159669151,2025-08-02,CUSTOMER,FULL,1981-12-10,43,1999-11-18,25,440000,48,4,0,0,10670,"2025-08-02 15:34:21"
25159677180,2025-08-02,CUSTOMER,FULL,2002-08-21,22,1973-01-01,52,680000,60,5,0,0,8490,"2025-08-02 15:32:49"
25158811125,2025-07-09,CUSTOMER,"PARTIAL FINANCE AMOUNT",1980-06-20,45,NULL,-1,245000,24,2,183750,0,3342,"2025-08-02 15:31:40"
25159666960,2025-08-01,CUSTOMER,FULL,2001-09-06,23,1969-01-01,56,1060000,60,5,0,0,11308,"2025-08-02 15:31:27"
8800268610,2025-08-02,CUSTOMER,FULL,2000-01-01,25,NULL,0,256000,54,5,0,0,2774,"2025-08-02 15:29:56"
8800478487,2025-08-02,CUSTOMER,FULL,2002-03-10,23,NULL,0,299000,60,5,0,0,3190,"2025-08-02 15:29:25"
8800476706,2025-07-31,CUSTOMER,FULL,1998-01-01,27,1975-02-25,50,549000,60,5,0,0,6757,"2025-08-02 15:28:28"
25159639496,2025-08-01,CUSTOMER,FULL,1995-12-29,29,NULL,-1,310000,48,4,0,0,3187,"2025-08-02 15:27:08"
25159677152,2025-08-02,CUSTOMER,FULL,1987-01-01,38,NULL,0,320000,42,4,0,0,4989,"2025-08-02 15:26:33"
25159677156,2025-08-02,CUSTOMER,FULL,1982-01-01,43,NULL,0,650000,60,5,0,0,19375,"2025-08-02 15:25:13"
25159676037,2025-08-02,CUSTOMER,FULL,1993-01-01,32,NULL,0,719000,60,5,0,0,10419,"2025-08-02 15:24:03"
25159299874,2025-07-29,CUSTOMER,FULL,1993-07-08,32,NULL,-1,450000,36,3,0,0,4514,"2025-08-02 15:22:46"
8800253250,2025-08-01,CUSTOMER,FULL,1988-10-16,36,NULL,-1,400000,60,5,0,0,6783,"2025-08-02 15:22:39"
8800090910,2025-07-05,CUSTOMER,FULL,1982-01-01,43,1964-01-01,61,930000,72,6,0,0,30903,"2025-08-02 15:21:54"
25159036983,2025-07-19,CUSTOMER,FULL,2001-10-11,23,1972-08-13,52,1136000,60,5,0,0,12118,"2025-08-02 15:21:38"
8800467585,2025-07-29,CUSTOMER,FULL,1995-01-01,30,NULL,-1,500000,60,5,0,0,6001,"2025-08-02 15:21:26"
25159671553,2025-08-02,CO-APPLICANT,FULL,2000-01-01,25,1997-12-11,27,600000,60,5,0,0,7597,"2025-08-02 15:19:54"
25159675744,2025-08-02,CUSTOMER,FULL,1985-07-28,40,1995-04-22,30,758000,59,5,0,0,15662,"2025-08-02 15:19:49"
25159537069,2025-07-31,CUSTOMER,FULL,2003-02-02,22,1982-04-10,43,313000,48,4,0,0,2907,"2025-08-02 15:18:31"
25159181879,2025-07-28,CUSTOMER,FULL,2004-07-10,21,1978-01-01,47,340000,36,3,0,0,2993,"2025-08-02 15:18:26"
25159057944,2025-07-21,CUSTOMER,FULL,1987-05-12,38,NULL,-1,520000,60,5,0,0,10518,"2025-08-02 15:17:07"
25159664278,2025-08-01,CUSTOMER,FULL,1992-02-10,33,NULL,-1,945000,60,5,0,0,12311,"2025-08-02 15:13:43"
8800523952,2025-07-31,CUSTOMER,FULL,1987-04-21,38,NULL,-1,200000,12,1,0,0,2001,"2025-08-02 15:13:03"
8800456178,2025-08-02,CUSTOMER,FULL,1999-11-26,25,NULL,0,600000,60,5,0,0,7243,"2025-08-02 15:11:53"
8800285753,2025-06-13,CUSTOMER,FULL,2002-02-08,23,NULL,-1,750000,60,5,0,0,9364,"2025-08-02 15:09:48"
25159674873,2025-08-02,CUSTOMER,FULL,1994-01-01,31,1966-01-01,59,310000,36,3,0,0,2832,"2025-08-02 15:08:37"
8800454903,2025-07-29,CUSTOMER,FULL,1989-11-11,35,NULL,-1,430000,24,2,0,0,3806,"2025-08-02 15:07:05"
25159664398,2025-08-01,CUSTOMER,FULL,1992-01-01,33,1994-01-01,31,640000,48,4,0,0,8126,"2025-08-02 15:06:55"
25159526314,2025-07-31,CUSTOMER,FULL,1994-07-05,31,NULL,-1,295000,36,3,0,0,2695,"2025-08-02 15:06:17"
25159412463,2025-07-30,CUSTOMER,FULL,2007-03-22,18,1983-01-01,42,253000,48,4,0,0,2174,"2025-08-02 15:06:02"
25159676308,2025-08-02,CUSTOMER,FULL,2002-07-20,23,NULL,0,550000,48,4,0,0,5627,"2025-08-02 15:05:07"
25159411094,2025-07-30,CUSTOMER,FULL,1998-01-01,27,1970-01-01,55,336500,36,3,0,0,2919,"2025-08-02 15:05:00"
8800245750,2025-07-28,CUSTOMER,FULL,1981-07-01,44,NULL,-1,300000,30,3,0,0,6475,"2025-08-02 15:04:34"
8800502614,2025-07-31,CUSTOMER,FULL,1988-01-20,37,1993-03-04,32,300000,36,3,0,0,3795,"2025-08-02 15:03:42"
25159674012,2025-08-02,CO-APPLICANT,FULL,1969-03-01,56,1995-01-01,30,750000,48,4,0,0,8523,"2025-08-02 15:02:11"
25159042736,2025-07-19,CUSTOMER,FULL,1983-01-01,42,1975-01-01,50,330000,48,4,0,0,6671,"2025-08-02 15:01:59"
25159662994,2025-08-01,CUSTOMER,FULL,1990-07-15,35,NULL,-1,600000,60,5,0,0,8440,"2025-08-02 15:01:13"
8800458739,2025-08-02,CUSTOMER,FULL,1997-10-01,27,NULL,0,150000,36,3,0,0,1351,"2025-08-02 15:00:30"
25159667437,2025-08-02,CUSTOMER,FULL,1997-09-15,27,NULL,0,820000,60,5,0,0,10383,"2025-08-02 14:58:16"
8800328625,2025-08-02,CUSTOMER,FULL,1992-07-08,33,NULL,0,500000,59,5,0,0,7287,"2025-08-02 14:58:09"
25158806625,2025-08-02,CO-APPLICANT,FULL,1986-03-13,39,1990-01-01,35,300000,36,3,0,0,3417,"2025-08-02 14:57:50"
25159406316,2025-07-30,CUSTOMER,FULL,2000-07-11,25,1989-05-26,36,510000,60,5,0,0,6368,"2025-08-02 14:56:00"
8800501914,2025-08-02,CUSTOMER,FULL,1993-07-15,32,NULL,0,329000,36,3,0,0,3071,"2025-08-02 14:54:34"
25159673495,2025-08-02,CUSTOMER,FULL,1991-12-16,33,NULL,0,1011000,60,5,0,0,13171,"2025-08-02 14:53:48"
25159673240,2025-08-02,CUSTOMER,FULL,2002-04-10,23,NULL,0,169000,24,2,0,0,1139,"2025-08-02 14:53:23"
25159673407,2025-08-02,CUSTOMER,FULL,1967-01-01,58,1997-04-12,28,535000,36,3,0,0,39356,"2025-08-02 14:52:49"
25159125484,2025-07-25,CUSTOMER,FULL,1986-01-26,39,1994-02-07,31,500000,48,4,0,0,9016,"2025-08-02 14:52:09"
8800541851,2025-08-02,CUSTOMER,FULL,1992-05-05,33,NULL,0,1675000,72,6,0,0,27810,"2025-08-02 14:52:00"
8800194730,2025-07-28,CO-APPLICANT,FULL,1965-11-25,59,1984-03-05,41,350000,48,4,0,0,7311,"2025-08-02 14:50:50"
25159648547,2025-08-01,CUSTOMER,FULL,1997-05-10,28,NULL,-1,420000,24,2,0,0,3093,"2025-08-02 14:48:59"
25159494002,2025-07-31,CUSTOMER,FULL,1985-06-10,40,NULL,-1,1055000,72,6,0,0,27712,"2025-08-02 14:48:20"
25159675863,2025-08-02,CUSTOMER,FULL,1975-02-12,50,1983-12-24,41,335000,36,3,0,0,12646,"2025-08-02 14:47:17"
25159540782,2025-07-31,CUSTOMER,FULL,2000-02-22,25,1998-11-01,26,200000,36,3,0,0,1761,"2025-08-02 14:45:50"
25159670212,2025-08-02,CUSTOMER,FULL,1989-03-17,36,NULL,0,850000,48,4,0,0,11966,"2025-08-02 14:40:49"
25159320670,2025-07-31,CUSTOMER,FULL,2004-04-20,21,1973-01-01,52,870000,60,5,0,0,10862,"2025-08-02 14:39:45"
25159283677,2025-07-29,CUSTOMER,FULL,1994-05-03,31,NULL,-1,992000,71,6,0,0,15452,"2025-08-02 14:39:43"
8800491079,2025-08-02,CUSTOMER,FULL,1998-09-05,26,NULL,0,276000,36,3,0,0,2371,"2025-08-02 14:37:14"
8800498577,2025-07-31,CUSTOMER,FULL,1972-02-04,53,NULL,-1,450000,36,3,0,0,22855,"2025-08-02 14:36:11"
25159675485,2025-08-02,CUSTOMER,FULL,1976-01-01,49,NULL,0,1800000,36,3,0,0,64782,"2025-08-02 14:36:10"
8800415818,2025-07-24,CUSTOMER,FULL,1998-10-02,26,NULL,-1,948000,48,4,0,0,10102,"2025-08-02 14:34:24"
8800332808,2025-08-02,CUSTOMER,FULL,1980-08-19,44,NULL,0,120000,24,2,0,0,1698,"2025-08-02 14:31:36"
25157956533,2025-08-01,CUSTOMER,FULL,1996-01-01,29,NULL,-1,550000,36,3,0,0,4862,"2025-08-02 14:30:05"
25159675017,2025-08-02,CUSTOMER,FULL,2005-01-26,20,1987-01-01,38,817000,60,5,0,0,8407,"2025-08-02 14:29:59"
8800540867,2025-08-01,CUSTOMER,FULL,1982-12-15,42,NULL,-1,280000,36,3,0,0,4686,"2025-08-02 14:29:25"
25159674579,2025-08-02,CUSTOMER,FULL,1993-01-01,32,1996-01-01,29,750000,60,5,0,0,10868,"2025-08-02 14:29:17"
8800517573,2025-08-02,CUSTOMER,FULL,1988-07-05,37,NULL,0,1280000,60,5,0,0,24242,"2025-08-02 14:29:01"
8800509532,2025-08-02,CO-APPLICANT,FULL,2000-01-01,25,1995-01-01,30,753000,36,3,0,0,7011,"2025-08-02 14:28:33"
8800470155,2025-07-25,CUSTOMER,FULL,1966-01-01,59,NULL,-1,900000,60,5,0,0,105404,"2025-08-02 14:27:29"
25159658342,2025-08-01,CUSTOMER,FULL,1990-07-02,35,NULL,-1,280000,30,3,0,0,3179,"2025-08-02 14:27:27"
8800436674,2025-07-17,CUSTOMER,FULL,1998-05-15,27,NULL,-1,313000,60,5,0,0,3590,"2025-08-02 14:26:04"
25159077998,2025-07-22,CUSTOMER,FULL,1984-06-04,41,1992-01-01,33,288000,36,3,0,0,4500,"2025-08-02 14:25:31"
8800388275,2025-08-02,CUSTOMER,FULL,1976-09-26,48,NULL,0,145000,30,3,0,0,4682,"2025-08-02 14:25:26"
8800493312,2025-08-02,CUSTOMER,FULL,1989-07-10,36,NULL,0,400000,36,3,0,0,4758,"2025-08-02 14:24:52"
25159674741,2025-08-02,CUSTOMER,FULL,1985-01-01,40,NULL,0,200000,24,2,0,0,2415,"2025-08-02 14:23:08"
25159651925,2025-08-01,CUSTOMER,FULL,1989-01-01,36,NULL,-1,230000,23,2,0,0,2062,"2025-08-02 14:22:45"
25159029263,2025-07-18,CUSTOMER,FULL,1971-10-10,53,1989-07-01,36,256000,36,3,0,0,12473,"2025-08-02 14:21:24"
25159671858,2025-08-02,CUSTOMER,FULL,1998-07-02,27,NULL,0,600000,60,5,0,0,6882,"2025-08-02 14:20:33"
25159660455,2025-08-02,CUSTOMER,FULL,1987-10-01,37,1999-06-21,26,670000,48,4,0,0,10579,"2025-08-02 14:20:28"
25159673277,2025-08-02,CUSTOMER,FULL,1993-07-01,32,1995-02-01,30,320000,36,3,0,0,2987,"2025-08-02 14:20:11"
25159675159,2025-08-02,CUSTOMER,FULL,1984-08-08,40,1982-10-14,42,327000,36,3,0,0,4793,"2025-08-02 14:19:46"
25159667041,2025-08-01,CUSTOMER,FULL,1974-06-01,51,1985-11-10,39,1025000,24,2,0,0,34786,"2025-08-02 14:19:19"
8800323547,2025-08-02,CUSTOMER,FULL,1999-07-27,26,1998-01-15,27,610000,48,4,0,0,6500,"2025-08-02 14:18:55"
8800456996,2025-08-02,CUSTOMER,FULL,1991-02-20,34,NULL,0,250000,23,2,0,0,2048,"2025-08-02 14:18:52"
25159405895,2025-07-30,CUSTOMER,FULL,1984-05-06,41,NULL,-1,450000,24,2,0,0,5847,"2025-08-02 14:18:48"
8800436817,2025-08-01,CUSTOMER,FULL,1994-01-01,31,1973-05-15,52,300000,30,3,0,0,2740,"2025-08-02 14:17:02"
25157763425,2025-08-02,CUSTOMER,FULL,1976-02-05,49,NULL,0,200000,12,1,0,0,4326,"2025-08-02 14:16:04"
8800441702,2025-07-17,CUSTOMER,FULL,1991-08-10,33,1994-07-07,31,1000000,60,5,0,0,13028,"2025-08-02 14:15:47"
25159672207,2025-08-02,CUSTOMER,FULL,1996-08-09,28,NULL,0,360000,30,3,0,0,3220,"2025-08-02 14:14:34"
25159136372,2025-07-29,CUSTOMER,FULL,2000-08-02,24,1972-09-09,52,700000,48,4,0,0,7451,"2025-08-02 14:12:47"
8800304804,2025-07-26,CUSTOMER,FULL,1985-10-29,39,1959-03-20,66,980000,59,5,0,0,19012,"2025-08-02 14:12:24"
25159674666,2025-08-02,CUSTOMER,FULL,1996-08-15,28,NULL,0,584000,48,4,0,0,5920,"2025-08-02 14:11:38"
8800496306,2025-08-02,CUSTOMER,FULL,1987-01-01,38,NULL,0,1030000,48,4,0,0,16056,"2025-08-02 14:10:37"
25159674220,2025-08-02,CUSTOMER,FULL,1985-01-08,40,NULL,0,172000,24,2,0,0,2091,"2025-08-02 14:10:24"
8800510726,2025-08-02,CUSTOMER,FULL,1981-06-01,44,NULL,0,535000,48,4,0,0,14413,"2025-08-02 14:09:18"
25159671195,2025-08-02,CUSTOMER,FULL,2000-07-30,25,NULL,0,326000,60,5,0,0,3532,"2025-08-02 14:08:49"
25159069344,2025-07-22,CUSTOMER,FULL,1984-01-01,41,NULL,-1,330000,42,4,0,0,6211,"2025-08-02 14:08:18"
8800113497,2025-08-01,CUSTOMER,FULL,1977-01-14,48,1980-01-01,45,170000,36,3,0,0,5495,"2025-08-02 14:07:23"
8800267976,2025-06-29,CUSTOMER,FULL,2001-09-06,23,NULL,-1,250000,15,2,0,0,1592,"2025-08-02 14:06:26"
25158815686,2025-07-10,CUSTOMER,FULL,1996-05-07,29,1955-01-01,70,500000,36,3,0,0,4638,"2025-08-02 14:06:12"
25159175445,2025-07-28,CUSTOMER,FULL,2000-10-21,24,NULL,-1,332000,54,5,0,0,3573,"2025-08-02 14:04:35"
25159671977,2025-08-02,CUSTOMER,FULL,2004-01-01,21,1978-01-01,47,1064980,72,6,0,0,15257,"2025-08-02 14:04:18"
25159673445,2025-08-02,CUSTOMER,FULL,1989-02-09,36,NULL,0,700000,48,4,0,0,9855,"2025-08-02 14:03:53"
25159649737,2025-08-01,CUSTOMER,FULL,1981-01-01,44,1982-01-01,43,650000,48,4,0,0,17511,"2025-08-02 14:02:56"
25159292116,2025-07-29,CUSTOMER,FULL,1987-04-25,38,NULL,-1,190000,35,3,0,0,2487,"2025-08-02 14:02:11"
8800521854,2025-07-31,CUSTOMER,FULL,1986-01-01,39,1980-01-01,45,1017000,60,5,0,0,19729,"2025-08-02 14:01:06"
25159670120,2025-08-02,CUSTOMER,FULL,1982-07-01,43,NULL,0,280000,24,2,0,0,3700,"2025-08-02 13:59:28"
8800415916,2025-08-02,CUSTOMER,FULL,1994-01-01,31,NULL,0,317000,48,4,0,0,3378,"2025-08-02 13:58:38"
25159674485,2025-08-02,CUSTOMER,FULL,1990-01-01,35,NULL,0,150000,36,3,0,0,1703,"2025-08-02 13:58:37"
25159559504,2025-07-31,CUSTOMER,FULL,1994-03-03,31,1970-05-01,55,155000,24,2,0,0,1171,"2025-08-02 13:57:42"
25159182168,2025-07-28,CUSTOMER,FULL,1996-06-30,29,NULL,-1,560000,48,4,0,0,6205,"2025-08-02 13:57:39"
25159666215,2025-08-01,CUSTOMER,FULL,1996-01-28,29,NULL,-1,300000,60,5,0,0,3937,"2025-08-02 13:56:57"
8800514557,2025-07-27,CUSTOMER,FULL,1985-01-01,40,NULL,-1,380000,36,3,0,0,5937,"2025-08-02 13:55:39"
25159663053,2025-08-01,CUSTOMER,FULL,1997-05-11,28,NULL,-1,500000,48,4,0,0,5440,"2025-08-02 13:55:07"
25159535943,2025-07-31,CUSTOMER,FULL,1994-09-04,30,1962-02-02,63,952000,60,5,0,0,11425,"2025-08-02 13:55:01"
25159142971,2025-07-26,CUSTOMER,FULL,1985-10-29,39,1959-03-20,66,980000,59,5,0,0,19012,"2025-08-02 13:52:30"
8800480098,2025-08-02,CUSTOMER,FULL,1998-01-01,27,NULL,0,280000,48,4,0,0,2816,"2025-08-02 13:51:50"
25159668503,2025-08-01,CUSTOMER,FULL,1992-03-01,33,NULL,-1,250000,23,2,0,0,2015,"2025-08-02 13:51:23"
25159029943,2025-07-18,CUSTOMER,FULL,1982-01-01,43,2001-08-15,23,795500,60,5,0,0,20652,"2025-08-02 13:49:55"
8800029268,2025-07-08,CUSTOMER,FULL,1970-06-01,55,1971-05-25,54,680000,48,4,0,0,50881,"2025-08-02 13:49:12"
25159673843,2025-08-02,CUSTOMER,FULL,2001-05-15,24,1966-01-10,59,749000,36,3,0,0,6117,"2025-08-02 13:48:43"
25159674264,2025-08-02,CUSTOMER,FULL,1999-02-03,26,1961-06-01,64,670000,60,5,0,0,8405,"2025-08-02 13:45:14"
8800450440,2025-07-26,CUSTOMER,FULL,1973-01-01,52,NULL,-1,900000,84,7,0,0,83686,"2025-08-02 13:44:24"
25159670566,2025-08-02,CUSTOMER,FULL,2003-01-01,22,1977-01-01,48,250000,48,4,0,0,2661,"2025-08-02 13:44:00"
25159668823,2025-08-02,CUSTOMER,FULL,1990-01-01,35,1963-01-01,62,500000,36,3,0,0,5676,"2025-08-02 13:43:54"
25158991532,2025-07-16,CUSTOMER,FULL,1986-01-01,39,NULL,-1,337000,36,3,0,0,4661,"2025-08-02 13:41:56"
25159674096,2025-08-02,CUSTOMER,FULL,1980-07-26,45,NULL,0,959000,60,5,0,0,29660,"2025-08-02 13:40:20"
25159672920,2025-08-02,CUSTOMER,FULL,1985-02-14,40,NULL,0,700000,60,5,0,0,15661,"2025-08-02 13:40:05"
25159674218,2025-08-02,CUSTOMER,FULL,1982-01-01,43,NULL,0,331500,36,3,0,0,5974,"2025-08-02 13:40:01"
25158335728,2025-07-03,CUSTOMER,FULL,2002-03-18,23,1979-01-01,46,560000,60,5,0,0,6992,"2025-08-02 13:38:29"
25159673054,2025-08-02,CUSTOMER,FULL,1993-10-20,31,NULL,0,286000,36,3,0,0,2613,"2025-08-02 13:36:37"
8800340866,2025-07-18,CUSTOMER,FULL,1997-07-05,28,1957-01-01,68,940000,60,5,0,0,10915,"2025-08-02 13:36:13"
25159121585,2025-07-25,CUSTOMER,FULL,1974-06-05,51,NULL,-1,410000,36,3,0,0,17867,"2025-08-02 13:35:07"
25159413825,2025-07-30,CUSTOMER,FULL,2005-06-22,20,NULL,-1,310000,36,3,0,0,2418,"2025-08-02 13:32:58"
25159502514,2025-07-31,CUSTOMER,FULL,1974-06-01,51,1985-11-10,39,1025000,24,2,0,0,34786,"2025-08-02 13:32:50"
25159292009,2025-07-29,CUSTOMER,FULL,1987-04-21,38,NULL,-1,456000,47,4,0,0,7437,"2025-08-02 13:32:39"
25159662934,2025-08-01,CUSTOMER,FULL,1997-06-05,28,NULL,-1,960000,59,5,0,0,11147,"2025-08-02 13:32:20"
25159082612,2025-07-22,CUSTOMER,FULL,1984-11-20,40,1998-01-25,27,840000,36,3,0,0,12311,"2025-08-02 13:31:59"
8800425937,2025-08-02,CUSTOMER,FULL,2001-08-11,23,1975-08-20,49,840000,60,5,0,0,10487,"2025-08-02 13:31:16"
25159668851,2025-08-02,CUSTOMER,FULL,1983-08-27,41,NULL,0,325000,48,4,0,0,6620,"2025-08-02 13:30:15"
8800511681,2025-08-02,CUSTOMER,FULL,1992-01-02,33,NULL,0,324000,54,5,0,0,4221,"2025-08-02 13:30:07"
25159673666,2025-08-02,CUSTOMER,FULL,2006-05-25,19,1986-07-05,39,787000,60,5,0,0,7941,"2025-08-02 13:29:39"
25159040575,2025-07-19,CUSTOMER,FULL,2002-07-10,23,NULL,-1,500000,60,5,0,0,5334,"2025-08-02 13:29:31"
8800495911,2025-07-28,CUSTOMER,FULL,1976-08-30,48,1972-11-01,52,478000,48,4,0,0,19110,"2025-08-02 13:28:55"
8800480867,2025-07-23,CUSTOMER,FULL,1990-10-15,34,NULL,-1,250000,36,3,0,0,2478,"2025-08-02 13:23:31"
25159663960,2025-08-01,CUSTOMER,FULL,1998-07-07,27,1960-01-01,65,430000,42,4,0,0,4618,"2025-08-02 13:22:26"
25159672408,2025-08-02,CUSTOMER,FULL,1984-03-22,41,NULL,0,200000,36,3,0,0,3349,"2025-08-02 13:20:59"
8800357443,2025-07-30,CUSTOMER,FULL,1992-06-02,33,NULL,-1,450000,48,4,0,0,5597,"2025-08-02 13:20:43"
25159520141,2025-07-31,CUSTOMER,FULL,1982-01-01,43,NULL,-1,152000,24,2,0,0,2284,"2025-08-02 13:20:02"
25159672971,2025-08-02,CUSTOMER,FULL,1983-04-10,42,NULL,0,300000,36,3,0,0,5020,"2025-08-02 13:17:32"
25159664648,2025-08-01,CUSTOMER,FULL,1991-04-29,34,NULL,-1,283000,42,4,0,0,3293,"2025-08-02 13:17:26"
25159645449,2025-08-01,CUSTOMER,FULL,2000-02-05,25,1993-11-15,31,611000,84,7,0,0,9928,"2025-08-02 13:17:23"
25159020559,2025-07-28,CUSTOMER,FULL,1983-05-10,42,NULL,-1,140000,24,2,0,0,1965,"2025-08-02 13:16:57"
25159666967,2025-08-01,CUSTOMER,FULL,1999-05-05,26,1969-01-01,56,607000,48,4,0,0,6468,"2025-08-02 13:16:46"
25159671299,2025-08-02,CUSTOMER,FULL,2000-11-03,24,1974-01-01,51,70000,12,1,0,0,276,"2025-08-02 13:16:02"
25159673034,2025-08-02,CUSTOMER,FULL,1988-01-01,37,NULL,0,1000000,24,2,0,0,9912,"2025-08-02 13:15:06"
8800292249,2025-08-02,CUSTOMER,FULL,1989-01-01,36,NULL,0,750000,60,5,0,0,13346,"2025-08-02 13:15:06"
25159668945,2025-08-02,CUSTOMER,FULL,1991-02-01,34,NULL,0,450000,36,3,0,0,4870,"2025-08-02 13:14:30"
25159179673,2025-07-28,CO-APPLICANT,FULL,1971-01-01,54,1997-07-10,28,365000,48,4,0,0,3972,"2025-08-02 13:14:29"
25159668433,2025-08-01,CUSTOMER,FULL,1985-08-01,40,NULL,-1,400000,24,2,0,0,4508,"2025-08-02 13:14:00"
8800232224,2025-07-31,CUSTOMER,FULL,1996-01-01,29,NULL,-1,260000,18,2,0,0,1857,"2025-08-02 13:12:00"
25159663526,2025-08-01,CUSTOMER,FULL,1994-07-06,31,NULL,-1,620000,48,4,0,0,7273,"2025-08-02 13:11:41"
25159672242,2025-08-02,CUSTOMER,FULL,1995-05-20,30,2003-03-08,22,990000,71,6,0,0,15047,"2025-08-02 13:10:28"
25159669359,2025-08-02,CUSTOMER,FULL,1978-01-13,47,NULL,0,800000,24,2,0,0,18682,"2025-08-02 13:10:27"
25159110645,2025-07-25,CUSTOMER,FULL,1982-03-21,43,NULL,-1,900000,84,7,0,0,36618,"2025-08-02 13:10:24"
8800482952,2025-07-25,CUSTOMER,FULL,1997-01-01,28,NULL,-1,289000,36,3,0,0,2521,"2025-08-02 13:08:21"
25159671092,2025-08-02,CUSTOMER,FULL,1996-01-01,29,1968-06-12,57,325000,42,4,0,0,3341,"2025-08-02 13:07:37"
8800476547,2025-08-02,CUSTOMER,FULL,1979-06-01,46,NULL,0,300000,22,2,0,0,6011,"2025-08-02 13:07:18"
8800463395,2025-08-02,CUSTOMER,FULL,1996-07-01,29,1996-08-04,28,820000,60,5,0,0,10760,"2025-08-02 13:06:55"
25159077752,2025-07-22,CUSTOMER,FULL,1977-01-01,48,2004-02-08,21,150000,18,2,0,0,3852,"2025-08-02 13:06:54"
25159431504,2025-07-30,CUSTOMER,FULL,1990-01-01,35,1988-01-01,37,250000,24,2,0,0,2130,"2025-08-02 13:06:36"
8800530618,2025-08-02,CUSTOMER,FULL,1992-12-29,32,NULL,0,468000,48,4,0,0,5694,"2025-08-02 13:05:02"
25159294493,2025-07-29,CUSTOMER,FULL,2004-04-26,21,1982-07-10,43,720000,36,3,0,0,5701,"2025-08-02 13:04:52"
25159673059,2025-08-02,CUSTOMER,FULL,1990-03-10,35,NULL,0,272000,48,4,0,0,3290,"2025-08-02 13:04:33"
8800488123,2025-08-01,CUSTOMER,FULL,2006-05-25,19,NULL,-1,787000,60,5,0,0,7941,"2025-08-02 13:03:59"
8800542902,2025-07-30,CUSTOMER,FULL,1992-04-30,33,NULL,-1,284900,36,3,0,0,2730,"2025-08-02 13:02:47"
8800244697,2025-07-27,CUSTOMER,FULL,1999-08-13,25,1970-01-01,55,300000,36,3,0,0,2641,"2025-08-02 13:01:56"
25159670045,2025-08-02,CUSTOMER,"PARTIAL TENURE",1976-07-10,49,1982-04-10,43,560000,48,4,0,2,15800,"2025-08-02 13:00:30"
25159139872,2025-07-26,CUSTOMER,FULL,1989-01-01,36,2004-03-03,21,506000,54,5,0,0,8294,"2025-08-02 13:00:04"
8800274778,2025-07-31,CUSTOMER,FULL,1987-01-23,38,NULL,-1,332000,54,5,0,0,6061,"2025-08-02 12:59:33"
25159632173,2025-08-01,CUSTOMER,FULL,1986-01-01,39,NULL,-1,100000,18,2,0,0,1065,"2025-08-02 12:58:16"
25159179298,2025-07-28,CUSTOMER,FULL,1999-05-06,26,1965-01-01,60,330000,48,4,0,0,3295,"2025-08-02 12:56:50"
8800535259,2025-08-02,CUSTOMER,FULL,1997-04-02,28,1977-01-15,48,676000,72,6,0,0,10051,"2025-08-02 12:53:04"
25159666319,2025-08-01,CUSTOMER,FULL,1995-07-01,30,2000-03-17,25,800000,60,5,0,0,9601,"2025-08-02 12:51:47"
25159672283,2025-08-02,CUSTOMER,"PARTIAL FINANCE AMOUNT",1972-08-13,52,NULL,0,328000,48,4,164000,0,9034,"2025-08-02 12:51:45"
25159390778,2025-07-30,CUSTOMER,FULL,2001-06-15,24,1958-01-01,67,1050000,60,5,0,0,11300,"2025-08-02 12:51:25"
8800360771,2025-08-02,CUSTOMER,FULL,1990-12-25,34,NULL,0,1700000,84,7,0,0,33079,"2025-08-02 12:50:41"
25158919127,2025-07-12,CUSTOMER,FULL,1997-08-02,27,NULL,-1,336000,42,4,0,0,3379,"2025-08-02 12:50:21"
25159109516,2025-07-24,CUSTOMER,FULL,1995-01-04,30,1988-06-05,37,894000,84,7,0,0,15202,"2025-08-02 12:49:54"
8800442241,2025-08-02,CUSTOMER,FULL,2002-10-31,22,1974-05-01,51,501000,60,5,0,0,6255,"2025-08-02 12:48:39"
25159670545,2025-08-02,CO-APPLICANT,FULL,1984-09-10,40,2003-10-19,21,100000,24,2,0,0,696,"2025-08-02 12:48:31"
8800514226,2025-08-02,CUSTOMER,FULL,1988-01-01,37,NULL,0,350000,36,3,0,0,4428,"2025-08-02 12:47:54"
25159671944,2025-08-02,CUSTOMER,FULL,1990-01-01,35,NULL,0,350000,36,3,0,0,3986,"2025-08-02 12:45:51"
25159671918,2025-08-02,CUSTOMER,FULL,2002-01-01,23,1978-01-01,47,331000,36,3,0,0,2676,"2025-08-02 12:45:42"
25159340915,2025-07-29,CUSTOMER,FULL,1986-01-01,39,NULL,-1,300000,36,3,0,0,4149,"2025-08-02 12:45:41"
25159032036,2025-07-18,CUSTOMER,FULL,1975-01-01,50,1984-01-01,41,169000,24,2,0,0,5239,"2025-08-02 12:44:52"
8800541453,2025-07-31,CUSTOMER,FULL,1990-01-01,35,1995-01-01,30,330000,42,4,0,0,3992,"2025-08-02 12:44:46"
25159670520,2025-08-02,CO-APPLICANT,FULL,1974-01-01,51,1994-07-30,31,1800000,60,5,0,0,25085,"2025-08-02 12:43:04"
25159669639,2025-08-02,CO-APPLICANT,FULL,1968-05-15,57,2000-02-26,25,250000,24,2,0,0,1741,"2025-08-02 12:42:58"
8800288721,2025-08-02,CUSTOMER,FULL,1975-01-01,50,1971-06-28,54,640000,48,4,0,0,29635,"2025-08-02 12:42:29"
25159670166,2025-08-02,CUSTOMER,FULL,1998-03-12,27,1996-09-10,28,740000,36,3,0,0,6541,"2025-08-02 12:40:26"
25159671442,2025-08-02,CUSTOMER,FULL,1979-03-01,46,NULL,0,950000,60,5,0,0,36220,"2025-08-02 12:40:09"
25159658905,2025-08-01,CUSTOMER,FULL,1996-12-20,28,NULL,-1,110000,24,2,0,0,810,"2025-08-02 12:39:43"
8800519536,2025-07-31,CUSTOMER,FULL,1982-01-01,43,1993-01-01,32,310000,48,4,0,0,6771,"2025-08-02 12:39:28"
25158743546,2025-07-04,CUSTOMER,FULL,1988-07-20,36,1985-02-15,40,290000,36,3,0,0,3491,"2025-08-02 12:39:27"
25159393779,2025-07-30,CUSTOMER,FULL,1993-11-20,31,1999-10-25,25,773500,72,6,0,0,12049,"2025-08-02 12:39:20"
8800133373,2025-07-31,CUSTOMER,FULL,1994-04-01,31,NULL,-1,250000,36,3,0,0,2431,"2025-08-02 12:39:14"
25159671152,2025-08-02,CUSTOMER,FULL,1985-03-06,40,NULL,0,550000,60,5,0,0,12831,"2025-08-02 12:38:28"
25159121317,2025-07-25,CUSTOMER,FULL,2000-01-01,25,1997-06-14,28,900000,60,5,0,0,9750,"2025-08-02 12:37:13"
8800512432,2025-08-02,CUSTOMER,FULL,2002-01-01,23,1965-01-01,60,1000000,48,4,0,0,10231,"2025-08-02 12:36:31"
8800242680,2025-08-02,CUSTOMER,FULL,1984-03-02,41,NULL,0,600000,36,3,0,0,10047,"2025-08-02 12:36:25"
8800262019,2025-08-02,CUSTOMER,FULL,1997-01-01,28,NULL,0,400000,36,3,0,0,3578,"2025-08-02 12:36:24"
8800467870,2025-08-02,CUSTOMER,FULL,1987-12-05,37,NULL,0,1210000,60,5,0,0,20889,"2025-08-02 12:35:30"
25158865368,2025-07-11,CUSTOMER,FULL,1998-08-20,26,1963-02-16,62,300000,48,4,0,0,3165,"2025-08-02 12:35:19"
25159671489,2025-08-02,CUSTOMER,FULL,2000-05-17,25,NULL,0,325000,36,3,0,0,2666,"2025-08-02 12:34:45"
25159671531,2025-08-02,CUSTOMER,FULL,1985-10-12,39,NULL,0,1116000,60,5,0,0,21650,"2025-08-02 12:34:22"
8800521792,2025-08-02,CUSTOMER,FULL,2002-01-20,23,NULL,0,480000,48,4,0,0,4492,"2025-08-02 12:33:52"
8800535911,2025-08-02,CUSTOMER,FULL,1986-10-15,38,NULL,0,162000,13,2,0,0,1621,"2025-08-02 12:32:45"
8800511679,2025-08-01,CUSTOMER,FULL,1990-03-10,35,NULL,-1,314000,54,5,0,0,4417,"2025-08-02 12:32:09"
25159671375,2025-08-02,CUSTOMER,FULL,1995-06-01,30,NULL,0,290000,36,3,0,0,2601,"2025-08-02 12:31:39"
25159051643,2025-07-21,CUSTOMER,FULL,1980-12-25,44,1957-01-01,68,600000,60,5,0,0,19598,"2025-08-02 12:31:04"
25159666120,2025-08-01,CUSTOMER,FULL,1989-07-01,36,NULL,-1,1135571,60,5,0,0,20207,"2025-08-02 12:27:23"
8800447592,2025-07-31,CUSTOMER,FULL,1989-01-15,36,NULL,-1,560000,48,4,0,0,8056,"2025-08-02 12:27:09"
25159671335,2025-08-02,CUSTOMER,FULL,2000-04-21,25,1966-04-06,59,235000,30,3,0,0,1928,"2025-08-02 12:26:54"
8800200985,2025-08-02,CO-APPLICANT,FULL,1963-01-01,62,1996-07-10,29,298000,36,3,0,0,2712,"2025-08-02 12:26:45"
25159670653,2025-08-02,CUSTOMER,FULL,1997-06-20,28,1976-01-01,49,308000,36,3,0,0,2686,"2025-08-02 12:24:41"
25159657632,2025-08-01,CUSTOMER,FULL,1989-01-01,36,NULL,-1,1000000,36,3,0,0,11895,"2025-08-02 12:22:38"
25159064056,2025-07-21,CUSTOMER,FULL,2006-03-15,19,2006-04-15,19,635000,60,5,0,0,7838,"2025-08-02 12:20:42"
25158935762,2025-07-15,CUSTOMER,FULL,1984-10-22,40,NULL,-1,650000,60,5,0,0,15164,"2025-08-02 12:20:41"
25159669078,2025-08-02,CUSTOMER,FULL,1993-09-26,31,NULL,0,237000,35,3,0,0,2165,"2025-08-02 12:19:42"
25159669125,2025-08-02,CUSTOMER,FULL,1975-05-16,50,2000-09-06,24,250000,36,3,0,0,9438,"2025-08-02 12:19:32"
25159670133,2025-08-02,CUSTOMER,FULL,1991-06-10,34,1991-12-15,33,1136000,60,5,0,0,15336,"2025-08-02 12:18:01"
25159070308,2025-07-22,CUSTOMER,FULL,1991-07-08,34,NULL,-1,360000,24,2,0,0,2949,"2025-08-02 12:17:19"
25159562631,2025-07-31,CUSTOMER,FULL,1985-01-01,40,2001-09-12,23,500000,42,4,0,0,9682,"2025-08-02 12:17:09"
25159393773,2025-07-30,CUSTOMER,FULL,1993-01-01,32,NULL,-1,1070000,72,6,0,0,17159,"2025-08-02 12:16:53"
8800103946,2025-08-02,CUSTOMER,FULL,1995-07-14,30,1975-12-10,49,1650000,60,5,0,0,19801,"2025-08-02 12:16:02"
8800161876,2025-07-25,CUSTOMER,FULL,1988-07-02,37,NULL,-1,200000,24,2,0,0,1983,"2025-08-02 12:15:55"
25159644410,2025-08-01,CUSTOMER,FULL,2003-04-16,22,1994-04-12,31,1755000,60,5,0,0,18597,"2025-08-02 12:15:14"
8800216115,2025-08-02,CUSTOMER,FULL,1998-02-02,27,NULL,0,500000,60,5,0,0,6154,"2025-08-02 12:14:07"
8800537951,2025-07-26,CUSTOMER,FULL,1988-04-05,37,NULL,-1,305000,36,3,0,0,3898,"2025-08-02 12:13:34"
25159670102,2025-08-02,CUSTOMER,FULL,1978-07-22,47,NULL,0,280000,36,3,0,0,8191,"2025-08-02 12:12:57"
8800466417,2025-08-01,CUSTOMER,FULL,1976-06-01,49,2003-11-05,21,888000,72,6,0,0,53053,"2025-08-02 12:12:45"
25157653543,2025-06-24,CUSTOMER,FULL,1992-08-10,32,1994-01-05,31,2600000,22,2,0,0,19927,"2025-08-02 12:10:43"
25159670542,2025-08-02,CUSTOMER,FULL,2001-06-28,24,1974-01-01,51,300000,36,3,0,0,2641,"2025-08-02 12:10:21"
25158998231,2025-07-17,CUSTOMER,FULL,1990-01-01,35,1987-01-01,38,254000,36,3,0,0,2602,"2025-08-02 12:09:54"
25159663831,2025-08-01,CUSTOMER,FULL,1999-01-01,26,NULL,-1,331000,42,4,0,0,3305,"2025-08-02 12:07:37"
25159660593,2025-08-01,CUSTOMER,FULL,1984-01-01,41,1990-10-10,34,900000,60,5,0,0,19987,"2025-08-02 12:07:33"
8800506682,2025-07-29,CUSTOMER,"PARTIAL TENURE",1978-02-20,47,1947-01-17,78,800000,60,5,0,2,18682,"2025-08-02 12:07:12"
25159538543,2025-07-31,CUSTOMER,FULL,1996-04-14,29,NULL,-1,875000,59,5,0,0,10315,"2025-08-02 12:07:04"
25158662568,2025-07-04,CUSTOMER,FULL,2004-09-27,20,1976-05-10,49,309000,36,3,0,0,2411,"2025-08-02 12:06:51"
8800451613,2025-08-02,CUSTOMER,FULL,1986-06-01,39,NULL,0,530000,36,3,0,0,7649,"2025-08-02 12:06:23"
25159662143,2025-08-01,CUSTOMER,FULL,1998-05-13,27,1985-12-09,39,155000,23,2,0,0,1111,"2025-08-02 12:06:10"
25159670280,2025-08-02,CUSTOMER,FULL,2003-01-01,22,1978-01-01,47,330000,48,4,0,0,3065,"2025-08-02 12:05:05"
25159129923,2025-07-28,CUSTOMER,FULL,1996-03-15,29,NULL,-1,1080000,60,5,0,0,14172,"2025-08-02 12:04:16"
8800482386,2025-07-21,CUSTOMER,FULL,1993-12-12,31,NULL,-1,927000,60,5,0,0,11355,"2025-08-02 12:03:47"
25159670552,2025-08-02,CUSTOMER,FULL,1989-09-04,35,NULL,0,300000,36,3,0,0,3417,"2025-08-02 12:03:09"
25159665801,2025-08-01,CUSTOMER,FULL,1989-03-10,36,NULL,-1,100000,12,1,0,0,549,"2025-08-02 12:02:40"
8800460730,2025-07-18,CUSTOMER,FULL,1991-05-10,34,NULL,-1,120000,36,3,0,0,1299,"2025-08-02 12:02:04"
25159671085,2025-08-02,CUSTOMER,FULL,1981-09-01,43,NULL,0,800000,48,4,0,0,17474,"2025-08-02 12:01:35"
25159441119,2025-07-30,CUSTOMER,FULL,1983-08-25,41,1984-06-05,41,610000,60,5,0,0,15368,"2025-08-02 11:59:47"
25159524351,2025-07-31,CUSTOMER,FULL,1988-05-20,37,1954-01-01,71,300000,36,3,0,0,3834,"2025-08-02 11:59:40"
25159646104,2025-08-01,CUSTOMER,FULL,1996-01-01,29,2004-01-01,21,520000,60,5,0,0,6824,"2025-08-02 11:58:37"
25159181384,2025-07-28,CUSTOMER,FULL,1980-07-07,45,NULL,-1,975000,60,5,0,0,30155,"2025-08-02 11:58:20"
25159668887,2025-08-02,CUSTOMER,FULL,1996-01-01,29,1963-01-01,62,360000,35,3,0,0,3276,"2025-08-02 11:55:51"
25159665624,2025-08-01,CUSTOMER,FULL,1990-01-01,35,1987-01-01,38,334000,36,3,0,0,3421,"2025-08-02 11:55:29"
25159669847,2025-08-02,CUSTOMER,FULL,1986-07-01,39,NULL,0,300000,30,3,0,0,4369,"2025-08-02 11:54:49"
25159166771,2025-07-28,CUSTOMER,FULL,1990-01-01,35,NULL,-1,171000,30,3,0,0,1752,"2025-08-02 11:54:44"
8800455370,2025-07-27,CUSTOMER,FULL,1999-09-27,25,1973-01-01,52,659000,60,5,0,0,8228,"2025-08-02 11:52:10"
8800458918,2025-07-30,CUSTOMER,FULL,2000-01-02,25,NULL,-1,280000,36,3,0,0,2297,"2025-08-02 11:51:46"
8800314042,2025-08-02,CUSTOMER,FULL,1981-10-10,43,1986-01-01,39,330000,36,3,0,0,5947,"2025-08-02 11:50:58"
8800357439,2025-07-26,CUSTOMER,FULL,1986-07-16,39,1989-01-01,36,280000,48,4,0,0,4894,"2025-08-02 11:50:42"
8800524649,2025-08-02,CUSTOMER,FULL,1986-03-05,39,NULL,0,1320000,60,5,0,0,28614,"2025-08-02 11:49:54"
25159199156,2025-07-28,CUSTOMER,FULL,2000-01-01,25,1988-01-01,37,807600,48,4,0,0,7672,"2025-08-02 11:49:25"
25159165783,2025-07-28,CUSTOMER,FULL,1989-04-11,36,NULL,-1,1299000,84,7,0,0,31301,"2025-08-02 11:49:24"
8800459909,2025-08-02,CUSTOMER,FULL,1989-01-01,36,1982-07-11,43,430000,30,3,0,0,5176,"2025-08-02 11:49:04"
25159385286,2025-07-30,CUSTOMER,FULL,2001-05-12,24,NULL,-1,310000,36,3,0,0,2532,"2025-08-02 11:48:48"
25159670206,2025-08-02,CUSTOMER,FULL,1998-03-04,27,NULL,0,560000,35,3,0,0,4950,"2025-08-02 11:48:47"
25159395725,2025-07-30,CUSTOMER,FULL,1987-01-01,38,NULL,-1,550000,48,4,0,0,8970,"2025-08-02 11:47:36"
25159125451,2025-07-25,CUSTOMER,FULL,1996-02-16,29,1970-01-02,55,720000,48,4,0,0,7401,"2025-08-02 11:47:30"
25159670269,2025-08-02,CUSTOMER,FULL,1999-02-03,26,1969-01-01,56,320000,48,4,0,0,3410,"2025-08-02 11:47:03"
25159669988,2025-08-02,CUSTOMER,FULL,1983-02-08,42,1964-01-01,61,600000,30,3,0,0,10040,"2025-08-02 11:46:40"
8800510464,2025-08-02,CUSTOMER,FULL,1990-05-20,35,NULL,0,799000,47,4,0,0,9664,"2025-08-02 11:46:25"
8800402467,2025-07-31,CUSTOMER,FULL,1988-08-05,36,1986-07-29,39,263000,35,3,0,0,3166,"2025-08-02 11:45:48"
25159527995,2025-07-31,CUSTOMER,FULL,1996-02-12,29,NULL,-1,1200000,60,5,0,0,14146,"2025-08-02 11:43:18"
8800496613,2025-08-02,CUSTOMER,FULL,1995-12-02,29,NULL,0,630000,48,4,0,0,6981,"2025-08-02 11:42:23"
25159669170,2025-08-02,CUSTOMER,FULL,1998-04-03,27,NULL,0,400000,48,4,0,0,4263,"2025-08-02 11:42:16"
8800209591,2025-08-01,CUSTOMER,FULL,1979-01-01,46,NULL,-1,110000,24,2,0,0,1824,"2025-08-02 11:41:19"
8800517572,2025-07-31,CUSTOMER,FULL,1990-01-02,35,1994-08-10,30,510000,84,7,0,0,11561,"2025-08-02 11:41:05"
25159670093,2025-08-02,CUSTOMER,FULL,1986-01-01,39,NULL,0,842000,60,5,0,0,16335,"2025-08-02 11:40:48"
25159054930,2025-07-21,CUSTOMER,FULL,1996-02-26,29,1965-05-07,60,145000,24,2,0,0,1061,"2025-08-02 11:39:57"
8800418768,2025-07-27,CUSTOMER,FULL,1982-03-01,43,NULL,-1,700000,60,5,0,0,20304,"2025-08-02 11:39:07"
25159504943,2025-07-31,CUSTOMER,FULL,1976-01-01,49,NULL,-1,400000,36,3,0,0,14396,"2025-08-02 11:38:57"
25159322925,2025-07-29,CUSTOMER,FULL,2004-01-01,21,1977-01-01,48,420000,36,3,0,0,3698,"2025-08-02 11:37:58"
25159654586,2025-08-01,CUSTOMER,FULL,2002-09-03,22,1974-01-01,51,265000,24,2,0,0,1770,"2025-08-02 11:37:39"
8800427693,2025-08-02,CUSTOMER,FULL,1986-10-10,38,1980-07-24,45,506000,48,4,0,0,8252,"2025-08-02 11:35:44"
8800495010,2025-07-26,CUSTOMER,FULL,1999-01-27,26,1972-06-01,53,850000,60,5,0,0,9659,"2025-08-02 11:35:12"
25158759760,2025-07-07,CUSTOMER,FULL,1992-08-17,32,NULL,-1,330000,48,4,0,0,3606,"2025-08-02 11:34:06"
8800350197,2025-08-01,CUSTOMER,FULL,1995-07-03,30,1993-01-15,32,160000,36,3,0,0,1515,"2025-08-02 11:34:01"
8800516557,2025-08-01,CUSTOMER,FULL,1980-05-10,45,NULL,-1,760000,39,4,0,0,22313,"2025-08-02 11:33:07"
25158773942,2025-07-26,CUSTOMER,FULL,1973-01-01,52,2001-07-01,24,300000,17,2,0,0,11091,"2025-08-02 11:32:20"
25159532567,2025-07-31,CUSTOMER,FULL,1976-07-30,49,1979-01-01,46,600000,60,5,0,0,31344,"2025-08-02 11:30:47"
25159644517,2025-08-01,CUSTOMER,FULL,1999-01-01,26,1979-01-01,46,949000,60,5,0,0,10784,"2025-08-02 11:27:15"
25159654454,2025-08-01,CUSTOMER,FULL,1988-01-01,37,NULL,-1,680000,60,5,0,0,12879,"2025-08-02 11:27:15"
25159669676,2025-08-02,CUSTOMER,FULL,1989-01-01,36,NULL,0,820000,72,6,0,0,16914,"2025-08-02 11:27:05"
8800401222,2025-08-02,CUSTOMER,FULL,1989-10-02,35,NULL,0,735000,60,5,0,0,12334,"2025-08-02 11:27:05"
25159669590,2025-08-02,CUSTOMER,FULL,1992-01-01,33,NULL,0,420000,48,4,0,0,5333,"2025-08-02 11:26:40"
8800129030,2025-08-01,CUSTOMER,FULL,1995-04-06,30,NULL,-1,97340,12,1,0,0,416,"2025-08-02 11:26:24"
25159669801,2025-08-02,CUSTOMER,FULL,1982-01-01,43,NULL,0,500000,12,1,0,0,4237,"2025-08-02 11:24:47"
8800139534,2025-08-02,CUSTOMER,FULL,1994-08-23,30,NULL,0,600000,36,3,0,0,5587,"2025-08-02 11:23:49"
8800553228,2025-08-02,CUSTOMER,FULL,1991-08-19,33,1982-04-15,43,330000,36,3,0,0,3162,"2025-08-02 11:23:46"
8800413825,2025-07-31,CUSTOMER,FULL,1985-01-01,40,1988-01-01,37,265000,24,2,0,0,3221,"2025-08-02 11:23:31"
25159119185,2025-07-24,CUSTOMER,FULL,2004-07-06,21,1983-10-01,41,320000,48,4,0,0,2934,"2025-08-02 11:22:59"
25159062424,2025-07-21,CUSTOMER,FULL,1975-01-01,50,NULL,-1,500000,23,2,0,0,11874,"2025-08-02 11:22:51"
8800312859,2025-06-30,CUSTOMER,FULL,1999-01-01,26,NULL,-1,450000,30,3,0,0,3962,"2025-08-02 11:22:34"
25159668229,2025-08-01,CUSTOMER,FULL,1988-05-10,37,1991-09-22,33,570000,60,5,0,0,10298,"2025-08-02 11:22:15"
25159669122,2025-08-02,CUSTOMER,FULL,1988-10-10,36,1963-01-02,62,895000,60,5,0,0,14670,"2025-08-02 11:21:57"
8800436287,2025-08-01,CUSTOMER,FULL,1993-12-03,31,1994-05-14,31,390000,36,3,0,0,3793,"2025-08-02 11:21:55"
25159669612,2025-08-02,CUSTOMER,FULL,2003-10-12,21,1974-01-01,51,949000,60,5,0,0,9922,"2025-08-02 11:21:51"
8800381893,2025-08-02,CUSTOMER,FULL,1989-11-07,35,NULL,0,280000,18,2,0,0,2393,"2025-08-02 11:21:39"
8800201235,2025-08-02,CUSTOMER,FULL,1995-03-15,30,NULL,0,250000,36,3,0,0,2328,"2025-08-02 11:20:34"
8800106774,2025-08-02,CUSTOMER,FULL,1990-01-01,35,NULL,0,250000,36,3,0,0,2847,"2025-08-02 11:16:49"
25158960149,2025-07-15,CUSTOMER,FULL,1988-07-15,37,NULL,-1,760000,72,6,0,0,16564,"2025-08-02 11:16:45"
25159667275,2025-08-01,CUSTOMER,FULL,1974-06-01,51,1985-11-10,39,1025000,24,2,0,0,34786,"2025-08-02 11:15:05"
25159418689,2025-07-30,CUSTOMER,FULL,1994-01-01,31,NULL,-1,400000,60,5,0,0,5575,"2025-08-02 11:13:54"
25159386463,2025-07-30,CUSTOMER,FULL,1990-01-05,35,NULL,-1,250000,36,3,0,0,2838,"2025-08-02 11:13:34"
8800302215,2025-07-23,CUSTOMER,FULL,1979-01-01,46,1979-01-01,46,155000,36,3,0,0,4103,"2025-08-02 11:13:21"
25159152033,2025-07-26,CO-APPLICANT,FULL,2000-01-01,25,2005-05-28,20,515000,48,4,0,0,5458,"2025-08-02 11:10:51"
25159100764,2025-07-23,CUSTOMER,FULL,1984-07-07,41,1990-01-01,35,270000,30,3,0,0,4521,"2025-08-02 11:09:16"
25159669533,2025-08-02,CUSTOMER,FULL,1988-01-01,37,NULL,0,150000,24,2,0,0,1544,"2025-08-02 11:09:11"
8800219043,2025-08-01,CUSTOMER,FULL,2004-08-14,20,1981-01-01,44,1005000,72,6,0,0,12903,"2025-08-02 11:09:04"
25159514373,2025-07-31,CUSTOMER,FULL,2001-03-09,24,NULL,-1,590000,55,5,0,0,7366,"2025-08-02 11:09:03"
25159086137,2025-07-23,CUSTOMER,FULL,1979-01-01,46,NULL,-1,280000,36,3,0,0,7306,"2025-08-02 11:08:15"
25159666666,2025-08-01,CUSTOMER,FULL,1997-01-01,28,NULL,-1,900000,60,5,0,0,11566,"2025-08-02 11:08:05"
8800451009,2025-08-02,CUSTOMER,FULL,1997-06-10,28,NULL,0,440000,48,4,0,0,4751,"2025-08-02 11:07:57"
25159667342,2025-08-02,CUSTOMER,FULL,2000-09-10,24,1983-01-01,42,970000,60,5,0,0,12110,"2025-08-02 11:05:51"
8800004395,2025-08-02,CUSTOMER,FULL,1998-04-04,27,NULL,0,370000,48,4,0,0,3720,"2025-08-02 11:04:49"
25159660181,2025-08-01,CUSTOMER,FULL,1994-01-01,31,1991-01-01,34,660000,48,4,0,0,7742,"2025-08-02 11:04:45"
25159290290,2025-07-29,CUSTOMER,FULL,1987-01-01,38,1988-05-24,37,700000,60,5,0,0,12779,"2025-08-02 11:03:35"
8800190137,2025-08-02,CUSTOMER,FULL,1992-09-10,32,NULL,0,400000,24,2,0,0,3066,"2025-08-02 11:03:27"
25157417183,2025-07-31,CUSTOMER,FULL,1994-07-30,31,NULL,-1,270000,17,2,0,0,2024,"2025-08-02 11:02:38"
8800385909,2025-07-16,CUSTOMER,FULL,1989-01-01,36,NULL,-1,515000,48,4,0,0,7408,"2025-08-02 10:59:57"
25159656988,2025-08-01,CUSTOMER,FULL,1979-01-01,46,NULL,-1,235000,24,2,0,0,4709,"2025-08-02 10:59:10"
8800521806,2025-08-02,CUSTOMER,FULL,1986-02-15,39,1978-03-01,47,125000,23,2,0,0,1430,"2025-08-02 10:56:22"
25159421668,2025-07-30,CUSTOMER,FULL,1994-06-05,31,NULL,-1,322500,36,3,0,0,2946,"2025-08-02 10:56:21"
25159397090,2025-07-30,CUSTOMER,FULL,1999-03-08,26,NULL,-1,1080000,60,5,0,0,12273,"2025-08-02 10:55:26"
25159065452,2025-07-21,CUSTOMER,FULL,1996-07-12,29,1977-10-07,47,940000,48,4,0,0,10416,"2025-08-02 10:54:04"
25159669077,2025-08-02,CUSTOMER,FULL,1974-03-25,51,NULL,0,380000,48,4,0,0,19914,"2025-08-02 10:50:28"
25159339916,2025-07-29,CUSTOMER,FULL,1987-01-01,38,1983-01-01,42,795000,60,5,0,0,14513,"2025-08-02 10:50:17"
8800504489,2025-08-02,CUSTOMER,FULL,1991-06-16,34,1995-05-01,30,939000,60,5,0,0,12676,"2025-08-02 10:48:16"
25157358207,2025-06-08,CUSTOMER,FULL,1986-01-01,39,NULL,-1,220000,30,3,0,0,3204,"2025-08-02 10:46:35"
25159669064,2025-08-02,CUSTOMER,FULL,1982-03-29,43,NULL,0,220000,36,3,0,0,4367,"2025-08-02 10:46:07"
25157642545,2025-06-23,CUSTOMER,FULL,2000-03-02,25,NULL,-1,120000,24,2,0,0,874,"2025-08-02 10:44:41"
25159167841,2025-07-28,CUSTOMER,FULL,1977-09-06,47,1985-05-21,40,330000,48,4,0,0,11558,"2025-08-02 10:44:10"
8800465499,2025-07-28,CUSTOMER,FULL,1982-06-12,43,2002-10-04,22,964000,60,5,0,0,28734,"2025-08-02 10:40:21"
8800192000,2025-07-31,CUSTOMER,FULL,1993-07-05,32,NULL,-1,800000,60,5,0,0,10082,"2025-08-02 10:40:20"
8800479217,2025-07-31,CUSTOMER,FULL,1985-02-10,40,NULL,-1,685651,48,4,0,0,13277,"2025-08-02 10:40:03"
25159669255,2025-08-02,CUSTOMER,FULL,1997-09-04,27,NULL,0,660000,60,5,0,0,8357,"2025-08-02 10:35:52"
8800413488,2025-08-02,CUSTOMER,FULL,1985-06-16,40,NULL,0,195000,36,3,0,0,3024,"2025-08-02 10:35:30"
8800434538,2025-08-02,CUSTOMER,FULL,1996-01-01,29,NULL,0,550000,48,4,0,0,6056,"2025-08-02 10:33:53"
8800452804,2025-07-22,CUSTOMER,FULL,1986-01-01,39,NULL,-1,300000,36,3,0,0,4369,"2025-08-02 10:32:53"
8800482957,2025-07-28,CUSTOMER,FULL,1997-10-05,27,1965-01-01,60,295000,36,3,0,0,2559,"2025-08-02 10:27:42"
25159286619,2025-07-29,CUSTOMER,FULL,2003-03-27,22,NULL,-1,460000,48,4,0,0,4272,"2025-08-02 10:27:40"
25159662476,2025-08-01,CUSTOMER,FULL,1996-04-27,29,1963-04-14,62,190000,36,3,0,0,1763,"2025-08-02 10:23:41"
8800199249,2025-07-31,CUSTOMER,FULL,1998-01-01,27,NULL,-1,167000,24,2,0,0,1197,"2025-08-02 10:22:11"
25159669019,2025-08-02,CUSTOMER,FULL,2002-07-05,23,1976-06-02,49,450000,48,4,0,0,4604,"2025-08-02 10:14:53"
8800545084,2025-08-01,CUSTOMER,FULL,2003-10-01,21,NULL,-1,310000,36,3,0,0,2631,"2025-08-02 10:13:33"
8800479215,2025-07-31,CUSTOMER,FULL,1983-10-25,41,1986-03-11,39,650000,60,5,0,0,16376,"2025-08-02 10:10:55"
25159662997,2025-08-01,CUSTOMER,FULL,2000-04-03,25,1979-01-01,46,780000,84,7,0,0,12674,"2025-08-02 10:09:07"
25159668995,2025-08-02,CUSTOMER,FULL,1992-03-03,33,NULL,0,935000,48,4,0,0,10526,"2025-08-02 10:07:59"
25158979877,2025-07-16,CUSTOMER,FULL,1999-02-18,26,NULL,-1,900000,72,6,0,0,13010,"2025-08-02 10:06:01"
25159666748,2025-08-01,CUSTOMER,FULL,1984-01-13,41,NULL,-1,250000,30,3,0,0,4207,"2025-08-02 10:01:26"
25159528232,2025-07-31,CUSTOMER,FULL,1974-04-06,51,NULL,-1,300000,36,3,0,0,12366,"2025-08-02 09:58:51"
25159310188,2025-07-29,CUSTOMER,FULL,1989-03-12,36,1975-05-07,50,524000,60,5,0,0,9325,"2025-08-02 09:49:08"
25159658477,2025-08-01,CUSTOMER,FULL,1973-11-06,51,NULL,-1,536000,60,5,0,0,32352,"2025-08-02 09:46:08"
25159409562,2025-07-30,CUSTOMER,FULL,1981-01-01,44,NULL,-1,204000,24,2,0,0,3383,"2025-08-02 09:37:52"
8800407710,2025-08-01,CUSTOMER,FULL,1980-10-12,44,1965-11-20,59,4500000,34,3,0,0,97970,"2025-08-02 09:31:46"
25159005106,2025-07-17,CUSTOMER,FULL,1993-04-10,32,NULL,-1,346000,42,4,0,0,3781,"2025-08-02 09:31:05"
25157371214,2025-06-09,CUSTOMER,FULL,1997-01-01,28,1971-01-01,54,819000,60,5,0,0,9510,"2025-08-02 09:30:08"
8800312946,2025-07-28,CUSTOMER,FULL,1990-01-02,35,NULL,-1,500000,48,4,0,0,6048,"2025-08-02 09:16:58"
25159667926,2025-08-01,CUSTOMER,FULL,2000-09-07,24,NULL,-1,250000,24,2,0,0,1739,"2025-08-02 09:09:40"
8800364771,2025-07-07,CUSTOMER,FULL,2000-01-10,25,1969-01-01,56,695000,60,5,0,0,8677,"2025-08-02 09:08:15"
25159668827,2025-08-02,CUSTOMER,FULL,1999-01-01,26,1975-05-17,50,581700,60,5,0,0,7091,"2025-08-02 09:03:42"
8800388374,2025-07-16,CUSTOMER,FULL,1994-01-01,31,NULL,-1,400000,24,2,0,0,2999,"2025-08-02 09:01:44"
25159668099,2025-08-01,CUSTOMER,FULL,2001-06-12,24,1979-08-04,45,1090000,60,5,0,0,11731,"2025-08-02 09:00:01"
8800474681,2025-08-02,CUSTOMER,FULL,2000-02-09,25,2000-06-08,25,400000,48,4,0,0,4258,"2025-08-02 08:57:48"
25159484257,2025-07-31,CUSTOMER,FULL,1988-01-26,37,NULL,-1,1100000,60,5,0,0,18990,"2025-08-02 08:35:31"
8800414447,2025-08-01,CUSTOMER,FULL,1978-01-01,47,NULL,-1,650000,48,4,0,0,23310,"2025-08-02 08:25:32"
25159668735,2025-08-02,CUSTOMER,FULL,1988-08-03,36,1994-09-13,30,450000,35,3,0,0,5353,"2025-08-02 08:25:12"
25157929148,2025-06-30,CUSTOMER,FULL,2004-01-16,21,1987-01-01,38,635000,60,5,0,0,6639,"2025-08-02 08:19:30"
25159668654,2025-08-02,CUSTOMER,FULL,1990-02-01,35,1999-08-26,25,808000,60,5,0,0,13558,"2025-08-02 08:10:31"
8800057420,2025-07-30,CUSTOMER,FULL,1996-03-14,29,NULL,-1,1000000,48,4,0,0,11010,"2025-08-02 08:08:56"
25159150322,2025-07-26,CUSTOMER,FULL,1980-04-06,45,NULL,-1,1350000,60,5,0,0,41753,"2025-08-02 08:01:19"
8800487755,2025-08-01,CUSTOMER,FULL,1997-01-01,28,NULL,-1,550000,60,5,0,0,7068,"2025-08-02 07:44:05"
25159668655,2025-08-02,CUSTOMER,FULL,1988-03-01,37,1989-01-01,36,700000,59,5,0,0,13258,"2025-08-02 07:41:45"
8800382284,2025-08-01,CUSTOMER,FULL,1994-05-12,31,NULL,-1,400000,24,2,0,0,2998,"2025-08-02 07:27:04"
25159402818,2025-07-30,CUSTOMER,FULL,2000-03-04,25,1999-03-05,26,190000,36,3,0,0,1559,"2025-08-02 07:03:33"
25159667117,2025-08-01,CUSTOMER,FULL,1985-11-30,39,NULL,-1,380000,60,5,0,0,8238,"2025-08-02 06:59:44"
25158335923,2025-07-03,CUSTOMER,FULL,1998-01-01,27,1980-01-01,45,560000,48,4,0,0,6014,"2025-08-02 06:56:40"
25159500960,2025-07-31,CUSTOMER,FULL,1992-07-27,33,NULL,-1,484500,60,5,0,0,7336,"2025-08-02 06:37:05"
25159298847,2025-07-29,CUSTOMER,FULL,1991-12-02,33,NULL,-1,312000,36,3,0,0,2990,"2025-08-02 03:42:07"
25159652974,2025-08-01,CUSTOMER,FULL,1983-03-10,42,NULL,-1,600000,35,3,0,0,10040,"2025-08-02 01:20:22"
25158867287,2025-07-11,CUSTOMER,FULL,1978-12-05,46,NULL,-1,200000,24,2,0,0,4256,"2025-08-02 00:17:41"
25159668457,2025-08-01,CUSTOMER,FULL,1989-09-23,35,NULL,0,400000,36,3,0,0,4555,"2025-08-01 23:59:44"
25159181944,2025-07-28,CUSTOMER,FULL,1972-05-20,53,NULL,-1,600000,36,3,0,0,30473,"2025-08-01 23:43:17"
8800520726,2025-08-01,CO-APPLICANT,FULL,1973-01-01,52,2004-01-10,21,550000,48,4,0,0,5854,"2025-08-01 23:36:07"
25159668467,2025-08-01,CUSTOMER,FULL,1990-04-05,35,NULL,0,300000,18,2,0,0,2655,"2025-08-01 23:25:15"
8800212418,2025-07-23,CUSTOMER,FULL,1995-01-30,30,NULL,-1,300000,35,3,0,0,2840,"2025-08-01 23:23:33"
25159060257,2025-07-21,CUSTOMER,FULL,1985-01-01,40,NULL,-1,220000,22,2,0,0,2479,"2025-08-01 22:53:51"
25159663183,2025-08-01,CUSTOMER,FULL,1989-06-01,36,1986-06-28,39,697000,72,6,0,0,14550,"2025-08-01 22:50:40"
8800505545,2025-08-01,CUSTOMER,FULL,2001-01-01,24,NULL,0,277000,36,3,0,0,2262,"2025-08-01 22:41:34"
8800188492,2025-07-31,CUSTOMER,FULL,1975-06-01,50,NULL,-1,2000000,84,7,0,0,150403,"2025-08-01 22:35:01"
25159168539,2025-07-28,CUSTOMER,FULL,1985-05-15,40,NULL,-1,330000,42,4,0,0,5795,"2025-08-01 22:00:24"
8800369714,2025-07-02,CUSTOMER,FULL,1994-02-01,31,NULL,-1,333587,60,5,0,0,4086,"2025-08-01 21:58:42"
8800226269,2025-08-01,CUSTOMER,FULL,2005-01-01,20,1983-01-01,42,799000,72,6,0,0,10258,"2025-08-01 21:55:07"
25159668127,2025-08-01,CUSTOMER,FULL,1980-08-07,44,NULL,0,260000,42,4,0,0,6925,"2025-08-01 21:53:40"
25159559760,2025-07-31,CUSTOMER,FULL,1992-11-29,32,1992-08-02,32,1940000,72,6,0,0,31111,"2025-08-01 21:45:59"
25159668155,2025-08-01,CUSTOMER,FULL,1988-07-15,37,NULL,0,314500,36,3,0,0,3916,"2025-08-01 21:42:29"
8800479354,2025-07-31,CUSTOMER,FULL,1996-07-29,29,NULL,-1,600000,36,3,0,0,5565,"2025-08-01 21:34:41"
25158808658,2025-07-10,CUSTOMER,FULL,1985-06-01,40,NULL,-1,647000,60,5,0,0,15094,"2025-08-01 21:28:30"
8800483832,2025-07-21,CUSTOMER,FULL,1977-01-01,48,2002-06-23,23,240000,36,3,0,0,7757,"2025-08-01 21:26:31"
25159131057,2025-07-25,CUSTOMER,FULL,1998-01-01,27,NULL,-1,315000,48,4,0,0,3167,"2025-08-01 21:24:34"
25159642140,2025-08-01,CUSTOMER,FULL,1995-10-02,29,NULL,0,190000,18,2,0,0,1357,"2025-08-01 21:15:39"
25159535984,2025-08-01,CUSTOMER,FULL,1998-07-01,27,1980-03-02,45,580000,48,4,0,0,6229,"2025-08-01 21:14:24"
25159658643,2025-08-01,CUSTOMER,FULL,1996-12-15,28,2000-09-01,24,169000,24,2,0,0,1221,"2025-08-01 21:12:49"
25159514922,2025-07-31,CUSTOMER,FULL,1994-01-05,31,NULL,-1,341000,54,5,0,0,4177,"2025-08-01 21:10:12"
25159668029,2025-08-01,CUSTOMER,FULL,1980-09-03,44,NULL,0,330000,36,3,0,0,6433,"2025-08-01 21:09:58"
25159129173,2025-07-25,CUSTOMER,FULL,1998-02-20,27,NULL,-1,315000,42,4,0,0,3167,"2025-08-01 21:03:29"
8800512674,2025-08-01,CUSTOMER,FULL,1978-07-13,47,NULL,0,300000,36,3,0,0,8776,"2025-08-01 20:59:41"
25159071686,2025-07-22,CUSTOMER,FULL,1989-01-01,36,NULL,-1,260000,36,3,0,0,3093,"2025-08-01 20:58:56"
25159052012,2025-07-21,CUSTOMER,FULL,1999-07-04,26,NULL,-1,980000,60,5,0,0,11137,"2025-08-01 20:54:00"
25159130519,2025-07-25,CUSTOMER,FULL,1990-10-31,34,1968-01-01,57,751000,84,7,0,0,16085,"2025-08-01 20:34:12"
8800424163,2025-08-01,CUSTOMER,FULL,1983-10-06,41,NULL,0,420000,48,4,0,0,7905,"2025-08-01 20:29:20"
8800557027,2025-08-01,CUSTOMER,FULL,1984-03-04,41,NULL,0,250000,36,3,0,0,4207,"2025-08-01 20:29:19"
25159658863,2025-08-01,CUSTOMER,FULL,1994-12-12,30,1999-06-08,26,2975000,59,5,0,0,39002,"2025-08-01 20:25:52"
8800400740,2025-07-21,CUSTOMER,FULL,2001-06-06,24,1981-01-01,44,250000,36,3,0,0,2201,"2025-08-01 20:22:00"
25159667704,2025-08-01,CUSTOMER,FULL,1996-03-25,29,1992-05-19,33,990000,60,5,0,0,11671,"2025-08-01 20:21:02"
25159666285,2025-08-01,CUSTOMER,FULL,1978-05-10,47,NULL,0,210000,36,3,0,0,6143,"2025-08-01 20:15:11"
25159663048,2025-08-01,CUSTOMER,FULL,1999-04-07,26,NULL,0,323000,60,5,0,0,3671,"2025-08-01 20:13:15"
25159667217,2025-08-01,CUSTOMER,FULL,1993-01-01,32,1994-01-01,31,323000,36,3,0,0,3015,"2025-08-01 20:10:54"
8800437299,2025-07-31,CUSTOMER,FULL,2003-01-01,22,1974-01-01,51,650000,56,5,0,0,8115,"2025-08-01 20:07:30"
25159210504,2025-07-28,CUSTOMER,FULL,2001-01-01,24,NULL,-1,314000,42,4,0,0,2961,"2025-08-01 19:54:42"
25159513576,2025-07-31,CUSTOMER,FULL,1991-02-15,34,1963-01-01,62,460500,60,5,0,0,7325,"2025-08-01 19:54:27"
8800476485,2025-08-01,CUSTOMER,FULL,1986-04-02,39,NULL,0,400000,36,3,0,0,5773,"2025-08-01 19:50:18"
8800357651,2025-08-01,CUSTOMER,FULL,1986-07-27,39,NULL,0,658000,60,5,0,0,12765,"2025-08-01 19:49:46"
8800470740,2025-08-01,CUSTOMER,FULL,1983-04-05,42,NULL,0,649000,84,7,0,0,24438,"2025-08-01 19:45:08"
8800475797,2025-08-01,CUSTOMER,FULL,1989-09-15,35,NULL,0,1445000,84,7,0,0,32755,"2025-08-01 19:40:12"
8800505544,2025-08-01,CUSTOMER,FULL,1995-01-15,30,NULL,0,290000,36,3,0,0,2601,"2025-08-01 19:38:47"
25159667530,2025-08-01,CUSTOMER,FULL,1996-12-23,28,NULL,0,325000,48,4,0,0,3295,"2025-08-01 19:32:08"
8800434069,2025-07-29,CUSTOMER,FULL,1999-01-03,26,1997-08-21,27,320000,48,4,0,0,3195,"2025-08-01 19:24:53"
25159540542,2025-07-31,CUSTOMER,FULL,2002-02-10,23,1999-03-23,26,845000,60,5,0,0,9014,"2025-08-01 19:21:30"
25159662092,2025-08-01,CUSTOMER,FULL,1989-08-25,35,NULL,0,275000,24,2,0,0,2343,"2025-08-01 19:21:30"
25158974843,2025-07-16,CUSTOMER,FULL,1988-05-05,37,NULL,-1,460000,48,4,0,0,6802,"2025-08-01 19:19:27"
25159667609,2025-08-01,CUSTOMER,FULL,1995-03-01,30,NULL,0,1300000,83,7,0,0,22105,"2025-08-01 19:15:19"
25159525176,2025-07-31,CUSTOMER,FULL,2001-01-12,24,1969-07-30,56,910000,60,5,0,0,9794,"2025-08-01 19:10:54"
25159666374,2025-08-01,CUSTOMER,FULL,1989-10-05,35,2003-09-25,21,360000,36,3,0,0,3688,"2025-08-01 19:09:12"
25159404007,2025-07-30,CUSTOMER,FULL,1988-03-02,37,NULL,-1,1150000,60,5,0,0,21780,"2025-08-01 19:08:57"
8800498076,2025-07-31,CUSTOMER,FULL,1992-08-13,32,NULL,-1,625000,72,6,0,0,10554,"2025-08-01 19:02:26"
25159666849,2025-08-01,CUSTOMER,FULL,2003-12-02,21,1967-01-01,58,885000,48,4,0,0,8115,"2025-08-01 18:58:12"
25159314081,2025-07-29,CUSTOMER,FULL,1995-09-18,29,NULL,-1,880000,60,5,0,0,10374,"2025-08-01 18:55:40"
25159419681,2025-07-31,CUSTOMER,FULL,1978-01-01,47,1964-01-01,61,550000,60,5,0,0,23760,"2025-08-01 18:54:53"
8800466996,2025-08-01,CUSTOMER,FULL,2003-01-01,22,NULL,0,437000,48,4,0,0,4059,"2025-08-01 18:51:44"
25159666087,2025-08-01,CUSTOMER,FULL,1995-11-30,29,NULL,0,1250000,57,5,0,0,14736,"2025-08-01 18:49:51"
8800454907,2025-08-01,CUSTOMER,FULL,1978-01-01,47,NULL,0,290000,24,2,0,0,6773,"2025-08-01 18:48:28"
25159667013,2025-08-01,CUSTOMER,FULL,1988-12-11,36,1993-07-22,32,330000,36,3,0,0,3926,"2025-08-01 18:47:40"
25159426330,2025-07-30,CUSTOMER,FULL,1990-09-02,34,1978-11-09,46,260000,48,4,0,0,3026,"2025-08-01 18:44:43"
25159650809,2025-08-01,CUSTOMER,FULL,1999-09-18,25,NULL,0,550000,36,3,0,0,4511,"2025-08-01 18:43:01"
25157679431,2025-06-26,CUSTOMER,FULL,1995-03-01,30,NULL,-1,1300000,83,7,0,0,22105,"2025-08-01 18:42:44"
25159061919,2025-07-21,CUSTOMER,FULL,2003-10-23,21,1982-07-10,43,270000,30,3,0,0,2377,"2025-08-01 18:38:21"
25159423972,2025-07-30,CUSTOMER,FULL,1998-01-15,27,1966-01-01,59,600000,60,5,0,0,7597,"2025-08-01 18:37:28"
25159664315,2025-08-01,CUSTOMER,FULL,1975-08-05,49,NULL,0,350000,36,3,0,0,12473,"2025-08-01 18:32:54"
25158991486,2025-07-16,CUSTOMER,FULL,1981-01-19,44,NULL,-1,1118398,84,7,0,0,46811,"2025-08-01 18:31:14"
25158996096,2025-07-17,CUSTOMER,FULL,1992-08-13,32,1959-02-12,66,4800000,58,5,0,0,67176,"2025-08-01 18:28:38"
25159321316,2025-07-29,CUSTOMER,FULL,1987-02-02,38,NULL,-1,920000,54,5,0,0,16795,"2025-08-01 18:28:14"
25159666819,2025-08-01,CUSTOMER,FULL,2002-01-01,23,1976-01-01,49,600000,36,3,0,0,4850,"2025-08-01 18:28:12"
25159315228,2025-07-29,CUSTOMER,FULL,2001-02-14,24,2005-02-02,20,240000,36,3,0,0,2113,"2025-08-01 18:27:19"
25159521655,2025-07-31,CUSTOMER,FULL,1997-01-01,28,NULL,-1,330000,48,4,0,0,3345,"2025-08-01 18:26:52"
8800523427,2025-07-30,CUSTOMER,FULL,1996-01-16,29,1994-02-06,31,365450,48,4,0,0,4024,"2025-08-01 18:24:59"
25159662211,2025-08-01,CUSTOMER,FULL,1990-05-13,35,1973-01-01,52,648000,60,5,0,0,10392,"2025-08-01 18:22:34"
8800385375,2025-07-31,CUSTOMER,FULL,1998-04-05,27,1969-01-01,56,585000,60,5,0,0,7407,"2025-08-01 18:21:37"
25159162139,2025-07-27,CUSTOMER,FULL,1994-01-01,31,1999-01-01,26,680000,60,5,0,0,9477,"2025-08-01 18:20:45"
25159663076,2025-08-01,CUSTOMER,FULL,1993-05-22,32,1990-04-12,35,930000,71,6,0,0,14914,"2025-08-01 18:18:42"
8800415914,2025-08-01,CUSTOMER,FULL,1999-01-01,26,NULL,0,319000,36,3,0,0,2741,"2025-08-01 18:14:33"
25159150536,2025-07-26,CUSTOMER,FULL,1996-03-05,29,NULL,-1,329000,60,5,0,0,3879,"2025-08-01 18:13:39"
25159104688,2025-07-24,CUSTOMER,FULL,1994-01-01,31,NULL,-1,999000,60,5,0,0,12237,"2025-08-01 18:12:46"
8800489485,2025-08-01,CUSTOMER,FULL,1998-05-06,27,NULL,0,600000,48,4,0,0,6394,"2025-08-01 18:08:54"
8800523631,2025-07-31,CUSTOMER,FULL,1983-03-06,42,NULL,-1,520000,42,4,0,0,11530,"2025-08-01 18:03:41"
25159521900,2025-07-31,CUSTOMER,FULL,1994-01-01,31,NULL,-1,900000,60,5,0,0,11024,"2025-08-01 18:03:37"
8800458920,2025-08-01,CUSTOMER,FULL,2003-05-10,22,NULL,0,330000,42,4,0,0,3065,"2025-08-01 18:02:47"
25159114243,2025-07-24,CUSTOMER,FULL,2000-11-07,24,1973-08-05,51,660000,48,4,0,0,7025,"2025-08-01 18:02:18"
8800466994,2025-08-01,CUSTOMER,FULL,1985-12-08,39,NULL,0,685000,48,4,0,0,11309,"2025-08-01 17:56:46"
25159659495,2025-08-01,CUSTOMER,FULL,2001-08-11,23,NULL,0,673000,60,5,0,0,7180,"2025-08-01 17:55:31"
25158773994,2025-07-07,CUSTOMER,FULL,1991-01-01,34,1990-01-01,35,325000,36,3,0,0,3222,"2025-08-01 17:55:28"
25159311737,2025-07-29,CUSTOMER,FULL,1981-06-01,44,NULL,-1,856000,60,5,0,0,27960,"2025-08-01 17:54:52"
25159004841,2025-07-17,CUSTOMER,FULL,2000-04-05,25,1964-12-12,60,919500,72,6,0,0,12402,"2025-08-01 17:51:48"
25159663426,2025-08-01,CUSTOMER,FULL,2004-03-22,21,1979-10-15,45,500000,60,5,0,0,6243,"2025-08-01 17:47:31"
25159654002,2025-08-01,CUSTOMER,FULL,1987-01-01,38,NULL,0,290000,48,4,0,0,4521,"2025-08-01 17:47:25"
25159645402,2025-08-01,CUSTOMER,FULL,1991-10-25,33,1970-07-12,55,304900,48,4,0,0,3433,"2025-08-01 17:46:32"
8800341454,2025-07-31,CO-APPLICANT,FULL,2000-01-01,25,1998-01-01,27,1075000,48,4,0,0,11544,"2025-08-01 17:46:14"
25159666322,2025-08-01,CUSTOMER,FULL,1992-01-01,33,NULL,0,331500,36,3,0,0,3177,"2025-08-01 17:45:00"
8800358804,2025-07-05,CUSTOMER,FULL,1993-01-01,32,NULL,-1,4800000,58,5,0,0,67176,"2025-08-01 17:43:23"
25159666436,2025-08-01,CUSTOMER,FULL,1986-07-14,39,NULL,0,1000000,36,3,0,0,13830,"2025-08-01 17:42:03"
8800441462,2025-08-01,CUSTOMER,FULL,1982-06-02,43,2002-04-22,23,640000,60,5,0,0,19077,"2025-08-01 17:40:29"
25159664191,2025-08-01,CUSTOMER,FULL,1989-05-15,36,NULL,0,150000,36,3,0,0,1794,"2025-08-01 17:38:30"
25159666321,2025-08-01,CUSTOMER,FULL,2000-05-22,25,1970-02-19,55,320000,48,4,0,0,3040,"2025-08-01 17:37:58"
8800521058,2025-07-26,CUSTOMER,FULL,1998-07-04,27,1967-05-15,58,700000,48,4,0,0,7038,"2025-08-01 17:37:56"
25159387319,2025-07-30,CUSTOMER,FULL,1989-01-01,36,NULL,-1,500000,36,3,0,0,5948,"2025-08-01 17:37:06"
25159666141,2025-08-01,CUSTOMER,FULL,1988-01-01,37,NULL,0,290000,48,4,0,0,4288,"2025-08-01 17:36:51"
25159221682,2025-07-28,CUSTOMER,FULL,1985-01-08,40,NULL,-1,172000,24,2,0,0,2091,"2025-08-01 17:36:20"
25159052248,2025-07-21,CUSTOMER,FULL,1996-01-14,29,NULL,-1,1500000,84,7,0,0,24957,"2025-08-01 17:36:00"
25159100057,2025-07-23,CUSTOMER,FULL,1982-01-02,43,1980-01-01,45,1610000,35,3,0,0,31955,"2025-08-01 17:34:31"
8800338101,2025-07-31,CUSTOMER,FULL,2004-07-15,21,1969-06-01,56,945000,59,5,0,0,9880,"2025-08-01 17:30:49"
8800464224,2025-07-30,CUSTOMER,FULL,1994-07-02,31,1997-03-26,28,770000,60,5,0,0,10404,"2025-08-01 17:29:27"
25159665881,2025-08-01,CUSTOMER,FULL,1981-01-01,44,2003-03-12,22,1450000,60,5,0,0,40962,"2025-08-01 17:29:10"
25159666520,2025-08-01,CUSTOMER,FULL,1986-07-22,39,NULL,0,470000,36,3,0,0,6783,"2025-08-01 17:29:06"
8800469380,2025-07-28,CUSTOMER,FULL,1979-09-25,45,1983-12-01,41,325000,36,3,0,0,6907,"2025-08-01 17:29:01"
25159031973,2025-07-18,CUSTOMER,FULL,1987-02-26,38,1986-07-10,39,700000,71,6,0,0,16653,"2025-08-01 17:26:55"
8800163038,2025-08-01,CUSTOMER,FULL,1984-10-06,40,NULL,0,175000,24,2,0,0,1972,"2025-08-01 17:26:45"
25159664578,2025-08-01,CUSTOMER,FULL,1990-01-01,35,NULL,0,500000,48,4,0,0,6821,"2025-08-01 17:25:56"
25159666499,2025-08-01,CUSTOMER,FULL,1996-12-07,28,NULL,0,180000,36,3,0,0,1636,"2025-08-01 17:22:01"
25159136976,2025-07-25,CUSTOMER,FULL,1996-02-02,29,NULL,-1,330000,36,3,0,0,2917,"2025-08-01 17:21:54"
8800155975,2025-08-01,CO-APPLICANT,FULL,1966-01-01,59,1998-01-30,27,500000,48,4,0,0,5369,"2025-08-01 17:21:46"
25159662645,2025-08-01,CUSTOMER,FULL,1979-02-04,46,NULL,0,289000,24,2,0,0,4792,"2025-08-01 17:20:32"
25158758065,2025-07-07,CUSTOMER,FULL,1995-03-06,30,NULL,-1,400000,35,3,0,0,3786,"2025-08-01 17:20:23"
8800475368,2025-08-01,CUSTOMER,FULL,1990-01-01,35,1948-01-01,77,310000,36,3,0,0,3519,"2025-08-01 17:19:03"
8800436610,2025-08-01,CUSTOMER,FULL,1989-03-24,36,1977-07-01,48,875000,60,5,0,0,14838,"2025-08-01 17:18:03"
25159548873,2025-07-31,CUSTOMER,FULL,1970-12-10,54,2000-05-07,25,235000,24,2,0,0,10566,"2025-08-01 17:17:23"
25159111933,2025-07-24,CUSTOMER,FULL,1988-08-19,36,NULL,-1,1118000,24,2,0,0,10990,"2025-08-01 17:17:00"
25159663876,2025-08-01,CUSTOMER,FULL,1986-02-02,39,NULL,0,1044000,60,5,0,0,20253,"2025-08-01 17:14:15"
25159657847,2025-08-01,CUSTOMER,FULL,1985-08-04,39,NULL,0,1685000,84,7,0,0,47183,"2025-08-01 17:13:52"
25159662962,2025-08-01,CUSTOMER,FULL,1998-04-19,27,NULL,0,710000,84,7,0,0,11788,"2025-08-01 17:10:20"
25159101936,2025-07-24,CUSTOMER,FULL,1986-01-01,39,NULL,-1,500000,48,4,0,0,9016,"2025-08-01 17:09:04"
8800324754,2025-08-01,CUSTOMER,FULL,2004-07-07,21,2000-05-04,25,500000,60,5,0,0,6243,"2025-08-01 17:07:41"
25159102934,2025-07-24,CUSTOMER,FULL,1990-05-20,35,1987-08-14,37,1250000,72,6,0,0,22509,"2025-08-01 17:07:20"
25159665605,2025-08-01,CUSTOMER,FULL,1987-05-27,38,1996-06-03,29,214000,36,3,0,0,2801,"2025-08-01 17:06:53"
8800551351,2025-07-31,CUSTOMER,FULL,1973-01-01,52,1998-05-01,27,689200,60,5,0,0,47714,"2025-08-01 17:06:43"
8800366811,2025-08-01,CUSTOMER,FULL,1987-04-05,38,1950-01-01,75,320000,36,3,0,0,4358,"2025-08-01 17:06:01"
8800456291,2025-07-31,CUSTOMER,FULL,1991-03-04,34,NULL,-1,550000,48,4,0,0,7146,"2025-08-01 17:04:33"
8800344469,2025-08-01,CUSTOMER,FULL,1993-06-05,32,1990-12-21,34,300000,36,3,0,0,3009,"2025-08-01 17:04:26"
8800495833,2025-07-24,CUSTOMER,FULL,1990-05-25,35,NULL,-1,298000,60,5,0,0,4192,"2025-08-01 17:03:37"
25159508006,2025-07-31,CUSTOMER,FULL,1986-01-01,39,NULL,-1,660000,36,3,0,0,9611,"2025-08-01 17:03:35"
8800466153,2025-07-14,CO-APPLICANT,FULL,2000-01-01,25,1994-08-31,30,753000,48,4,0,0,8557,"2025-08-01 17:02:16"
8800404979,2025-08-01,CUSTOMER,FULL,1996-08-16,28,1996-06-15,29,255000,24,2,0,0,1878,"2025-08-01 17:01:51"
25159143971,2025-07-26,CUSTOMER,FULL,1992-09-10,32,NULL,-1,200000,42,4,0,0,2394,"2025-08-01 17:01:35"
25158746389,2025-07-05,CUSTOMER,FULL,1985-07-15,39,NULL,-1,440000,36,3,0,0,6407,"2025-08-01 17:01:02"
25159664663,2025-08-01,CUSTOMER,FULL,1988-07-12,37,NULL,0,850000,60,5,0,0,14674,"2025-08-01 17:00:37"
25159665240,2025-08-01,CUSTOMER,FULL,1999-10-05,25,NULL,0,620000,48,4,0,0,6600,"2025-08-01 16:57:44"
25159658781,2025-08-01,CUSTOMER,FULL,1997-03-13,28,1998-03-24,27,985000,60,5,0,0,11438,"2025-08-01 16:55:07"
25158822577,2025-07-10,CUSTOMER,FULL,2000-08-17,24,1996-12-28,28,1007000,72,6,0,0,13463,"2025-08-01 16:54:48"
8800425977,2025-08-01,CUSTOMER,FULL,1967-05-07,58,1972-05-04,53,220000,36,3,0,0,16184,"2025-08-01 16:54:18"
25159665035,2025-08-01,CUSTOMER,FULL,1980-07-04,45,NULL,0,170000,30,3,0,0,3613,"2025-08-01 16:53:43"
25159665349,2025-08-01,CUSTOMER,FULL,2000-01-01,25,1989-01-01,36,815000,60,5,0,0,8829,"2025-08-01 16:52:02"
8800520851,2025-07-30,CUSTOMER,FULL,1986-10-01,38,NULL,-1,748000,60,5,0,0,15129,"2025-08-01 16:51:39"
25159665064,2025-08-01,CUSTOMER,FULL,1999-03-15,26,NULL,0,177000,24,2,0,0,1296,"2025-08-01 16:51:20"
8800307768,2025-07-29,CUSTOMER,FULL,1992-12-20,32,NULL,-1,450000,24,2,0,0,3449,"2025-08-01 16:51:09"
25159665173,2025-08-01,CUSTOMER,FULL,1994-02-24,31,NULL,0,150000,24,2,0,0,1124,"2025-08-01 16:50:36"
25159651542,2025-08-01,CUSTOMER,FULL,1999-08-20,25,1995-05-07,30,660000,84,7,0,0,10725,"2025-08-01 16:49:39"
8800495026,2025-08-01,CUSTOMER,FULL,1990-11-10,34,NULL,0,600000,60,5,0,0,9544,"2025-08-01 16:49:34"
25159133623,2025-07-25,CO-APPLICANT,FULL,1970-01-01,55,2004-01-01,21,530000,60,5,0,0,6617,"2025-08-01 16:47:10"
25159658677,2025-08-01,CUSTOMER,FULL,1983-01-01,42,1975-09-06,49,360000,36,3,0,0,6024,"2025-08-01 16:46:12"
25159665422,2025-08-01,CUSTOMER,FULL,1991-01-01,34,NULL,0,350000,47,4,0,0,4659,"2025-08-01 16:45:44"
8800442643,2025-07-29,CO-APPLICANT,FULL,2000-01-01,25,1988-06-16,37,590000,60,5,0,0,11175,"2025-08-01 16:45:25"
25157689749,2025-06-27,CUSTOMER,FULL,1993-12-08,31,1964-07-20,60,2480000,35,3,0,0,24114,"2025-08-01 16:44:52"
8800401369,2025-08-01,CUSTOMER,FULL,1998-04-16,27,NULL,0,620000,30,3,0,0,5378,"2025-08-01 16:44:27"
25159664214,2025-08-01,CUSTOMER,FULL,2000-01-01,25,NULL,0,337000,36,3,0,0,2764,"2025-08-01 16:40:45"
8800482283,2025-08-01,CUSTOMER,FULL,1991-03-05,34,NULL,0,900000,40,4,0,0,10472,"2025-08-01 16:39:36"
25158938107,2025-07-22,CUSTOMER,FULL,1985-03-15,40,NULL,-1,600000,60,5,0,0,13998,"2025-08-01 16:39:04"
8800466173,2025-07-26,CO-APPLICANT,FULL,2000-01-01,25,1980-01-01,45,753000,48,4,0,0,22303,"2025-08-01 16:38:38"
25159519230,2025-07-31,CUSTOMER,FULL,1988-09-18,36,NULL,-1,663000,48,4,0,0,9850,"2025-08-01 16:38:16"
25159664829,2025-08-01,CUSTOMER,FULL,2002-01-10,23,1983-01-01,42,386000,36,3,0,0,3121,"2025-08-01 16:37:49"
25159176102,2025-07-28,CUSTOMER,FULL,1996-01-01,29,NULL,-1,285000,36,3,0,0,2519,"2025-08-01 16:37:40"
25159420429,2025-07-30,CUSTOMER,FULL,2004-11-25,20,1983-03-15,42,1300000,83,7,0,0,18531,"2025-08-01 16:37:18"
8800538384,2025-08-01,CUSTOMER,"PARTIAL FINANCE AMOUNT",1974-01-01,51,NULL,0,320000,36,3,240000,0,9893,"2025-08-01 16:37:03"
25157463323,2025-06-11,CUSTOMER,FULL,1988-11-11,36,NULL,-1,280000,36,3,0,0,3371,"2025-08-01 16:36:21"
8800415816,2025-07-23,CUSTOMER,FULL,1992-11-25,32,NULL,-1,500000,48,4,0,0,6083,"2025-08-01 16:31:03"
8800501564,2025-08-01,CUSTOMER,FULL,2000-04-28,25,NULL,0,265000,24,2,0,0,1814,"2025-08-01 16:29:14"
25159664712,2025-08-01,CUSTOMER,FULL,1980-01-26,45,NULL,0,800000,48,4,0,0,20740,"2025-08-01 16:28:05"
25159388697,2025-07-30,CUSTOMER,FULL,1997-01-01,28,NULL,-1,315000,48,4,0,0,3193,"2025-08-01 16:26:52"
25159388977,2025-07-30,CUSTOMER,FULL,1980-10-31,44,NULL,-1,305000,36,3,0,0,5946,"2025-08-01 16:25:58"
25159661985,2025-08-01,CUSTOMER,FULL,1997-08-07,27,NULL,0,949000,72,6,0,0,13741,"2025-08-01 16:24:57"
25159654018,2025-08-01,CUSTOMER,FULL,2000-01-01,25,1976-01-01,49,500000,60,5,0,0,6243,"2025-08-01 16:21:48"
25159553878,2025-07-31,CUSTOMER,FULL,1980-06-01,45,NULL,-1,500000,47,4,0,0,14680,"2025-08-01 16:20:30"
25159664484,2025-08-01,CUSTOMER,FULL,1981-05-02,44,NULL,0,360000,36,3,0,0,7770,"2025-08-01 16:18:35"
8800159335,2025-07-04,CUSTOMER,FULL,1982-07-31,42,NULL,-1,400000,36,3,0,0,7274,"2025-08-01 16:16:34"
25159664497,2025-08-01,CUSTOMER,FULL,1994-07-12,31,1997-06-12,28,1010600,60,5,0,0,12379,"2025-08-01 16:15:57"
8800178137,2025-08-01,CUSTOMER,FULL,1973-01-01,52,NULL,0,350000,18,2,0,0,12940,"2025-08-01 16:12:51"
8800165073,2025-08-01,CUSTOMER,FULL,1990-01-01,35,1976-01-01,49,250000,24,2,0,0,2213,"2025-08-01 16:11:44"
25159127165,2025-07-25,CUSTOMER,FULL,1985-01-01,40,NULL,-1,230000,36,3,0,0,3567,"2025-08-01 16:08:18"
25159148393,2025-07-26,CUSTOMER,FULL,1984-01-01,41,1995-01-01,30,250000,36,3,0,0,3906,"2025-08-01 16:07:47"
8800465537,2025-07-24,CUSTOMER,FULL,1972-01-16,53,NULL,-1,1600000,84,7,0,0,161934,"2025-08-01 16:06:03"
8800294204,2025-08-01,CUSTOMER,FULL,1974-04-07,51,1970-04-11,55,470000,60,5,0,0,29699,"2025-08-01 16:06:00"
25159384310,2025-07-30,CUSTOMER,FULL,1988-01-01,37,NULL,-1,300000,42,4,0,0,4436,"2025-08-01 16:05:42"
25159663486,2025-08-01,CUSTOMER,FULL,1996-02-29,29,1999-01-01,26,950000,71,6,0,0,14148,"2025-08-01 16:05:41"
25159663319,2025-08-01,CUSTOMER,FULL,1997-02-12,28,NULL,0,169000,24,2,0,0,1221,"2025-08-01 16:05:31"
25159663149,2025-08-01,CUSTOMER,FULL,1999-01-21,26,1970-01-01,55,400000,48,4,0,0,4220,"2025-08-01 16:05:16"
8800419973,2025-08-01,CUSTOMER,FULL,1997-01-01,28,1960-01-01,65,375000,48,4,0,0,4080,"2025-08-01 16:04:17"
8800561852,2025-08-01,CUSTOMER,FULL,1994-01-01,31,1992-01-01,33,700000,60,5,0,0,9756,"2025-08-01 16:04:15"
25159396162,2025-07-30,CUSTOMER,FULL,1997-01-01,28,NULL,-1,765000,60,5,0,0,8883,"2025-08-01 16:03:26"
25159519581,2025-07-31,CUSTOMER,FULL,2005-04-27,20,1980-01-01,45,295000,48,4,0,0,2663,"2025-08-01 16:02:10"
25159514649,2025-07-31,CUSTOMER,FULL,1994-01-01,31,NULL,-1,364410,36,3,0,0,3492,"2025-08-01 16:01:30"
25159000348,2025-07-17,CUSTOMER,FULL,1993-05-01,32,1990-07-08,35,2500000,47,4,0,0,29913,"2025-08-01 16:01:27"
8800225987,2025-08-01,CUSTOMER,FULL,1995-03-12,30,1962-04-30,63,465000,60,5,0,0,6097,"2025-08-01 15:59:49"
25159661598,2025-08-01,CUSTOMER,FULL,1977-04-08,48,NULL,0,721000,48,4,0,0,27770,"2025-08-01 15:58:58"
25159664024,2025-08-01,CUSTOMER,FULL,1981-06-01,44,NULL,0,450000,36,3,0,0,9712,"2025-08-01 15:58:52"
25159398888,2025-07-30,CO-APPLICANT,FULL,1959-12-01,65,1993-07-10,32,386000,40,4,0,0,4696,"2025-08-01 15:57:56"
25159173594,2025-07-28,CUSTOMER,FULL,1986-01-03,39,1989-11-30,35,320000,36,3,0,0,4426,"2025-08-01 15:56:33"
25159213244,2025-07-28,CUSTOMER,FULL,1993-08-25,31,NULL,-1,330000,47,4,0,0,3517,"2025-08-01 15:56:05"
25159663358,2025-08-01,CUSTOMER,FULL,1967-05-07,58,1972-05-04,53,220000,36,3,0,0,16184,"2025-08-01 15:55:36"
25158978600,2025-07-16,CUSTOMER,FULL,1985-01-25,40,1987-09-20,37,4000000,58,5,0,0,89492,"2025-08-01 15:54:46"
8800525290,2025-08-01,CUSTOMER,FULL,1991-01-01,34,NULL,0,300000,48,4,0,0,3898,"2025-08-01 15:53:36"
25159122058,2025-07-25,CUSTOMER,FULL,2004-04-12,21,1966-01-01,59,899000,72,6,0,0,11701,"2025-08-01 15:51:24"
8800528333,2025-08-01,CUSTOMER,FULL,2001-01-01,24,1976-01-01,49,560000,60,5,0,0,6992,"2025-08-01 15:50:13"
8800475131,2025-08-01,CUSTOMER,FULL,1989-05-05,36,1986-11-28,38,125000,24,2,0,0,1169,"2025-08-01 15:47:43"
25157502744,2025-06-13,CO-APPLICANT,FULL,1987-05-25,38,1989-02-23,36,300000,36,3,0,0,3611,"2025-08-01 15:47:38"
25159422383,2025-07-30,CUSTOMER,FULL,2000-09-17,24,NULL,-1,1900000,83,7,0,0,28205,"2025-08-01 15:46:28"
8800472545,2025-08-01,CUSTOMER,FULL,1989-10-24,35,NULL,0,290000,36,3,0,0,2971,"2025-08-01 15:44:20"
8800356698,2025-08-01,CUSTOMER,FULL,2003-03-14,22,1990-06-01,35,530000,60,5,0,0,6617,"2025-08-01 15:43:36"
25158795089,2025-07-09,CUSTOMER,FULL,1985-01-01,40,1980-01-01,45,190000,30,3,0,0,2969,"2025-08-01 15:43:19"
25159663403,2025-08-01,CUSTOMER,FULL,1986-01-01,39,1983-01-01,42,550000,60,5,0,0,11923,"2025-08-01 15:43:11"
25159663828,2025-08-01,CUSTOMER,FULL,1999-07-15,26,2000-01-25,25,500000,47,4,0,0,4992,"2025-08-01 15:42:18"
25159649187,2025-08-01,CUSTOMER,FULL,1994-01-01,31,NULL,0,600000,60,5,0,0,8362,"2025-08-01 15:42:13"
25159662919,2025-08-01,CUSTOMER,FULL,1991-08-26,33,1989-04-29,36,770000,84,7,0,0,15647,"2025-08-01 15:40:20"
8800465881,2025-07-25,CUSTOMER,FULL,1984-11-09,40,NULL,-1,565000,48,4,0,0,10941,"2025-08-01 15:39:41"
25159509453,2025-07-31,CUSTOMER,FULL,1985-01-04,40,1983-10-25,41,370000,18,2,0,0,4170,"2025-08-01 15:39:34"
8800483878,2025-08-01,CUSTOMER,FULL,2004-01-01,21,2000-07-12,25,1230000,84,7,0,0,17751,"2025-08-01 15:38:26"
25159654311,2025-08-01,CUSTOMER,FULL,2001-01-12,24,NULL,0,500000,48,4,0,0,5169,"2025-08-01 15:38:12"
8800439686,2025-08-01,CUSTOMER,FULL,1996-02-03,29,NULL,0,311000,60,5,0,0,3667,"2025-08-01 15:36:43"
8800444079,2025-07-20,CUSTOMER,FULL,2003-11-21,21,1975-01-01,50,595000,60,5,0,0,7429,"2025-08-01 15:35:44"
25159547368,2025-07-31,CUSTOMER,FULL,1988-01-01,37,NULL,-1,224000,36,3,0,0,2789,"2025-08-01 15:35:28"
8800166338,2025-07-18,CUSTOMER,FULL,1996-06-10,29,1970-01-01,55,950000,47,4,0,0,9764,"2025-08-01 15:34:45"
25159661474,2025-08-01,CUSTOMER,FULL,1978-10-04,46,2001-12-19,23,1560000,60,5,0,0,59477,"2025-08-01 15:32:17"
25159662292,2025-08-01,CUSTOMER,FULL,2000-01-01,25,NULL,0,900000,60,5,0,0,9750,"2025-08-01 15:29:46"
25159663707,2025-08-01,CUSTOMER,FULL,1989-08-09,35,NULL,0,900000,60,5,0,0,12660,"2025-08-01 15:29:46"
8800407644,2025-07-26,CUSTOMER,FULL,1975-10-10,49,1987-10-12,37,245000,36,3,0,0,8436,"2025-08-01 15:29:34"
8800337387,2025-07-31,CUSTOMER,FULL,1992-04-01,33,NULL,-1,323000,60,5,0,0,4208,"2025-08-01 15:29:13"
8800513430,2025-07-29,CUSTOMER,FULL,1985-07-19,40,NULL,-1,200000,36,3,0,0,3102,"2025-08-01 15:27:56"
8800454160,2025-07-30,CUSTOMER,FULL,1996-08-01,28,NULL,-1,240000,24,2,0,0,1688,"2025-08-01 15:27:22"
25159504992,2025-07-31,CUSTOMER,FULL,1984-07-01,41,NULL,-1,250000,23,2,0,0,3248,"2025-08-01 15:26:30"
25159292054,2025-08-01,CUSTOMER,FULL,1986-10-14,38,NULL,0,350000,36,3,0,0,4725,"2025-08-01 15:25:35"
25159173627,2025-07-28,CUSTOMER,FULL,1997-08-12,27,NULL,-1,500000,36,3,0,0,4420,"2025-08-01 15:24:44"
8800471774,2025-08-01,CUSTOMER,FULL,1997-05-07,28,1975-05-15,50,850000,30,3,0,0,7724,"2025-08-01 15:23:31"
8800543028,2025-08-01,CUSTOMER,FULL,1991-09-29,33,1990-04-14,35,450000,36,3,0,0,4652,"2025-08-01 15:23:03"
8800546878,2025-07-31,CO-APPLICANT,FULL,2000-01-01,25,2003-05-19,22,820000,48,4,0,0,8728,"2025-08-01 15:22:29"
25159663643,2025-08-01,CUSTOMER,FULL,1987-05-16,38,NULL,0,220000,36,3,0,0,2879,"2025-08-01 15:22:24"
25158984413,2025-07-16,CUSTOMER,FULL,1998-06-20,27,NULL,-1,300000,36,3,0,0,2702,"2025-08-01 15:20:25"
25159649433,2025-08-01,CUSTOMER,FULL,1991-04-07,34,NULL,0,215000,36,3,0,0,2132,"2025-08-01 15:20:03"
8800482282,2025-08-01,CUSTOMER,FULL,1991-03-05,34,NULL,0,900000,36,3,0,0,8921,"2025-08-01 15:18:31"
25159141074,2025-08-01,CUSTOMER,FULL,1994-09-12,30,NULL,0,413000,36,3,0,0,3846,"2025-08-01 15:16:43"
8800425069,2025-07-31,CUSTOMER,FULL,1996-03-04,29,NULL,-1,420000,36,3,0,0,3896,"2025-08-01 15:16:13"
25159662960,2025-08-01,CUSTOMER,FULL,1983-06-08,42,2005-07-03,20,330000,42,4,0,0,6671,"2025-08-01 15:15:57"
8800086383,2025-08-01,CUSTOMER,FULL,1991-11-11,33,1965-11-19,59,5200000,58,5,0,0,75780,"2025-08-01 15:15:46"
8800496611,2025-08-01,CUSTOMER,FULL,1999-07-10,26,NULL,0,620500,48,4,0,0,6612,"2025-08-01 15:13:52"
25159513244,2025-07-31,CUSTOMER,FULL,1985-07-01,40,NULL,-1,330000,48,4,0,0,5795,"2025-08-01 15:13:41"
25159087495,2025-07-23,CUSTOMER,FULL,1986-03-15,39,NULL,-1,1850000,72,6,0,0,45451,"2025-08-01 15:12:31"
8800505527,2025-07-22,CUSTOMER,FULL,2000-01-01,25,NULL,-1,228000,24,2,0,0,1561,"2025-08-01 15:11:55"
25159663018,2025-08-01,CUSTOMER,FULL,1987-02-02,38,NULL,0,315437,54,5,0,0,5759,"2025-08-01 15:10:44"
25159085828,2025-07-23,CUSTOMER,FULL,1988-01-07,37,NULL,-1,190000,24,2,0,0,1956,"2025-08-01 15:10:11"
25159398191,2025-07-30,CUSTOMER,FULL,1985-01-01,40,NULL,-1,297000,36,3,0,0,4353,"2025-08-01 15:10:04"
8800500270,2025-08-01,CUSTOMER,FULL,2001-11-14,23,1969-01-01,56,550000,60,5,0,0,6867,"2025-08-01 15:09:39"
8800478486,2025-08-01,CUSTOMER,FULL,1997-11-10,27,NULL,0,302000,42,4,0,0,3037,"2025-08-01 15:08:56"
25159663081,2025-08-01,CUSTOMER,"PARTIAL TENURE",1972-05-15,53,1975-01-01,50,600000,60,5,0,2,24816,"2025-08-01 15:08:50"
25159504742,2025-07-31,CUSTOMER,FULL,1995-01-30,30,1990-06-10,35,500000,24,2,0,0,3699,"2025-08-01 15:08:47"
25159419728,2025-07-30,CUSTOMER,FULL,1981-07-25,44,NULL,-1,233000,36,3,0,0,5029,"2025-08-01 15:08:23"
25155695477,2025-07-28,CUSTOMER,FULL,1992-11-12,32,NULL,-1,435000,42,4,0,0,5205,"2025-08-01 15:07:34"
25159513950,2025-07-31,CUSTOMER,FULL,1983-08-05,41,NULL,-1,280000,48,4,0,0,5270,"2025-08-01 15:07:33"
25159079425,2025-07-22,CUSTOMER,FULL,1976-01-12,49,1974-06-11,51,700000,35,3,0,0,24946,"2025-08-01 15:07:22"
25159514294,2025-07-31,CUSTOMER,FULL,1996-06-06,29,1969-07-08,56,900000,72,6,0,0,13403,"2025-08-01 15:07:22"
25157536434,2025-06-16,CO-APPLICANT,FULL,2000-01-01,25,1987-04-20,38,620000,60,5,0,0,12540,"2025-08-01 15:04:07"
25159657500,2025-08-01,CUSTOMER,FULL,1981-08-03,43,1990-12-10,34,738000,36,3,0,0,13298,"2025-08-01 15:03:55"
8800415510,2025-08-01,CUSTOMER,FULL,1991-07-08,34,NULL,0,370000,36,3,0,0,4008,"2025-08-01 15:03:28"
25159662279,2025-08-01,CUSTOMER,FULL,2001-01-01,24,NULL,0,120000,18,2,0,0,835,"2025-08-01 15:02:19"
25159663223,2025-08-01,CUSTOMER,FULL,2003-08-09,21,1999-04-14,26,270000,36,3,0,0,2138,"2025-08-01 15:00:48"
25159301213,2025-07-29,CUSTOMER,FULL,1998-11-15,26,1975-09-12,49,330000,42,4,0,0,3295,"2025-08-01 15:00:16"
25159113254,2025-07-24,CUSTOMER,FULL,1985-01-01,40,1992-01-01,33,1150000,60,5,0,0,23762,"2025-08-01 14:59:38"
25159659615,2025-08-01,CUSTOMER,FULL,1967-01-06,58,NULL,0,75000,12,1,0,0,3505,"2025-08-01 14:59:23"
8800450012,2025-07-19,CUSTOMER,FULL,1985-12-17,39,NULL,-1,265000,24,2,0,0,3031,"2025-08-01 14:58:10"
25159663146,2025-08-01,CUSTOMER,FULL,1996-02-02,29,1973-08-09,51,520000,60,5,0,0,6824,"2025-08-01 14:57:54"
25159545224,2025-07-31,CUSTOMER,FULL,1994-07-10,31,1967-01-01,58,500000,48,4,0,0,5788,"2025-08-01 14:56:49"
25159662993,2025-08-01,CUSTOMER,FULL,2003-09-25,21,1989-10-05,35,300000,36,3,0,0,2376,"2025-08-01 14:56:26"
8800307513,2025-08-01,CUSTOMER,FULL,1985-04-05,40,NULL,0,600000,36,3,0,0,9304,"2025-08-01 14:55:28"
8800533254,2025-08-01,CUSTOMER,FULL,1975-07-15,50,NULL,0,250000,30,3,0,0,9438,"2025-08-01 14:54:36"
25159526566,2025-07-31,CUSTOMER,FULL,1985-06-20,40,NULL,-1,545000,60,5,0,0,11261,"2025-08-01 14:54:00"
8800348535,2025-07-07,CUSTOMER,FULL,1988-01-01,37,NULL,-1,400000,48,4,0,0,6316,"2025-08-01 14:49:37"
8800401944,2025-08-01,CUSTOMER,FULL,1976-01-04,49,2005-01-20,20,800000,60,5,0,0,41791,"2025-08-01 14:49:35"
8800471385,2025-08-01,CUSTOMER,FULL,1998-11-07,26,NULL,0,1028000,60,5,0,0,11682,"2025-08-01 14:47:51"
25158808707,2025-07-09,CUSTOMER,FULL,1994-03-14,31,NULL,-1,650000,60,5,0,0,9059,"2025-08-01 14:47:12"
8800464253,2025-07-28,CUSTOMER,FULL,1990-04-15,35,NULL,-1,635000,72,6,0,0,12484,"2025-08-01 14:46:44"
8800515853,2025-07-31,CUSTOMER,FULL,1995-07-17,30,1963-01-01,62,305000,42,4,0,0,3182,"2025-08-01 14:46:37"
25159658136,2025-08-01,CUSTOMER,FULL,1991-12-25,33,NULL,0,330000,36,3,0,0,3431,"2025-08-01 14:44:45"
25159532207,2025-07-31,CUSTOMER,FULL,1993-01-12,32,NULL,-1,290000,48,4,0,0,3529,"2025-08-01 14:44:32"
8800506873,2025-08-01,CUSTOMER,FULL,1991-06-30,34,NULL,0,650000,24,2,0,0,5324,"2025-08-01 14:44:11"
8800478727,2025-07-25,CUSTOMER,FULL,1982-08-12,42,NULL,-1,857000,60,5,0,0,20519,"2025-08-01 14:42:21"
25159663100,2025-08-01,CUSTOMER,FULL,1986-11-14,38,NULL,0,600000,36,3,0,0,8100,"2025-08-01 14:42:15"
8800479608,2025-08-01,CUSTOMER,FULL,1987-03-21,38,1989-07-02,36,390000,36,3,0,0,5311,"2025-08-01 14:41:26"
25159663014,2025-08-01,CUSTOMER,FULL,1995-11-27,29,NULL,0,545000,48,4,0,0,6039,"2025-08-01 14:40:41"
25157690425,2025-06-27,CUSTOMER,FULL,2000-08-12,24,NULL,-1,699000,60,5,0,0,8727,"2025-08-01 14:40:11"
25159659151,2025-08-01,CUSTOMER,FULL,1983-10-05,41,NULL,0,670000,60,5,0,0,14880,"2025-08-01 14:39:00"
25159019216,2025-07-18,CUSTOMER,FULL,2006-01-17,19,1978-05-10,47,983000,72,6,0,0,12365,"2025-08-01 14:36:53"
25159662564,2025-08-01,CO-APPLICANT,FULL,1970-07-12,55,2001-04-23,24,625000,60,5,0,0,7803,"2025-08-01 14:36:03"
25159646232,2025-08-01,CUSTOMER,FULL,1982-01-01,43,1974-03-13,51,250000,48,4,0,0,6063,"2025-08-01 14:35:49"
25159642808,2025-08-01,CUSTOMER,FULL,1986-01-01,39,NULL,0,750000,47,4,0,0,12382,"2025-08-01 14:35:36"
25159093990,2025-07-23,CUSTOMER,FULL,1989-07-20,36,1993-10-08,31,320000,42,4,0,0,4505,"2025-08-01 14:35:27"
8800280372,2025-07-21,CO-APPLICANT,FULL,2000-01-01,25,1982-03-25,43,774000,48,4,0,0,19061,"2025-08-01 14:34:44"
8800510632,2025-08-01,CUSTOMER,FULL,1993-08-19,31,NULL,0,570000,36,3,0,0,5543,"2025-08-01 14:34:38"
25159655748,2025-08-01,CUSTOMER,FULL,1997-03-15,28,NULL,0,110000,24,2,0,0,795,"2025-08-01 14:33:31"
8800025185,2025-08-01,CUSTOMER,"PARTIAL TENURE",1974-12-13,50,NULL,0,1300000,59,5,0,2,30872,"2025-08-01 14:32:07"
8800463394,2025-07-31,CUSTOMER,FULL,1999-06-02,26,NULL,-1,610000,72,6,0,0,8818,"2025-08-01 14:32:07"
8800529780,2025-07-31,CO-APPLICANT,FULL,2000-01-01,25,1995-07-30,30,711000,48,4,0,0,8080,"2025-08-01 14:29:54"
8800475208,2025-08-01,CUSTOMER,FULL,2000-09-06,24,1970-01-01,55,400000,36,3,0,0,3507,"2025-08-01 14:28:30"
8800529512,2025-08-01,CUSTOMER,FULL,2001-03-16,24,1974-10-24,50,890000,47,4,0,0,8392,"2025-08-01 14:26:21"
8800433580,2025-07-25,CUSTOMER,FULL,1995-01-01,30,NULL,-1,700000,48,4,0,0,7955,"2025-08-01 14:25:11"
25159313994,2025-07-29,CUSTOMER,FULL,1989-08-08,35,1989-08-08,35,290000,36,3,0,0,2971,"2025-08-01 14:24:33"
25159662628,2025-08-01,CUSTOMER,FULL,1974-04-07,51,NULL,0,460000,60,5,0,0,28758,"2025-08-01 14:24:22"
25158788970,2025-07-08,CUSTOMER,FULL,1999-01-20,26,2002-02-05,23,650000,48,4,0,0,6927,"2025-08-01 14:24:00"
8800367392,2025-07-04,CUSTOMER,FULL,1985-10-24,39,NULL,-1,344200,60,5,0,0,6678,"2025-08-01 14:23:32"
8800535131,2025-07-31,CUSTOMER,FULL,1986-07-20,39,1991-01-04,34,257500,30,3,0,0,3562,"2025-08-01 14:22:55"
25159661158,2025-08-01,CUSTOMER,FULL,1990-01-01,35,1995-01-01,30,270000,36,3,0,0,2766,"2025-08-01 14:21:54"
25159488555,2025-07-31,CUSTOMER,FULL,1999-07-27,26,1999-01-26,26,1740000,71,6,0,0,24926,"2025-08-01 14:21:12"
8800540881,2025-08-01,CUSTOMER,FULL,1992-04-05,33,NULL,0,330000,48,4,0,0,3715,"2025-08-01 14:20:42"
25159131051,2025-07-25,CUSTOMER,FULL,1992-01-01,33,1991-06-20,34,299000,36,3,0,0,2865,"2025-08-01 14:19:47"
25158748144,2025-07-05,CUSTOMER,FULL,1985-01-01,40,1984-01-01,41,885000,72,6,0,0,23247,"2025-08-01 14:19:34"
25159658022,2025-08-01,CUSTOMER,FULL,1980-06-20,45,NULL,0,230000,24,2,0,0,3513,"2025-08-01 14:17:27"
25159064939,2025-07-21,CUSTOMER,FULL,1986-07-18,39,NULL,-1,1770000,84,7,0,0,49563,"2025-08-01 14:15:09"
25159651009,2025-08-01,CUSTOMER,FULL,1990-05-11,35,NULL,0,325000,36,3,0,0,3329,"2025-08-01 14:13:07"
25159662455,2025-08-01,CUSTOMER,FULL,2001-12-17,23,NULL,0,1000000,60,5,0,0,10668,"2025-08-01 14:11:24"
8800031616,2025-08-01,CUSTOMER,FULL,1987-01-01,38,NULL,0,393000,36,3,0,0,5352,"2025-08-01 14:11:10"
25159648788,2025-08-01,CUSTOMER,FULL,1992-03-10,33,NULL,0,700000,60,5,0,0,9120,"2025-08-01 14:11:05"
25159266139,2025-07-29,CUSTOMER,FULL,2001-08-09,23,NULL,-1,200000,12,1,0,0,815,"2025-08-01 14:11:02"
25159388955,2025-07-30,CUSTOMER,FULL,1998-01-20,27,1969-05-04,56,985000,60,5,0,0,12472,"2025-08-01 14:10:47"
25159650496,2025-08-01,CUSTOMER,FULL,1990-12-23,34,1994-06-29,31,534000,60,5,0,0,7209,"2025-08-01 14:10:05"
8800482403,2025-07-29,CUSTOMER,FULL,2000-05-19,25,1973-01-01,52,700000,48,4,0,0,7451,"2025-08-01 14:09:51"
8800292273,2025-08-01,CUSTOMER,FULL,1964-03-12,61,NULL,0,303000,36,3,0,0,27992,"2025-08-01 14:08:55"
25159660933,2025-08-01,CO-APPLICANT,FULL,1975-01-01,50,1996-07-15,29,550000,72,6,0,0,8366,"2025-08-01 14:05:49"
25159655334,2025-08-01,CUSTOMER,FULL,2000-08-02,24,1975-01-01,50,650000,59,5,0,0,7770,"2025-08-01 14:04:22"
8800281159,2025-07-07,CUSTOMER,FULL,1989-12-11,35,NULL,-1,300000,36,3,0,0,3417,"2025-08-01 14:03:16"
25159661701,2025-08-01,CUSTOMER,FULL,2005-04-08,20,1977-12-20,47,1050000,72,6,0,0,13481,"2025-08-01 14:02:31"
25159662495,2025-08-01,CUSTOMER,FULL,1991-09-07,33,NULL,0,500000,48,4,0,0,6349,"2025-08-01 14:02:23"
25159530754,2025-07-31,CUSTOMER,FULL,1990-12-31,34,NULL,-1,310000,48,4,0,0,3607,"2025-08-01 14:00:11"
8800439237,2025-07-24,CUSTOMER,FULL,1995-07-08,30,1964-06-08,61,776995,60,5,0,0,10480,"2025-08-01 13:57:35"
25159162210,2025-07-27,CUSTOMER,FULL,2002-07-14,23,NULL,-1,544000,60,5,0,0,5803,"2025-08-01 13:57:19"
25159660703,2025-08-01,CUSTOMER,FULL,1984-01-01,41,NULL,0,750000,60,5,0,0,16656,"2025-08-01 13:52:37"
25158999192,2025-07-17,CUSTOMER,FULL,1989-12-10,35,NULL,-1,850000,72,6,0,0,15306,"2025-08-01 13:51:24"
25159648416,2025-08-01,CUSTOMER,FULL,2000-09-09,24,1980-01-01,45,205000,24,2,0,0,1426,"2025-08-01 13:51:15"
25159309261,2025-07-29,CUSTOMER,FULL,2001-09-09,23,NULL,-1,550000,48,4,0,0,5854,"2025-08-01 13:49:34"
25159645903,2025-08-01,CUSTOMER,FULL,2000-08-11,24,1990-05-10,35,649000,84,7,0,0,10500,"2025-08-01 13:49:11"
25159298720,2025-07-29,CUSTOMER,FULL,1994-01-01,31,1970-01-01,55,650000,54,5,0,0,9059,"2025-08-01 13:48:55"
8800316769,2025-08-01,CUSTOMER,FULL,1981-04-06,44,NULL,0,325000,36,3,0,0,7076,"2025-08-01 13:47:29"
25159661504,2025-08-01,CUSTOMER,FULL,2001-10-10,23,NULL,0,800000,60,5,0,0,8534,"2025-08-01 13:46:21"
25158977318,2025-07-16,CUSTOMER,FULL,2002-05-03,23,1975-03-15,50,300000,24,2,0,0,1911,"2025-08-01 13:45:23"
8800415913,2025-08-01,CUSTOMER,FULL,2005-01-01,20,1973-01-01,52,271000,36,3,0,0,2114,"2025-08-01 13:42:58"
25158996837,2025-07-17,CUSTOMER,FULL,2001-01-01,24,NULL,-1,420200,48,4,0,0,4473,"2025-08-01 13:41:12"
25159530801,2025-07-31,CUSTOMER,FULL,1996-01-01,29,NULL,-1,620000,48,4,0,0,6870,"2025-08-01 13:39:11"
25159164314,2025-07-27,CUSTOMER,FULL,1985-01-01,40,NULL,-1,430000,48,4,0,0,8327,"2025-08-01 13:39:09"
25159402723,2025-07-30,CUSTOMER,FULL,2003-07-16,22,1976-01-01,49,663400,48,4,0,0,6161,"2025-08-01 13:38:44"
8800468611,2025-07-30,CUSTOMER,FULL,1980-07-15,45,NULL,-1,80000,36,3,0,0,1896,"2025-08-01 13:37:57"
25159143203,2025-07-26,CUSTOMER,FULL,1987-06-01,38,NULL,-1,320000,18,2,0,0,3376,"2025-08-01 13:37:48"
25159658738,2025-08-01,CUSTOMER,FULL,1998-04-17,27,1971-01-01,54,850000,60,5,0,0,9750,"2025-08-01 13:37:43"
8800250268,2025-08-01,CUSTOMER,FULL,2003-08-14,21,NULL,0,758000,60,5,0,0,9464,"2025-08-01 13:37:07"
8800004100,2025-08-01,CUSTOMER,FULL,1985-01-01,40,NULL,0,294000,48,4,0,0,5693,"2025-08-01 13:37:00"
25159529795,2025-07-31,CUSTOMER,FULL,1971-04-04,54,1977-08-20,47,830000,60,5,0,0,63720,"2025-08-01 13:36:39"
8800031559,2025-07-16,CUSTOMER,FULL,1988-11-03,36,NULL,-1,2700000,23,2,0,0,24195,"2025-08-01 13:36:06"
25159654952,2025-08-01,CUSTOMER,FULL,1999-01-01,26,NULL,0,950000,48,4,0,0,9484,"2025-08-01 13:36:03"
25159551034,2025-07-31,CUSTOMER,FULL,1990-09-20,34,NULL,-1,660000,60,5,0,0,10499,"2025-08-01 13:34:06"
8800375847,2025-07-17,CUSTOMER,FULL,2000-02-06,25,1966-03-12,59,1000000,36,3,0,0,8827,"2025-08-01 13:32:25"
25159658764,2025-08-01,CO-APPLICANT,FULL,1968-01-01,57,1992-01-01,33,700000,48,4,0,0,8888,"2025-08-01 13:32:09"
25159133895,2025-07-25,CUSTOMER,FULL,2002-04-02,23,NULL,-1,1120000,60,5,0,0,11948,"2025-08-01 13:31:59"
8800476441,2025-08-01,CUSTOMER,FULL,1997-10-22,27,1992-05-08,33,327500,42,4,0,0,3293,"2025-08-01 13:31:02"
8800274444,2025-08-01,CUSTOMER,FULL,1978-01-01,47,1982-03-10,43,550000,36,3,0,0,15953,"2025-08-01 13:31:00"
25159520889,2025-07-31,CUSTOMER,FULL,1996-09-17,28,2000-03-23,25,500000,36,3,0,0,4361,"2025-08-01 13:30:00"
8800136096,2025-07-29,CUSTOMER,FULL,1986-03-31,39,NULL,-1,500000,60,5,0,0,10367,"2025-08-01 13:29:51"
8800142492,2025-08-01,CUSTOMER,FULL,1995-02-14,30,1963-04-07,62,640000,60,5,0,0,8632,"2025-08-01 13:29:25"
8800334405,2025-07-30,CUSTOMER,FULL,1991-01-01,34,1985-01-01,40,400000,54,5,0,0,6099,"2025-08-01 13:28:00"
8800004068,2025-06-05,CUSTOMER,FULL,2003-01-01,22,1978-01-01,47,300000,30,3,0,0,2641,"2025-08-01 13:27:12"
25159655672,2025-08-01,CUSTOMER,FULL,1974-06-19,51,NULL,0,350000,36,3,0,0,15017,"2025-08-01 13:26:46"
25159658710,2025-08-01,CUSTOMER,FULL,2003-01-01,22,1987-01-01,38,331000,36,3,0,0,2649,"2025-08-01 13:26:38"
8800284300,2025-08-01,CUSTOMER,FULL,1987-10-10,37,NULL,0,160000,24,2,0,0,1647,"2025-08-01 13:26:25"
8800503530,2025-08-01,CUSTOMER,FULL,1985-02-15,40,NULL,0,320000,36,3,0,0,5000,"2025-08-01 13:25:38"
25159393215,2025-07-30,CUSTOMER,FULL,1996-08-06,28,1964-01-01,61,100000,24,2,0,0,704,"2025-08-01 13:24:50"
25159527800,2025-07-31,CUSTOMER,FULL,1999-07-26,26,1973-01-01,52,700000,59,5,0,0,8533,"2025-08-01 13:22:54"
25158820169,2025-07-11,CUSTOMER,FULL,1989-01-01,36,1990-01-01,35,660000,48,4,0,0,9806,"2025-08-01 13:21:32"
8800401722,2025-08-01,CUSTOMER,"PARTIAL FINANCE AMOUNT",1968-01-01,57,NULL,0,390000,36,3,195000,0,13876,"2025-08-01 13:20:31"
8800318703,2025-07-04,CUSTOMER,FULL,1980-01-01,45,NULL,-1,600000,60,5,0,0,21120,"2025-08-01 13:20:14"
25159649604,2025-08-01,CUSTOMER,FULL,1994-01-01,31,NULL,0,840000,60,5,0,0,10289,"2025-08-01 13:17:57"
8800537736,2025-08-01,CUSTOMER,FULL,1987-06-01,38,NULL,0,250000,24,2,0,0,2638,"2025-08-01 13:17:07"
8800105710,2025-07-25,CUSTOMER,FULL,1985-02-01,40,1990-06-07,35,950000,60,5,0,0,19629,"2025-08-01 13:16:07"
8800528201,2025-08-01,CUSTOMER,FULL,2000-01-26,25,NULL,0,738000,36,3,0,0,6514,"2025-08-01 13:15:53"
8800454958,2025-07-29,CUSTOMER,FULL,1988-01-14,37,NULL,-1,1106000,48,4,0,0,16353,"2025-08-01 13:11:48"
25159138156,2025-07-26,CUSTOMER,FULL,1997-01-01,28,1997-01-01,28,930000,60,5,0,0,10799,"2025-08-01 13:09:48"
8800511476,2025-08-01,CUSTOMER,FULL,1977-01-01,48,NULL,0,500000,36,3,0,0,15665,"2025-08-01 13:09:00"
8800259086,2025-07-28,CUSTOMER,FULL,1997-08-10,27,NULL,-1,870000,60,5,0,0,11016,"2025-08-01 13:07:52"
8800451007,2025-07-30,CUSTOMER,FULL,1990-11-22,34,NULL,-1,120000,24,2,0,0,983,"2025-08-01 13:06:17"
25159657374,2025-08-01,CUSTOMER,FULL,2000-12-26,24,1980-01-01,45,310000,48,4,0,0,2923,"2025-08-01 13:05:43"
8800257807,2025-08-01,CUSTOMER,FULL,1989-05-25,36,NULL,0,350000,36,3,0,0,4184,"2025-08-01 13:05:26"
25158791043,2025-07-08,CUSTOMER,FULL,1995-01-01,30,1975-01-01,50,810000,72,6,0,0,12311,"2025-08-01 13:05:16"
25158742782,2025-07-04,CUSTOMER,FULL,1992-08-15,32,NULL,-1,435000,40,4,0,0,5293,"2025-08-01 13:04:44"
25159405014,2025-07-30,CUSTOMER,FULL,1981-05-16,44,2003-08-16,21,1200000,72,6,0,0,43542,"2025-08-01 13:03:55"
25159652261,2025-08-01,CUSTOMER,FULL,1988-09-20,36,1958-06-15,67,1800000,60,5,0,0,32030,"2025-08-01 13:03:32"
8800526937,2025-08-01,CUSTOMER,FULL,1979-01-01,46,NULL,0,710000,60,5,0,0,28000,"2025-08-01 13:02:34"
25159191282,2025-07-28,CUSTOMER,FULL,1985-04-04,40,NULL,-1,350000,42,4,0,0,6146,"2025-08-01 13:02:04"
25159519307,2025-07-31,CUSTOMER,FULL,1982-07-18,43,NULL,-1,285000,36,3,0,0,5657,"2025-08-01 12:59:09"
8800305499,2025-07-28,CUSTOMER,FULL,1987-05-10,38,NULL,-1,500000,48,4,0,0,8154,"2025-08-01 12:58:02"
8800202372,2025-08-01,CUSTOMER,FULL,2002-07-29,23,NULL,0,500000,48,4,0,0,4679,"2025-08-01 12:57:54"
8800129668,2025-07-28,CUSTOMER,FULL,1991-10-07,33,NULL,-1,330000,36,3,0,0,3162,"2025-08-01 12:56:20"
8800233569,2025-07-31,CUSTOMER,FULL,1981-11-17,43,1977-04-01,48,235000,36,3,0,0,4665,"2025-08-01 12:54:19"
8800491769,2025-07-28,CUSTOMER,FULL,1974-03-03,51,NULL,-1,1000000,60,5,0,0,60357,"2025-08-01 12:53:50"
25159521274,2025-07-31,CUSTOMER,FULL,1978-01-01,47,1973-01-01,52,330000,48,4,0,0,11558,"2025-08-01 12:53:28"
25159657943,2025-08-01,CUSTOMER,FULL,2000-12-17,24,1999-05-10,26,400000,48,4,0,0,3772,"2025-08-01 12:53:01"
8800500951,2025-07-28,CUSTOMER,FULL,1979-03-27,46,NULL,-1,210000,24,2,0,0,3482,"2025-08-01 12:52:16"
25159657931,2025-08-01,CUSTOMER,FULL,1992-08-13,32,NULL,0,235000,12,1,0,0,1046,"2025-08-01 12:52:03"
8800464513,2025-08-01,CUSTOMER,FULL,1986-01-01,39,NULL,0,500000,54,5,0,0,9700,"2025-08-01 12:50:29"
25159390446,2025-07-30,CUSTOMER,FULL,1998-11-05,26,NULL,-1,963100,60,5,0,0,10945,"2025-08-01 12:49:35"
8800416840,2025-07-22,CUSTOMER,FULL,1976-01-01,49,NULL,-1,325000,36,3,0,0,11191,"2025-08-01 12:46:48"
8800187262,2025-07-24,CUSTOMER,FULL,1989-12-17,35,2000-11-17,24,579000,60,5,0,0,9716,"2025-08-01 12:45:03"
25159087823,2025-07-23,CUSTOMER,FULL,2004-01-14,21,1974-01-01,51,836000,59,5,0,0,8741,"2025-08-01 12:43:18"
8800520389,2025-08-01,CUSTOMER,FULL,1986-01-01,39,NULL,0,290000,42,4,0,0,4788,"2025-08-01 12:42:18"
8800106216,2025-06-26,CUSTOMER,FULL,2004-07-01,20,1999-02-10,26,550000,45,4,0,0,4965,"2025-08-01 12:41:45"
8800356609,2025-07-30,CUSTOMER,FULL,1993-07-08,32,1970-01-01,55,370000,36,3,0,0,3672,"2025-08-01 12:40:40"
25159392003,2025-07-30,CUSTOMER,FULL,2000-01-23,25,1969-01-01,56,970000,60,5,0,0,10508,"2025-08-01 12:38:24"
25159556853,2025-07-31,CUSTOMER,FULL,1984-05-16,41,NULL,-1,1150000,84,7,0,0,37318,"2025-08-01 12:38:06"
25159532515,2025-07-31,CUSTOMER,FULL,1999-06-16,26,1975-03-10,50,550000,48,4,0,0,5861,"2025-08-01 12:36:43"
25159630916,2025-08-01,CUSTOMER,FULL,1992-01-01,33,NULL,0,370000,48,4,0,0,4698,"2025-08-01 12:36:22"
25159287296,2025-07-29,CUSTOMER,FULL,2005-12-05,19,1985-12-10,39,598000,48,4,0,0,6274,"2025-08-01 12:35:20"
25159548248,2025-07-31,CUSTOMER,FULL,1982-03-01,43,NULL,-1,4500000,58,5,0,0,130520,"2025-08-01 12:35:03"
8800401518,2025-08-01,CUSTOMER,FULL,2005-08-16,19,1979-12-04,45,1100000,60,5,0,0,11098,"2025-08-01 12:34:46"
8800408266,2025-08-01,CUSTOMER,FULL,1985-06-26,40,1981-01-01,44,450000,30,3,0,0,6978,"2025-08-01 12:33:22"
8800011733,2025-07-29,CUSTOMER,FULL,1997-12-11,27,NULL,-1,330000,36,3,0,0,2863,"2025-08-01 12:32:30"
25159159462,2025-07-26,CUSTOMER,FULL,1984-03-05,41,1981-06-12,44,416707,84,7,0,0,14432,"2025-08-01 12:32:21"
25159655095,2025-08-01,CUSTOMER,FULL,1995-01-01,30,1973-01-01,52,610000,60,5,0,0,7321,"2025-08-01 12:31:23"
25159396266,2025-07-30,CUSTOMER,FULL,1977-12-01,47,NULL,-1,500000,36,3,0,0,14503,"2025-08-01 12:31:20"
8800500626,2025-07-31,CUSTOMER,FULL,1967-05-23,58,NULL,-1,150000,12,1,0,0,5371,"2025-08-01 12:31:11"
8800505542,2025-08-01,CUSTOMER,FULL,1990-01-01,35,NULL,0,77000,12,1,0,0,368,"2025-08-01 12:31:05"
25159656144,2025-08-01,CUSTOMER,FULL,2003-04-05,22,1985-01-01,40,310000,48,4,0,0,2879,"2025-08-01 12:30:58"
8800517803,2025-08-01,CUSTOMER,FULL,2000-01-09,25,NULL,0,250000,24,2,0,0,1820,"2025-08-01 12:30:46"
25159547031,2025-07-31,CUSTOMER,FULL,1986-12-15,38,NULL,-1,500000,47,4,0,0,8420,"2025-08-01 12:28:29"
25159656521,2025-08-01,CUSTOMER,FULL,1981-01-01,44,NULL,0,200000,36,3,0,0,4317,"2025-08-01 12:26:42"
25159531630,2025-07-31,CUSTOMER,FULL,1991-07-10,34,NULL,-1,220000,24,2,0,0,1854,"2025-08-01 12:26:29"
25159657937,2025-08-01,CUSTOMER,FULL,1994-02-10,31,NULL,0,475000,48,4,0,0,5062,"2025-08-01 12:24:29"
8800377854,2025-08-01,CUSTOMER,FULL,2001-01-09,24,NULL,0,340000,36,3,0,0,2993,"2025-08-01 12:24:20"
8800442509,2025-07-31,CUSTOMER,FULL,1994-02-19,31,1965-04-18,60,596000,35,3,0,0,5444,"2025-08-01 12:20:48"
25159652969,2025-08-01,CUSTOMER,FULL,1996-06-06,29,1969-07-08,56,900000,72,6,0,0,13403,"2025-08-01 12:20:43"
25159643088,2025-08-01,CUSTOMER,FULL,2002-01-01,23,NULL,0,410000,48,4,0,0,4364,"2025-08-01 12:18:18"
25159651807,2025-08-01,CUSTOMER,FULL,1988-01-01,37,NULL,0,331900,36,3,0,0,4132,"2025-08-01 12:18:06"
25159108032,2025-07-24,CUSTOMER,FULL,1998-12-05,26,NULL,-1,280000,36,3,0,0,2406,"2025-08-01 12:17:43"
8800201230,2025-06-29,CUSTOMER,FULL,1995-12-15,29,NULL,-1,110000,24,2,0,0,786,"2025-08-01 12:17:38"
25158974761,2025-07-16,CUSTOMER,FULL,1984-01-01,41,1983-01-01,42,300000,48,4,0,0,6111,"2025-08-01 12:17:25"
25159300608,2025-07-29,CUSTOMER,FULL,1976-01-01,49,NULL,-1,200000,24,2,0,0,5504,"2025-08-01 12:16:42"
8800128372,2025-08-01,CUSTOMER,FULL,1983-08-08,41,1980-01-01,45,260000,31,3,0,0,4354,"2025-08-01 12:16:25"
8800090493,2025-07-30,CUSTOMER,FULL,1988-05-02,37,1975-07-15,50,395000,60,5,0,0,7481,"2025-08-01 12:15:20"
8800351846,2025-07-23,CUSTOMER,FULL,1987-10-31,37,1997-02-08,28,1500000,48,4,0,0,23683,"2025-08-01 12:10:51"
25159408082,2025-07-30,CUSTOMER,FULL,1981-01-01,44,NULL,-1,1110000,72,6,0,0,40277,"2025-08-01 12:08:47"
25159009603,2025-07-17,CUSTOMER,FULL,1994-07-08,31,NULL,-1,1500000,84,7,0,0,26161,"2025-08-01 12:06:32"
25159433939,2025-07-30,CUSTOMER,FULL,1975-01-01,50,NULL,-1,330000,48,4,0,0,15281,"2025-08-01 12:04:09"
25159166601,2025-07-28,CUSTOMER,FULL,1982-01-01,43,1986-08-01,38,1200000,60,5,0,0,34806,"2025-08-01 12:03:24"
25159642057,2025-08-01,CUSTOMER,FULL,2003-09-25,21,1975-06-22,50,103850,36,3,0,0,882,"2025-08-01 12:02:38"
25159532526,2025-07-31,CUSTOMER,FULL,1988-01-01,37,1993-02-15,32,350000,36,3,0,0,4473,"2025-08-01 12:02:32"
25159655391,2025-08-01,CUSTOMER,FULL,2004-08-15,20,NULL,0,1116000,60,5,0,0,11484,"2025-08-01 12:02:16"
25158964938,2025-07-15,CUSTOMER,FULL,1997-12-09,27,NULL,-1,270500,60,5,0,0,3103,"2025-08-01 12:01:18"
25159321263,2025-07-29,CUSTOMER,FULL,1994-01-01,31,NULL,-1,300000,48,4,0,0,3473,"2025-08-01 12:00:27"
8800397061,2025-07-21,CUSTOMER,FULL,1979-06-20,46,NULL,-1,300000,36,3,0,0,7849,"2025-08-01 12:00:24"
25159539974,2025-07-31,CUSTOMER,FULL,2002-03-07,23,2000-01-01,25,1046400,72,6,0,0,13879,"2025-08-01 11:56:39"
8800273269,2025-07-30,CUSTOMER,FULL,1967-01-06,58,NULL,-1,75000,12,1,0,0,3505,"2025-08-01 11:55:50"
8800446187,2025-07-31,CUSTOMER,FULL,1988-06-03,37,1982-09-07,42,330000,31,3,0,0,4218,"2025-08-01 11:53:51"
8800436286,2025-07-31,CUSTOMER,FULL,1985-10-18,39,NULL,-1,250000,36,3,0,0,3608,"2025-08-01 11:53:38"
25159649067,2025-08-01,CUSTOMER,FULL,1990-12-31,34,1961-01-01,64,332000,48,4,0,0,3863,"2025-08-01 11:53:21"
25159172200,2025-07-28,CUSTOMER,FULL,1996-05-12,29,1988-06-06,37,330000,42,4,0,0,3392,"2025-08-01 11:52:40"
25159531288,2025-07-31,CUSTOMER,FULL,1985-01-01,40,NULL,-1,650000,59,5,0,0,15164,"2025-08-01 11:52:36"
25158796164,2025-07-09,CUSTOMER,FULL,1996-01-14,29,NULL,-1,1010000,48,4,0,0,10381,"2025-08-01 11:50:40"
8800447089,2025-08-01,CUSTOMER,FULL,1999-10-01,25,NULL,0,500000,48,4,0,0,5322,"2025-08-01 11:49:42"
8800502822,2025-07-31,CUSTOMER,FULL,1993-01-01,32,NULL,-1,137000,24,2,0,0,1059,"2025-08-01 11:49:33"
8800548952,2025-07-29,CUSTOMER,FULL,1966-02-02,59,NULL,-1,345000,3,1,0,0,13223,"2025-08-01 11:47:33"
25158977666,2025-07-16,CUSTOMER,FULL,1999-08-18,25,1980-11-03,44,270000,30,3,0,0,2384,"2025-08-01 11:47:21"
8800154175,2025-07-24,CUSTOMER,FULL,1990-03-06,35,1996-02-09,29,160000,24,2,0,0,1368,"2025-08-01 11:46:55"
25159287131,2025-07-29,CUSTOMER,FULL,1998-07-08,27,NULL,-1,800000,60,5,0,0,9176,"2025-08-01 11:44:10"
25159197566,2025-07-29,CUSTOMER,FULL,1975-07-02,50,NULL,-1,200000,24,2,0,0,4750,"2025-08-01 11:44:04"
8800494901,2025-07-24,CUSTOMER,FULL,2001-01-01,24,1989-01-01,36,168000,24,2,0,0,1140,"2025-08-01 11:42:55"
8800359798,2025-07-26,CUSTOMER,FULL,1988-06-15,37,NULL,-1,1150000,48,4,0,0,17004,"2025-08-01 11:40:04"
8800471519,2025-08-01,CUSTOMER,FULL,1980-10-30,44,NULL,0,625000,60,5,0,0,20414,"2025-08-01 11:39:29"
25159080713,2025-07-22,CUSTOMER,FULL,1998-12-21,26,1960-01-01,65,740000,59,5,0,0,8409,"2025-08-01 11:39:12"
25159391294,2025-07-30,CUSTOMER,FULL,1986-07-15,39,NULL,-1,152000,24,2,0,0,1738,"2025-08-01 11:36:09"
8800424467,2025-08-01,CUSTOMER,FULL,1993-03-11,32,NULL,0,350000,30,3,0,0,3267,"2025-08-01 11:36:03"
8800537735,2025-08-01,CUSTOMER,FULL,1998-06-01,27,1963-06-01,62,600000,60,5,0,0,7597,"2025-08-01 11:36:02"
25159286735,2025-07-29,CUSTOMER,FULL,1991-01-01,34,NULL,-1,320000,42,4,0,0,3724,"2025-08-01 11:35:36"
25159530319,2025-07-31,CUSTOMER,FULL,1999-01-31,26,NULL,-1,1600000,47,4,0,0,16879,"2025-08-01 11:34:38"
25158862890,2025-07-11,CUSTOMER,FULL,1999-11-21,25,1978-03-13,47,1750000,84,7,0,0,26164,"2025-08-01 11:34:37"
8800325843,2025-07-31,CUSTOMER,FULL,1981-08-09,43,NULL,-1,290000,34,3,0,0,5756,"2025-08-01 11:34:19"
25159531279,2025-07-31,CUSTOMER,FULL,1973-01-01,52,NULL,-1,462000,36,3,0,0,22058,"2025-08-01 11:33:07"
25158716646,2025-07-04,CUSTOMER,FULL,2000-09-21,24,NULL,-1,100000,12,1,0,0,395,"2025-08-01 11:32:57"
25159642627,2025-08-01,CUSTOMER,FULL,1990-02-06,35,NULL,0,105000,12,1,0,0,898,"2025-08-01 11:32:27"
25159632921,2025-08-01,CUSTOMER,FULL,1985-01-01,40,NULL,0,530000,48,4,0,0,10263,"2025-08-01 11:31:14"
8800294203,2025-07-30,CUSTOMER,FULL,1974-04-07,51,1970-04-11,55,470000,60,5,0,0,29699,"2025-08-01 11:30:11"
25159527203,2025-07-31,CUSTOMER,FULL,1993-07-10,32,NULL,-1,250000,30,3,0,0,2508,"2025-08-01 11:30:04"
8800410635,2025-08-01,CUSTOMER,FULL,1988-06-01,37,NULL,0,300000,35,3,0,0,3795,"2025-08-01 11:29:19"
25159648753,2025-08-01,CUSTOMER,FULL,1994-06-15,31,1989-05-04,36,815000,66,6,0,0,12695,"2025-08-01 11:29:18"
25159075083,2025-08-01,CUSTOMER,FULL,1986-10-01,38,NULL,0,550000,60,5,0,0,11124,"2025-08-01 11:27:08"
8800440528,2025-07-31,CUSTOMER,FULL,1994-04-20,31,NULL,-1,500000,30,3,0,0,4791,"2025-08-01 11:26:53"
25159647388,2025-08-01,CUSTOMER,FULL,1993-09-29,31,1964-01-01,61,450000,36,3,0,0,4312,"2025-08-01 11:26:12"
8800432835,2025-07-16,CUSTOMER,FULL,1984-01-01,41,NULL,-1,755000,72,6,0,0,22478,"2025-08-01 11:25:31"
25159649580,2025-08-01,CUSTOMER,FULL,1979-05-15,46,1979-04-12,46,1590000,60,5,0,0,60621,"2025-08-01 11:24:29"
8800464533,2025-07-22,CUSTOMER,FULL,1989-01-01,36,NULL,-1,322000,42,4,0,0,4533,"2025-08-01 11:24:15"
25159651072,2025-08-01,CUSTOMER,FULL,2001-09-06,23,NULL,0,549000,60,5,0,0,5857,"2025-08-01 11:21:13"
25159385332,2025-07-30,CUSTOMER,FULL,2002-01-02,23,NULL,-1,215000,36,3,0,0,1738,"2025-08-01 11:18:56"
25159509560,2025-08-01,CUSTOMER,FULL,1985-12-31,39,1989-10-28,35,543600,36,3,0,0,7916,"2025-08-01 11:15:55"
25159094142,2025-07-23,CUSTOMER,FULL,1994-11-08,30,NULL,-1,805000,60,5,0,0,9661,"2025-08-01 11:15:48"
25159110910,2025-07-24,CUSTOMER,FULL,1996-02-01,29,NULL,-1,310000,35,3,0,0,2740,"2025-08-01 11:12:05"
8800425491,2025-07-31,CUSTOMER,FULL,1977-06-01,48,2001-06-02,24,235000,60,5,0,0,11154,"2025-08-01 11:10:14"
25159645571,2025-08-01,CUSTOMER,FULL,1999-01-01,26,NULL,0,795000,60,5,0,0,9034,"2025-08-01 11:08:01"
8800435620,2025-08-01,CUSTOMER,FULL,1992-01-01,33,NULL,0,700000,60,5,0,0,10202,"2025-08-01 11:07:08"
25159515591,2025-07-31,CUSTOMER,FULL,1975-07-12,50,1989-07-01,36,1000000,36,3,0,0,37749,"2025-08-01 11:05:56"
25159287973,2025-07-29,CUSTOMER,FULL,1998-04-01,27,1961-01-01,64,475000,24,2,0,0,3307,"2025-08-01 11:05:42"
25159174689,2025-07-28,CUSTOMER,FULL,1996-01-01,29,NULL,-1,560000,43,4,0,0,6166,"2025-08-01 11:05:16"
25159504567,2025-07-31,CUSTOMER,FULL,1985-01-01,40,NULL,-1,494000,36,3,0,0,7718,"2025-08-01 11:04:46"
25158942136,2025-07-26,CUSTOMER,FULL,1996-07-12,29,1977-01-01,48,490000,60,5,0,0,6430,"2025-08-01 11:02:31"
25159409175,2025-07-30,CO-APPLICANT,FULL,1965-01-01,60,1995-01-01,30,250000,36,3,0,0,2328,"2025-08-01 11:02:19"
25159032783,2025-07-19,CUSTOMER,FULL,2002-04-26,23,1999-12-31,25,310000,48,4,0,0,2901,"2025-08-01 11:00:22"
8800513870,2025-07-29,CUSTOMER,FULL,2003-03-20,22,1978-06-05,47,596000,60,5,0,0,7441,"2025-08-01 10:59:15"
25159314813,2025-07-29,CUSTOMER,FULL,1990-10-10,34,NULL,-1,400000,21,2,0,0,3371,"2025-08-01 10:56:10"
8800415912,2025-08-01,CUSTOMER,FULL,1988-01-01,37,NULL,0,219000,24,2,0,0,2254,"2025-08-01 10:56:06"
25159177880,2025-07-29,CUSTOMER,FULL,2001-08-15,23,1972-01-01,53,700000,60,5,0,0,8740,"2025-08-01 10:55:17"
25159532848,2025-07-31,CUSTOMER,FULL,2000-01-01,25,NULL,-1,700000,36,3,0,0,5741,"2025-08-01 10:55:16"
25159019200,2025-07-18,CUSTOMER,FULL,1990-01-01,35,NULL,-1,700000,54,5,0,0,9846,"2025-08-01 10:54:36"
25159522175,2025-07-31,CUSTOMER,FULL,2002-08-24,22,1975-01-03,50,1085000,60,5,0,0,11498,"2025-08-01 10:53:41"
25159028373,2025-07-18,CUSTOMER,FULL,2003-01-01,22,1978-04-14,47,298000,36,3,0,0,2385,"2025-08-01 10:51:31"
25159299323,2025-07-29,CUSTOMER,FULL,1988-06-15,37,1992-01-01,33,330000,42,4,0,0,4880,"2025-08-01 10:51:27"
8800402796,2025-07-30,CUSTOMER,FULL,1991-11-19,33,1989-07-28,36,104000,24,2,0,0,822,"2025-08-01 10:50:19"
8800178460,2025-08-01,CUSTOMER,FULL,1998-07-16,27,NULL,0,200000,12,1,0,0,1470,"2025-08-01 10:47:03"
25157661621,2025-06-25,CUSTOMER,FULL,1997-09-02,27,1988-07-07,36,922600,72,6,0,0,13489,"2025-08-01 10:46:56"
25158807051,2025-07-10,CUSTOMER,FULL,2000-01-01,25,NULL,-1,650000,48,4,0,0,6919,"2025-08-01 10:42:39"
25159523031,2025-07-31,CUSTOMER,FULL,1995-01-01,30,1991-01-01,34,200000,12,1,0,0,855,"2025-08-01 10:42:00"
25159170525,2025-07-28,CUSTOMER,FULL,1999-07-03,26,1976-04-01,49,800000,60,5,0,0,9091,"2025-08-01 10:39:26"
8800528037,2025-08-01,CUSTOMER,FULL,1995-05-08,30,NULL,0,245000,36,3,0,0,2198,"2025-08-01 10:38:36"
25158775662,2025-07-08,CUSTOMER,FULL,1980-06-05,45,NULL,-1,258000,36,3,0,0,5483,"2025-08-01 10:38:12"
8800035589,2025-08-01,CUSTOMER,FULL,1981-01-01,44,NULL,0,300000,18,2,0,0,4974,"2025-08-01 10:37:45"
8800360464,2025-08-01,CUSTOMER,FULL,1991-12-12,33,1966-11-13,58,900000,60,5,0,0,13116,"2025-08-01 10:34:24"
25159571127,2025-07-31,CUSTOMER,FULL,1999-06-20,26,NULL,-1,370000,47,4,0,0,3904,"2025-08-01 10:31:12"
25159057575,2025-07-25,CUSTOMER,FULL,2001-01-17,24,NULL,-1,600000,60,5,0,0,7491,"2025-08-01 10:28:32"
25159640498,2025-08-01,CUSTOMER,FULL,1977-02-13,48,NULL,0,100000,24,2,0,0,2469,"2025-08-01 10:26:30"
25159545894,2025-08-01,CUSTOMER,FULL,1994-03-05,31,1964-01-01,61,650000,60,5,0,0,9059,"2025-08-01 10:25:34"
25159423926,2025-07-30,CUSTOMER,FULL,1996-06-27,29,1988-04-25,37,930000,72,6,0,0,13850,"2025-08-01 10:24:53"
25159538501,2025-07-31,CUSTOMER,FULL,1986-08-20,38,1963-10-16,61,650000,56,5,0,0,12549,"2025-08-01 10:18:19"
8800456605,2025-07-31,CUSTOMER,FULL,1992-08-10,32,NULL,-1,180000,36,3,0,0,1806,"2025-08-01 10:16:06"
25159643182,2025-08-01,CUSTOMER,FULL,1990-01-01,35,NULL,0,400000,36,3,0,0,4555,"2025-08-01 10:15:46"
25159197526,2025-07-28,CUSTOMER,FULL,2003-05-28,22,1980-03-07,45,1000000,72,6,0,0,13157,"2025-08-01 10:04:16"
8800027913,2025-07-31,CUSTOMER,FULL,1977-05-20,48,1989-05-27,36,300000,47,4,0,0,11994,"2025-08-01 10:00:53"
8800431855,2025-08-01,CUSTOMER,FULL,1992-01-01,33,NULL,0,497000,48,4,0,0,6182,"2025-08-01 09:58:58"
8800352336,2025-06-25,CUSTOMER,FULL,1983-01-01,42,1970-02-05,55,750000,60,5,0,0,20506,"2025-08-01 09:57:27"
25159519930,2025-07-31,CUSTOMER,FULL,2003-01-01,22,1979-01-01,46,400000,36,3,0,0,3441,"2025-08-01 09:39:20"
25159148483,2025-07-26,CUSTOMER,FULL,1985-12-26,39,1978-09-15,46,830000,72,6,0,0,20392,"2025-08-01 09:35:38"
25159084461,2025-07-22,CUSTOMER,FULL,1996-01-01,29,NULL,-1,500000,36,3,0,0,4549,"2025-08-01 09:34:53"
8800476156,2025-08-01,CUSTOMER,FULL,2002-05-02,23,1982-01-01,43,1000000,60,5,0,0,12485,"2025-08-01 09:32:24"
25159425154,2025-07-30,CUSTOMER,FULL,1988-10-18,36,NULL,-1,680000,48,4,0,0,9573,"2025-08-01 09:32:01"
25159525417,2025-07-31,CUSTOMER,"PARTIAL TENURE",1976-06-19,49,1970-11-14,54,495000,47,4,0,2,10706,"2025-08-01 09:17:57"
25159479768,2025-07-31,CUSTOMER,FULL,1991-01-01,34,NULL,-1,248000,36,3,0,0,2684,"2025-08-01 09:14:59"
25159634746,2025-08-01,CUSTOMER,FULL,2002-05-10,23,1970-03-16,55,605000,54,5,0,0,6454,"2025-08-01 09:13:32"
25159152297,2025-07-26,CUSTOMER,FULL,1993-12-12,31,1989-12-10,35,300000,36,3,0,0,2740,"2025-08-01 09:11:48"
25159049086,2025-07-20,CUSTOMER,FULL,1992-01-01,33,1994-01-01,31,880000,72,6,0,0,14611,"2025-08-01 09:08:24"
25159513773,2025-07-31,CUSTOMER,FULL,1988-07-15,37,1999-12-22,25,448000,72,6,0,0,9965,"2025-08-01 08:47:46"
25158778531,2025-07-09,CUSTOMER,FULL,2003-07-15,21,1995-07-10,29,540000,48,4,0,0,5748,"2025-08-01 08:46:46"
25159103482,2025-07-24,CO-APPLICANT,FULL,1963-01-01,62,1996-07-10,29,298000,36,3,0,0,2712,"2025-08-01 08:46:12"
25159288618,2025-07-29,CUSTOMER,FULL,2001-01-10,24,NULL,-1,320000,48,4,0,0,3018,"2025-08-01 08:39:28"
25159527820,2025-07-31,CUSTOMER,FULL,1991-06-01,34,1987-04-04,38,290000,48,4,0,0,3861,"2025-08-01 08:22:02"
25159574434,2025-07-31,CUSTOMER,FULL,1999-07-08,26,NULL,-1,330000,48,4,0,0,3295,"2025-08-01 08:13:59"
25159283967,2025-07-29,CUSTOMER,FULL,1969-10-04,55,1964-01-01,61,265000,42,4,0,0,18400,"2025-08-01 08:11:34"
25159320020,2025-07-29,CUSTOMER,FULL,1997-08-01,27,NULL,-1,320000,36,3,0,0,2776,"2025-08-01 08:01:42"
8800326923,2025-08-01,CUSTOMER,FULL,1994-06-14,31,1998-12-20,26,1000000,48,4,0,0,11730,"2025-08-01 07:54:22"
25159523995,2025-07-31,CUSTOMER,FULL,2001-05-06,24,NULL,-1,940000,59,5,0,0,10116,"2025-08-01 07:50:08"
25159417671,2025-07-30,CUSTOMER,FULL,1992-11-13,32,NULL,-1,260000,18,2,0,0,2016,"2025-08-01 07:35:31"
8800505533,2025-07-28,CUSTOMER,FULL,2005-02-07,20,1978-01-01,47,330000,48,4,0,0,2979,"2025-08-01 06:38:27"
8800482404,2025-07-31,CUSTOMER,FULL,1985-07-11,40,NULL,-1,580000,60,5,0,0,13531,"2025-08-01 06:30:36"
8800110570,2025-07-28,CUSTOMER,FULL,2001-01-01,24,NULL,-1,400000,48,4,0,0,4258,"2025-08-01 06:26:52"
25158859836,2025-07-11,CUSTOMER,FULL,1998-02-03,27,NULL,-1,50000,12,1,0,0,208,"2025-08-01 00:29:32"
8800261068,2025-07-29,CUSTOMER,FULL,1993-01-01,32,1974-01-01,51,200000,36,3,0,0,2006,"2025-08-01 00:11:59"
